-- MySQL dump 10.11
--
-- Host: localhost    Database: t38891_la
-- ------------------------------------------------------
-- Server version	5.0.51a-24+lenny5

/*!40101 SET @OLD_CHARACTER_SET_CLIENT=@@CHARACTER_SET_CLIENT */;
/*!40101 SET @OLD_CHARACTER_SET_RESULTS=@@CHARACTER_SET_RESULTS */;
/*!40101 SET @OLD_COLLATION_CONNECTION=@@COLLATION_CONNECTION */;
/*!40101 SET NAMES utf8 */;
/*!40103 SET @OLD_TIME_ZONE=@@TIME_ZONE */;
/*!40103 SET TIME_ZONE='+00:00' */;
/*!40014 SET @OLD_UNIQUE_CHECKS=@@UNIQUE_CHECKS, UNIQUE_CHECKS=0 */;
/*!40014 SET @OLD_FOREIGN_KEY_CHECKS=@@FOREIGN_KEY_CHECKS, FOREIGN_KEY_CHECKS=0 */;
/*!40101 SET @OLD_SQL_MODE=@@SQL_MODE, SQL_MODE='NO_AUTO_VALUE_ON_ZERO' */;
/*!40111 SET @OLD_SQL_NOTES=@@SQL_NOTES, SQL_NOTES=0 */;

--
-- Table structure for table `act_list_activities`
--

DROP TABLE IF EXISTS `act_list_activities`;
SET @saved_cs_client     = @@character_set_client;
SET character_set_client = utf8;
CREATE TABLE `act_list_activities` (
  `id` int(11) NOT NULL auto_increment,
  `act_list_id` int(11) NOT NULL,
  `activity_id` int(11) NOT NULL,
  PRIMARY KEY  (`id`),
  KEY `activity_id` (`activity_id`),
  KEY `act_list_id` (`act_list_id`)
) ENGINE=MyISAM AUTO_INCREMENT=1075 DEFAULT CHARSET=latin1;
SET character_set_client = @saved_cs_client;

--
-- Dumping data for table `act_list_activities`
--

LOCK TABLES `act_list_activities` WRITE;
/*!40000 ALTER TABLE `act_list_activities` DISABLE KEYS */;
INSERT INTO `act_list_activities` VALUES (116,1,809),(115,1,808),(112,2,808),(98,3,808),(97,3,808),(100,4,808),(99,4,808),(119,5,823),(118,6,823),(132,7,808),(78,8,823),(103,9,823),(106,10,824),(131,11,823),(130,11,823),(129,12,824),(125,13,823),(185,14,880),(134,15,824),(169,30,880),(184,17,824),(181,18,824),(180,19,824),(179,20,824),(178,21,824),(177,22,824),(176,23,824),(175,24,823),(188,25,824),(173,26,824),(191,27,824),(171,28,824),(186,29,880),(253,31,824),(252,32,824),(251,33,823),(250,34,823),(249,35,824),(248,36,823),(247,37,824),(246,38,824),(245,39,824),(244,40,824),(243,41,880),(242,42,880),(241,43,880),(240,44,818),(239,44,824),(236,45,824),(423,46,824),(234,47,824),(233,48,823),(578,49,824),(326,50,880),(330,51,824),(328,52,824),(329,53,824),(306,54,880),(307,55,824),(323,56,823),(324,57,823),(325,58,824),(322,59,824),(321,60,824),(320,61,824),(319,62,823),(318,63,824),(317,64,824),(316,65,823),(315,66,823),(314,67,880),(313,68,824),(312,69,824),(311,70,824),(310,71,824),(309,72,824),(308,73,824),(335,74,824),(336,75,823),(392,76,880),(418,77,824),(419,78,824),(416,79,824),(415,80,823),(414,81,824),(412,82,824),(411,83,824),(410,84,880),(409,85,824),(408,86,823),(407,87,824),(406,88,880),(405,89,824),(404,90,880),(403,91,823),(402,92,824),(401,93,824),(400,94,824),(399,95,824),(398,96,824),(397,97,824),(396,98,824),(395,99,824),(394,100,824),(393,101,824),(566,102,824),(577,103,824),(576,104,824),(575,105,824),(574,106,880),(573,107,824),(429,108,824),(572,109,880),(571,110,824),(570,111,824),(569,112,824),(568,113,824),(567,114,824),(565,115,824),(564,116,823),(563,117,823),(562,118,824),(561,119,823),(560,120,824),(559,121,824),(558,122,824),(557,123,823),(556,124,823),(555,125,880),(554,126,880),(553,127,824),(552,128,824),(551,129,824),(550,130,824),(549,131,823),(548,132,824),(547,133,824),(546,134,824),(545,135,824),(544,136,824),(543,137,824),(542,138,824),(541,139,880),(540,140,824),(539,141,824),(538,142,824),(537,143,823),(536,144,823),(535,145,824),(534,146,824),(533,147,824),(532,148,824),(531,149,824),(530,150,824),(529,151,824),(528,152,880),(524,153,824),(523,154,823),(527,155,880),(607,156,824),(593,157,824),(609,158,824),(596,159,823),(615,160,824),(622,161,824),(601,162,824),(605,163,824),(650,164,824),(651,165,824),(652,166,880),(653,167,824),(654,168,824),(655,169,824),(656,170,823),(657,171,880),(658,172,824),(659,173,824),(660,174,880),(661,175,824),(663,176,824),(664,177,824),(665,178,824),(666,179,824),(667,180,824),(668,181,824),(792,182,880),(791,183,824),(790,184,824),(789,185,880),(788,186,823),(787,187,824),(822,188,824),(785,189,824),(784,190,824),(783,191,880),(782,192,824),(781,193,824),(779,194,824),(778,195,823),(777,196,824),(776,197,823),(775,198,824),(774,199,824),(773,200,824),(772,201,824),(771,202,823),(770,203,823),(769,204,880),(768,205,824),(767,206,823),(766,207,823),(765,208,880),(764,209,824),(763,210,823),(762,211,824),(761,212,824),(760,213,824),(759,214,824),(758,215,823),(757,216,823),(756,217,824),(755,218,824),(884,219,824),(883,220,824),(882,221,824),(881,222,824),(880,223,823),(879,224,824),(878,225,824),(876,226,824),(875,227,823),(874,228,824),(873,229,824),(872,230,880),(871,231,824),(870,232,880),(869,233,823),(885,234,824),(866,235,824),(865,236,824),(864,237,824),(863,238,824),(862,239,824),(861,240,824),(860,241,824),(859,242,824),(858,243,824),(857,244,824),(888,245,823),(889,246,880),(890,247,824),(992,248,824),(991,249,880),(990,250,823),(989,251,824),(988,252,824),(987,253,824),(986,254,824),(985,255,824),(984,256,824),(983,257,824),(982,258,824),(981,259,824),(980,260,824),(979,261,824),(978,262,824),(977,263,823),(976,264,824),(975,265,824),(974,266,823),(973,267,824),(972,268,823),(971,269,824),(970,270,824),(969,271,824),(968,272,824),(967,273,824),(966,274,824),(965,275,823),(964,276,880),(1069,277,823),(1070,278,824),(1071,279,823),(1072,280,880),(1073,281,824),(1074,282,824),(1068,283,824),(1067,284,880),(1066,285,824),(1065,286,880),(1064,287,824),(1063,288,823),(1062,289,823),(1061,290,824),(1060,291,824),(1059,292,824),(1058,293,824),(1057,294,824),(1056,295,823),(1055,296,880),(1054,297,824),(1053,298,880),(1052,299,824),(1051,300,823),(1050,301,823),(1049,302,824),(1048,303,823);
/*!40000 ALTER TABLE `act_list_activities` ENABLE KEYS */;
UNLOCK TABLES;

--
-- Table structure for table `act_list_activity_description_students`
--

DROP TABLE IF EXISTS `act_list_activity_description_students`;
SET @saved_cs_client     = @@character_set_client;
SET character_set_client = utf8;
CREATE TABLE `act_list_activity_description_students` (
  `id` int(11) NOT NULL auto_increment,
  `act_list_activity_description_id` int(11) NOT NULL,
  `student_id` int(11) NOT NULL,
  PRIMARY KEY  (`id`),
  KEY `act_list_activity_description_id` (`act_list_activity_description_id`),
  KEY `student_id` (`student_id`)
) ENGINE=MyISAM AUTO_INCREMENT=2529 DEFAULT CHARSET=latin1 COMMENT='mahasiswa yang absen';
SET character_set_client = @saved_cs_client;

--
-- Dumping data for table `act_list_activity_description_students`
--

LOCK TABLES `act_list_activity_description_students` WRITE;
/*!40000 ALTER TABLE `act_list_activity_description_students` DISABLE KEYS */;
INSERT INTO `act_list_activity_description_students` VALUES (105,134,128),(104,134,129),(103,133,85),(102,133,86),(108,136,240),(107,135,149),(106,135,148),(215,167,551),(77,106,150),(207,166,880),(111,139,196),(117,142,83),(116,142,86),(206,165,663),(212,166,872),(211,166,873),(210,166,877),(205,165,664),(204,165,665),(203,165,666),(202,165,667),(209,166,878),(208,166,879),(214,167,552),(213,167,553),(201,164,857),(200,164,858),(199,164,860),(198,164,859),(233,179,831),(232,178,723),(229,173,966),(228,173,965),(227,173,964),(226,173,963),(234,182,898),(235,182,888),(568,328,743),(599,339,919),(301,247,937),(300,247,938),(299,247,951),(298,239,717),(297,239,703),(296,239,707),(295,239,709),(294,239,711),(293,239,714),(315,256,717),(314,256,703),(313,256,707),(312,256,708),(311,256,709),(310,256,711),(309,256,714),(567,328,742),(566,328,741),(565,328,740),(564,328,739),(563,328,738),(562,328,737),(561,328,736),(560,328,735),(559,328,734),(558,328,733),(557,328,729),(556,328,730),(555,328,731),(554,328,732),(553,328,718),(552,328,719),(551,328,720),(550,328,721),(549,328,722),(548,328,723),(547,328,724),(546,328,725),(545,328,726),(544,328,727),(543,328,728),(598,329,838),(597,329,837),(596,329,836),(595,329,835),(594,329,813),(593,329,814),(592,329,815),(591,329,816),(590,329,817),(589,329,818),(588,329,819),(587,329,820),(586,329,821),(585,329,822),(584,329,823),(583,329,825),(582,329,824),(581,329,826),(580,329,827),(579,329,828),(578,329,829),(577,329,830),(576,329,831),(575,329,832),(574,329,833),(573,329,834),(572,328,747),(571,328,746),(570,328,745),(569,328,744),(928,892,1150),(927,892,1152),(679,832,1665),(678,832,1666),(677,832,1679),(676,832,1670),(675,832,1671),(674,832,1676),(673,832,1681),(672,832,1683),(671,832,1684),(770,858,1788),(716,848,1830),(659,827,1756),(658,827,1762),(701,841,1451),(700,841,1440),(646,824,1865),(645,824,1864),(644,824,1861),(643,824,1860),(642,824,1845),(689,838,2010),(688,838,2011),(687,838,2014),(686,838,2015),(685,838,2018),(684,838,2021),(926,892,1161),(690,839,1745),(691,839,1739),(692,839,1736),(693,839,1733),(694,839,1731),(695,839,1730),(932,893,1730),(931,893,1742),(930,893,1744),(929,893,1745),(702,842,1460),(703,842,1468),(938,894,1229),(937,894,1226),(936,894,1224),(935,894,1222),(934,894,1212),(933,894,1210),(940,896,1169),(939,896,1178),(944,897,1518),(943,897,1503),(942,897,1505),(941,897,1513),(717,849,1945),(718,849,1952),(957,898,1209),(956,898,1207),(955,898,1189),(954,898,1190),(953,898,1191),(952,898,1193),(951,898,1196),(950,898,1199),(949,898,1201),(948,898,1202),(947,898,1203),(946,898,1204),(945,898,1205),(968,900,2036),(967,900,2048),(966,899,1927),(965,899,1900),(964,899,1901),(963,899,1906),(962,899,1912),(961,899,1914),(960,899,1920),(959,899,1922),(958,899,1923),(972,902,1399),(971,902,1386),(970,902,1382),(969,901,1371),(771,859,1336),(772,859,1342),(975,903,1730),(974,903,1744),(973,903,1745),(982,905,1812),(981,905,1791),(980,905,1792),(979,905,1798),(978,905,1801),(977,905,1804),(976,905,1806),(998,909,1897),(997,909,1896),(993,908,1798),(992,908,1806),(991,908,1808),(996,909,1867),(995,909,1878),(994,909,1885),(1003,910,1342),(1002,910,1337),(1001,910,1336),(1000,910,1333),(999,910,1322),(1008,911,1229),(1007,911,1226),(1006,911,1222),(1005,911,1212),(1004,911,1210),(1013,912,1229),(1012,912,1226),(1011,912,1224),(1010,912,1222),(1009,912,1210),(1030,913,1711),(1029,913,1710),(1028,913,1686),(1027,913,1687),(1026,913,1690),(1025,913,1691),(1024,913,1692),(1023,913,1694),(1022,913,1695),(1021,913,1696),(1020,913,1697),(1019,913,1699),(1018,913,1700),(1017,913,1704),(1016,913,1705),(1015,913,1708),(1014,913,1709),(1032,914,1460),(1031,914,1459),(1036,915,1451),(1035,915,1439),(1034,914,1473),(1033,914,1468),(1433,1079,1040),(1432,1079,1033),(1431,1079,1022),(1430,1079,1021),(1429,1078,1229),(1428,1078,1226),(1427,1078,1224),(1426,1078,1222),(1425,1078,1212),(1424,1078,1210),(1423,1077,2013),(1422,1077,2028),(1421,1073,1345),(1420,1073,1342),(1419,1073,1341),(1418,1073,1340),(1417,1073,1337),(1416,1073,1336),(1415,1073,1334),(1414,1073,1333),(1413,1073,1332),(1412,1073,1322),(1555,1119,1952),(1554,1119,1951),(1553,1119,1929),(1552,1119,1943),(1551,1119,1945),(1550,1119,1948),(1549,1119,1949),(1404,1069,1502),(1403,1069,1501),(1402,1069,1503),(1401,1069,1504),(1400,1069,1514),(1399,1069,1513),(1398,1069,1515),(1397,1068,2015),(1394,1066,1841),(1390,1064,1787),(1389,1064,1773),(1388,1064,1776),(1393,1065,1712),(1379,1061,1865),(1378,1061,1841),(1377,1060,1495),(1376,1060,1496),(1375,1059,1712),(1374,1059,1717),(1373,1059,1727),(1372,1058,1478),(1371,1058,1495),(1370,1058,1496),(1366,1056,1903),(1365,1056,1912),(1369,1057,1712),(1368,1057,1717),(1367,1056,1927),(1358,1053,1150),(1354,1052,1730),(1353,1052,1733),(1351,1051,1033),(1350,1050,1345),(1349,1050,1344),(1348,1050,1342),(1347,1050,1336),(1346,1050,1333),(1345,1050,1332),(1344,1050,1322),(1343,1048,1033),(1342,1048,1020),(1341,1044,1182),(1340,1044,1178),(1339,1042,1399),(1338,1042,1382),(1337,1042,1380),(1392,1065,1717),(1391,1065,1725),(1387,1064,1783),(1336,1041,1812),(1335,1041,1791),(1334,1041,1792),(1333,1041,1800),(1332,1041,1806),(1331,1041,1808),(1330,1039,1665),(1329,1039,1670),(1328,1039,1672),(1327,1039,1676),(1352,1052,1745),(1357,1053,1152),(1356,1053,1160),(1355,1053,1161),(1326,1037,1399),(1325,1037,1382),(1324,1037,1380),(1396,1068,2016),(1395,1067,1356),(1323,1036,1182),(1322,1036,1178),(1364,1055,1953),(1363,1055,1952),(1362,1055,1942),(1361,1055,1941),(1360,1055,1945),(1359,1055,1949),(1314,1034,1880),(1313,1034,1895),(1321,1035,1189),(1320,1035,1203),(1319,1034,1899),(1318,1034,1898),(1317,1034,1897),(1316,1034,1896),(1315,1034,1870),(1312,1033,1787),(1311,1033,1776),(1807,1207,1865),(1796,1203,1498),(1795,1203,1478),(1794,1203,1487),(1793,1203,1495),(1792,1202,1336),(1791,1202,1333),(1790,1202,1322),(1789,1200,1038),(1788,1200,1033),(1785,1196,1402),(1773,1193,1204),(1772,1193,1206),(1780,1194,1178),(1779,1194,1179),(1778,1193,1209),(1777,1193,1189),(1776,1193,1196),(1771,1192,1865),(1770,1192,1851),(1806,1207,1842),(1804,1206,2036),(1805,1207,1851),(1767,1189,1899),(1766,1189,1898),(1765,1189,1897),(1764,1189,1896),(1763,1189,1880),(1762,1189,1888),(1761,1189,1895),(1758,1188,1234),(1757,1188,1229),(1748,1185,1399),(1747,1185,1382),(1746,1184,1725),(1819,1208,1665),(1818,1208,1666),(1817,1208,1679),(1816,1208,1668),(1815,1208,1670),(1814,1208,1671),(1813,1208,1672),(1812,1208,1673),(1811,1208,1675),(1810,1208,1680),(1809,1208,1681),(1808,1208,1682),(1729,1181,1805),(1728,1181,1807),(1727,1181,1808),(1769,1191,863),(1768,1191,849),(1726,1179,2036),(1725,1179,2053),(1724,1179,2051),(1723,1178,2014),(1722,1178,2028),(1756,1188,1226),(1755,1188,1225),(1754,1188,1217),(1753,1188,1215),(1752,1188,1212),(1751,1188,1210),(1760,1188,1237),(1759,1188,1235),(1750,1187,1038),(1749,1187,1033),(1721,1177,1665),(1720,1177,1668),(1719,1177,1670),(1718,1177,1671),(1717,1177,1672),(1775,1193,1200),(1774,1193,1202),(1716,1176,1517),(1715,1176,1504),(1714,1176,1509),(1713,1176,1515),(1712,1175,1235),(1711,1175,1234),(1710,1175,1229),(1709,1175,1228),(1708,1175,1226),(1707,1175,1221),(1706,1175,1220),(1705,1175,1215),(1704,1175,1214),(1703,1175,1212),(1702,1175,1211),(1803,1205,1899),(1802,1205,1898),(1801,1205,1897),(1800,1205,1896),(1799,1205,1880),(1798,1205,1888),(1797,1205,1895),(1701,1173,1517),(1700,1173,1504),(1699,1173,1509),(1698,1173,1515),(1784,1196,1399),(1783,1196,1388),(1782,1196,1382),(1781,1195,1364),(1831,1212,1741),(1830,1212,1745),(1835,1213,1787),(1834,1213,1773),(1833,1213,1775),(1832,1213,1781),(1837,1214,1439),(1836,1214,1432),(1820,1209,1706),(1821,1209,1703),(1822,1209,1702),(1823,1209,1688),(1824,1209,1687),(1825,1209,1711),(2207,1349,1710),(2206,1349,1691),(2205,1349,1695),(2204,1349,1706),(2203,1349,1707),(2202,1348,1439),(2201,1348,1432),(2198,1346,1187),(2197,1346,1186),(2196,1346,1182),(2195,1346,1167),(2194,1346,1170),(2193,1346,1178),(2192,1346,1180),(2191,1344,1279),(2190,1343,1504),(2189,1343,1514),(2188,1342,1152),(2187,1342,1160),(2186,1340,1399),(2185,1340,1382),(2184,1339,1374),(2183,1338,1812),(2182,1338,1791),(2181,1338,1792),(2180,1338,1798),(2179,1338,1799),(2178,1338,1800),(2177,1338,1801),(2176,1338,1803),(2175,1338,1805),(2171,1337,1865),(2170,1336,1342),(2169,1336,1337),(2168,1336,1336),(2167,1336,1333),(2162,1335,1333),(2161,1335,1322),(2160,1334,1451),(2157,1330,1822),(2156,1329,1754),(2155,1329,1757),(2154,1328,1887),(2153,1328,1888),(2152,1328,1895),(2174,1338,1804),(2173,1338,1806),(2172,1338,1808),(2151,1327,1477),(2150,1327,1478),(2149,1326,1372),(2148,1326,1361),(2147,1325,1787),(2146,1325,1773),(2145,1325,1783),(2144,1323,1754),(2143,1323,1757),(2142,1323,1765),(2141,1323,1766),(2140,1321,1773),(2139,1321,1783),(2138,1320,2036),(2137,1320,2038),(2136,1320,2046),(2135,1320,2049),(2134,1320,2053),(2133,1320,2051),(2132,1319,847),(2131,1319,857),(2130,1318,1686),(2166,1336,1322),(2129,1317,1237),(2128,1317,1234),(2127,1317,1226),(2126,1317,1225),(2125,1317,1222),(2124,1317,1214),(2123,1317,1212),(2122,1315,1470),(2121,1315,1468),(2120,1315,1460),(2159,1334,1439),(2158,1334,1432),(2165,1335,1342),(2164,1335,1337),(2163,1335,1336),(2119,1314,1399),(2118,1314,1382),(2200,1347,1468),(2199,1347,1460),(2117,1313,1670),(2116,1313,1671),(2115,1313,1675),(2114,1313,1678),(2113,1312,1237),(2112,1312,1234),(2111,1312,1226),(2110,1312,1225),(2109,1312,1222),(2108,1312,1214),(2107,1312,1212),(2510,1458,1039),(2509,1458,1033),(2513,1460,1402),(2512,1460,1399),(2511,1460,1388),(2516,1462,847),(2515,1462,849),(2514,1462,857),(2523,1463,1953),(2522,1463,1952),(2521,1463,1929),(2520,1463,1937),(2519,1463,1945),(2518,1463,1948),(2517,1463,1949),(2527,1465,1470),(2526,1465,1468),(2525,1465,1460),(2524,1464,1439),(2528,1465,1473),(2500,1456,1910),(2499,1456,1911),(2498,1456,1913),(2497,1456,1921),(2508,1457,1929),(2507,1457,1934),(2506,1457,1948),(2505,1457,1950),(2496,1455,2046),(2495,1454,2014),(2494,1454,2026),(2493,1454,2028),(2492,1452,1342),(2491,1452,1334),(2490,1452,1333),(2489,1452,1322),(2488,1450,1756),(2487,1450,1757),(2486,1450,1758),(2485,1449,1189),(2484,1449,1195),(2483,1449,1196),(2482,1449,1204),(2481,1449,1206),(2477,1446,1926),(2476,1446,1925),(2475,1446,1909),(2474,1446,1910),(2473,1446,1921),(2472,1445,1439),(2471,1444,1470),(2470,1444,1468),(2465,1443,1206),(2464,1442,1504),(2463,1442,1509),(2462,1442,1514),(2460,1440,1182),(2459,1440,1178),(2458,1440,1179),(2457,1439,1182),(2456,1439,1178),(2455,1439,1179),(2454,1437,847),(2453,1437,849),(2452,1437,857),(2451,1436,1898),(2450,1436,1897),(2449,1436,1896),(2448,1436,1868),(2447,1436,1871),(2446,1436,1872),(2445,1436,1874),(2444,1436,1881),(2443,1436,1890),(2504,1456,1926),(2503,1456,1925),(2502,1456,1901),(2501,1456,1909),(2442,1434,1504),(2441,1434,1509),(2440,1434,1514),(2439,1434,1513),(2438,1432,1164),(2437,1432,1152),(2436,1432,1158),(2435,1432,1160),(2434,1432,1162),(2480,1448,1402),(2479,1448,1399),(2478,1448,1387),(2432,1430,1342),(2431,1430,1338),(2430,1430,1336),(2429,1430,1334),(2428,1430,1333),(2427,1430,1322),(2426,1429,1864),(2433,1430,1349),(2461,1442,1513),(2469,1443,1209),(2468,1443,1189),(2467,1443,1195),(2466,1443,1196);
/*!40000 ALTER TABLE `act_list_activity_description_students` ENABLE KEYS */;
UNLOCK TABLES;

--
-- Table structure for table `act_list_activity_descriptions`
--

DROP TABLE IF EXISTS `act_list_activity_descriptions`;
SET @saved_cs_client     = @@character_set_client;
SET character_set_client = utf8;
CREATE TABLE `act_list_activity_descriptions` (
  `id` int(11) NOT NULL auto_increment,
  `act_list_activity_id` int(11) NOT NULL,
  `student_class_id` int(11) default NULL,
  `course_id` int(11) default NULL,
  `start_class` int(2) default NULL,
  `end_class` int(2) default NULL,
  `description` varchar(150) NOT NULL,
  `assignment_no` varchar(50) default NULL,
  `verified` int(1) default '0',
  `approved` int(1) default '0',
  PRIMARY KEY  (`id`),
  KEY `verified` (`verified`),
  KEY `act_list_activity_id` (`act_list_activity_id`),
  KEY `student_class_id` (`student_class_id`),
  KEY `course_id` (`course_id`)
) ENGINE=MyISAM AUTO_INCREMENT=1468 DEFAULT CHARSET=latin1;
SET character_set_client = @saved_cs_client;

--
-- Dumping data for table `act_list_activity_descriptions`
--

LOCK TABLES `act_list_activity_descriptions` WRITE;
/*!40000 ALTER TABLE `act_list_activity_descriptions` DISABLE KEYS */;
INSERT INTO `act_list_activity_descriptions` VALUES (161,115,13,10,1,2,'membaca','',0,1),(154,112,47,80,1,2,'menggambar bentuk','',1,0),(133,97,47,80,1,2,'mid tes','',1,1),(135,99,9,29,1,5,'','',1,1),(162,116,13,10,NULL,NULL,'','',0,1),(167,119,47,83,1,4,'lesa kamera','',1,1),(106,78,9,10,1,4,'','',1,1),(165,118,9,41,2,3,'gambar bagus','',1,1),(180,132,23,109,1,12,'','',1,1),(136,100,6,145,5,12,'','',1,1),(134,98,18,80,2,12,'mid tes','',1,1),(139,103,12,36,1,3,'','',1,1),(142,106,47,62,5,11,'Proses cetak Digital','',1,1),(164,118,18,80,1,2,'budaya','',1,1),(166,118,19,145,3,9,'indisign','',1,1),(178,130,14,83,1,6,'','',1,1),(173,125,49,80,1,12,'budaya','',1,1),(177,129,49,21,1,6,'','',1,1),(179,131,17,83,6,12,'','',1,1),(181,0,NULL,NULL,NULL,NULL,'','',0,0),(182,134,21,238,1,4,'People Photo exhibition ','',0,0),(251,185,56,282,6,12,'','',NULL,NULL),(230,169,60,116,1,6,'','',0,1),(246,181,23,118,1,6,'','',1,1),(245,180,53,9,1,4,'','',1,1),(244,179,59,58,6,12,'','',1,1),(257,188,51,138,1,4,'','',1,1),(263,191,58,54,1,6,'','',1,1),(247,181,24,118,6,12,'','',1,1),(242,178,55,NULL,6,12,'','',1,1),(243,179,58,58,1,6,'','',1,1),(233,171,18,75,6,12,'','',1,1),(262,191,47,54,6,12,'','',1,1),(256,188,12,11,9,12,'','',1,1),(239,176,12,21,1,9,'','',1,1),(238,175,50,182,6,12,'','',1,1),(235,173,21,225,1,6,'','',1,1),(240,177,54,227,9,12,'','',1,1),(241,178,61,99,1,6,'','',1,1),(252,186,57,282,1,6,'','',0,1),(250,184,55,274,1,4,'','',1,1),(253,186,56,282,6,12,'','',0,1),(355,253,57,280,1,3,'','',1,1),(352,251,11,8,1,3,'','',1,1),(347,248,52,140,5,6,'','',1,1),(340,243,53,15,1,6,'','',0,1),(338,242,24,115,6,12,'','',0,1),(337,241,55,274,1,6,'','',0,1),(335,239,47,78,1,4,'','',1,1),(332,236,60,281,6,12,'','',1,1),(584,423,8,47,1,4,'','',1,1),(329,234,17,89,6,9,'','',1,1),(327,233,59,56,1,4,'','',1,1),(809,578,18,78,8,12,'','',1,1),(348,248,52,140,9,12,'','',1,1),(346,248,51,140,1,4,'','',1,1),(326,233,58,56,1,4,'','',1,1),(328,234,14,89,1,3,'','',1,1),(341,244,53,8,9,12,'','',1,1),(349,249,9,28,1,6,'','',1,1),(351,251,8,43,1,6,'','',1,1),(343,246,57,287,3,6,'','',1,1),(345,247,54,221,1,4,'','',1,1),(353,252,21,239,1,4,'','',1,1),(344,246,21,242,6,11,'','',1,1),(354,253,56,280,3,6,'','',1,1),(331,236,61,101,1,6,'','',1,1),(342,245,24,111,1,4,'','',1,1),(350,250,50,179,1,4,'','',1,1),(336,240,NULL,80,NULL,NULL,'','',0,1),(339,242,23,115,1,6,'','',0,1),(454,326,53,14,6,12,'','',0,1),(457,329,17,78,6,12,'','',1,1),(428,306,18,71,6,12,'','',0,1),(429,307,11,36,5,6,'','',1,1),(445,318,60,99,6,12,'','',1,1),(443,317,24,113,6,12,'','',1,1),(442,317,23,113,1,6,'','',1,1),(444,318,61,99,1,6,'','',1,1),(439,314,54,228,1,6,'','',0,1),(435,310,56,283,1,4,'','',1,1),(434,310,57,283,9,11,'','',1,1),(458,329,53,10,1,6,'','',1,1),(453,325,6,153,8,12,'','',1,1),(447,320,2,170,1,6,'','',1,1),(446,319,51,142,1,6,'','',1,1),(456,328,47,73,1,6,'','',1,1),(450,323,11,36,1,4,'','',1,1),(451,324,56,284,5,7,'','',1,1),(441,316,12,29,1,3,'','',1,1),(440,315,12,29,3,6,'','',1,1),(436,311,12,9,6,12,'','',1,1),(430,307,21,244,1,3,'','',1,1),(438,313,54,228,6,9,'','',1,1),(437,312,54,228,9,12,'','',1,1),(431,308,21,241,8,12,'','',1,1),(452,324,8,41,1,4,'','',1,1),(433,310,57,283,5,7,'','',1,1),(432,309,56,286,1,4,'','',1,1),(449,322,50,177,1,4,'','',1,1),(448,321,48,188,1,7,'','',1,1),(459,330,59,58,6,7,'','',1,1),(464,335,8,36,1,6,'','',1,1),(465,336,9,29,1,3,'','',1,1),(542,392,24,116,6,12,'','',0,1),(566,409,14,85,6,12,'','',1,1),(562,407,17,89,6,12,'','',1,1),(561,406,61,98,1,6,'','',0,1),(558,404,52,141,6,12,'','',0,1),(560,406,60,NULL,6,12,'','',0,1),(568,410,57,281,6,12,'','',0,1),(550,396,21,245,1,3,'','',1,1),(548,395,21,245,3,6,'','',1,1),(545,393,56,282,6,12,'','',1,1),(576,416,18,75,6,12,'','',1,1),(564,408,11,41,8,12,'','',1,1),(553,399,58,50,1,3,'','',1,1),(552,398,17,88,1,6,'','',1,1),(570,411,51,143,1,7,'','',1,1),(567,409,19,169,5,7,'','',1,1),(555,401,52,142,1,6,'','',1,1),(554,400,2,173,1,9,'','',1,1),(573,414,54,227,6,12,'','',1,1),(565,408,59,55,5,7,'','',1,1),(559,405,11,47,5,7,'','',1,1),(557,403,9,29,3,6,'','',1,1),(574,414,12,28,1,6,'','',1,1),(563,407,21,245,1,6,'','',1,1),(549,396,21,247,6,12,'','',1,1),(547,395,21,247,9,12,'','',1,1),(546,394,54,223,1,6,'','',1,1),(551,397,55,276,1,6,'','',1,1),(544,393,57,282,1,6,'','',1,1),(571,412,61,97,6,12,'','',1,1),(575,415,50,184,5,12,'','',1,1),(556,402,50,180,1,4,'','',1,1),(543,392,23,116,1,6,'','',0,1),(569,410,56,281,1,6,'','',0,1),(578,418,59,53,1,4,'','',1,1),(579,419,18,73,1,6,'','',1,1),(790,566,23,111,1,4,'','',1,1),(789,566,58,53,5,9,'','',0,1),(808,577,14,90,1,6,'','',0,1),(807,576,9,288,1,9,'','',0,1),(804,574,21,248,1,6,'','',0,1),(803,573,54,219,1,4,'','',0,1),(590,429,59,51,3,6,'','',1,1),(802,572,61,96,1,4,'','',0,1),(800,571,5,171,6,12,'','',0,1),(805,575,8,47,1,4,'','',0,1),(799,570,59,59,6,12,'','',1,1),(796,569,52,138,5,9,'','',1,1),(793,568,24,117,1,6,'','',0,1),(791,567,60,289,1,4,'','',0,1),(786,564,6,149,8,12,'','',1,1),(784,563,11,43,1,6,'','',1,1),(781,562,56,285,3,7,'','',0,1),(787,565,60,101,6,9,'','',0,1),(780,561,57,284,3,6,'','',0,1),(779,560,47,79,9,11,'','',1,1),(777,559,21,248,6,12,'','',0,1),(775,557,54,224,5,7,'Komunikasi langsung dan tidak langsung','',0,1),(773,555,50,185,1,4,'Ruang lingkup ilmu kemasan','',0,1),(772,554,51,143,5,11,'','',0,1),(769,552,5,169,1,6,'Introduction','',1,1),(762,546,51,136,5,9,'Pengantar Bahasa Indonesia','',1,1),(754,539,60,93,6,11,'','',1,1),(753,539,61,93,6,11,'','',1,1),(756,541,21,236,6,12,'','',0,1),(746,535,56,281,1,4,'Introduction','',1,1),(742,533,58,54,1,6,'Penggalian ekpresi','',1,1),(743,533,59,294,6,12,'Komposisi','',1,1),(741,532,23,106,1,6,'','',1,1),(747,535,59,58,6,12,'Lab (membuat bentuk dasar)','',1,1),(745,534,57,281,6,12,'Introduction','',1,1),(734,527,47,84,1,12,'','',1,1),(795,569,54,220,8,12,'','',0,1),(785,564,6,154,1,4,'','',1,1),(776,558,52,135,1,4,'','',1,1),(774,556,6,152,1,12,'pelat cetak','',1,1),(770,552,14,88,6,9,'Introduction','',1,1),(768,551,6,159,5,12,'','',1,1),(763,546,52,136,1,4,'Pengantar Bahasa Indonesia','',1,1),(755,540,19,163,1,4,'Orientasi','',1,1),(750,538,48,195,8,12,'Introcuction','',1,1),(749,537,6,165,1,12,'Pengantra pre press','',1,1),(739,531,5,167,6,12,'Bagian bagian manajemen produksi','',1,1),(731,524,5,170,1,6,'','',1,1),(735,528,57,282,1,6,'Keyword dalam java','',0,1),(761,545,55,274,1,4,'Jenis-Jenis Animasi','',1,1),(760,544,18,75,1,6,'','',1,1),(758,542,17,293,8,12,'Pengantar infografik','',1,1),(798,570,59,59,1,3,'','',1,1),(778,560,47,79,6,7,'','',1,1),(748,536,9,27,1,4,'Komunikasi intra pribadi','',1,1),(730,523,8,43,1,6,'','',1,1),(783,563,8,44,8,11,'','',1,1),(771,553,12,36,5,7,'Pengantar','',1,1),(767,550,53,9,1,4,'Kedudukan dan ragam bahasa Indonesia','',1,1),(766,549,11,292,1,9,'','',1,1),(765,548,12,288,1,9,'Ketatabahasaan(syarat editor)','',1,1),(764,547,21,236,6,9,'Perencanaan tugas','',1,1),(744,534,56,281,1,4,'Introduction','',1,1),(752,539,21,243,1,6,'','',1,1),(740,532,24,106,6,12,'','',1,1),(738,530,61,289,1,6,'Pengantar highlight adobe photoshop','',1,1),(759,543,60,97,1,6,'Dasar-Dasar Pemasaran','',1,1),(751,538,51,138,1,4,'Class mapping','',1,1),(737,529,48,211,5,7,'Introduction','',1,1),(736,528,56,282,6,12,'Keyword dalam java','',0,1),(757,541,54,225,1,6,'','',0,1),(782,562,57,285,8,12,'','',0,1),(788,565,55,274,9,12,'','',0,1),(792,567,61,289,6,9,'','',0,1),(794,568,23,117,6,12,'','',0,1),(797,569,55,290,1,4,'','',0,1),(801,571,2,171,1,6,'','',0,1),(806,575,47,75,6,12,'','',0,1),(838,607,62,113,1,4,'Definisi dan Karakteristik','',1,1),(841,609,56,283,1,4,'What is multimudia (Vocab and Reading)','',1,1),(824,593,58,57,1,6,'Evolusi Harga Cetak','',1,1),(848,615,53,10,1,6,'Pendidikan Kewarganegaraan','',1,1),(827,596,51,142,1,6,'Pengenalan warna dan jenis-jenisnya','',1,1),(858,622,50,177,1,4,'Agama dan Manusia','',1,1),(832,601,2,170,1,6,'Konsep TPL Dan Jenis/ragam TPL','',1,1),(836,605,18,76,1,6,'Desain Majalah','',1,1),(839,607,6,162,5,7,'Introduction','',0,0),(842,609,57,283,5,9,'What is multimudia (Vocab and Reading) + Present Tense','',0,0),(894,652,54,228,1,6,'Elemen Teknik','',0,1),(849,615,17,85,6,11,'Proyek atau penjelasan praktek kewirausahaan','',0,0),(899,657,14,86,1,6,'Apa itu kreatif','',0,1),(901,658,60,95,1,6,'pendahuluan, ruang lingkup, unsur-unsur komunikasi','',1,1),(902,658,61,95,6,12,'Pentingnya / kebutuhan komunikasi dan definisi2','',1,1),(859,622,59,50,5,7,'Agama dan Manusia','',0,0),(904,660,53,14,6,12,'Pengertian dan Sejarah Grafika','',0,1),(908,663,21,241,1,4,'Masa Prasejarah di Indonesia','',1,0),(909,663,47,76,6,12,'Media cetak Komersial','',1,1),(893,651,6,155,1,4,'Review Colorymetri dan definisi','',1,1),(903,659,6,153,8,12,'Class mapping, Presentation Skills','',1,1),(910,664,59,58,6,12,'ilustrator adobe , text-shape-path','',1,1),(896,654,8,46,6,12,'Pengantar Penulisan','',1,1),(897,655,12,25,6,11,'mengenal selera bahasa di berbagai media','',1,1),(898,656,11,42,1,6,'uji Kelayakan Proposal Bisnis','',1,1),(905,661,21,244,5,7,'Definisi, mental, usaha, networking','',1,1),(911,665,54,227,6,9,'Sejarah Fotografi, Teknis fotografi','',1,1),(912,666,54,227,9,12,'Sejarah Perkembangan Fotografi','',1,1),(895,653,62,114,3,7,'Analisa Situasi & SWOT, Tugas','',1,1),(892,650,48,199,1,7,'pengenalan tentang desain kemasan','',1,1),(915,668,56,286,8,12,'Visual Vocabulary 1','',1,1),(914,668,57,286,1,4,'Visual Vocabulary 1','',1,1),(913,667,5,173,1,12,'Silabi dan Penjabarannya','',1,1),(900,657,23,116,6,12,'dasar dasar imc','',0,1),(1079,792,52,143,1,6,'','',0,1),(1119,822,17,88,1,6,'Sistem Kompensasi (MSDM)','',1,1),(1070,785,55,276,6,12,'Menggambar Mata','',0,1),(1064,781,50,180,1,4,'A life is achievement','',0,1),(1075,789,56,282,1,6,'java programming','',0,1),(1056,775,14,88,8,12,'','',1,1),(1057,775,19,162,5,7,'Characteristic of entrepreuner','',1,1),(1055,774,17,89,6,12,'Power Point (Desain)','',1,1),(1052,773,6,151,5,12,'Orientasi & Kontrak Kuliah, teknologi Tinta Cetak','',1,1),(1048,769,52,151,6,12,'Perkembangan Huruf/ model/ide','',0,1),(1046,768,23,132,6,9,'Pengantar kewirausahaan','',1,1),(1042,765,61,98,1,6,'Pengenalan kamera fotografi','',0,1),(1038,761,62,114,1,6,'','',1,1),(1067,783,60,96,1,6,'Periklanan Sebagai alat Komunikasi Pemasaran','',0,1),(1054,774,21,245,1,6,'HTML dasar (Text), Format XML','',1,1),(1120,822,55,270,6,9,'Pendidikan Kewarganegaraan','',0,1),(1034,759,47,75,1,6,'Grid & Guide','',1,1),(1032,757,59,52,8,11,'','',1,1),(1074,788,6,154,1,4,'kalkulasi grafika','',1,1),(1059,777,19,155,1,4,'review','',1,1),(1051,772,52,142,1,6,'Fungsi Warna','',1,1),(1040,763,5,172,1,12,'Review','',1,1),(1039,762,2,173,1,12,'Silabi dan Penjabaran , mesin potong','',1,1),(1058,776,9,29,1,3,'Organisasi Penerbitan','',1,1),(1049,770,9,26,8,12,'','',1,1),(1047,768,8,42,1,7,'Uji proposal','',1,1),(1044,766,8,46,9,12,'Creative Writing','',1,1),(1036,760,8,46,6,9,'Menulis Semudah Berbicara','',1,1),(1035,759,11,47,1,4,'Sistem Editorial','',1,1),(1030,756,11,47,1,3,'','',1,1),(1029,755,53,12,1,11,'','',1,1),(1069,784,12,28,1,6,'Foto texture dan Foto Ekspresi','',1,1),(1060,778,9,29,3,6,'Kompetensi dalam organisasi penerbitan','',1,1),(1031,757,58,52,8,11,'','',1,1),(1050,771,59,55,5,7,'','',1,1),(1061,779,58,59,3,7,'Black Square, circle, Tangle','',1,1),(1066,782,58,50,1,3,'Agama, manusia, dan alam semesta','',1,1),(1073,787,59,53,1,4,'What Is Graphic Design?','',1,1),(1041,764,21,247,6,12,'Cropping','',1,1),(1078,791,54,223,1,6,'Sejarah Fotografi, Teknis Fotografi','',1,1),(1045,767,62,132,5,7,'Pengantar kewirausahaan','',1,1),(1037,761,61,97,6,12,'','',1,1),(1077,790,62,112,1,6,'Devoding, encoding dan pengarahan Komunikasi','',1,1),(1053,773,48,193,5,12,'','',1,1),(1033,758,50,184,5,12,'Kemasan plastik','',1,1),(1043,765,60,109,6,12,'Pengenalan kamera fotografi','',0,1),(1065,781,19,153,8,12,'Introduction','',1,1),(1068,783,62,116,6,12,'Komunikasi Pemasaran (Basic)','',0,1),(1076,789,57,282,6,12,'java programming','',0,1),(1206,884,23,94,1,4,'Introduction To Marketing And Advertising','',1,1),(1199,878,57,287,5,7,'Elemen Dasar Seni Rupa','',1,1),(1195,876,60,289,1,6,'Adobe Photoshop, Layer, Toolbox','',1,1),(1192,874,58,55,8,11,'Perkenalan - pra sejarah','',1,1),(1189,872,47,71,1,6,'Tekstur dan arti fotografi','',0,1),(1186,871,55,290,1,4,'lesson 1,2','',1,1),(1185,870,61,96,1,6,'periklanan adalah komunikasi','',0,1),(1208,885,2,171,1,6,'dasar-dasar QC Teknik Cetak Offset','',1,1),(1191,874,18,76,1,6,'Pra Desain Majalah','',1,1),(1178,864,62,117,1,6,'Gaya dan Jenis Kata Copywriting','',1,1),(1188,871,54,220,8,12,'lesson 1,2','',1,1),(1194,875,8,44,8,11,'Laporan dan teknik penulisan','',1,1),(1177,863,2,174,6,12,'menghitung jumlah pemakaian bahan buku cetak','',1,1),(1184,869,19,151,5,12,'Sifat-sifat kertas & Praktek','',1,1),(1187,871,52,138,5,9,'Lesson 1,2','',1,1),(1200,879,52,135,1,4,'Agama, Alam semesta dan manusia','',1,1),(1201,880,51,137,1,4,'Filsafat Pancasila','',1,1),(1180,865,17,297,8,12,'','',1,1),(1190,873,14,90,1,6,'Merencana porto folio awal','',1,1),(1202,881,59,51,1,3,'Bahasa Indonesia Untuk Mahasiswa','',1,1),(1204,883,8,47,1,4,'DTP & Editorial System','',1,1),(1176,862,12,32,1,4,'pengantar','',1,1),(1193,875,11,43,1,6,'Analisa permintaan dan peluang pasar','',1,1),(1203,882,9,31,1,9,'Tataran kebahasaan','',1,1),(1205,883,47,58,6,12,'membuat halaman master','',1,1),(1175,861,54,219,1,4,'Fungsi bahasa Indonesia','',1,1),(1181,866,21,248,1,12,'pemahaman dan pengasaan dasar fotografi produk','',1,1),(1174,860,55,277,5,11,'Pemahaman digital texturing dan  painting','',1,1),(1198,878,56,287,1,3,'Elemen Dasar Seni Rupa','',1,1),(1179,864,23,117,7,12,'gaya dan jenis kata copywriting','',1,1),(1207,884,58,53,3,7,'What is Graphic Design','',1,1),(1196,876,61,289,6,12,'Adobe Photoshop, Layer, Toolbox','',1,1),(1173,859,12,27,8,12,'Esensi komunikasi sebagai ilmu','',1,1),(1172,858,12,36,5,7,'pengertian kewirausahaan, jiwa kewirausahaan','',1,1),(1171,857,8,47,5,7,'Jadual Produksi','',1,1),(1213,889,50,185,1,4,'','',0,1),(1209,885,5,171,6,12,'dasar-dasar QC Teknik Cetak Offset','',0,0),(1214,890,56,285,3,7,'Hystory of Multimedia','',1,1),(1212,888,6,160,1,12,'Pengenalan mesin','',1,1),(1340,984,61,93,6,11,'pendidiksn kewarganegaraan','',1,1),(1335,982,59,58,6,12,'Ilustrator','',1,1),(1332,980,55,272,6,12,'pipeline project 3D max','',1,1),(1329,978,51,136,5,9,'Sejarah Bahasa Indonesia','',1,1),(1341,985,19,163,1,4,'','',1,1),(1349,992,5,170,1,6,'Konsep dan Ragam TPL','',1,1),(1333,981,18,75,1,6,'','',1,1),(1337,983,58,54,1,6,'komposisi garis ruang','',1,1),(1330,979,53,9,1,4,'Ejaan Bahasa Indonesia','',1,1),(1343,987,12,31,1,9,'Tataran kebahasaan','',1,1),(1345,989,9,27,1,4,'Esensi komunikasi bagi manusia','',1,1),(1346,990,8,43,1,6,'','',1,1),(1334,982,56,281,1,6,'Ilustrator','',1,1),(1344,988,55,300,1,4,'merencana proyek arsitektur','',1,1),(1342,986,48,205,1,4,'Introduction of entrepreuner','',1,1),(1331,980,58,58,1,6,'Pengenalan program vektor dan dasar','',1,1),(1338,984,21,243,1,4,'Teknik Presentasi','',1,1),(1323,973,51,138,1,4,'lesson 1,2','',1,1),(1318,969,5,174,5,7,'Pengantar teknik pemasaran','',1,1),(1336,983,59,54,1,6,'Eksplorasi pensil','',1,1),(1316,968,54,226,6,12,'','',1,1),(1347,991,57,282,1,6,'Class in java','',0,1),(1312,964,54,225,1,3,'komposisi','',0,1),(1313,965,2,172,1,12,'review','',1,1),(1324,973,48,195,8,12,'','',1,1),(1327,976,9,32,5,12,'Pengantar dn pokok pikiran paragraf','',1,1),(1319,969,18,72,8,12,'menghitung bahan kerja','',1,1),(1322,972,14,87,1,6,'','',1,1),(1328,977,47,69,5,7,'english skill','',1,1),(1321,971,50,178,1,4,'Pengantar perkuliahan','',1,1),(1325,974,50,182,5,12,'Besaran dan Satuan','',1,1),(1317,968,54,225,3,6,'praktek membuat komposisi','',1,1),(1339,984,60,93,6,11,'pendidikan kewaranegaraan','',1,1),(1314,966,61,289,1,6,'Digital Imaging','',1,1),(1320,970,23,118,1,6,'produksi iklan surat kabar','',1,1),(1326,975,60,97,1,6,'dasar2 pemasaran,keinginan, dan kebutuhan','',1,1),(1315,967,57,281,6,12,'Bentuk Gambar Digitl 9Bitmap & Vector)','',1,1),(1348,991,56,282,6,12,'Class in java','',0,1),(1460,1070,61,101,1,6,'Proportion, concept, construction, contour','',1,1),(1463,1072,17,86,1,6,'Perencanaan kreatif periklanan','',0,1),(1465,1073,57,280,1,3,'Sejarah bahasa Indonesia','',1,1),(1467,1074,47,72,1,3,'','',1,1),(1455,1067,23,115,1,6,'Import & Position','',0,1),(1453,1065,18,72,1,3,'Macam-macam masalah cetak','',0,1),(1447,1061,60,94,1,4,'Introduction to advertising in english','',1,1),(1444,1059,57,287,5,7,'Komposisi Garis Potong Korek Api','',1,1),(1439,1056,8,291,1,7,'Kegiatan umum di penerbitan dan editing','',1,1),(1440,1056,8,291,11,12,'Kegiatan umum di penerbitan dan editing','',1,1),(1438,1055,55,269,6,12,'perkenalan materi audio dan video','',0,1),(1436,1054,47,74,8,12,'konsep dasar kewirausahaan','',1,1),(1461,1070,60,289,8,12,'Stamp tool, layer, saving format','',1,1),(1435,1053,53,295,6,9,'Pengantar agama','',0,1),(1457,1068,17,89,6,12,'web','',1,1),(1459,1069,52,137,1,4,'Filsafat pancasila','',1,1),(1448,1061,61,109,5,12,'Introduction to advertising in english','',1,1),(1430,1048,59,56,5,12,'The Ultimate wave','',1,1),(1443,1058,11,46,3,6,'jenis tulisan nonfiksi','',1,1),(1451,1063,52,140,5,12,'Besaran dan Satuan','',1,1),(1450,1063,51,140,1,4,'Besaran dan Satuan','',1,1),(1458,1069,52,137,1,4,'Filsafat pancasila','',1,1),(1429,1048,58,56,1,7,'The Ultimate wave','',1,1),(1437,1054,18,74,8,12,'konsep dasar kewirausahaan','',1,1),(1446,1060,14,293,6,11,'Dasar Infografik','',1,1),(1452,1064,59,57,1,6,'pengantar Tipogafi','',1,1),(1456,1068,14,89,1,6,'Power Point','',1,1),(1466,1074,47,70,3,7,'','',1,1),(1462,1071,18,69,3,7,'Student Mapping skill','',1,1),(1434,1052,12,26,6,12,'Class Mapping, presentation skills','',1,1),(1441,1057,9,28,1,6,'Foto ekspresi','',1,1),(1442,1058,12,32,1,3,'menentukan pokok pikiran paragraf','',1,1),(1449,1062,11,44,1,3,'Proposal Laporan','',1,1),(1432,1050,48,201,1,12,'ilmu manajemen dan peran manajer','',1,1),(1454,1066,62,94,1,4,'Introduction to marketing and advertising','',1,1),(1433,1051,56,279,1,3,'','',1,1),(1445,1059,56,287,1,3,'Komposisi Garis Potong Korek Api','',1,1),(1464,1073,56,280,3,6,'Sejarah bahasa Indonesia','',1,1),(1431,1049,55,272,1,6,'Tool dasar 3D max','',1,1);
/*!40000 ALTER TABLE `act_list_activity_descriptions` ENABLE KEYS */;
UNLOCK TABLES;

--
-- Table structure for table `act_lists`
--

DROP TABLE IF EXISTS `act_lists`;
SET @saved_cs_client     = @@character_set_client;
SET character_set_client = utf8;
CREATE TABLE `act_lists` (
  `id` int(11) NOT NULL auto_increment,
  `activity_date` date NOT NULL,
  `absent` int(1) default '4' COMMENT '// default = 4 atau tidak masuk kerja',
  `verified` datetime default NULL,
  `verified_by` int(10) default NULL,
  `approved` datetime default NULL,
  `approved_by` int(11) default NULL,
  `created` datetime NOT NULL,
  `created_by` int(10) NOT NULL,
  `modified` datetime NOT NULL,
  `modified_by` int(10) NOT NULL,
  PRIMARY KEY  (`id`),
  KEY `absent` (`absent`),
  KEY `verified_by` (`verified_by`),
  KEY `created_by` (`created_by`)
) ENGINE=MyISAM AUTO_INCREMENT=304 DEFAULT CHARSET=latin1;
SET character_set_client = @saved_cs_client;

--
-- Dumping data for table `act_lists`
--

LOCK TABLES `act_lists` WRITE;
/*!40000 ALTER TABLE `act_lists` DISABLE KEYS */;
INSERT INTO `act_lists` VALUES (1,'2011-02-02',6,'2011-03-22 20:30:09',174,'2011-04-02 11:49:06',175,'2011-02-02 07:37:23',2,'2011-04-02 11:49:06',162),(2,'2011-02-16',6,'2011-04-02 11:46:21',174,'2011-03-22 20:30:45',175,'2011-02-16 06:46:49',2,'2011-04-02 11:46:21',137),(3,'2011-03-01',6,'2011-03-26 21:16:19',174,'2011-03-26 21:15:39',175,'2011-03-01 09:44:33',2,'2011-03-26 21:16:19',137),(4,'2011-03-22',6,'2011-03-26 21:18:12',174,'2011-03-26 21:15:20',175,'2011-03-22 20:09:31',2,'2011-03-26 21:18:12',128),(5,'2011-03-23',6,'2011-04-02 11:45:55',174,'2011-04-02 16:41:57',175,'2011-03-23 11:19:01',174,'2011-04-02 18:06:07',174),(6,'2011-03-26',6,'2011-04-02 11:48:05',174,'2011-03-26 20:36:41',175,'2011-03-26 16:40:31',174,'2011-04-02 18:05:42',174),(7,'2011-03-26',6,'2011-04-15 11:29:05',174,'2011-03-26 17:48:44',175,'2011-03-26 17:45:16',2,'2011-04-15 11:29:05',164),(8,'2011-03-26',6,'2011-03-26 20:33:38',174,'2011-03-26 17:54:00',175,'2011-03-26 17:53:13',115,'2011-03-26 20:33:38',143),(9,'2011-03-29',6,'2011-03-29 09:42:54',174,'2011-03-29 09:43:21',175,'2011-03-29 09:42:24',121,'2011-03-29 09:43:21',162),(10,'2011-03-29',6,'2011-03-29 15:30:01',174,'2011-03-29 15:30:41',175,'2011-03-29 15:28:35',136,'2011-03-29 15:30:41',162),(11,'2011-04-11',6,'2011-04-12 07:19:34',174,'2011-04-12 07:17:47',175,'2011-04-11 09:32:56',174,'2011-04-12 07:19:34',137),(12,'2011-04-11',6,'2011-04-12 07:19:23',174,'2011-04-12 07:17:29',175,'2011-04-11 14:44:59',176,'2011-04-12 07:19:23',137),(13,'2011-04-12',6,'2011-04-12 07:16:39',174,'2011-04-12 07:17:14',175,'2011-04-12 07:13:34',174,'2011-04-12 07:17:14',162),(14,'2011-04-18',4,NULL,174,NULL,175,'2011-04-18 10:16:27',174,'2011-08-19 07:27:32',174),(15,'2011-05-04',4,NULL,174,NULL,175,'2011-05-04 14:51:10',175,'2011-05-04 14:51:10',0),(30,'2011-08-18',6,NULL,NULL,'2011-08-18 20:22:38',175,'2011-08-18 20:06:58',164,'2011-08-18 20:22:38',162),(17,'2011-08-18',6,'2011-08-18 20:21:47',174,'2011-08-18 20:27:06',175,'2011-08-18 18:47:46',202,'2011-08-19 07:24:15',202),(18,'2011-08-18',6,'2011-08-18 20:07:35',174,'2011-08-18 20:26:48',175,'2011-08-18 18:53:22',201,'2011-08-18 20:26:48',162),(19,'2011-08-18',6,'2011-08-18 20:11:55',174,'2011-08-18 20:26:27',175,'2011-08-18 18:55:55',198,'2011-08-18 20:26:27',162),(20,'2011-08-18',6,'2011-08-18 20:08:50',174,'2011-08-18 20:26:11',175,'2011-08-18 18:59:54',200,'2011-08-18 20:26:11',162),(21,'2011-08-18',6,'2011-08-18 20:21:28',174,'2011-08-18 20:25:41',175,'2011-08-18 19:02:22',199,'2011-08-18 20:25:41',162),(22,'2011-08-18',6,'2011-08-18 20:20:48',174,'2011-08-18 20:25:18',175,'2011-08-18 19:04:29',184,'2011-08-18 20:25:18',162),(23,'2011-08-18',6,'2011-08-18 20:11:34',174,'2011-08-18 20:25:03',175,'2011-08-18 19:08:28',190,'2011-08-18 20:25:03',162),(24,'2011-08-18',6,'2011-08-18 20:13:43',174,'2011-08-18 20:24:48',175,'2011-08-18 19:09:44',116,'2011-08-18 20:24:48',162),(25,'2011-08-18',6,'2011-08-19 13:50:38',174,'2011-08-18 20:24:29',175,'2011-08-18 19:13:23',148,'2011-08-19 13:50:38',128),(26,'2011-08-18',6,'2011-08-18 20:20:27',174,'2011-08-18 20:24:04',175,'2011-08-18 19:20:11',176,'2011-08-18 20:24:04',162),(27,'2011-08-18',6,'2011-08-19 15:28:39',174,'2011-08-19 15:29:23',175,'2011-08-18 19:22:47',186,'2011-08-19 15:29:23',162),(28,'2011-08-18',6,'2011-08-18 20:09:08',174,'2011-08-18 20:23:27',175,'2011-08-18 19:28:15',168,'2011-08-18 20:23:27',162),(29,'2011-08-18',6,NULL,174,'2011-08-18 20:23:11',175,'2011-08-18 19:31:58',174,'2011-08-19 07:29:38',174),(31,'2011-08-19',6,'2011-08-20 10:37:08',174,'2011-08-20 10:50:40',175,'2011-08-19 16:07:39',204,'2011-08-20 10:50:40',162),(32,'2011-08-19',6,'2011-08-20 10:36:07',174,'2011-08-20 10:50:26',175,'2011-08-19 16:48:28',188,'2011-08-20 10:50:26',162),(33,'2011-08-19',6,'2011-08-20 10:34:25',174,'2011-08-20 10:50:16',175,'2011-08-19 16:50:47',140,'2011-08-20 10:50:16',162),(34,'2011-08-19',6,'2011-08-20 10:39:47',174,'2011-08-20 10:50:03',175,'2011-08-19 16:53:35',122,'2011-08-20 10:50:03',162),(35,'2011-08-19',6,'2011-08-20 10:34:11',174,'2011-08-20 10:49:53',175,'2011-08-19 16:55:10',176,'2011-08-20 10:49:53',162),(36,'2011-08-19',6,'2011-08-20 10:33:24',174,'2011-08-20 10:49:43',175,'2011-08-19 16:57:30',116,'2011-08-20 10:49:43',162),(37,'2011-08-19',6,'2011-08-20 10:35:55',174,'2011-08-20 10:49:28',175,'2011-08-19 16:58:37',173,'2011-08-20 10:49:28',162),(38,'2011-08-19',6,'2011-08-20 10:36:53',174,'2011-08-20 10:49:17',175,'2011-08-19 17:00:30',186,'2011-08-20 10:49:17',162),(39,'2011-08-19',6,'2011-08-20 10:38:57',174,'2011-08-20 10:49:05',175,'2011-08-19 17:01:38',163,'2011-08-20 10:49:05',162),(40,'2011-08-19',6,'2011-08-20 10:33:59',174,'2011-08-20 10:48:54',175,'2011-08-19 17:03:01',160,'2011-08-20 10:48:54',162),(41,'2011-08-19',6,NULL,NULL,'2011-08-20 10:48:40',175,'2011-08-19 17:05:42',143,'2011-08-20 10:48:40',162),(42,'2011-08-19',6,NULL,NULL,'2011-08-20 10:48:15',175,'2011-08-19 17:08:03',174,'2011-08-20 10:48:15',162),(43,'2011-08-19',6,'2011-08-19 17:32:04',NULL,'2011-08-20 10:47:59',175,'2011-08-19 17:09:10',118,'2011-08-20 10:47:59',162),(44,'2011-08-19',6,'2011-08-20 10:47:24',174,'2011-08-20 10:42:20',175,'2011-08-19 17:11:59',151,'2011-08-20 10:47:24',137),(45,'2011-08-19',6,'2011-08-20 10:38:40',174,'2011-08-20 10:42:07',175,'2011-08-19 17:15:15',199,'2011-08-20 10:42:07',162),(46,'2011-08-19',6,'2011-08-20 10:32:55',174,'2011-08-20 10:41:56',175,'2011-08-19 17:17:20',166,'2011-08-24 15:10:40',166),(47,'2011-08-19',6,'2011-08-20 10:32:41',174,'2011-08-20 10:41:46',175,'2011-08-19 17:20:53',200,'2011-08-20 10:41:46',162),(48,'2011-08-19',6,'2011-08-20 10:32:23',174,'2011-08-20 10:41:29',175,'2011-08-19 17:25:11',169,'2011-08-20 10:41:29',162),(49,'2011-08-19',6,'2011-08-20 10:32:08',174,'2011-08-20 10:41:17',175,'2011-08-19 17:27:16',158,'2011-09-02 14:17:37',158),(50,'2011-08-22',6,NULL,NULL,'2011-08-22 16:53:20',175,'2011-08-22 15:39:11',143,'2011-08-22 16:53:20',162),(51,'2011-08-22',6,'2011-08-22 16:56:56',174,'2011-08-22 16:53:47',175,'2011-08-22 15:40:22',200,'2011-08-22 16:56:56',137),(52,'2011-08-22',6,'2011-08-22 16:42:12',174,'2011-08-22 16:54:06',175,'2011-08-22 15:41:53',168,'2011-08-22 16:54:06',162),(53,'2011-08-22',6,'2011-08-22 16:42:57',174,'2011-08-22 16:54:25',175,'2011-08-22 15:44:05',158,'2011-08-22 16:54:25',162),(54,'2011-08-22',6,NULL,NULL,'2011-08-22 16:49:02',175,'2011-08-22 15:45:39',175,'2011-08-22 16:49:02',162),(55,'2011-08-22',6,'2011-08-22 16:44:39',174,'2011-08-22 16:49:18',175,'2011-08-22 15:49:59',161,'2011-08-22 16:49:18',162),(56,'2011-08-22',6,'2011-08-22 16:43:26',174,'2011-08-22 16:52:22',175,'2011-08-22 15:51:01',121,'2011-08-22 16:52:22',162),(57,'2011-08-22',6,'2011-08-22 16:45:41',174,'2011-08-22 16:52:36',175,'2011-08-22 15:55:43',123,'2011-08-22 16:52:36',162),(58,'2011-08-22',6,'2011-08-22 16:41:10',174,'2011-08-22 16:52:48',175,'2011-08-22 15:56:58',148,'2011-08-22 16:52:48',162),(59,'2011-08-22',6,'2011-08-22 16:48:09',174,'2011-08-22 16:52:10',175,'2011-08-22 15:59:20',160,'2011-08-22 16:52:10',162),(60,'2011-08-22',6,'2011-08-22 16:48:21',174,'2011-08-22 16:51:57',175,'2011-08-22 16:05:11',205,'2011-08-22 16:51:57',162),(61,'2011-08-22',6,'2011-08-22 16:41:24',174,'2011-08-22 16:51:46',175,'2011-08-22 16:06:17',150,'2011-08-22 16:51:46',162),(62,'2011-08-22',6,'2011-08-22 16:41:38',174,'2011-08-22 16:51:35',175,'2011-08-22 16:07:47',125,'2011-08-22 16:51:35',162),(63,'2011-08-22',6,'2011-08-22 16:47:29',174,'2011-08-22 16:51:24',175,'2011-08-22 16:09:35',201,'2011-08-22 16:51:24',162),(64,'2011-08-22',6,'2011-08-22 16:47:38',174,'2011-08-22 16:51:12',175,'2011-08-22 16:15:28',151,'2011-08-22 16:51:12',162),(65,'2011-08-22',6,'2011-08-22 16:43:47',174,'2011-08-22 16:50:56',175,'2011-08-22 16:17:36',187,'2011-08-22 16:50:56',162),(66,'2011-08-22',6,'2011-08-22 16:43:59',174,'2011-08-22 16:50:46',175,'2011-08-22 16:18:41',139,'2011-08-22 16:50:46',162),(67,'2011-08-22',6,NULL,NULL,'2011-08-22 16:50:36',175,'2011-08-22 16:19:51',118,'2011-08-22 16:50:36',162),(68,'2011-08-22',6,'2011-08-22 16:44:50',174,'2011-08-22 16:50:22',175,'2011-08-22 16:20:54',173,'2011-08-22 16:50:22',162),(69,'2011-08-22',6,'2011-08-22 16:45:00',174,'2011-08-22 16:50:11',175,'2011-08-22 16:22:03',184,'2011-08-22 16:50:11',162),(70,'2011-08-22',6,'2011-08-22 16:44:15',174,'2011-08-22 16:49:59',175,'2011-08-22 16:23:47',192,'2011-08-22 16:49:59',162),(71,'2011-08-22',6,'2011-08-22 16:46:06',174,'2011-08-22 16:49:50',175,'2011-08-22 16:25:46',163,'2011-08-22 16:49:50',162),(72,'2011-08-22',6,'2011-08-22 16:46:19',174,'2011-08-22 16:49:36',175,'2011-08-22 16:29:12',199,'2011-08-22 16:49:36',162),(73,'2011-08-22',6,'2011-08-22 16:45:11',174,'2011-08-22 16:49:27',175,'2011-08-22 16:31:48',186,'2011-08-22 16:49:27',162),(74,'2011-08-23',6,'2011-08-23 15:13:47',174,'2011-08-23 15:14:29',175,'2011-08-23 15:12:04',161,'2011-08-23 15:14:29',162),(75,'2011-08-23',6,'2011-08-23 15:13:58',174,'2011-08-23 15:14:38',175,'2011-08-23 15:13:09',187,'2011-08-23 15:14:38',162),(76,'2011-08-23',6,NULL,NULL,'2011-08-23 23:15:29',175,'2011-08-23 15:19:48',164,'2011-08-23 23:15:29',162),(77,'2011-08-23',6,'2011-08-23 23:27:28',174,'2011-08-23 23:23:11',175,'2011-08-23 15:21:29',163,'2011-08-23 23:27:28',137),(78,'2011-08-23',6,'2011-08-23 23:27:51',174,'2011-08-23 23:25:43',175,'2011-08-23 15:22:44',168,'2011-08-23 23:27:51',137),(79,'2011-08-23',6,'2011-08-23 23:02:54',174,'2011-08-23 23:25:13',175,'2011-08-23 15:24:21',167,'2011-08-23 23:25:13',162),(80,'2011-08-23',6,'2011-08-23 23:14:06',174,'2011-08-23 23:24:44',175,'2011-08-23 16:10:32',157,'2011-08-23 23:24:44',162),(81,'2011-08-23',6,'2011-08-23 23:09:00',174,'2011-08-23 23:24:10',175,'2011-08-23 16:12:40',184,'2011-08-23 23:24:10',162),(82,'2011-08-23',6,'2011-08-23 23:13:23',174,'2011-08-23 23:22:28',175,'2011-08-23 16:14:00',179,'2011-08-23 23:22:28',162),(83,'2011-08-23',6,'2011-08-23 23:05:28',174,'2011-08-23 23:22:09',175,'2011-08-23 16:17:43',206,'2011-08-23 23:22:09',162),(84,'2011-08-23',6,NULL,NULL,'2011-08-23 23:21:50',175,'2011-08-23 22:09:58',174,'2011-08-23 23:21:50',162),(85,'2011-08-23',6,'2011-08-23 23:05:47',174,'2011-08-23 23:21:25',175,'2011-08-23 22:12:30',151,'2011-08-23 23:21:25',162),(86,'2011-08-23',6,'2011-08-23 23:07:29',174,'2011-08-23 23:21:05',175,'2011-08-23 22:14:36',123,'2011-08-23 23:21:05',162),(87,'2011-08-23',6,'2011-08-23 23:09:28',174,'2011-08-23 23:20:45',175,'2011-08-23 22:18:03',200,'2011-08-23 23:20:45',162),(88,'2011-08-23',6,NULL,NULL,'2011-08-23 23:20:14',175,'2011-08-23 22:22:26',175,'2011-08-23 23:20:15',162),(89,'2011-08-23',6,'2011-08-23 23:07:47',174,'2011-08-23 23:19:30',175,'2011-08-23 22:25:15',142,'2011-08-23 23:19:30',162),(90,'2011-08-23',6,NULL,NULL,'2011-08-23 23:19:03',175,'2011-08-23 22:27:00',128,'2011-08-23 23:19:03',162),(91,'2011-08-23',6,'2011-08-23 23:08:19',174,'2011-08-23 23:18:40',175,'2011-08-23 22:28:34',139,'2011-08-23 23:18:40',162),(92,'2011-08-23',6,'2011-08-23 23:14:21',174,'2011-08-23 23:18:24',175,'2011-08-23 22:30:13',148,'2011-08-23 23:18:24',162),(93,'2011-08-23',6,'2011-08-23 23:06:06',174,'2011-08-23 23:18:02',175,'2011-08-23 22:36:25',136,'2011-08-23 23:18:02',162),(94,'2011-08-23',6,'2011-08-23 23:06:27',174,'2011-08-23 23:17:43',175,'2011-08-23 22:38:19',134,'2011-08-23 23:17:43',162),(95,'2011-08-23',6,'2011-08-23 23:04:25',174,'2011-08-23 23:17:27',175,'2011-08-23 22:39:50',160,'2011-08-23 23:17:27',162),(96,'2011-08-23',6,'2011-08-23 23:04:44',174,'2011-08-23 23:17:09',175,'2011-08-23 22:41:02',158,'2011-08-23 23:17:09',162),(97,'2011-08-23',6,'2011-08-23 23:11:52',174,'2011-08-23 23:16:51',175,'2011-08-23 22:47:07',186,'2011-08-23 23:16:51',162),(98,'2011-08-23',6,'2011-08-23 23:09:50',174,'2011-08-23 23:16:34',175,'2011-08-23 22:54:06',207,'2011-08-23 23:16:34',162),(99,'2011-08-23',6,'2011-08-23 23:10:10',174,'2011-08-23 23:16:16',175,'2011-08-23 22:56:18',173,'2011-08-23 23:16:16',162),(100,'2011-08-23',6,'2011-08-23 23:10:27',174,'2011-08-23 23:15:59',175,'2011-08-23 22:58:44',183,'2011-08-23 23:15:59',162),(101,'2011-08-23',6,'2011-08-23 23:12:40',174,'2011-08-23 23:15:46',175,'2011-08-23 23:00:12',149,'2011-08-23 23:15:46',162),(102,'2011-08-24',6,'2011-08-24 15:20:28',174,'2011-08-25 16:31:32',175,'2011-08-24 15:01:01',163,'2011-08-25 16:31:32',162),(103,'2011-08-24',6,NULL,174,'2011-08-25 16:36:31',175,'2011-08-24 15:03:19',172,'2011-08-25 16:36:31',162),(104,'2011-08-24',6,NULL,174,'2011-08-25 16:36:06',175,'2011-08-24 15:08:52',190,'2011-08-25 16:36:06',162),(105,'2011-08-24',6,NULL,174,'2011-08-25 16:35:41',175,'2011-08-24 15:11:44',166,'2011-08-25 16:35:41',162),(106,'2011-08-24',6,NULL,NULL,'2011-08-25 16:35:14',175,'2011-08-24 15:12:43',118,'2011-08-25 16:35:14',162),(107,'2011-08-24',6,NULL,174,'2011-08-25 16:34:51',175,'2011-08-24 15:13:37',198,'2011-08-25 16:34:51',162),(108,'2011-08-24',6,'2011-08-24 15:16:10',174,'2011-08-24 15:16:38',175,'2011-08-24 15:15:04',204,'2011-08-24 15:16:38',162),(109,'2011-08-24',6,NULL,NULL,'2011-08-25 16:34:15',175,'2011-08-24 15:18:47',164,'2011-08-25 16:34:15',162),(110,'2011-08-24',6,NULL,174,'2011-08-25 16:33:48',175,'2011-08-24 15:29:45',209,'2011-08-25 16:33:48',162),(111,'2011-08-24',6,'2011-08-25 15:55:59',174,'2011-08-25 16:33:23',175,'2011-08-24 15:33:46',168,'2011-08-25 16:33:23',162),(112,'2011-08-24',6,'2011-08-25 15:48:13',174,'2011-08-25 16:32:56',175,'2011-08-24 15:38:37',148,'2011-08-25 16:32:56',162),(113,'2011-08-24',6,NULL,174,'2011-08-25 16:32:27',175,'2011-08-24 15:40:35',158,'2011-08-25 16:32:27',162),(114,'2011-08-24',6,NULL,174,'2011-08-25 16:32:01',175,'2011-08-24 15:46:26',200,'2011-08-25 16:32:01',162),(115,'2011-08-24',6,NULL,174,'2011-08-25 16:30:44',175,'2011-08-24 15:50:21',199,'2011-08-25 16:30:44',162),(116,'2011-08-24',6,'2011-08-25 15:48:35',174,'2011-08-25 16:30:01',175,'2011-08-24 16:00:07',141,'2011-08-25 16:30:01',162),(117,'2011-08-24',6,'2011-08-25 16:01:06',174,'2011-08-25 16:29:31',175,'2011-08-24 16:02:20',140,'2011-08-25 16:29:31',162),(118,'2011-08-24',6,NULL,174,'2011-08-25 16:29:05',175,'2011-08-24 16:07:42',210,'2011-08-25 16:29:05',162),(119,'2011-08-24',6,NULL,174,'2011-08-25 16:28:39',175,'2011-08-24 16:13:39',123,'2011-08-25 16:28:39',162),(120,'2011-08-24',6,'2011-08-25 15:59:27',174,'2011-08-25 16:28:15',175,'2011-08-24 16:16:01',132,'2011-08-25 16:28:15',162),(121,'2011-08-24',6,NULL,174,'2011-08-25 16:23:38',175,'2011-08-24 16:17:36',183,'2011-08-25 16:23:38',162),(122,'2011-08-24',6,'2011-08-25 15:49:02',174,'2011-08-25 16:23:07',175,'2011-08-24 16:19:03',160,'2011-08-25 16:23:07',162),(123,'2011-08-24',6,NULL,174,'2011-08-25 16:22:42',175,'2011-08-24 16:20:31',139,'2011-08-25 16:22:42',162),(124,'2011-08-24',6,'2011-08-25 15:49:28',174,'2011-08-25 16:22:04',175,'2011-08-24 16:22:08',146,'2011-08-25 16:22:04',162),(125,'2011-08-24',6,NULL,NULL,'2011-08-25 16:21:38',175,'2011-08-24 16:24:36',128,'2011-08-25 16:21:38',162),(126,'2011-08-24',6,NULL,NULL,'2011-08-25 16:21:14',175,'2011-08-24 16:25:55',127,'2011-08-25 16:21:14',162),(127,'2011-08-24',6,'2011-08-25 16:01:27',174,'2011-08-25 16:20:51',175,'2011-08-24 16:27:05',161,'2011-08-25 16:20:51',162),(128,'2011-08-24',6,'2011-08-25 15:59:50',174,'2011-08-25 16:20:30',175,'2011-08-24 16:29:39',151,'2011-08-25 16:20:30',162),(129,'2011-08-24',6,'2011-08-25 15:50:23',174,'2011-08-25 16:20:07',175,'2011-08-24 16:30:40',135,'2011-08-25 16:20:07',162),(130,'2011-08-25',6,'2011-08-25 16:01:50',174,'2011-08-25 16:19:45',175,'2011-08-25 13:56:36',198,'2011-08-25 16:19:45',162),(131,'2011-08-25',6,'2011-08-25 16:02:12',174,'2011-08-25 16:19:22',175,'2011-08-25 14:03:14',185,'2011-08-25 16:19:22',162),(132,'2011-08-25',6,'2011-08-25 16:02:34',174,'2011-08-25 16:18:58',175,'2011-08-25 14:04:34',190,'2011-08-25 16:18:58',162),(133,'2011-08-25',6,'2011-08-25 16:03:35',174,'2011-08-25 16:18:36',175,'2011-08-25 14:06:11',184,'2011-08-25 16:18:36',162),(134,'2011-08-25',6,'2011-08-25 15:50:37',174,'2011-08-25 16:18:14',175,'2011-08-25 14:08:28',204,'2011-08-25 16:18:14',162),(135,'2011-08-25',6,'2011-08-25 15:53:26',174,'2011-08-25 16:17:52',175,'2011-08-25 14:10:21',202,'2011-08-25 16:17:52',162),(136,'2011-08-25',6,'2011-08-25 15:54:36',174,'2011-08-25 16:17:28',175,'2011-08-25 14:11:35',167,'2011-08-25 16:17:28',162),(137,'2011-08-25',6,'2011-08-25 16:06:30',174,'2011-08-25 16:17:14',175,'2011-08-25 14:13:13',179,'2011-08-25 16:17:14',162),(138,'2011-08-25',6,'2011-08-25 15:54:47',174,'2011-08-25 16:17:00',175,'2011-08-25 14:17:51',168,'2011-08-25 16:17:00',162),(139,'2011-08-25',6,NULL,NULL,'2011-08-25 16:16:47',175,'2011-08-25 14:29:07',175,'2011-08-25 16:16:47',162),(140,'2011-08-25',6,'2011-08-25 15:50:52',174,'2011-08-25 16:16:29',175,'2011-08-25 14:33:10',160,'2011-08-25 16:16:29',162),(141,'2011-08-25',6,'2011-08-25 16:05:50',174,'2011-08-25 16:16:10',175,'2011-08-25 14:37:24',158,'2011-08-25 16:16:10',162),(142,'2011-08-25',6,'2011-08-25 16:07:21',174,'2011-08-25 16:15:52',175,'2011-08-25 14:41:29',148,'2011-08-25 16:15:52',162),(143,'2011-08-25',6,'2011-08-25 15:51:24',174,'2011-08-25 16:15:36',175,'2011-08-25 14:42:51',125,'2011-08-25 16:15:36',162),(144,'2011-08-25',6,'2011-08-25 16:00:30',174,'2011-08-25 16:15:19',175,'2011-08-25 14:44:11',141,'2011-08-25 16:15:19',162),(145,'2011-08-25',6,'2011-08-25 16:04:50',174,'2011-08-25 16:15:03',175,'2011-08-25 14:45:23',200,'2011-08-25 16:15:03',162),(146,'2011-08-25',6,'2011-08-25 16:05:05',174,'2011-08-25 16:14:49',175,'2011-08-25 14:46:33',173,'2011-08-25 16:14:49',162),(147,'2011-08-25',6,'2011-08-25 15:55:23',174,'2011-08-25 16:14:31',175,'2011-08-25 14:49:53',186,'2011-08-25 16:14:31',162),(148,'2011-08-25',6,'2011-08-25 16:06:04',174,'2011-08-25 16:14:14',175,'2011-08-25 14:57:15',201,'2011-08-25 16:14:14',162),(149,'2011-08-25',6,'2011-08-25 15:51:36',174,'2011-08-25 16:13:57',175,'2011-08-25 15:38:28',132,'2011-08-25 16:13:57',162),(150,'2011-08-25',6,'2011-08-25 16:06:16',174,'2011-08-25 16:13:42',175,'2011-08-25 15:40:39',199,'2011-08-25 16:13:42',162),(151,'2011-08-25',6,'2011-08-25 16:07:33',174,'2011-08-25 16:13:29',175,'2011-08-25 15:42:11',151,'2011-08-25 16:13:29',162),(152,'2011-08-25',6,NULL,NULL,'2011-08-25 16:13:17',175,'2011-08-25 15:43:08',174,'2011-08-25 16:13:17',162),(153,'2011-08-25',6,'2011-08-25 15:51:52',174,'2011-08-25 16:08:19',175,'2011-08-25 15:44:16',150,'2011-08-25 16:08:19',162),(154,'2011-08-25',6,'2011-08-25 16:00:42',174,'2011-08-25 16:08:07',175,'2011-08-25 15:45:23',140,'2011-08-25 16:08:07',162),(155,'2011-08-25',6,'2011-08-25 16:12:40',174,'2011-08-25 16:08:33',175,'2011-08-25 15:46:30',117,'2011-08-25 16:12:40',137),(156,'2011-09-12',6,'2011-09-12 10:44:27',174,'2011-09-12 10:45:03',175,'2011-09-12 10:42:48',151,'2011-09-12 13:32:18',151),(157,'2011-09-12',6,'2011-09-12 11:30:11',174,'2011-09-12 11:34:33',175,'2011-09-12 10:54:23',117,'2011-09-12 11:34:33',162),(158,'2011-09-12',6,'2011-09-12 11:32:27',174,'2011-09-12 11:34:48',175,'2011-09-12 11:03:50',163,'2011-09-12 13:41:37',163),(159,'2011-09-12',6,'2011-09-12 11:31:46',174,'2011-09-12 11:37:07',175,'2011-09-12 11:11:40',125,'2011-09-12 11:37:07',162),(160,'2011-09-12',6,'2011-09-12 11:31:15',174,'2011-09-12 11:37:20',175,'2011-09-12 11:14:59',158,'2011-09-12 14:46:04',158),(161,'2011-09-12',6,'2011-09-12 11:33:01',174,'2011-09-12 11:37:33',175,'2011-09-12 11:17:09',160,'2011-09-12 15:25:34',160),(162,'2011-09-12',6,'2011-09-12 11:38:15',174,'2011-09-12 11:38:51',175,'2011-09-12 11:35:07',150,'2011-09-12 11:38:51',162),(163,'2011-09-12',6,'2011-09-12 13:23:15',174,'2011-09-12 13:26:48',175,'2011-09-12 11:38:26',138,'2011-09-12 13:26:48',162),(164,'2011-09-12',6,'2011-09-12 16:07:02',174,'2011-09-12 16:24:24',175,'2011-09-12 13:29:52',205,'2011-09-12 16:24:24',162),(165,'2011-09-12',6,'2011-09-12 15:58:30',174,'2011-09-12 16:24:38',175,'2011-09-12 13:38:00',211,'2011-09-12 16:24:38',162),(166,'2011-09-12',6,NULL,NULL,'2011-09-12 16:26:03',175,'2011-09-12 14:07:09',118,'2011-09-12 16:26:03',162),(167,'2011-09-12',6,'2011-09-12 16:06:10',174,'2011-09-12 16:26:18',175,'2011-09-12 14:20:02',179,'2011-09-12 16:26:18',162),(168,'2011-09-12',6,'2011-09-12 16:00:06',174,'2011-09-12 16:26:35',175,'2011-09-12 14:34:36',193,'2011-09-12 16:26:35',162),(169,'2011-09-12',6,'2011-09-12 16:00:21',174,'2011-09-12 16:26:50',175,'2011-09-12 14:41:10',192,'2011-09-12 16:26:50',162),(170,'2011-09-12',6,'2011-09-12 16:00:37',174,'2011-09-12 16:27:08',175,'2011-09-12 14:56:04',121,'2011-09-12 16:27:08',162),(171,'2011-09-12',6,NULL,NULL,'2011-09-12 16:27:28',175,'2011-09-12 15:02:22',164,'2011-09-12 16:27:28',162),(172,'2011-09-12',6,'2011-09-12 16:06:25',174,'2011-09-12 16:27:52',175,'2011-09-12 15:09:05',182,'2011-09-12 16:27:52',162),(173,'2011-09-12',6,'2011-09-12 15:58:43',174,'2011-09-12 16:28:08',175,'2011-09-12 15:32:23',148,'2011-09-12 16:28:08',162),(174,'2011-09-12',6,NULL,NULL,'2011-09-12 16:28:26',175,'2011-09-12 15:33:58',143,'2011-09-12 16:28:26',162),(175,'2011-09-12',6,'2011-09-12 16:01:16',174,'2011-09-12 16:28:42',175,'2011-09-12 15:37:15',161,'2011-09-12 16:28:42',162),(176,'2011-09-12',6,'2011-09-12 16:29:43',174,'2011-09-12 16:29:08',175,'2011-09-12 15:41:38',186,'2011-09-12 16:29:43',175),(177,'2011-09-12',6,'2011-09-12 15:59:40',174,'2011-09-12 16:30:18',175,'2011-09-12 15:55:37',200,'2011-09-12 16:30:18',162),(178,'2011-09-12',6,'2011-09-12 16:01:46',174,'2011-09-12 16:30:33',175,'2011-09-12 15:57:11',183,'2011-09-12 16:30:33',162),(179,'2011-09-12',6,'2011-09-12 16:02:01',174,'2011-09-12 16:30:47',175,'2011-09-12 15:59:22',184,'2011-09-12 16:30:47',162),(180,'2011-09-12',6,'2011-09-12 16:23:01',174,'2011-09-12 16:31:00',175,'2011-09-12 16:03:12',134,'2011-09-12 16:31:00',162),(181,'2011-09-12',6,'2011-09-12 16:21:34',174,'2011-09-12 16:31:20',175,'2011-09-12 16:07:06',199,'2011-09-12 16:31:20',162),(182,'2011-09-12',6,NULL,NULL,'2011-09-13 19:36:13',175,'2011-09-12 16:17:47',127,'2011-09-13 19:36:13',162),(183,'2011-09-13',6,'2011-09-13 18:47:02',174,'2011-09-13 19:35:33',175,'2011-09-13 10:49:23',183,'2011-09-13 19:35:33',162),(184,'2011-09-13',6,'2011-09-13 18:52:10',174,'2011-09-13 19:34:50',175,'2011-09-13 10:51:43',117,'2011-09-13 19:34:50',162),(185,'2011-09-13',6,NULL,NULL,'2011-09-13 19:33:47',175,'2011-09-13 10:54:05',174,'2011-09-13 19:33:47',162),(186,'2011-09-13',6,'2011-09-13 18:18:03',174,'2011-09-13 19:32:52',175,'2011-09-13 10:55:35',141,'2011-09-13 19:32:52',162),(187,'2011-09-13',6,'2011-09-13 18:35:10',174,'2011-09-13 19:32:17',175,'2011-09-13 10:58:07',163,'2011-09-13 19:32:17',162),(188,'2011-09-13',6,'2011-09-13 18:34:38',174,'2011-09-13 19:30:34',175,'2011-09-13 11:00:47',158,'2011-09-14 15:42:34',158),(189,'2011-09-13',6,'2011-09-13 19:03:27',NULL,'2011-09-13 19:29:33',175,'2011-09-13 11:10:49',186,'2011-09-13 19:29:33',162),(190,'2011-09-13',6,'2011-09-13 18:29:03',174,'2011-09-13 19:28:52',175,'2011-09-13 11:12:50',184,'2011-09-13 19:28:52',162),(191,'2011-09-13',6,NULL,NULL,'2011-09-13 19:28:11',175,'2011-09-13 11:14:28',164,'2011-09-13 19:28:11',162),(192,'2011-09-13',6,'2011-09-13 18:34:01',174,'2011-09-13 19:27:28',175,'2011-09-13 11:18:35',160,'2011-09-13 19:27:28',162),(193,'2011-09-13',6,'2011-09-13 18:18:40',174,'2011-09-13 19:26:50',175,'2011-09-13 11:24:29',148,'2011-09-13 19:26:50',162),(194,'2011-09-13',6,'2011-09-13 18:33:15',174,'2011-09-13 19:20:03',175,'2011-09-13 14:28:48',147,'2011-09-13 19:20:03',162),(195,'2011-09-13',6,'2011-09-13 18:29:37',174,'2011-09-13 19:18:58',175,'2011-09-13 14:33:19',187,'2011-09-13 19:18:58',162),(196,'2011-09-13',6,'2011-09-13 18:19:19',174,'2011-09-13 19:18:17',175,'2011-09-13 14:35:30',211,'2011-09-13 19:18:17',162),(197,'2011-09-13',6,'2011-09-13 18:25:24',174,'2011-09-13 19:17:09',175,'2011-09-13 14:39:20',139,'2011-09-13 19:17:09',162),(198,'2011-09-13',6,'2011-09-13 18:32:40',174,'2011-09-13 19:15:54',175,'2011-09-13 14:42:27',151,'2011-09-13 19:15:54',162),(199,'2011-09-13',6,'2011-09-13 18:45:29',174,'2011-09-13 19:15:00',175,'2011-09-13 14:47:35',200,'2011-09-13 19:15:00',162),(200,'2011-09-13',6,'2011-09-13 18:53:51',174,'2011-09-13 19:14:32',175,'2011-09-13 14:51:06',135,'2011-09-13 19:14:32',162),(201,'2011-09-13',6,'2011-09-13 18:21:41',174,'2011-09-13 19:14:06',175,'2011-09-13 14:53:21',136,'2011-09-13 19:14:06',162),(202,'2011-09-13',6,'2011-09-13 18:31:45',174,'2011-09-13 19:13:43',175,'2011-09-13 15:06:51',123,'2011-09-13 19:13:43',162),(203,'2011-09-13',6,'2011-09-13 18:25:47',174,'2011-09-13 19:13:20',175,'2011-09-13 15:09:47',124,'2011-09-13 19:13:20',162),(204,'2011-09-13',6,NULL,NULL,'2011-09-13 19:12:47',175,'2011-09-13 15:21:49',128,'2011-09-13 19:12:47',162),(205,'2011-09-13',6,'2011-09-13 18:50:46',174,'2011-09-13 19:12:21',175,'2011-09-13 15:45:17',161,'2011-09-13 19:12:21',162),(206,'2011-09-13',6,'2011-09-13 18:51:07',174,'2011-09-13 19:11:54',175,'2011-09-13 15:51:39',121,'2011-09-13 19:11:54',162),(207,'2011-09-13',6,'2011-09-13 18:26:52',174,'2011-09-13 19:11:09',175,'2011-09-13 15:54:24',144,'2011-09-13 19:11:09',162),(208,'2011-09-13',6,NULL,NULL,'2011-09-13 19:10:46',175,'2011-09-13 15:56:42',175,'2011-09-13 19:10:46',162),(209,'2011-09-13',6,'2011-09-13 18:46:01',174,'2011-09-13 19:10:15',175,'2011-09-13 16:03:29',199,'2011-09-13 19:10:15',162),(210,'2011-09-13',6,'2011-09-13 18:22:09',174,'2011-09-13 19:09:51',175,'2011-09-13 16:05:11',130,'2011-09-13 19:09:51',162),(211,'2011-09-13',6,'2011-09-13 18:22:30',174,'2011-09-13 19:09:16',175,'2011-09-13 16:08:33',134,'2011-09-13 19:09:16',162),(212,'2011-09-13',6,'2011-09-13 18:51:35',174,'2011-09-13 19:08:50',175,'2011-09-13 16:13:24',179,'2011-09-13 19:08:50',162),(213,'2011-09-13',6,'2011-09-13 18:27:14',174,'2011-09-13 19:08:10',175,'2011-09-13 16:22:04',193,'2011-09-13 19:08:10',162),(214,'2011-09-13',6,'2011-09-13 18:31:18',174,'2011-09-13 19:07:26',175,'2011-09-13 16:38:15',166,'2011-09-13 19:07:26',162),(215,'2011-09-13',6,'2011-09-13 18:54:14',174,'2011-09-13 19:06:00',175,'2011-09-13 16:40:11',157,'2011-09-13 19:06:00',162),(216,'2011-09-13',6,'2011-09-13 18:30:54',174,'2011-09-13 19:05:38',175,'2011-09-13 16:43:42',115,'2011-09-13 19:05:38',162),(217,'2011-09-13',6,'2011-09-13 18:28:05',174,'2011-09-13 19:05:17',175,'2011-09-13 18:09:35',142,'2011-09-13 19:05:17',162),(218,'2011-09-13',6,'2011-09-13 18:28:28',174,'2011-09-13 19:04:59',175,'2011-09-13 18:15:37',213,'2011-09-13 19:04:59',162),(219,'2011-09-14',6,'2011-09-14 16:02:45',174,'2011-09-14 16:22:13',175,'2011-09-14 10:20:49',163,'2011-09-14 16:22:13',162),(220,'2011-09-14',6,'2011-09-14 15:56:40',174,'2011-09-14 16:21:39',175,'2011-09-14 10:23:08',166,'2011-09-14 16:21:39',162),(221,'2011-09-14',6,'2011-09-14 15:56:16',174,'2011-09-14 16:21:07',175,'2011-09-14 10:26:30',190,'2011-09-14 16:21:07',162),(222,'2011-09-14',6,'2011-09-14 15:54:11',174,'2011-09-14 16:20:34',175,'2011-09-14 10:29:49',204,'2011-09-14 16:20:34',162),(223,'2011-09-14',6,'2011-09-14 15:50:50',174,'2011-09-14 16:20:04',175,'2011-09-14 10:33:42',122,'2011-09-14 16:20:04',162),(224,'2011-09-14',6,'2011-09-14 15:50:31',174,'2011-09-14 16:19:32',175,'2011-09-14 10:36:42',160,'2011-09-14 16:19:32',162),(225,'2011-09-14',6,'2011-09-14 16:00:53',174,'2011-09-14 16:18:57',175,'2011-09-14 10:39:13',186,'2011-09-14 16:18:57',162),(226,'2011-09-14',6,'2011-09-14 16:09:25',174,'2011-09-14 16:18:21',175,'2011-09-14 11:04:39',200,'2011-09-14 16:18:21',162),(227,'2011-09-14',6,'2011-09-14 15:56:00',174,'2011-09-14 16:17:46',175,'2011-09-14 11:08:26',140,'2011-09-14 16:17:46',162),(228,'2011-09-14',6,'2011-09-14 15:53:50',174,'2011-09-14 16:17:28',175,'2011-09-14 11:13:06',138,'2011-09-14 16:17:28',162),(229,'2011-09-14',6,'2011-09-14 15:53:32',174,'2011-09-14 16:17:10',175,'2011-09-14 13:04:23',172,'2011-09-14 16:17:10',162),(230,'2011-09-14',4,NULL,NULL,'2011-09-14 16:16:50',175,'2011-09-14 13:06:56',118,'2011-09-14 16:16:50',162),(231,'2011-09-14',6,'2011-09-14 15:59:35',174,'2011-09-14 16:16:31',175,'2011-09-14 13:19:24',148,'2011-09-14 16:16:31',162),(232,'2011-09-14',4,NULL,NULL,'2011-09-14 16:16:07',175,'2011-09-14 13:25:00',164,'2011-09-14 16:16:07',162),(233,'2011-09-14',6,'2011-09-14 15:49:47',174,'2011-09-14 16:15:51',175,'2011-09-14 14:13:32',126,'2011-09-14 16:15:51',162),(234,'2011-09-14',6,'2011-09-14 15:49:27',174,'2011-09-14 16:15:35',175,'2011-09-14 14:19:12',209,'2011-09-14 16:22:29',209),(235,'2011-09-14',6,'2011-09-14 15:57:55',174,'2011-09-14 16:15:18',175,'2011-09-14 14:24:18',183,'2011-09-14 16:15:18',162),(236,'2011-09-14',6,'2011-09-14 15:53:13',174,'2011-09-14 16:15:00',175,'2011-09-14 14:35:47',117,'2011-09-14 16:15:00',162),(237,'2011-09-14',6,'2011-09-14 16:02:02',174,'2011-09-14 16:14:42',175,'2011-09-14 14:38:06',158,'2011-09-14 16:14:42',162),(238,'2011-09-14',6,'2011-09-14 15:49:08',174,'2011-09-14 16:14:25',175,'2011-09-14 15:13:01',132,'2011-09-14 16:14:25',162),(239,'2011-09-14',6,'2011-09-14 15:55:38',174,'2011-09-14 16:14:10',175,'2011-09-14 15:21:54',193,'2011-09-14 16:14:10',162),(240,'2011-09-14',6,'2011-09-14 15:57:34',174,'2011-09-14 16:13:54',175,'2011-09-14 15:24:17',198,'2011-09-14 16:13:54',162),(241,'2011-09-14',6,'2011-09-14 15:59:09',174,'2011-09-14 16:12:53',175,'2011-09-14 15:32:57',214,'2011-09-14 16:12:53',162),(242,'2011-09-14',6,'2011-09-14 16:10:31',174,'2011-09-14 16:12:33',175,'2011-09-14 15:58:48',133,'2011-09-14 16:12:33',162),(243,'2011-09-14',6,'2011-09-14 16:11:04',174,'2011-09-14 16:12:19',175,'2011-09-14 16:00:24',161,'2011-09-14 16:12:19',162),(244,'2011-09-14',6,'2011-09-14 16:11:20',174,'2011-09-14 16:12:03',175,'2011-09-14 16:01:40',142,'2011-09-14 16:12:03',162),(245,'2011-09-14',6,'2011-09-14 16:25:03',174,'2011-09-14 16:25:38',175,'2011-09-14 16:07:48',146,'2011-09-14 16:25:38',162),(246,'2011-09-14',6,NULL,NULL,'2011-09-14 16:25:54',175,'2011-09-14 16:15:29',127,'2011-09-14 16:25:54',162),(247,'2011-09-14',6,'2011-09-14 16:23:54',174,'2011-09-14 16:26:10',175,'2011-09-14 16:18:54',210,'2011-09-14 16:26:10',162),(248,'2011-09-15',6,'2011-09-15 13:52:38',174,'2011-09-15 22:23:11',175,'2011-09-15 10:50:51',150,'2011-09-15 22:23:11',162),(249,'2011-09-15',6,NULL,NULL,'2011-09-15 22:22:29',175,'2011-09-15 10:52:35',174,'2011-09-15 22:22:29',162),(250,'2011-09-15',6,'2011-09-15 13:56:18',174,'2011-09-15 22:21:44',175,'2011-09-15 10:54:19',140,'2011-09-15 22:21:44',162),(251,'2011-09-15',6,'2011-09-15 13:55:54',174,'2011-09-15 22:20:38',175,'2011-09-15 10:55:37',133,'2011-09-15 22:20:38',162),(252,'2011-09-15',6,'2011-09-15 13:58:57',174,'2011-09-15 22:19:54',175,'2011-09-15 10:56:44',202,'2011-09-15 22:19:54',162),(253,'2011-09-15',6,'2011-09-15 13:55:37',174,'2011-09-15 22:19:11',175,'2011-09-15 10:58:45',190,'2011-09-15 22:19:11',162),(254,'2011-09-15',6,'2011-09-15 14:00:16',174,'2011-09-15 22:18:30',175,'2011-09-15 11:00:43',151,'2011-09-15 22:18:30',162),(255,'2011-09-15',6,'2011-09-15 13:52:21',174,'2011-09-15 22:17:43',175,'2011-09-15 11:04:14',160,'2011-09-15 22:17:43',162),(256,'2011-09-15',6,'2011-09-15 22:02:35',174,'2011-09-15 22:16:59',175,'2011-09-15 11:14:02',158,'2011-09-15 22:16:59',162),(257,'2011-09-15',6,'2011-09-15 21:55:24',174,'2011-09-15 22:16:08',175,'2011-09-15 11:16:37',186,'2011-09-15 22:16:08',162),(258,'2011-09-15',6,'2011-09-15 22:04:40',174,'2011-09-15 22:15:41',175,'2011-09-15 11:43:35',200,'2011-09-15 22:15:41',162),(259,'2011-09-15',6,'2011-09-15 13:53:56',174,'2011-09-15 22:15:15',175,'2011-09-15 11:44:48',167,'2011-09-15 22:15:15',162),(260,'2011-09-15',6,'2011-09-15 21:58:43',174,'2011-09-15 22:14:49',175,'2011-09-15 11:46:07',214,'2011-09-15 22:14:49',162),(261,'2011-09-15',6,'2011-09-15 13:55:21',174,'2011-09-15 22:14:17',175,'2011-09-15 11:47:15',198,'2011-09-15 22:14:17',162),(262,'2011-09-15',6,'2011-09-15 13:51:58',174,'2011-09-15 22:13:50',175,'2011-09-15 13:11:11',204,'2011-09-15 22:13:50',162),(263,'2011-09-15',6,'2011-09-15 21:53:27',174,'2011-09-15 22:13:28',175,'2011-09-15 14:14:13',124,'2011-09-15 22:13:28',162),(264,'2011-09-15',6,'2011-09-15 21:48:46',174,'2011-09-15 22:13:03',175,'2011-09-15 14:20:38',193,'2011-09-15 22:13:03',162),(265,'2011-09-15',6,'2011-09-15 22:02:02',174,'2011-09-15 22:12:40',175,'2011-09-15 14:24:57',179,'2011-09-15 22:12:40',162),(266,'2011-09-15',6,'2011-09-15 21:57:33',174,'2011-09-15 22:12:14',175,'2011-09-15 14:27:27',116,'2011-09-15 22:12:14',162),(267,'2011-09-15',6,'2011-09-15 21:57:07',174,'2011-09-15 22:11:47',175,'2011-09-15 14:32:52',148,'2011-09-15 22:11:47',162),(268,'2011-09-15',6,'2011-09-15 21:53:03',174,'2011-09-15 22:11:22',175,'2011-09-15 14:40:04',145,'2011-09-15 22:11:22',162),(269,'2011-09-15',6,'2011-09-15 21:56:38',174,'2011-09-15 22:10:57',175,'2011-09-15 14:51:37',216,'2011-09-15 22:10:57',162),(270,'2011-09-15',6,'2011-09-15 22:01:38',174,'2011-09-15 22:10:31',175,'2011-09-15 15:05:10',201,'2011-09-15 22:10:31',162),(271,'2011-09-15',6,'2011-09-15 21:52:38',174,'2011-09-15 22:10:07',175,'2011-09-15 15:13:36',132,'2011-09-15 22:10:07',162),(272,'2011-09-15',6,'2011-09-15 21:59:42',174,'2011-09-15 22:09:40',175,'2011-09-15 15:40:34',176,'2011-09-15 22:09:40',162),(273,'2011-09-15',6,'2011-09-15 22:04:20',174,'2011-09-15 22:09:11',175,'2011-09-15 15:42:17',173,'2011-09-15 22:09:11',162),(274,'2011-09-15',6,'2011-09-15 22:01:16',174,'2011-09-15 22:08:50',175,'2011-09-15 15:48:49',199,'2011-09-15 22:08:50',162),(275,'2011-09-15',6,'2011-09-15 21:45:03',174,'2011-09-15 22:08:29',175,'2011-09-15 15:53:02',130,'2011-09-15 22:08:29',162),(276,'2011-09-15',6,NULL,NULL,'2011-09-15 22:06:50',175,'2011-09-15 15:55:07',175,'2011-09-15 22:06:50',162),(277,'2011-09-16',6,'2011-09-16 18:59:34',174,'2011-09-16 19:36:01',175,'2011-09-16 13:07:46',122,'2011-09-16 19:36:01',162),(278,'2011-09-16',6,'2011-09-16 19:15:08',174,'2011-09-16 19:37:03',175,'2011-09-16 13:09:20',199,'2011-09-16 19:37:03',162),(279,'2011-09-16',6,'2011-09-16 19:05:27',174,'2011-09-16 19:38:00',175,'2011-09-16 13:11:05',124,'2011-09-16 19:38:00',162),(280,'2011-09-16',6,NULL,NULL,'2011-09-16 19:38:59',175,'2011-09-16 13:12:56',164,'2011-09-16 19:38:59',162),(281,'2011-09-16',6,'2011-09-16 19:17:06',174,'2011-09-16 19:40:18',175,'2011-09-16 13:15:06',204,'2011-09-16 19:40:18',162),(282,'2011-09-16',6,'2011-09-16 19:04:55',174,'2011-09-16 19:41:22',175,'2011-09-16 13:17:52',136,'2011-09-16 19:41:22',162),(283,'2011-09-16',6,'2011-09-16 19:04:11',174,'2011-09-16 19:34:47',175,'2011-09-16 13:20:30',200,'2011-09-16 19:34:47',162),(284,'2011-09-16',6,NULL,NULL,'2011-09-16 19:33:40',175,'2011-09-16 13:22:03',174,'2011-09-16 19:33:40',162),(285,'2011-09-16',6,'2011-09-16 19:14:22',174,'2011-09-16 19:32:56',175,'2011-09-16 13:26:43',163,'2011-09-16 19:32:56',162),(286,'2011-09-16',6,NULL,NULL,'2011-09-16 19:32:26',175,'2011-09-16 13:29:00',137,'2011-09-16 19:32:26',162),(287,'2011-09-16',6,'2011-09-16 19:03:27',174,'2011-09-16 19:31:38',175,'2011-09-16 13:31:06',117,'2011-09-16 19:31:38',162),(288,'2011-09-16',6,'2011-09-16 18:58:41',174,'2011-09-16 19:30:48',175,'2011-09-16 13:32:41',116,'2011-09-16 19:30:48',162),(289,'2011-09-16',6,'2011-09-16 19:09:03',174,'2011-09-16 19:30:09',175,'2011-09-16 13:34:46',140,'2011-09-16 19:30:09',162),(290,'2011-09-16',6,'2011-09-16 19:13:52',174,'2011-09-16 19:29:36',175,'2011-09-16 13:36:56',178,'2011-09-16 19:29:36',162),(291,'2011-09-16',6,'2011-09-16 19:02:52',174,'2011-09-16 19:29:00',175,'2011-09-16 15:08:49',166,'2011-09-16 19:29:00',162),(292,'2011-09-16',6,'2011-09-16 19:16:37',174,'2011-09-16 19:28:26',175,'2011-09-16 15:30:58',186,'2011-09-16 19:28:26',162),(293,'2011-09-16',6,'2011-09-16 19:08:33',174,'2011-09-16 19:27:50',175,'2011-09-16 15:35:14',193,'2011-09-16 19:27:50',162),(294,'2011-09-16',6,'2011-09-16 19:07:56',174,'2011-09-16 19:27:05',175,'2011-09-16 15:39:49',176,'2011-09-16 19:27:05',162),(295,'2011-09-16',6,'2011-09-16 19:07:20',174,'2011-09-16 19:26:26',175,'2011-09-16 15:48:09',185,'2011-09-16 19:26:26',162),(296,'2011-09-16',6,NULL,NULL,'2011-09-16 19:25:48',175,'2011-09-16 16:07:18',175,'2011-09-16 19:25:48',162),(297,'2011-09-16',6,'2011-09-16 19:02:18',174,'2011-09-16 19:25:10',175,'2011-09-16 16:10:33',158,'2011-09-16 19:25:10',162),(298,'2011-09-16',6,NULL,NULL,'2011-09-16 19:24:35',175,'2011-09-16 16:13:12',143,'2011-09-16 19:24:35',162),(299,'2011-09-16',6,'2011-09-16 19:06:48',174,'2011-09-16 19:24:00',175,'2011-09-16 16:17:46',148,'2011-09-16 19:24:00',162),(300,'2011-09-16',6,'2011-09-16 19:16:09',174,'2011-09-16 19:23:18',175,'2011-09-16 16:18:46',115,'2011-09-16 19:23:18',162),(301,'2011-09-16',6,'2011-09-16 19:10:20',174,'2011-09-16 19:22:48',175,'2011-09-16 16:23:01',156,'2011-09-16 19:22:48',162),(302,'2011-09-16',6,'2011-09-16 19:20:44',174,'2011-09-16 19:22:20',175,'2011-09-16 16:24:38',214,'2011-09-16 19:22:20',162),(303,'2011-09-16',6,'2011-09-16 19:01:41',174,'2011-09-16 19:21:52',175,'2011-09-16 16:31:34',169,'2011-09-16 19:21:52',162);
/*!40000 ALTER TABLE `act_lists` ENABLE KEYS */;
UNLOCK TABLES;

--
-- Table structure for table `activities`
--

DROP TABLE IF EXISTS `activities`;
SET @saved_cs_client     = @@character_set_client;
SET character_set_client = utf8;
CREATE TABLE `activities` (
  `id` int(11) NOT NULL auto_increment,
  `position_id` int(11) NOT NULL,
  `name` varchar(255) NOT NULL,
  `special` int(1) default '0',
  PRIMARY KEY  (`id`),
  KEY `position_id` (`position_id`)
) ENGINE=MyISAM AUTO_INCREMENT=883 DEFAULT CHARSET=latin1;
SET character_set_client = @saved_cs_client;

--
-- Dumping data for table `activities`
--

LOCK TABLES `activities` WRITE;
/*!40000 ALTER TABLE `activities` DISABLE KEYS */;
INSERT INTO `activities` VALUES (805,170,'Mengikuti pendidikan sekolah dan memperoleh gelar/sebutan/ijazah/akta',0),(806,170,'Mengikuti pendidikan sekolah dan memperoleh gelar/sebutan/ijazah/akta tambahan yang setingkat atau lebih tinggi di luar bidang ilmunya',0),(807,170,'Mengikuti pendidikan sekolah dan pelatihan fungsional dosen dan memperoleh surat tanda tamat pendidikan dan pelatihan (STTPL)',0),(825,171,'Mengikuti pendidikan sekolah dan memperoleh gelar/sebutan/ijazah/akta',0),(818,173,'Mengikuti pendidikan sekolah dan memperoleh gelar/sebutan/ijazah/akta tambahan yang setingkat atau lebih tinggi di luar bidang ilmunya',0),(819,171,'Mengikuti pendidikan sekolah dan pelatihan fungsional dosen dan memperoleh surat tanda tamat pendidikan dan pelatihan (STTPL)',0),(808,170,'Melaksanakan perkuliahan/toturial dan membimbing, menguji serta menyelenggarakan pendidikan di laboratorium, praktek keguruan, bengkel/studio/kebon percobaan/teknologi pengajaran di lapangan',1),(812,170,'Mengikuti pendidikan sekolah dan memperoleh gelar/sebutan/ijazah/akta',0),(813,171,'Mengikuti pendidikan sekolah dan memperoleh gelar/sebutan/ijazah/akta',0),(814,172,'Mengikuti pendidikan sekolah dan memperoleh gelar/sebutan/ijazah/akta',0),(824,173,'Melaksanakan perkuliahan/toturial dan membimbing, menguji serta menyelenggarakan pendidikan di laboratorium, praktek keguruan, bengkel/studio/kebon percobaan/teknologi pengajaran di lapangan',1),(823,172,'Melaksanakan perkuliahan/toturial dan membimbing, menguji serta menyelenggarakan pendidikan di laboratorium, praktek keguruan, bengkel/studio/kebon percobaan/teknologi pengajaran di lapangan',1),(822,171,'Melaksanakan perkuliahan/toturial dan membimbing, menguji serta menyelenggarakan pendidikan di laboratorium, praktek keguruan, bengkel/studio/kebon percobaan/teknologi pengajaran di lapangan',1),(821,173,'Mengikuti pendidikan sekolah dan pelatihan fungsional dosen dan memperoleh surat tanda tamat pendidikan dan pelatihan (STTPL)',0),(820,172,'Mengikuti pendidikan sekolah dan pelatihan fungsional dosen dan memperoleh surat tanda tamat pendidikan dan pelatihan (STTPL)',0),(817,172,'Mengikuti pendidikan sekolah dan memperoleh gelar/sebutan/ijazah/akta tambahan yang setingkat atau lebih tinggi di luar bidang ilmunya',0),(816,171,'Mengikuti pendidikan sekolah dan memperoleh gelar/sebutan/ijazah/akta tambahan yang setingkat atau lebih tinggi di luar bidang ilmunya',0),(815,173,'Mengikuti pendidikan sekolah dan memperoleh gelar/sebutan/ijazah/akta',0),(811,170,'Membimbing dan ikut membimbing dalam menghasilkan laporan akhir studi/skripsi/thesis/disertasi',0),(809,170,'Membimbing Seminar Mahasiswa',0),(810,170,'Membimbing kuliah kerja nyata (KKN), praktek kerja nyata (KPN), dan praktek kerja lapangan (PKL)',0),(826,172,'Mengikuti pendidikan sekolah dan memperoleh gelar/sebutan/ijazah/akta',0),(827,173,'Mengikuti pendidikan sekolah dan memperoleh gelar/sebutan/ijazah/akta',0),(828,171,'Membimbing dan ikut membimbing dalam menghasilkan laporan akhir studi/skripsi/thesis/disertasi',0),(829,172,'Membimbing dan ikut membimbing dalam menghasilkan laporan akhir studi/skripsi/thesis/disertasi',0),(830,173,'Membimbing dan ikut membimbing dalam menghasilkan laporan akhir studi/skripsi/thesis/disertasi',0),(831,171,'Membimbing Seminar Mahasiswa',0),(832,172,'Membimbing Seminar Mahasiswa',0),(833,173,'Membimbing Seminar Mahasiswa',0),(834,171,'Membimbing kuliah kerja nyata (KKN), praktek kerja nyata (KPN), dan praktek kerja lapangan (PKL)',0),(835,172,'Membimbing kuliah kerja nyata (KKN), praktek kerja nyata (KPN), dan praktek kerja lapangan (PKL)',0),(836,173,'Membimbing kuliah kerja nyata (KKN), praktek kerja nyata (KPN), dan praktek kerja lapangan (PKL)',0),(837,170,'Membina kegiatan mahasiswa di bidang akademik dan kemahasiswaan',0),(838,171,'Membina kegiatan mahasiswa di bidang akademik dan kemahasiswaan',0),(839,172,'Membina kegiatan mahasiswa di bidang akademik dan kemahasiswaan',0),(840,173,'Membina kegiatan mahasiswa di bidang akademik dan kemahasiswaan',0),(841,170,'Mengembangkan program kuliah',0),(842,171,'Mengembangkan program kuliah',0),(843,172,'Mengembangkan program kuliah',0),(844,173,'Mengembangkan program kuliah',0),(845,170,'Mengembangkan bahan pengajaran',0),(846,171,'Mengembangkan bahan pengajaran',0),(847,172,'Mengembangkan bahan pengajaran',0),(848,173,'Mengembangkan bahan pengajaran',0),(849,170,'Menyampaikan orasi ilmiah',0),(850,171,'Menyampaikan orasi ilmiah',0),(851,172,'Menyampaikan orasi ilmiah',0),(852,173,'Menyampaikan orasi ilmiah',0),(853,170,'MENDUDUKI JABATAN PIMPINAN PERGURUAN TINGGI',0),(854,171,'MENDUDUKI JABATAN PIMPINAN PERGURUAN TINGGI',0),(855,172,'MENDUDUKI JABATAN PIMPINAN PERGURUAN TINGGI',0),(856,173,'MENDUDUKI JABATAN PIMPINAN PERGURUAN TINGGI',0),(857,170,'Membimbing dosen yang lebih rendah jabatan fungsionalnya',0),(858,171,'Membimbing dosen yang lebih rendah jabatan fungsionalnya',0),(859,172,'Membimbing dosen yang lebih rendah jabatan fungsionalnya',0),(860,173,'Membimbing dosen yang lebih rendah jabatan fungsionalnya',0),(861,170,'Melaksanakan kegiatan datasering dan pencangkokan Dosen',0),(862,171,'Melaksanakan kegiatan datasering dan pencangkokan Dosen',0),(863,172,'Melaksanakan kegiatan datasering dan pencangkokan Dosen',0),(864,173,'Melaksanakan kegiatan datasering dan pencangkokan Dosen',0),(865,170,'Menghasilkan karya ilmiah',0),(866,171,'Menghasilkan karya ilmiah',0),(867,172,'Menghasilkan karya ilmiah',0),(868,173,'Menghasilkan karya ilmiah',0),(869,170,'Menerjemahkan/menyadur buku ilmiah',0),(870,171,'Menerjemahkan/menyadur buku ilmiah',0),(871,172,'Menerjemahkan/menyadur buku ilmiah',0),(872,173,'Menerjemahkan/menyadur buku ilmiah',0),(873,170,'Mengedit/menyunting karya ilmiah',0),(874,171,'Mengedit/menyunting karya ilmiah',0),(875,172,'Mengedit/menyunting karya ilmiah',0),(876,173,'Mengedit/menyunting karya ilmiah',0),(877,174,'Mengikuti pendidikan sekolah dan memperoleh gelar/sebutan/ijazah/akta',0),(878,174,'Mengikuti pendidikan sekolah dan memperoleh gelar/sebutan/ijazah/akta tambahan yang setingkat atau lebih tinggi di luar bidang ilmunya',0),(879,174,'Mengikuti pendidikan sekolah dan pelatihan fungsional dosen dan memperoleh surat tanda tamat pendidikan dan pelatihan (STTPL)',0),(880,174,'Melaksanakan perkuliahan/toturial dan membimbing, menguji serta menyelenggarakan pendidikan di laboratorium, praktek keguruan, bengkel/studio/kebon percobaan/teknologi pengajaran di lapangan',1),(881,174,'Mengikuti pendidikan sekolah dan memperoleh gelar/sebutan/ijazah/akta',0),(882,174,'Membimbing dan ikut membimbing dalam menghasilkan laporan akhir studi/skripsi/thesis/disertasi',0);
/*!40000 ALTER TABLE `activities` ENABLE KEYS */;
UNLOCK TABLES;

--
-- Table structure for table `cities`
--

DROP TABLE IF EXISTS `cities`;
SET @saved_cs_client     = @@character_set_client;
SET character_set_client = utf8;
CREATE TABLE `cities` (
  `id` int(11) unsigned NOT NULL auto_increment,
  `province_id` int(11) unsigned NOT NULL default '0',
  `name` varchar(60) default NULL,
  `other_name` varchar(255) default NULL,
  `created_by` varchar(30) default NULL,
  `created` datetime default NULL,
  `modified_by` varchar(30) default NULL,
  `modified` datetime default NULL,
  PRIMARY KEY  (`id`),
  KEY `province_id` (`province_id`),
  KEY `name` (`name`),
  KEY `other_name` (`other_name`)
) ENGINE=MyISAM AUTO_INCREMENT=450 DEFAULT CHARSET=latin1;
SET character_set_client = @saved_cs_client;

--
-- Dumping data for table `cities`
--

LOCK TABLES `cities` WRITE;
/*!40000 ALTER TABLE `cities` DISABLE KEYS */;
INSERT INTO `cities` VALUES (10,37,'KABUPATEN ACEH SELATAN','TAPAKTUAN',NULL,NULL,'1','2009-12-17 00:18:29'),(11,37,'KABUPATEN ACEH TENGGARA','KUTACANE',NULL,NULL,'admin','2009-06-24 10:47:44'),(12,37,'KABUPATEN ACEH TIMUR DAN KOTA LANGSA','LANGSA',NULL,NULL,NULL,NULL),(13,37,'KABUPATEN ACEH TENGAH','TAKENGON',NULL,NULL,NULL,NULL),(14,37,'KABUPATEN ACEH BARAT','MEULABOH',NULL,NULL,NULL,NULL),(15,37,'KABUPATEN ACEH BESAR','JANTHO',NULL,NULL,NULL,NULL),(16,37,'KABUPATEN PIDIE','SIGLI',NULL,NULL,NULL,NULL),(17,37,'KABUPATEN ACEH UTARA DAN KOTA LHOKSEUMAWE','LHOKSEUMAWE',NULL,NULL,NULL,NULL),(18,37,'KABUPATEN SIMEULUE','SINABANG',NULL,NULL,NULL,NULL),(19,37,'KABUPATEN ACEH SINGKIL','SINGKIL',NULL,NULL,NULL,NULL),(20,37,'KABUPATEN BIREUEN','BIREUEN',NULL,NULL,NULL,NULL),(21,37,'KABUPATEN ACEH BARAT DAYA','BLANGPIDIE',NULL,NULL,NULL,NULL),(22,37,'KABUPATEN GAYO LUES','BLANGKEJERAN',NULL,NULL,NULL,NULL),(23,37,'KABUPATEN ACEH JAYA','CALANG',NULL,NULL,NULL,NULL),(24,37,'KABUPATEN NAGAN RAYA','SUKA MAKMUE',NULL,NULL,NULL,NULL),(25,37,'KABUPATEN ACEH TAMIANG','KARANG BARU',NULL,NULL,NULL,NULL),(26,37,'KABUPATEN BENER MERIAH','SIMPANG TIGA REDELONG',NULL,NULL,NULL,NULL),(27,37,'KABUPATEN PIDIE JAYA','MEUREUDU',NULL,NULL,NULL,NULL),(28,37,'KOTA BANDA ACEH','BANDA ACEH',NULL,NULL,NULL,NULL),(29,37,'KOTA SABANG','SABANG',NULL,NULL,NULL,NULL),(30,37,'KOTA SUBULUSSALAM','SUBULUSSALAM',NULL,NULL,NULL,NULL),(31,45,'KABUPATEN TAPANULI TENGAH DAN KOTA SIBOLGA','SIBOLGA',NULL,NULL,NULL,NULL),(32,45,'KABUPATEN TAPANULI UTARA','TARUTUNG',NULL,NULL,NULL,NULL),(33,45,'KABUPATEN TAPANULI SELATAN DAN KOTA PADANG SIDEMPUAN','PADANG SIDEMPUAN',NULL,NULL,NULL,NULL),(34,45,'KABUPATEN NIAS','GUNUNGSITOLI',NULL,NULL,NULL,NULL),(35,45,'KABUPATEN LANGKAT','STABAT',NULL,NULL,NULL,NULL),(36,45,'KABUPATEN KARO','KABANJAHE',NULL,NULL,NULL,NULL),(37,45,'KABUPATEN DELI SERDANG','LUBUKPAKAM',NULL,NULL,NULL,NULL),(38,45,'KABUPATEN SIMALUNGUN DAN KOTA PEMATANG SIANTAR','PEMATANGSIANTAR',NULL,NULL,NULL,NULL),(39,45,'KABUPATEN ASAHAN','KISARAN',NULL,NULL,NULL,NULL),(40,45,'KABUPATEN LABUHANBATU SELATAN','KOTA PINANG',NULL,NULL,NULL,NULL),(41,45,'KABUPATEN LABUHANBATU UTARA','AEK KANOPAN',NULL,NULL,NULL,NULL),(42,45,'KABUPATEN LABUHANBATU','RANTAUPRAPAT',NULL,NULL,NULL,NULL),(43,45,'KABUPATEN DAIRI','SIDIKALANG',NULL,NULL,NULL,NULL),(44,45,'KABUPATEN TOBA SAMOSIR','BALIGE',NULL,NULL,NULL,NULL),(45,45,'KABUPATEN MANDAILING NATAL','PENYABUNGAN',NULL,NULL,NULL,NULL),(46,45,'KABUPATEN NIAS SELATAN','TELUK DALAM',NULL,NULL,NULL,NULL),(47,45,'KABUPATEN PAKPAK BHARAT','SALAK',NULL,NULL,NULL,NULL),(48,45,'KABUPATEN HUMBANG HASUNDUTAN','DOLOK SANGGUL',NULL,NULL,NULL,NULL),(49,45,'KABUPATEN SAMOSIR','PANGURUAN',NULL,NULL,NULL,NULL),(50,45,'KABUPATEN SERDANG BEDAGAI','SEI RAMPAH',NULL,NULL,NULL,NULL),(51,45,'KABUPATEN BATU BARA','LIMA PULUH',NULL,NULL,NULL,NULL),(52,45,'KABUPATEN PADANG LAWAS UTARA','GUNUNG TUA',NULL,NULL,NULL,NULL),(53,45,'KABUPATEN PADANG LAWAS','SIBUHUAN',NULL,NULL,NULL,NULL),(54,45,'KOTA MEDAN','MEDAN',NULL,NULL,NULL,NULL),(55,45,'KOTA TANJUNG BALAI','TANJUNG BALAI',NULL,NULL,NULL,NULL),(56,45,'KOTA BINJAI','BINJAI',NULL,NULL,NULL,NULL),(57,45,'KOTA TEBING TINGGI','TEBING TINGGI',NULL,NULL,NULL,NULL),(58,2,'KABUPATEN BENGKULU SELATAN','MANNA',NULL,NULL,NULL,NULL),(59,2,'KABUPATEN REJANG LEBONG','CURUP',NULL,NULL,NULL,NULL),(60,2,'KABUPATEN BENGKULU UTARA','ARGAMAKMUR',NULL,NULL,NULL,NULL),(61,2,'KABUPATEN KAUR','BINTUHAN',NULL,NULL,NULL,NULL),(62,2,'KABUPATEN SELUMA','TAIS',NULL,NULL,NULL,NULL),(63,2,'KABUPATEN MUKOMUKO','MUKOMUKO',NULL,NULL,NULL,NULL),(64,2,'KABUPATEN LEBONG','TUBEI',NULL,NULL,NULL,NULL),(65,2,'KABUPATEN KEPAHIANG','KEPAHIANG',NULL,NULL,NULL,NULL),(66,2,'KABUPATEN BENGKULU TENGAH','KARANG TINGGI',NULL,NULL,NULL,NULL),(67,2,'KOTA BENGKULU','BENGKULU',NULL,NULL,NULL,NULL),(68,31,'KABUPATEN KERINCI DAN KOTA SUNGAI PENUH','SUNGAIPENUH',NULL,NULL,NULL,NULL),(69,31,'KABUPATEN MERANGIN','BANGKO',NULL,NULL,NULL,NULL),(70,31,'KABUPATEN SAROLANGUN','SAROLANGUN',NULL,NULL,NULL,NULL),(71,31,'KABUPATEN BATANG HARI','MUARA BULIAN',NULL,NULL,NULL,NULL),(72,31,'KABUPATEN MUARO JAMBI','SENGETI',NULL,NULL,NULL,NULL),(73,31,'KABUPATEN TANJUNG JABUNG BARAT','KUALA TUNGKAL',NULL,NULL,NULL,NULL),(74,31,'KABUPATEN TANJUNG JABUNG TIMUR','MUARA SABAK',NULL,NULL,NULL,NULL),(75,31,'KABUPATEN BUNGO','MUARA BUNGO',NULL,NULL,NULL,NULL),(76,31,'KABUPATEN TEBO','MUARA TEBO',NULL,NULL,NULL,NULL),(77,31,'KOTA JAMBI','JAMBI',NULL,NULL,NULL,NULL),(78,42,'KABUPATEN KAMPAR','BANGKINANG',NULL,NULL,NULL,NULL),(79,42,'KABUPATEN INDRAGIRI HULU','RENGAT',NULL,NULL,NULL,NULL),(80,42,'KABUPATEN BENGKALIS','BENGKALIS',NULL,NULL,NULL,NULL),(81,42,'KABUPATEN INDRAGIRI HILIR','TEMBILAHAN',NULL,NULL,NULL,NULL),(82,42,'KABUPATEN PELALAWAN','PANGKALAN KERINCI',NULL,NULL,NULL,NULL),(83,42,'KABUPATEN ROKAN HULU','PASIR PANGARAIAN',NULL,NULL,NULL,NULL),(84,42,'KABUPATEN ROKAN HILIR','UJUNG TANJUNG',NULL,NULL,NULL,NULL),(85,42,'KABUPATEN SIAK','SIAK SRIINDRAPURA',NULL,NULL,NULL,NULL),(86,42,'KABUPATEN KUANTAN SINGINGI','TELUK KUANTAN',NULL,NULL,NULL,NULL),(87,42,'KOTA PEKANBARU','PEKANBARU',NULL,NULL,NULL,NULL),(88,42,'KOTA DUMAI','DUMAI',NULL,NULL,NULL,NULL),(89,43,'KABUPATEN PESISIR SELATAN','PAINAN',NULL,NULL,NULL,NULL),(90,43,'KABUPATEN SOLOK DAN KOTA SOLOK','SOLOK',NULL,NULL,NULL,NULL),(91,43,'KABUPATEN SIJUNJUNG','MUARO SIJUNJUNG',NULL,NULL,NULL,NULL),(92,43,'KABUPATEN TANAH DATAR','BATUSANGKAR',NULL,NULL,NULL,NULL),(93,43,'KABUPATEN PADANG PARIAMAN DAN KOTA PARIAMAN','PARIAMAN',NULL,NULL,NULL,NULL),(94,43,'KABUPATEN AGAM','LUBUKBASUNG',NULL,NULL,NULL,NULL),(95,43,'KABUPATEN LIMA PULUH KOTA DAN KOTA PAYAKUMBUH','PAYAKUMBUH',NULL,NULL,NULL,NULL),(96,43,'KABUPATEN PASAMAN','LUBUKSIKAPING',NULL,NULL,NULL,NULL),(97,43,'KABUPATEN KEPULAUAN MENTAWAI','TUA PEJAT',NULL,NULL,NULL,NULL),(98,43,'KABUPATEN DHARMASRAYA','PULAU PUNJUNG',NULL,NULL,NULL,NULL),(99,43,'KABUPATEN SOLOK SELATAN','PADANG ARO',NULL,NULL,NULL,NULL),(100,43,'KABUPATEN PASAMAN BARAT','SIMPANG EMPAT',NULL,NULL,NULL,NULL),(101,43,'KOTA PADANG','PADANG',NULL,NULL,NULL,NULL),(102,43,'KOTA SAWAHLUNTO','SAWAHLUNTO',NULL,NULL,NULL,NULL),(103,43,'KOTA PADANGPANJANG','PADANGPANJANG',NULL,NULL,NULL,NULL),(104,43,'KOTA BUKITTINGGI','BUKITTINGGI',NULL,NULL,NULL,NULL),(105,44,'KABUPATEN OGAN KOMERING ULU','BATURAJA',NULL,NULL,NULL,NULL),(106,44,'KABUPATEN OGAN KOMERING ILIR','KAYU AGUNG',NULL,NULL,NULL,NULL),(107,44,'KABUPATEN MUARA ENIM','MUARA ENIM',NULL,NULL,NULL,NULL),(108,44,'KABUPATEN LAHAT','LAHAT',NULL,NULL,NULL,NULL),(109,44,'KABUPATEN MUSI RAWAS DAN KOTA LUBUK LINGGAU','LUBUK LINGGAU',NULL,NULL,NULL,NULL),(110,44,'KABUPATEN MUSI BANYUASIN','SEKAYU',NULL,NULL,NULL,NULL),(111,44,'KABUPATEN BANYUASIN','BANYUASIN',NULL,NULL,NULL,NULL),(112,44,'KABUPATEN OGAN KOMERING ULU TIMUR','MARTAPURA',NULL,NULL,NULL,NULL),(113,44,'KABUPATEN OGAN KOMERING ULU SELATAN','MUARADUA',NULL,NULL,NULL,NULL),(114,44,'KABUPATEN OGAN ILIR','INDRALAYA',NULL,NULL,NULL,NULL),(115,44,'KABUPATEN EMPAT LAWANG','TEBING TINGGI',NULL,NULL,NULL,NULL),(116,44,'KOTA PALEMBANG','PALEMBANG',NULL,NULL,NULL,NULL),(117,44,'KOTA PAGAR ALAM','PAGAR ALAM',NULL,NULL,NULL,NULL),(118,44,'KOTA PRABUMULIH','PRABUMULIH',NULL,NULL,NULL,NULL),(119,22,'KABUPATEN LAMPUNG SELATAN','KALIANDA',NULL,NULL,NULL,NULL),(120,22,'KABUPATEN LAMPUNG TENGAH','GUNUNGSUGIH',NULL,NULL,NULL,NULL),(121,22,'KABUPATEN LAMPUNG UTARA','KOTABUMI',NULL,NULL,NULL,NULL),(122,22,'KABUPATEN LAMPUNG BARAT','LIWA',NULL,NULL,NULL,NULL),(123,22,'KABUPATEN TULANG BAWANG','MENGGALA',NULL,NULL,NULL,NULL),(124,22,'KABUPATEN TANGGAMUS','KOTAAGUNG',NULL,NULL,NULL,NULL),(125,22,'KABUPATEN LAMPUNG TIMUR','SUKADANA',NULL,NULL,NULL,NULL),(126,22,'KABUPATEN WAY KANAN','BLAMBANGAN UMPU',NULL,NULL,NULL,NULL),(127,22,'KABUPATEN PESAWARAN','GEDONG TATAAN',NULL,NULL,NULL,NULL),(128,22,'KOTA BANDAR LAMPUNG','BANDAR LAMPUNG',NULL,NULL,NULL,NULL),(129,22,'KOTA METRO','METRO',NULL,NULL,NULL,NULL),(130,1,'KABUPATEN BANGKA','SUNGAILIAT',NULL,NULL,NULL,NULL),(131,1,'KABUPATEN BELITUNG','TANJUNGPANDAN',NULL,NULL,NULL,NULL),(132,1,'KABUPATEN BANGKA SELATAN','MENTOK',NULL,NULL,NULL,NULL),(133,1,'KABUPATEN BANGKA TENGAH','KOBA',NULL,NULL,NULL,NULL),(134,1,'KABUPATEN BANGKA BARAT','TOBOALI',NULL,NULL,NULL,NULL),(135,1,'KABUPATEN BELITUNG TIMUR','MANGGAR',NULL,NULL,NULL,NULL),(136,1,'KOTA PANGKAL PINANG','PANGKAL PINANG',NULL,NULL,NULL,NULL),(137,19,'KABUPATEN BINTAN DAN KOTA TANJUNG PINANG','TANJUNGPINANG',NULL,NULL,NULL,NULL),(138,19,'KABUPATEN KARIMUN','TANJUNG BALAI KARIMUN',NULL,NULL,NULL,NULL),(139,19,'KABUPATEN NATUNA','RANAI',NULL,NULL,NULL,NULL),(140,19,'KABUPATEN LINGGA','DAIK LINGGA',NULL,NULL,NULL,NULL),(141,19,'KABUPATEN KEPULAUAN ANAMBAS','TAREMPA',NULL,NULL,NULL,NULL),(142,19,'KOTA BATAM','BATAM',NULL,NULL,NULL,NULL),(143,4,'KABUPATEN PANDEGLANG','PANDEGLANG',NULL,NULL,NULL,NULL),(144,4,'KABUPATEN LEBAK','RANGKASBITUNG',NULL,NULL,NULL,NULL),(145,4,'KABUPATEN TANGERANG DAN KOTA TANGERANG','TANGERANG',NULL,NULL,NULL,NULL),(146,4,'KABUPATEN SERANG DAN KOTA SERANG','SERANG',NULL,NULL,NULL,NULL),(147,4,'KOTA CILEGON','CILEGON',NULL,NULL,NULL,NULL),(148,11,'KABUPATEN BOGOR DAN KOTA BOGOR','CIBINONG',NULL,NULL,NULL,NULL),(149,11,'KABUPATEN SUKABUMI DAN KOTA SUKABUMI','SUKABUMI',NULL,NULL,NULL,NULL),(150,11,'KABUPATEN CIANJUR','CIANJUR',NULL,NULL,NULL,NULL),(151,11,'KABUPATEN BANDUNG DAN KOTA BANDUNG','SOREANG',NULL,NULL,NULL,NULL),(152,11,'KABUPATEN GARUT','GARUT',NULL,NULL,NULL,NULL),(153,11,'KABUPATEN TASIKMALAYA DAN KOTA TASIKMALAYA','SINGAPARNA',NULL,NULL,NULL,NULL),(154,11,'KABUPATEN CIAMIS','CIAMIS',NULL,NULL,NULL,NULL),(155,11,'KABUPATEN KUNINGAN','KUNINGAN',NULL,NULL,NULL,NULL),(156,11,'KABUPATEN CIREBON DAN KOTA CIREBON','SUMBER',NULL,NULL,NULL,NULL),(157,11,'KABUPATEN MAJALENGKA','MAJALENGKA',NULL,NULL,NULL,NULL),(158,11,'KABUPATEN SUMEDANG','SUMEDANG',NULL,NULL,NULL,NULL),(159,11,'KABUPATEN INDRAMAYU','INDRAMAYU',NULL,NULL,NULL,NULL),(160,11,'KABUPATEN SUBANG','SUBANG',NULL,NULL,NULL,NULL),(161,11,'KABUPATEN PURWAKARTA','PURWAKARTA',NULL,NULL,NULL,NULL),(162,11,'KABUPATEN KARAWANG','KARAWANG',NULL,NULL,NULL,NULL),(163,11,'KABUPATEN BEKASI DAN KOTA BEKASI','BEKASI',NULL,NULL,NULL,NULL),(164,11,'KABUPATEN BANDUNG BARAT','NGAMPRAH',NULL,NULL,NULL,NULL),(165,11,'KOTA DEPOK','DEPOK',NULL,NULL,NULL,NULL),(166,11,'KOTA CIMAHI','CIMAHI',NULL,NULL,NULL,NULL),(167,11,'KOTA BANJAR','BANJAR',NULL,NULL,NULL,NULL),(168,30,'KABUPATEN ADMINISTRASI KEPULAUAN SERIBU','PULAU PRAMUKA',NULL,NULL,NULL,NULL),(169,30,'KOTA ADMINISTRASI JAKARTA PUSAT','JAKARTA',NULL,NULL,NULL,NULL),(170,30,'KOTA ADMINISTRASI JAKARTA UTARA','JAKARTA',NULL,NULL,NULL,NULL),(171,30,'KOTA ADMINISTRASI JAKARTA BARAT','JAKARTA',NULL,NULL,NULL,NULL),(172,30,'KOTA ADMINISTRASI JAKARTA SELATAN','JAKARTA',NULL,NULL,NULL,NULL),(173,30,'KOTA ADMINISTRASI JAKARTA TIMUR','JAKARTA',NULL,NULL,NULL,NULL),(174,29,'KABUPATEN CILACAP','CILACAP',NULL,NULL,NULL,NULL),(175,29,'KABUPATEN BANYUMAS','PURWOKERTO',NULL,NULL,NULL,NULL),(176,29,'KABUPATEN PURBALINGGA','PURBALINGGA',NULL,NULL,NULL,NULL),(177,29,'KABUPATEN BANJARNEGARA','BANJARNEGARA',NULL,NULL,NULL,NULL),(178,29,'KABUPATEN KEBUMEN','KEBUMEN',NULL,NULL,NULL,NULL),(179,29,'KABUPATEN PURWOREJO','PURWOREJO',NULL,NULL,NULL,NULL),(180,29,'KABUPATEN WONOSOBO','WONOSOBO',NULL,NULL,NULL,NULL),(181,29,'KABUPATEN MAGELANG & KOTA MAGELANG','MUNGKID',NULL,NULL,NULL,NULL),(182,29,'KABUPATEN BOYOLALI','BOYOLALI',NULL,NULL,NULL,NULL),(183,29,'KABUPATEN KLATEN','KLATEN',NULL,NULL,NULL,NULL),(184,29,'KABUPATEN SUKOHARJO','SUKOHARJO',NULL,NULL,NULL,NULL),(185,29,'KABUPATEN WONOGIRI','WONOGIRI',NULL,NULL,NULL,NULL),(186,29,'KABUPATEN KARANGANYAR','KARANGANYAR',NULL,NULL,NULL,NULL),(187,29,'KABUPATEN SRAGEN','SRAGEN',NULL,NULL,NULL,NULL),(188,29,'KABUPATEN GROBOGAN','PURWODADI',NULL,NULL,NULL,NULL),(189,29,'KABUPATEN BLORA','BLORA',NULL,NULL,NULL,NULL),(190,29,'KABUPATEN REMBANG','REMBANG',NULL,NULL,NULL,NULL),(191,29,'KABUPATEN PATI','PATI',NULL,NULL,NULL,NULL),(192,29,'KABUPATEN KUDUS','KUDUS',NULL,NULL,NULL,NULL),(193,29,'KABUPATEN JEPARA','JEPARA',NULL,NULL,NULL,NULL),(194,29,'KABUPATEN DEMAK','DEMAK',NULL,NULL,NULL,NULL),(195,29,'KABUPATEN SEMARANG DAN KOTA SEMARANG','UNGARAN',NULL,NULL,NULL,NULL),(196,29,'KABUPATEN TEMANGGUNG','TEMANGGUNG',NULL,NULL,NULL,NULL),(197,29,'KABUPATEN KENDAL','KENDAL',NULL,NULL,NULL,NULL),(198,29,'KABUPATEN BATANG','BATANG',NULL,NULL,NULL,NULL),(199,29,'KABUPATEN PEKALONGAN DAN KOTA PEKALONGAN','KAJEN',NULL,NULL,NULL,NULL),(200,29,'KABUPATEN PEMALANG','PEMALANG',NULL,NULL,NULL,NULL),(201,29,'KABUPATEN TEGAL DAN KOTA TEGAL','SLAWI',NULL,NULL,NULL,NULL),(202,29,'KABUPATEN BREBES','BREBES',NULL,NULL,NULL,NULL),(203,29,'KOTA SURAKARTA','SOLO',NULL,NULL,NULL,NULL),(204,29,'KOTA SALATIGA','SALATIGA',NULL,NULL,NULL,NULL),(205,33,'KABUPATEN PACITAN','PACITAN',NULL,NULL,NULL,NULL),(206,33,'KABUPATEN PONOROGO','PONOROGO',NULL,NULL,NULL,NULL),(207,33,'KABUPATEN TRENGGALEK','TRENGGALEK',NULL,NULL,NULL,NULL),(208,33,'KABUPATEN TULUNGAGUNG','TULUNGAGUNG',NULL,NULL,NULL,NULL),(209,33,'KABUPATEN BLITAR DAN KOTA BLITAR','BLITAR',NULL,NULL,NULL,NULL),(210,33,'KABUPATEN KEDIRI DAN KOTA KEDIRI','KEDIRI',NULL,NULL,NULL,NULL),(211,33,'KABUPATEN MALANG DAN KOTA MALANG','KEPANJEN',NULL,NULL,NULL,NULL),(212,33,'KABUPATEN LUMAJANG','LUMAJANG',NULL,NULL,NULL,NULL),(213,33,'KABUPATEN JEMBER','JEMBER',NULL,NULL,NULL,NULL),(214,33,'KABUPATEN BANYUWANGI','BANYUWANGI',NULL,NULL,NULL,NULL),(215,33,'KABUPATEN BONDOWOSO','BONDOWOSO',NULL,NULL,NULL,NULL),(216,33,'KABUPATEN SITUBONDO','SITUBONDO',NULL,NULL,NULL,NULL),(217,33,'KABUPATEN PROBOLINGGO DAN KOTA PROBOLINGGO','PROBOLINGGO',NULL,NULL,NULL,NULL),(218,33,'KABUPATEN PASURUAN DAN KOTA PASURUAN','PASURUAN',NULL,NULL,NULL,NULL),(219,33,'KABUPATEN SIDOARJO','SIDOARJO',NULL,NULL,NULL,NULL),(220,33,'KABUPATEN MOJOKERTO DAN KOTA MOJOKERTO','MOJOKERTO',NULL,NULL,NULL,NULL),(221,33,'KABUPATEN JOMBANG','JOMBANG',NULL,NULL,NULL,NULL),(222,33,'KABUPATEN NGANJUK','NGANJUK',NULL,NULL,NULL,NULL),(223,33,'KABUPATEN MADIUN DAN KOTA MADIUN','MADIUN',NULL,NULL,NULL,NULL),(224,33,'KABUPATEN MAGETAN','MAGETAN',NULL,NULL,NULL,NULL),(225,33,'KABUPATEN NGAWI','NGAWI',NULL,NULL,NULL,NULL),(226,33,'KABUPATEN BOJONEGORO','BOJONEGORO',NULL,NULL,NULL,NULL),(227,33,'KABUPATEN TUBAN','TUBAN',NULL,NULL,NULL,NULL),(228,33,'KABUPATEN LAMONGAN','LAMONGAN',NULL,NULL,NULL,NULL),(229,33,'KABUPATEN GRESIK','GRESIK',NULL,NULL,NULL,NULL),(230,33,'KABUPATEN BANGKALAN','BANGKALAN',NULL,NULL,NULL,NULL),(231,33,'KABUPATEN SAMPANG','SAMPANG',NULL,NULL,NULL,NULL),(232,33,'KABUPATEN PAMEKASAN','PAMEKASAN',NULL,NULL,NULL,NULL),(233,33,'KABUPATEN SUMENEP','SUMENEP',NULL,NULL,NULL,NULL),(234,33,'KOTA SURABAYA','SURABAYA',NULL,NULL,NULL,NULL),(235,33,'KOTA BATU','BATU',NULL,NULL,NULL,NULL),(236,32,'KABUPATEN KULON PROGO','WATES',NULL,NULL,NULL,NULL),(237,32,'KABUPATEN BANTUL','BANTUL',NULL,NULL,NULL,NULL),(238,32,'KABUPATEN GUNUNG KIDUL','WONOSARI',NULL,NULL,NULL,NULL),(239,32,'KABUPATEN SLEMAN','SLEMAN',NULL,NULL,NULL,NULL),(240,32,'KOTA YOGYAKARTA','JOGJAKARTA',NULL,NULL,NULL,NULL),(241,3,'KABUPATEN JEMBRANA','NEGARA',NULL,NULL,NULL,NULL),(242,3,'KABUPATEN TABANAN','TABANAN',NULL,NULL,NULL,NULL),(243,3,'KABUPATEN BADUNG','BADUNG',NULL,NULL,NULL,NULL),(244,3,'KABUPATEN GIANYAR','GIANYAR',NULL,NULL,NULL,NULL),(245,3,'KABUPATEN KLUNGKUNG','KLUNGKUNG',NULL,NULL,NULL,NULL),(246,3,'KABUPATEN BANGLI','BANGLI',NULL,NULL,NULL,NULL),(247,3,'KABUPATEN KARANGASEM','KARANGASEM',NULL,NULL,NULL,NULL),(248,3,'KABUPATEN BULELENG','SINGARAJA',NULL,NULL,NULL,NULL),(249,3,'KOTA DENPASAR','DENPASAR',NULL,NULL,NULL,NULL),(250,38,'KABUPATEN LOMBOK BARAT DAN KOTA MATARAM','MATARAM',NULL,NULL,NULL,NULL),(251,38,'KABUPATEN LOMBOK TENGAH','PRAYA',NULL,NULL,NULL,NULL),(252,38,'KABUPATEN LOMBOK TIMUR','SELONG',NULL,NULL,NULL,NULL),(253,38,'KABUPATEN SUMBAWA','SUMBAWA BESAR',NULL,NULL,NULL,NULL),(254,38,'KABUPATEN DOMPU','DOMPU',NULL,NULL,NULL,NULL),(255,38,'KABUPATEN BIMA DAN KOTA BIMA','RABA',NULL,NULL,NULL,NULL),(256,38,'KABUPATEN SUMBAWA BARAT','TALIWANG',NULL,NULL,NULL,NULL),(257,38,'KABUPATEN LOMBOK UTARA','TANJUNG',NULL,NULL,NULL,NULL),(258,39,'KABUPATEN KUPANG DAN KOTA KUPANG','KUPANG',NULL,NULL,NULL,NULL),(259,39,'KABUPATEN TIMOR TENGAH SELATAN','SOE',NULL,NULL,NULL,NULL),(260,39,'KABUPATEN TIMOR TENGAH UTARA','KEFAMENANU',NULL,NULL,NULL,NULL),(261,39,'KABUPATEN BELU','ATAMBUA',NULL,NULL,NULL,NULL),(262,39,'KABUPATEN ALOR','KALABAHI',NULL,NULL,NULL,NULL),(263,39,'KABUPATEN FLORES TIMUR','LARANTUKA',NULL,NULL,NULL,NULL),(264,39,'KABUPATEN SIKKA','MAUMERE',NULL,NULL,NULL,NULL),(265,39,'KABUPATEN ENDE','ENDE',NULL,NULL,NULL,NULL),(266,39,'KABUPATEN NGADA','BAJAWA',NULL,NULL,NULL,NULL),(267,39,'KABUPATEN MANGGARAI','RUTENG',NULL,NULL,NULL,NULL),(268,39,'KABUPATEN SUMBA TIMUR','WAINGAPU',NULL,NULL,NULL,NULL),(269,39,'KABUPATEN SUMBA BARAT','WAIKABUBAK',NULL,NULL,NULL,NULL),(270,39,'KABUPATEN LEMBATA','LEWOLEBA',NULL,NULL,NULL,NULL),(271,39,'KABUPATEN ROTE NDAO','BAA',NULL,NULL,NULL,NULL),(272,39,'KABUPATEN MANGGARAI BARAT','LABUAN BAJO',NULL,NULL,NULL,NULL),(273,39,'KABUPATEN NAGEKEO','MBAY',NULL,NULL,NULL,NULL),(274,39,'KABUPATEN SUMBA TENGAH','WAIBAKUL',NULL,NULL,NULL,NULL),(275,39,'KABUPATEN SUMBA BARAT DAYA','TAMBOLAKA',NULL,NULL,NULL,NULL),(276,39,'KABUPATEN MANGGARAI TIMUR','BORONG',NULL,NULL,NULL,NULL),(277,34,'KABUPATEN SAMBAS','SAMBAS',NULL,NULL,NULL,NULL),(278,34,'KABUPATEN PONTIANAK DAN KOTA PONTIANAK','MEMPAWAH',NULL,NULL,NULL,NULL),(279,34,'KABUPATEN SANGGAU','BATANG TARANG',NULL,NULL,NULL,NULL),(280,34,'KABUPATEN KETAPANG','KETAPANG',NULL,NULL,NULL,NULL),(281,34,'KABUPATEN SINTANG','SINTANG',NULL,NULL,NULL,NULL),(282,34,'KABUPATEN KAPUAS HULU','PUTUSSIBAU',NULL,NULL,NULL,NULL),(283,34,'KABUPATEN BENGKAYANG','BENGKAYANG',NULL,NULL,NULL,NULL),(284,34,'KABUPATEN LANDAK','NGABANG',NULL,NULL,NULL,NULL),(285,34,'KABUPATEN MELAWI','NANGA PINOH',NULL,NULL,NULL,NULL),(286,34,'KABUPATEN SEKADAU','SEKADAU',NULL,NULL,NULL,NULL),(287,34,'KABUPATEN KAYONG UTARA','SUKADANA',NULL,NULL,NULL,NULL),(288,34,'KABUPATEN KUBU RAYA','SUNGAI RAYA',NULL,NULL,NULL,NULL),(289,34,'KOTA SINGKAWANG','SINGKAWANG',NULL,NULL,NULL,NULL),(290,20,'KABUPATEN TANAH LAUT','PELAIHARI',NULL,NULL,NULL,NULL),(291,20,'KABUPATEN KOTABARU','KOTABARU',NULL,NULL,NULL,NULL),(292,20,'KABUPATEN BANJAR','MARTAPURA',NULL,NULL,NULL,NULL),(293,20,'KABUPATEN BARITO KUALA','MARABAHAN',NULL,NULL,NULL,NULL),(294,20,'KABUPATEN TAPIN','RANTAU',NULL,NULL,NULL,NULL),(295,20,'KABUPATEN HULU SUNGAI SELATAN','KANDANGAN',NULL,NULL,NULL,NULL),(296,20,'KABUPATEN HULU SUNGAI TENGAH','BARABAI',NULL,NULL,NULL,NULL),(297,20,'KABUPATEN HULU SUNGAI UTARA','AMUNTAI',NULL,NULL,NULL,NULL),(298,20,'KABUPATEN TABALONG','TANJUNG',NULL,NULL,NULL,NULL),(299,20,'KABUPATEN TANAH BUMBU','BATULICIN',NULL,NULL,NULL,NULL),(300,20,'KABUPATEN BALANGAN','PARINGIN',NULL,NULL,NULL,NULL),(301,20,'KOTA BANJARMASIN','BANJARMASIN',NULL,NULL,NULL,NULL),(302,20,'KOTA BANJARBARU','BANJARBARU',NULL,NULL,NULL,NULL),(303,18,'KABUPATEN KOTAWARINGIN BARAT','PANGKALAN BUN',NULL,NULL,NULL,NULL),(304,18,'KABUPATEN KOTAWARINGIN TIMUR','SAMPIT',NULL,NULL,NULL,NULL),(305,18,'KABUPATEN KAPUAS','KUALA KAPUAS',NULL,NULL,NULL,NULL),(306,18,'KABUPATEN BARITO SELATAN','BUNTOK',NULL,NULL,NULL,NULL),(307,18,'KABUPATEN BARITO UTARA','MUARA TEWEH',NULL,NULL,NULL,NULL),(308,18,'KABUPATEN KATINGAN','KASONGAN',NULL,NULL,NULL,NULL),(309,18,'KABUPATEN SERUYAN','KUALA PEMBUANG',NULL,NULL,NULL,NULL),(310,18,'KABUPATEN SUKAMARA','SUKAMARA',NULL,NULL,NULL,NULL),(311,18,'KABUPATEN LAMANDAU','NANGA BULIK',NULL,NULL,NULL,NULL),(312,18,'KABUPATEN GUNUNG MAS','KUALA KURUN',NULL,NULL,NULL,NULL),(313,18,'KABUPATEN PULANG PISAU','PULANG PISAU',NULL,NULL,NULL,NULL),(314,18,'KABUPATEN MURUNG RAYA','PURUKCAHU',NULL,NULL,NULL,NULL),(315,18,'KABUPATEN BARITO TIMUR','TAMIANG',NULL,NULL,NULL,NULL),(316,18,'KOTA PALANGKARAYA','PALANGKARAYA',NULL,NULL,NULL,NULL),(317,35,'KABUPATEN PASER','TANAH GROGOT',NULL,NULL,NULL,NULL),(318,35,'KABUPATEN KUTAI KARTANEGARA','TENGGARONG',NULL,NULL,NULL,NULL),(319,35,'KABUPATEN BERAU','TANJUNGREDEP',NULL,NULL,NULL,NULL),(320,35,'KABUPATEN BULUNGAN','TANJUNGSELOR',NULL,NULL,NULL,NULL),(321,35,'KABUPATEN NUNUKAN','NUNUKAN',NULL,NULL,NULL,NULL),(322,35,'KABUPATEN MALINAU','MALINAU',NULL,NULL,NULL,NULL),(323,35,'KABUPATEN KUTAI BARAT','SENDAWAR',NULL,NULL,NULL,NULL),(324,35,'KABUPATEN KUTAI TIMUR','SANGATTA',NULL,NULL,NULL,NULL),(325,35,'KABUPATEN PENAJAM PASER UTARA','PENAJAM',NULL,NULL,NULL,NULL),(326,35,'KOTA BALIKPAPAN','BALIKPAPAN',NULL,NULL,NULL,NULL),(327,35,'KOTA SAMARINDA','SAMARINDA',NULL,NULL,NULL,NULL),(328,35,'KOTA TARAKAN','TARAKAN',NULL,NULL,NULL,NULL),(329,35,'KOTA BONTANG','BONTANG',NULL,NULL,NULL,NULL),(330,28,'KABUPATEN GORONTALO & KOTA GORONTALO','GORONTALO',NULL,NULL,NULL,NULL),(331,28,'KABUPATEN BOALEMO','TILAMUTA',NULL,NULL,NULL,NULL),(332,28,'KABUPATEN BONE BOLANGO','SUWAWA',NULL,NULL,NULL,NULL),(333,28,'KABUPATEN POHUWATO','MARISA',NULL,NULL,NULL,NULL),(334,28,'KABUPATEN GORONTALO UTARA','KWANDANG',NULL,NULL,NULL,NULL),(335,26,'KABUPATEN SELAYAR','BENTENG',NULL,NULL,NULL,NULL),(336,26,'KABUPATEN BULUKUMBA','BULUKUMBA',NULL,NULL,NULL,NULL),(337,26,'KABUPATEN BANTAENG','BANTAENG',NULL,NULL,NULL,NULL),(338,26,'KABUPATEN JENEPONTO','JENEPONTO',NULL,NULL,NULL,NULL),(339,26,'KABUPATEN TAKALAR','TAKALAR',NULL,NULL,NULL,NULL),(340,26,'KABUPATEN GOWA','SUNGGU MINASA',NULL,NULL,NULL,NULL),(341,26,'KABUPATEN SINJAI','SINJAI',NULL,NULL,NULL,NULL),(342,26,'KABUPATEN BONE','WATAMPONE',NULL,NULL,NULL,NULL),(343,26,'KABUPATEN MAROS','MAROS',NULL,NULL,NULL,NULL),(344,26,'KABUPATEN PANGKAJENE DAN KEPULAUAN','PANGKAJENE',NULL,NULL,NULL,NULL),(345,26,'KABUPATEN BARRU','BARRU',NULL,NULL,NULL,NULL),(346,26,'KABUPATEN SOPPENG','WATAN SOPPENG',NULL,NULL,NULL,NULL),(347,26,'KABUPATEN WAJO','SENGKANG',NULL,NULL,NULL,NULL),(348,26,'KABUPATEN SIDENRENG RAPPANG','SIDENRENG',NULL,NULL,NULL,NULL),(349,26,'KABUPATEN PINRANG','PINRANG',NULL,NULL,NULL,NULL),(350,26,'KABUPATEN ENREKANG','ENREKANG',NULL,NULL,NULL,NULL),(351,26,'KABUPATEN LUWU & KOTA PALOPO','PALOPO',NULL,NULL,NULL,NULL),(352,26,'KABUPATEN TANA TORAJA','MAKALE',NULL,NULL,NULL,NULL),(353,26,'KABUPATEN LUWU UTARA','MASAMBA',NULL,NULL,NULL,NULL),(354,26,'KABUPATEN LUWU TIMUR','MALILI',NULL,NULL,NULL,NULL),(355,26,'KABUPATEN TORAJA UTARA','RANTEPAO',NULL,NULL,NULL,NULL),(356,26,'KOTA MAKASSAR','MAKASSAR',NULL,NULL,NULL,NULL),(357,26,'KOTA PARE-PARE','PARE-PARE',NULL,NULL,NULL,NULL),(358,7,'KABUPATEN KOLAKA','KOLAKA',NULL,NULL,NULL,NULL),(359,7,'KABUPATEN KONAWE','UNAAHA',NULL,NULL,NULL,NULL),(360,7,'KABUPATEN MUNA','RAHA',NULL,NULL,NULL,NULL),(361,7,'KABUPATEN BUTON & KOTA BAU-BAU','BAU-BAU',NULL,NULL,NULL,NULL),(362,7,'KABUPATEN KONAWE SELATAN','ANDOLO',NULL,NULL,NULL,NULL),(363,7,'KABUPATEN BOMBANA','RUMBIA',NULL,NULL,NULL,NULL),(364,7,'KABUPATEN WAKATOBI','WANGI-WANGI',NULL,NULL,NULL,NULL),(365,7,'KABUPATEN KOLAKA UTARA','LASUSUA',NULL,NULL,NULL,NULL),(366,7,'KABUPATEN KONAWE UTARA','WANGGUDU',NULL,NULL,NULL,NULL),(367,7,'KABUPATEN BUTON UTARA','BURANGA',NULL,NULL,NULL,NULL),(368,7,'KOTA KENDARI','KENDARI',NULL,NULL,NULL,NULL),(369,25,'KABUPATEN BANGGAI','LUWUK',NULL,NULL,NULL,NULL),(370,25,'KABUPATEN POSO','POSO',NULL,NULL,NULL,NULL),(371,25,'KABUPATEN DONGGALA','DONGGALA',NULL,NULL,NULL,NULL),(372,25,'KABUPATEN TOLI-TOLI','TOLI-TOLI',NULL,NULL,NULL,NULL),(373,25,'KABUPATEN BUOL','BUOL',NULL,NULL,NULL,NULL),(374,25,'KABUPATEN MOROWALI','BUNGKU',NULL,NULL,NULL,NULL),(375,25,'KABUPATEN BANGGAI KEPULAUAN','BANGGAI',NULL,NULL,NULL,NULL),(376,25,'KABUPATEN PARIGI MOUTONG','PARIGI',NULL,NULL,NULL,NULL),(377,25,'KABUPATEN TOJO UNA-UNA','AMPANA',NULL,NULL,NULL,NULL),(378,25,'KABUPATEN SIGI','SIGI BIROMARU',NULL,NULL,NULL,NULL),(379,25,'KOTA PALU','PALU',NULL,NULL,NULL,NULL),(380,27,'KABUPATEN BOLAANG MONGONDOW & KOTA KOTAMUBAGU','KOTAMOBAGU',NULL,NULL,NULL,NULL),(381,27,'KABUPATEN BOLAANG MONGONDOW TIMUR','TUTUYAN',NULL,NULL,NULL,NULL),(382,27,'KABUPATEN BOLAANG MONGONDOW SELATAN','BOLAANG UKI',NULL,NULL,NULL,NULL),(383,27,'KABUPATEN MINAHASA','TONDANO',NULL,NULL,NULL,NULL),(384,27,'KABUPATEN KEPULAUAN SANGIHE','TAHUNA',NULL,NULL,NULL,NULL),(385,27,'KABUPATEN KEPULAUAN TALAUD','MELONGUANE',NULL,NULL,NULL,NULL),(386,27,'KABUPATEN MINAHASA SELATAN','AMURANG',NULL,NULL,NULL,NULL),(387,27,'KABUPATEN MINAHASA UTARA','AIRMADIDI',NULL,NULL,NULL,NULL),(388,27,'KABUPATEN MINAHASA TENGGARA','RATAHAN',NULL,NULL,NULL,NULL),(389,27,'KABUPATEN BOLAANG MONGONDOW UTARA','BOROKO',NULL,NULL,NULL,NULL),(390,27,'KABUPATEN KEPULAUAN SIAU TAGULANDANG BIARO','ONDONG SIAU',NULL,NULL,NULL,NULL),(391,27,'KOTA MANADO','MANADO',NULL,NULL,NULL,NULL),(392,27,'KOTA BITUNG','BITUNG',NULL,NULL,NULL,NULL),(393,27,'KOTA TOMOHON','TOMOHON',NULL,NULL,NULL,NULL),(394,24,'KABUPATEN MAMUJU UTARA','PASANGKAYU',NULL,NULL,NULL,NULL),(395,24,'KABUPATEN MAMUJU','MAMUJU',NULL,NULL,NULL,NULL),(396,24,'KABUPATEN MAMASA','MAMASA',NULL,NULL,NULL,NULL),(397,24,'KABUPATEN POLEWALI MANDAR','POLEWALI',NULL,NULL,NULL,NULL),(398,24,'KABUPATEN MAJENE','MAJENE',NULL,NULL,NULL,NULL),(399,23,'KABUPATEN MALUKU BARAT DAYA','TIAKUR',NULL,NULL,NULL,NULL),(400,23,'KABUPATEN MALUKU TENGAH','MASOHI',NULL,NULL,NULL,NULL),(401,23,'KABUPATEN MALUKU TENGGARA & KOTA TUAL','TUAL',NULL,NULL,NULL,NULL),(402,23,'KABUPATEN MALUKU TENGGARA BARAT','SAUMLAKI',NULL,NULL,NULL,NULL),(403,23,'KABUPATEN BURU','NAMLEA',NULL,NULL,NULL,NULL),(404,23,'KABUPATEN BURU SELATAN','NAMROLE',NULL,NULL,NULL,NULL),(405,23,'KABUPATEN SERAM BAGIAN TIMUR','DATARAN HUNIMOA',NULL,NULL,NULL,NULL),(406,23,'KABUPATEN SERAM BAGIAN BARAT','DATARAN HUNIPOPU',NULL,NULL,NULL,NULL),(407,23,'KABUPATEN KEPULAUAN ARU','DOBO',NULL,NULL,NULL,NULL),(408,23,'KOTA AMBON','AMBON',NULL,NULL,NULL,NULL),(409,36,'KABUPATEN HALMAHERA BARAT & KOTA TERNATE','TERNATE',NULL,NULL,NULL,NULL),(410,36,'KABUPATEN HALMAHERA TENGAH','WEDA',NULL,NULL,NULL,NULL),(411,36,'KABUPATEN HALMAHERA UTARA','TOBELO',NULL,NULL,NULL,NULL),(412,36,'KABUPATEN HALMAHERA SELATAN','LABUHA',NULL,NULL,NULL,NULL),(413,36,'KABUPATEN KEPULAUAN SULA','SANANA',NULL,NULL,NULL,NULL),(414,36,'KABUPATEN HALMAHERA TIMUR','MABA',NULL,NULL,NULL,NULL),(415,36,'KOTA TIDORE KEPULAUAN','TIDORE KEPULAUAN',NULL,NULL,NULL,NULL),(416,41,'KABUPATEN MERAUKE','MERAUKE',NULL,NULL,NULL,NULL),(417,41,'KABUPATEN JAYAWIJAYA','WAMENA',NULL,NULL,NULL,NULL),(418,41,'KABUPATEN JAYAPURA & KOTA JAYAPURA','JAYAPURA',NULL,NULL,NULL,NULL),(419,41,'KABUPATEN NABIRE','NABIRE',NULL,NULL,NULL,NULL),(420,41,'KABUPATEN KEPULAUAN YAPEN','SERUI',NULL,NULL,NULL,NULL),(421,41,'KABUPATEN BIAK NUMFOR','BIAK',NULL,NULL,NULL,NULL),(422,41,'KABUPATEN PUNCAK JAYA','KOTAMULIA',NULL,NULL,NULL,NULL),(423,41,'KABUPATEN PANIAI','ENAROTALI',NULL,NULL,NULL,NULL),(424,41,'KABUPATEN MIMIKA','TIMIKA',NULL,NULL,NULL,NULL),(425,41,'KABUPATEN SARMI','SARMI',NULL,NULL,NULL,NULL),(426,41,'KABUPATEN KEEROM','WARIS',NULL,NULL,NULL,NULL),(427,41,'KABUPATEN PEGUNUNGAN BINTANG','OKSIBIL',NULL,NULL,NULL,NULL),(428,41,'KABUPATEN YAHUKIMO','SUMOHAI',NULL,NULL,NULL,NULL),(429,41,'KABUPATEN TOLIKARA','KARUBAGA',NULL,NULL,NULL,NULL),(430,41,'KABUPATEN WAROPEN','BOTAWA',NULL,NULL,NULL,NULL),(431,41,'KABUPATEN BOVEN DIGOEL','TANAH MERAH',NULL,NULL,NULL,NULL),(432,41,'KABUPATEN MAPPI','KEPI',NULL,NULL,NULL,NULL),(433,41,'KABUPATEN ASMAT','AGATS',NULL,NULL,NULL,NULL),(434,41,'KABUPATEN SUPIORI','SORENDIWERI',NULL,NULL,NULL,NULL),(435,41,'KABUPATEN MAMBERAMO RAYA','BURMESO',NULL,NULL,NULL,NULL),(436,41,'KABUPATEN MAMBERAMO TENGAH','KOBAKMA',NULL,NULL,NULL,NULL),(437,41,'KABUPATEN YALIMO','ELELIM',NULL,NULL,NULL,NULL),(438,41,'KABUPATEN LANNY JAYA','TIOM',NULL,NULL,NULL,NULL),(439,41,'KABUPATEN NDUGA','KENYAM',NULL,NULL,NULL,NULL),(440,41,'KABUPATEN PUNCAK','ILAGA',NULL,NULL,NULL,NULL),(441,41,'KABUPATEN DOGIYAI','KIGAMANI',NULL,NULL,NULL,NULL),(442,40,'KABUPATEN SORONG & KOTA SORONG','SORONG',NULL,NULL,NULL,NULL),(443,40,'KABUPATEN MANOKWARI','MANOKWARI',NULL,NULL,NULL,NULL),(444,40,'KABUPATEN FAKFAK','FAKFAK',NULL,NULL,NULL,NULL),(445,40,'KABUPATEN SORONG SELATAN','TEMINABUAN',NULL,NULL,NULL,NULL),(446,40,'KABUPATEN RAJA AMPAT','WAISAI',NULL,NULL,NULL,NULL),(447,40,'KABUPATEN TELUK BINTUNI','BINTUNI',NULL,NULL,NULL,NULL),(448,40,'KABUPATEN TELUK WONDAMA','RASIEI',NULL,NULL,NULL,NULL),(449,40,'KABUPATEN KAIMANA','KAIMANA',NULL,NULL,NULL,NULL);
/*!40000 ALTER TABLE `cities` ENABLE KEYS */;
UNLOCK TABLES;

--
-- Table structure for table `countries`
--

DROP TABLE IF EXISTS `countries`;
SET @saved_cs_client     = @@character_set_client;
SET character_set_client = utf8;
CREATE TABLE `countries` (
  `id` int(5) NOT NULL auto_increment,
  `iso2` char(2) NOT NULL,
  `iso3` char(3) NOT NULL,
  `name` varchar(100) NOT NULL,
  PRIMARY KEY  (`id`),
  KEY `iso2` (`iso2`),
  KEY `iso3` (`iso3`),
  KEY `name` (`name`)
) ENGINE=MyISAM AUTO_INCREMENT=895 DEFAULT CHARSET=latin1;
SET character_set_client = @saved_cs_client;

--
-- Dumping data for table `countries`
--

LOCK TABLES `countries` WRITE;
/*!40000 ALTER TABLE `countries` DISABLE KEYS */;
INSERT INTO `countries` VALUES (4,'AF','AFG','Afghanistan'),(248,'AX','ALA','Aland Islands'),(8,'AL','ALB','Albania'),(12,'DZ','DZA','Algeria'),(16,'AS','ASM','American Samoa'),(20,'AD','AND','Andorra'),(24,'AO','AGO','Angola'),(660,'AI','AIA','Anguilla'),(10,'AQ','ATA','Antarctica'),(28,'AG','ATG','Antigua and Barbuda'),(32,'AR','ARG','Argentina'),(51,'AM','ARM','Armenia'),(533,'AW','ABW','Aruba'),(36,'AU','AUS','Australia'),(40,'AT','AUT','Austria'),(31,'AZ','AZE','Azerbaijan'),(44,'BS','BHS','Bahamas'),(48,'BH','BHR','Bahrain'),(50,'BD','BGD','Bangladesh'),(52,'BB','BRB','Barbados'),(112,'BY','BLR','Belarus'),(56,'BE','BEL','Belgium'),(84,'BZ','BLZ','Belize'),(204,'BJ','BEN','Benin'),(60,'BM','BMU','Bermuda'),(64,'BT','BTN','Bhutan'),(68,'BO','BOL','Bolivia'),(70,'BA','BIH','Bosnia and Herzegovina'),(72,'BW','BWA','Botswana'),(74,'BV','BVT','Bouvet Island'),(76,'BR','BRA','Brazil'),(86,'IO','IOT','British Indian Ocean Territory'),(96,'BN','BRN','Brunei Darussalam'),(100,'BG','BGR','Bulgaria'),(854,'BF','BFA','Burkina Faso'),(108,'BI','BDI','Burundi'),(116,'KH','KHM','Cambodia'),(120,'CM','CMR','Cameroon'),(124,'CA','CAN','Canada'),(132,'CV','CPV','Cape Verde'),(136,'KY','CYM','Cayman Islands'),(140,'CF','CAF','Central African Republic'),(148,'TD','TCD','Chad'),(152,'CL','CHL','Chile'),(156,'CN','CHN','China'),(162,'CX','CXR','Christmas Island'),(166,'CC','CCK','Cocos (Keeling); Islands'),(170,'CO','COL','Colombia'),(174,'KM','COM','Comoros'),(178,'CG','COG','Congo'),(180,'CD','COD','Congo, Democratic Republic of the'),(184,'CK','COK','Cook Islands'),(188,'CR','CRI','Costa Rica'),(384,'CI','CIV','Côte d\'Ivoire'),(191,'HR','HRV','Croatia'),(192,'CU','CUB','Cuba'),(196,'CY','CYP','Cyprus'),(203,'CZ','CZE','Czech Republic'),(208,'DK','DNK','Denmark'),(262,'DJ','DJI','Djibouti'),(212,'DM','DMA','Dominica'),(214,'DO','DOM','Dominican Republic'),(218,'EC','ECU','Ecuador'),(818,'EG','EGY','Egypt'),(222,'SV','SLV','El Salvador'),(226,'GQ','GNQ','Equatorial Guinea'),(232,'ER','ERI','Eritrea'),(233,'EE','EST','Estonia'),(231,'ET','ETH','Ethiopia'),(238,'FK','FLK','Falkland Islands (Malvinas);'),(234,'FO','FRO','Faroe Islands'),(242,'FJ','FJI','Fiji'),(246,'FI','FIN','Finland'),(250,'FR','FRA','France'),(254,'GF','GUF','French Guiana'),(258,'PF','PYF','French Polynesia'),(260,'TF','ATF','French Southern Territories'),(266,'GA','GAB','Gabon'),(270,'GM','GMB','Gambia'),(268,'GE','GEO','Georgia'),(276,'DE','DEU','Germany'),(288,'GH','GHA','Ghana'),(292,'GI','GIB','Gibraltar'),(300,'GR','GRC','Greece'),(304,'GL','GRL','Greenland'),(308,'GD','GRD','Grenada'),(312,'GP','GLP','Guadeloupe'),(316,'GU','GUM','Guam'),(320,'GT','GTM','Guatemala'),(831,'GG','GGY','Guernsey'),(324,'GN','GIN','Guinea'),(624,'GW','GNB','Guinea-Bissau'),(328,'GY','GUY','Guyana'),(332,'HT','HTI','Haiti'),(334,'HM','HMD','Heard Island and McDonald Islands'),(336,'VA','VAT','Holy See (Vatican City State);'),(340,'HN','HND','Honduras'),(344,'HK','HKG','Hong Kong'),(348,'HU','HUN','Hungary'),(352,'IS','ISL','Iceland'),(356,'IN','IND','India'),(360,'ID','IDN','Indonesia'),(364,'IR','IRN','Iran, Islamic Republic of'),(368,'IQ','IRQ','Iraq'),(372,'IE','IRL','Ireland'),(833,'IM','IMN','Isle of Man'),(376,'IL','ISR','Israel'),(380,'IT','ITA','Italy'),(388,'JM','JAM','Jamaica'),(392,'JP','JPN','Japan'),(832,'JE','JEY','Jersey'),(400,'JO','JOR','Jordan'),(398,'KZ','KAZ','Kazakhstan'),(404,'KE','KEN','Kenya'),(296,'KI','KIR','Kiribati'),(408,'KP','PRK','Korea, Democratic People\'s Republic of'),(410,'KR','KOR','Korea, Republic of'),(414,'KW','KWT','Kuwait'),(417,'KG','KGZ','Kyrgyzstan'),(418,'LA','LAO','Lao People\'s Democratic Republic'),(428,'LV','LVA','Latvia'),(422,'LB','LBN','Lebanon'),(426,'LS','LSO','Lesotho'),(430,'LR','LBR','Liberia'),(434,'LY','LBY','Libyan Arab Jamahiriya'),(438,'LI','LIE','Liechtenstein'),(440,'LT','LTU','Lithuania'),(442,'LU','LUX','Luxembourg'),(446,'MO','MAC','Macao'),(807,'MK','MKD','Macedonia, the former Yugoslav Republic of'),(450,'MG','MDG','Madagascar'),(454,'MW','MWI','Malawi'),(458,'MY','MYS','Malaysia'),(462,'MV','MDV','Maldives'),(466,'ML','MLI','Mali'),(470,'MT','MLT','Malta'),(584,'MH','MHL','Marshall Islands'),(474,'MQ','MTQ','Martinique'),(478,'MR','MRT','Mauritania'),(480,'MU','MUS','Mauritius'),(175,'YT','MYT','Mayotte'),(484,'MX','MEX','Mexico'),(583,'FM','FSM','Micronesia, Federated States of'),(498,'MD','MDA','Moldova'),(492,'MC','MCO','Monaco'),(496,'MN','MNG','Mongolia'),(499,'ME','MNE','Montenegro'),(500,'MS','MSR','Montserrat'),(504,'MA','MAR','Morocco'),(508,'MZ','MOZ','Mozambique'),(104,'MM','MMR','Myanmar'),(516,'NA','NAM','Namibia'),(520,'NR','NRU','Nauru'),(524,'NP','NPL','Nepal'),(528,'NL','NLD','Netherlands'),(530,'AN','ANT','Netherlands Antilles'),(540,'NC','NCL','New Caledonia'),(554,'NZ','NZL','New Zealand'),(558,'NI','NIC','Nicaragua'),(562,'NE','NER','Niger'),(566,'NG','NGA','Nigeria'),(570,'NU','NIU','Niue'),(574,'NF','NFK','Norfolk Island'),(580,'MP','MNP','Northern Mariana Islands'),(578,'NO','NOR','Norway'),(512,'OM','OMN','Oman'),(586,'PK','PAK','Pakistan'),(585,'PW','PLW','Palau'),(275,'PS','PSE','Palestinian Territory, Occupied'),(591,'PA','PAN','Panama'),(598,'PG','PNG','Papua New Guinea'),(600,'PY','PRY','Paraguay'),(604,'PE','PER','Peru'),(608,'PH','PHL','Philippines'),(612,'PN','PCN','Pitcairn'),(616,'PL','POL','Poland'),(620,'PT','PRT','Portugal'),(630,'PR','PRI','Puerto Rico'),(634,'QA','QAT','Qatar'),(638,'RE','REU','Réunion'),(642,'RO','ROU','Romania'),(643,'RU','RUS','Russian Federation'),(646,'RW','RWA','Rwanda'),(652,'BL','BLM','Saint Barthélemy'),(654,'SH','SHN','Saint Helena'),(659,'KN','KNA','Saint Kitts and Nevis'),(662,'LC','LCA','Saint Lucia'),(663,'MF','MAF','Saint Martin (French part);'),(666,'PM','SPM','Saint Pierre and Miquelon'),(670,'VC','VCT','Saint Vincent and the Grenadines'),(882,'WS','WSM','Samoa'),(674,'SM','SMR','San Marino'),(678,'ST','STP','Sao Tome and Principe'),(682,'SA','SAU','Saudi Arabia'),(686,'SN','SEN','Senegal'),(688,'RS','SRB','Serbia[5]'),(690,'SC','SYC','Seychelles'),(694,'SL','SLE','Sierra Leone'),(702,'SG','SGP','Singapore'),(703,'SK','SVK','Slovakia'),(705,'SI','SVN','Slovenia'),(90,'SB','SLB','Solomon Islands'),(706,'SO','SOM','Somalia'),(710,'ZA','ZAF','South Africa'),(239,'GS','SGS','South Georgia and the South Sandwich Islands'),(724,'ES','ESP','Spain'),(144,'LK','LKA','Sri Lanka'),(736,'SD','SDN','Sudan'),(740,'SR','SUR','Suriname'),(744,'SJ','SJM','Svalbard and Jan Mayen'),(748,'SZ','SWZ','Swaziland'),(752,'SE','SWE','Sweden'),(756,'CH','CHE','Switzerland'),(760,'SY','SYR','Syrian Arab Republic'),(158,'TW','TWN','Taiwan, Province of China'),(762,'TJ','TJK','Tajikistan'),(834,'TZ','TZA','Tanzania, United Republic of'),(764,'TH','THA','Thailand'),(626,'TL','TLS','Timor-Leste'),(768,'TG','TGO','Togo'),(772,'TK','TKL','Tokelau'),(776,'TO','TON','Tonga'),(780,'TT','TTO','Trinidad and Tobago'),(788,'TN','TUN','Tunisia'),(792,'TR','TUR','Turkey'),(795,'TM','TKM','Turkmenistan'),(796,'TC','TCA','Turks and Caicos Islands'),(798,'TV','TUV','Tuvalu'),(800,'UG','UGA','Uganda'),(804,'UA','UKR','Ukraine'),(784,'AE','ARE','United Arab Emirates'),(826,'GB','GBR','United Kingdom'),(840,'US','USA','United States'),(581,'UM','UMI','United States Minor Outlying Islands'),(858,'UY','URY','Uruguay'),(860,'UZ','UZB','Uzbekistan'),(548,'VU','VUT','Vanuatu'),(862,'VE','VEN','Venezuela'),(704,'VN','VNM','Viet Nam'),(92,'VG','VGB','Virgin Islands, British'),(850,'VI','VIR','Virgin Islands, U.S.'),(876,'WF','WLF','Wallis and Futuna'),(732,'EH','ESH','Western Sahara'),(887,'YE','YEM','Yemen'),(894,'ZM','ZMB','Zambia'),(716,'ZW','ZWE','Zimbabwe');
/*!40000 ALTER TABLE `countries` ENABLE KEYS */;
UNLOCK TABLES;

--
-- Table structure for table `courses`
--

DROP TABLE IF EXISTS `courses`;
SET @saved_cs_client     = @@character_set_client;
SET character_set_client = utf8;
CREATE TABLE `courses` (
  `id` int(11) NOT NULL auto_increment,
  `study_program_id` int(11) NOT NULL,
  `name` varchar(100) NOT NULL,
  `semester` int(2) default NULL,
  `year_study` int(4) default NULL,
  `sks` int(11) default '0',
  PRIMARY KEY  (`id`),
  KEY `study_program_id` (`study_program_id`)
) ENGINE=MyISAM AUTO_INCREMENT=301 DEFAULT CHARSET=latin1;
SET character_set_client = @saved_cs_client;

--
-- Dumping data for table `courses`
--

LOCK TABLES `courses` WRITE;
/*!40000 ALTER TABLE `courses` DISABLE KEYS */;
INSERT INTO `courses` VALUES (10,6,'Kewarganegaraan',1,2011,2),(9,6,'Bahasa Indonesia',1,2011,2),(8,6,'Agama Islam',1,2011,2),(11,6,'Bahasa Inggris 1',1,2011,2),(12,6,'Sistem Informatika',1,2011,3),(13,6,'Pengantar Keilmuan',1,2011,2),(14,6,'Pengantar Ilmu Grafika',1,2011,2),(15,6,'Pengantar Ilmu Penerbitan',1,2011,2),(16,6,'Penulisan 1',1,2011,3),(17,6,'Bahasa Indonesia Komposisi',2,2011,2),(18,6,'Bahasa Inggris Pernaskahan',2,2011,2),(19,6,'Sastra',2,2011,2),(20,6,'Manajemen Penerbitan',2,2011,2),(21,6,'Dasar Fotografi',2,2011,3),(22,6,'Digital Grafis (Photoshop)',2,2011,3),(23,6,'Dasar-Dasar Editing',2,2011,3),(24,6,'Penulisan Perekaman Realitas',2,2011,3),(25,6,'Bahasa Indonesia 3',3,2011,2),(26,6,'Bahasa Inggris 3',3,2011,2),(27,6,'Komunikasi Penerbitan',3,2011,3),(28,6,'Fotografi Penerbitan',3,2011,3),(29,6,'Manajemen Editorial',3,2011,2),(30,6,'Digital Grafis',3,2011,3),(31,6,'Editing',3,2011,3),(32,6,'Penulisan 3',3,2011,3),(33,6,'Bahasa Indonesia Penerbitan',4,2011,2),(34,6,'Bahasa Inggris Penerbitan',4,2011,2),(35,6,'Pemasaran Penerbitan',4,2011,3),(36,6,'Kewirausahaan',4,2011,3),(37,6,'Kalkulasi Penerbitan',4,2011,3),(38,6,'Digital Grafis ( InCopy )',4,2011,3),(39,6,'Penyuntingan Isi',4,2011,3),(40,6,'Sistimatika Penulisan',4,2011,3),(41,6,'Desain Media',5,2011,3),(42,6,'Kewirausahaan',5,2011,3),(43,6,'Pemasaran Penerbitan Terpadu',5,2011,3),(44,6,'Teknik Penulisan Laporan',5,2011,2),(46,6,'Penulisan 5',5,2011,3),(47,6,'Produksi Penerbitan',5,2011,3),(48,6,'Praktik Industri',6,2011,4),(49,6,'Tugas Akhir',6,2011,6),(50,7,'Pendidikan Agama',1,2011,2),(51,7,'Bahasa Indonesia',1,2011,2),(52,7,'Kewarganegaraan',1,2011,2),(53,7,'Bahasa Inggris 1',1,2011,2),(54,7,'Menggambar Bentuk 1',1,2011,2),(55,7,'Sejarah Komunikasi Visual',1,2011,2),(56,7,'Bentuk dan Warna',1,2011,3),(57,7,'Pengantar Tipografi',1,2011,2),(58,7,'Media Digital Grafis 1',1,2011,2),(59,7,'Merencana 1',1,2011,3),(60,7,'Bahasa Inggris II',2,2011,2),(61,7,'Sejarah Design',2,2011,2),(62,7,'Produksi Cetak I',2,2011,2),(63,7,'Fotografi',2,2011,2),(64,7,'Menggambar Bentuk II',2,2011,2),(65,7,'Kreativitas',2,2011,2),(66,7,'Manajemen Tipografi I',2,2011,2),(67,7,'Media Digital Grafis II',2,2011,3),(68,7,'Merencana II (Identitas Visual)',2,2011,5),(69,7,'Bahasa Inggris 3',3,2011,2),(70,7,'Teknik Pemasaran',3,2011,2),(71,7,'Fotografi Desain',3,2011,2),(72,7,'Produksi Cetak ',3,2011,2),(73,7,'Ilustrasi Editorial',3,2011,2),(74,7,'Kewirausahaan 1',3,2011,2),(75,7,'Media Digital Grafis 3',3,2011,3),(76,7,'Merencana 3',3,2011,5),(77,7,'Bahasa Inggris IV',4,2011,2),(78,7,'Entrepreneurship Desain I',4,2011,2),(79,7,'Pemasaran Terpadu',4,2011,2),(80,7,'Analisis Budaya Visual',4,2011,2),(81,7,'Manajemen Bisnis I',4,2011,2),(82,7,'Desain Merk dan Kemasan',4,2011,2),(83,7,'Media Digital Grafis IV',4,2011,3),(84,7,'Merencana IV (Desain Periklanan)',4,2011,5),(85,7,'Entrepreneurship Desain II',5,2011,2),(86,7,'Perencanaan Kreatif Periklanan',5,2011,2),(87,7,'Teknik Presentasi',5,2011,3),(88,7,'Manajemen Bisnis ',5,2011,2),(89,7,'Media Digital Grafis 5',5,2011,4),(90,7,'Merencana 5',5,2011,5),(91,7,'Praktik Industri',6,2011,4),(92,7,'Presentasi Akhir',6,2011,6),(93,10,'Kewarganegaraan',1,2011,2),(94,10,'Bahasa Inggris ',1,2011,2),(95,10,'Pengantar Komunikasi',1,2011,2),(96,10,'Pengantar Periklanan',1,2011,2),(97,10,'Dasar-Dasar Pemasaran',1,2011,3),(98,10,'Fotografi Dasar',1,2011,2),(99,10,'Pengantar Media',1,2011,2),(101,10,'Illustrasi',1,2011,2),(102,10,'Pendidikan Agama',2,2011,2),(103,10,'Bahasa Indonesia',2,2011,2),(104,10,'Riset Pemasaran dan Periklanan',2,2011,2),(105,10,'Komunikasi Massa',2,2011,2),(106,10,'Produksi Iklan Media Cetak',2,2011,3),(107,10,'Komputer Grafis II',2,2011,3),(108,10,'Bahasa Inggris Periklanan II',2,2011,2),(109,10,'Account Executive Management',2,2011,2),(110,10,'Fotografi Iklan',2,2011,2),(111,10,'Bahasa Inggris 3',3,2011,2),(112,10,'Komunikasi Periklanan',3,2011,2),(113,10,'Perilaku Konsumen',3,2011,3),(114,10,'Strategi Pemasaran',3,2011,3),(115,10,'Animasi 3D',3,2011,2),(116,10,'Integrated Marketing Com 1',3,2011,2),(117,10,'Copy Writing',3,2011,2),(118,10,'Produksi Iklan Media ',3,2011,3),(119,10,'Pengantar Public Relations',4,2011,3),(120,10,'Brand Building Management',4,2011,3),(121,10,'Tipografi',4,2011,2),(122,10,'Multimedia',4,2011,3),(123,10,'Produksi Iklan Radio',4,2011,3),(124,10,'Manajemen Media Iklan',4,2011,3),(125,10,'Bahasa Inggris Periklanan IV',4,2011,2),(126,10,'Strategi Kreatif',4,2011,3),(127,10,'Integrated Marketing Com II',5,2011,3),(128,10,'Produksi Iklan TV',5,2011,3),(129,10,'Strategi Media Periklanan',5,2011,3),(130,10,'Bahasa Inggris Periklanan V',5,2011,3),(131,10,'Web Desain',5,2011,3),(132,10,'Konsep Kreatif',5,2011,3),(133,10,'Praktik Industri',6,2011,3),(134,10,'Tugas Karya Akhir (TKA)',6,2011,6),(135,5,'Pendidikan Agama',1,2011,2),(136,5,'Bahasa Indonesia',1,2011,2),(137,5,'Kewarganegaraan',1,2011,2),(138,5,'Bahasa Inggris 1',1,2011,2),(139,5,'Matematika Terapan',1,2011,2),(140,5,'Fisika Terapan',1,2011,2),(141,5,'Pengantar Ilmu Grafika',1,2011,3),(142,5,'Pengetahuan Warna',1,2011,2),(143,5,'Teknik Cetak',1,2011,4),(144,5,'Bahasa Inggris II',2,2011,2),(145,5,'Aplikasi Komputer',2,2011,2),(146,5,'Fisika Terapan',2,2011,2),(147,5,'Kimia Terapan',2,2011,2),(148,5,'Colorymetri',2,2011,2),(149,5,'Komunikasi Grafika',2,2011,2),(150,5,'Statistik',2,2011,2),(151,5,'Peng. Ilmu Bahan Grafika',2,2011,3),(152,5,'Cetak Ofset I',2,2011,5),(153,5,'Bahasa Inggris 3',3,2011,2),(154,5,'Estimasi/Kalkulasi',3,2011,2),(155,5,'Color Management',3,2011,3),(156,5,'Aplikasi Komputer 2',3,2011,2),(157,5,'Pra Cetak',3,2011,3),(158,5,'Psikologi Industri',3,2011,2),(159,5,'Pengujian Bahan Grafika',3,2011,2),(160,5,'Cetak Ofset II',3,2011,3),(161,5,'Bahasa Inggris IV',4,2011,2),(162,5,'Kewirausahaan',4,2011,2),(163,5,'Psikologi Industri',4,2011,2),(164,5,'Estimasi',4,2011,2),(165,5,'Pra Cetak',4,2011,4),(166,5,'Sistem Produksi',4,2011,3),(167,5,'Manajemen Produksi',4,2011,3),(168,5,'Cetak Ofset III',4,2011,4),(169,5,'Kewirausahaan 3',5,2011,3),(170,5,'Teknik Penulisan',5,2011,2),(171,5,'Quality Control',5,2011,2),(172,5,'Cetak Ofset dan Cetak Web',5,2011,5),(173,5,'Pasca Cetak II',5,2011,5),(174,5,'Manajemen Produksi 2',5,2011,3),(175,5,'Praktik Industri',6,2011,4),(176,5,'Tugas Akhir',6,2011,6),(177,8,'Pendidikan Agama',1,2011,2),(178,8,'Bahasa Indonesia',1,2011,2),(179,8,'Kewarganegaraan',1,2011,2),(180,8,'Bahasa Inggris 1',1,2011,2),(181,8,'Matematika Dasar',1,2011,2),(182,8,'Fisika Dasar',1,2011,3),(183,8,'Teknologi Kertas',1,2011,3),(184,8,'Pengetahuan Plastis',1,2011,3),(185,8,'Pengantar Ilmu Kemasan',1,2011,3),(186,8,'Bahasa Inggris II',2,2011,2),(187,8,'Aplikasi Komputer',2,2011,2),(188,8,'Desain Kemasan',2,2011,2),(189,8,'Kimia Organik',2,2011,2),(190,8,'Pengetahuan Warna',2,2011,2),(191,8,'Kalkulasi Teknik Kemasan',2,2011,3),(192,8,'Ekonomi Industri',2,2011,2),(193,8,'Peng.Bahan Grafika',2,2011,3),(194,8,'TD.Pengelolaan Plastik',2,2011,3),(195,8,'Bahasa Inggris 3',3,2011,2),(196,8,'Pengujian Bahan dan Produk Kemasan',3,2011,2),(197,8,'Teknologi Pangan',3,2011,3),(198,8,'Kewirausahaan',3,2011,2),(199,8,'Desain Kemasan ',3,2011,3),(200,8,'Aplikasi Komputer 2',3,2011,2),(201,8,'Manajemen Produksi',3,2011,2),(204,8,'Bahasa Inggris IV',4,2011,2),(205,8,'Kewirausahaan',4,2011,3),(206,8,'Psikologi Industri Kemasan',4,2011,3),(207,8,'Sistem Produksi Kemasan',4,2011,3),(208,8,'Teknik Prosentasi',4,2011,3),(209,8,'Cetak Kemasan II',4,2011,3),(210,8,'Pasca Cetak Kemasan I',4,2011,3),(211,8,'Kewirausahaan',5,2011,3),(212,8,'K3 dan Lingkungan',5,2011,3),(213,8,'Marketing',5,2011,3),(214,8,'Total Quality Management (TQM)',5,2011,3),(215,8,'Cetak Kemasan III',5,2011,3),(216,8,'Pasca Cetak Kemasan II',5,2011,3),(217,8,'Praktek Industri',6,2011,4),(218,8,'Tugas Akhir',6,2011,6),(219,9,'Bahasa Indonesia',1,2011,2),(220,9,'Bahasa Inggris I',1,2011,2),(221,9,'Kewarganegaraan',1,2011,2),(222,9,'Pendidikan Agama Islam',1,2011,2),(223,9,'Tata Cahaya I',1,2011,2),(224,9,'Media Cetak',1,2011,2),(225,9,'Foto Komposisi ',1,2011,2),(226,9,'Nirmana',1,2011,2),(227,9,'Fotografi Dasar',1,2011,2),(228,9,'Fotografi Digital',1,2011,3),(229,9,'Penulisan Naskah',2,2011,2),(230,9,'Bahasa Inggris II',2,2011,2),(231,9,'Teori Komunikasi Visual',2,2011,2),(232,9,'Humaniora',2,2011,2),(233,9,'Tata Cahaya II',2,2011,2),(234,9,'Pengantar Penerbitan',2,2011,2),(235,9,'Tata Artistik',2,2011,2),(236,9,'Foto Publikasi 1 (Jurnalis)',2,2011,2),(237,9,'Olah Foto Digital',2,2011,2),(238,9,'Fotografi \"People\"',2,2011,3),(239,9,'Bahasa Inggris 3',3,2011,2),(240,9,'Pictorial Editing',3,2011,2),(241,9,'Konsep Budaya (Lokal)',3,2011,2),(242,9,'estetika Terapan',3,2011,2),(243,9,'Tehnik Presentasi',3,2011,2),(244,9,'Kewirausahaan ',3,2011,2),(245,9,'Media On-line',3,2011,2),(246,9,'Foto Publikasi 2 (Jurnalis)',3,2011,2),(247,9,'Digital Imaging',3,2011,2),(248,9,'Fotografi Produk',3,2011,3),(249,9,'Bahasa Inggris IV',4,2011,2),(250,9,'Proses Kreatif',4,2011,2),(251,9,'Kewirausahaan 2',4,2011,2),(252,9,'Fotografi Seni 1',4,2011,2),(253,9,'Konsep Budaya 2',4,2011,2),(254,9,'Media Videografi 1',4,2011,2),(255,9,'Pemasaran Fotografi 1',4,2011,2),(256,9,'Digital Imaging 2',4,2011,3),(257,9,'Fotografi Lansekap&Arsitektur',4,2011,3),(258,9,'Pemasaran Fotografi 2',5,2011,2),(259,9,'Manajemen Fotografi',5,2011,2),(260,9,'Etika Profesi',5,2011,2),(261,9,'Media Videografi 2',5,2011,2),(262,9,'Kritik Foto',5,2011,2),(263,9,'Fotografi Seni 2',5,2011,2),(264,9,'Efek Khusus Fotografi',5,2011,2),(265,9,'Fotografi Komersial',5,2011,2),(266,9,'Fotografi Lansekap&Arsitektur',5,2011,3),(267,9,'Tugas Akhir',6,2011,4),(268,9,'Praktik Industri',6,2011,6),(269,11,'Produk Audio Video 1',1,2011,2),(270,11,'Kewarganegaraan',1,2011,2),(271,11,'Bahasa Indonesia',1,2011,2),(272,11,'Produk Animasi 1',1,2011,3),(275,11,'Permodelan Dasar(3D)',1,2011,4),(274,11,'Dasar-Dasar Animasi',1,2011,2),(276,11,'Menggambar 1',1,2011,4),(277,11,'Komputer Grafis 1',1,2011,3),(279,12,'Kewarganegaraan',1,2011,2),(280,12,'Bahasa Indonesia',1,2011,2),(281,12,'Media Digital Grafis 1',1,2011,3),(282,12,'Java Programming',1,2011,3),(283,12,'Bahasa Inggris 1',1,2011,2),(284,12,'Desain Tipografi',1,2011,2),(285,12,'Pengantar Teknologi Multimedia',1,2011,3),(286,12,'Creative Illustration',1,2011,2),(287,12,'Nirmana',1,2011,2),(289,10,'Media Digital Grafis 1',1,2011,3),(290,11,'Bahasa Inggris 1',1,2011,2),(291,6,'Pictorial Editing',5,2011,3),(293,7,'Infografik',5,2011,2),(295,6,'Agama Kristen',1,2011,2),(296,6,'Kewirausahaan',3,2011,2),(297,7,'Desain Media dan Pamer Pajang',5,2011,2),(298,5,'Kewirausahaan',3,2011,2),(299,9,'Pendidikan Agama Kristen',1,2011,2),(300,11,'Merencana Animasi 1',1,2011,2);
/*!40000 ALTER TABLE `courses` ENABLE KEYS */;
UNLOCK TABLES;

--
-- Table structure for table `dupaks`
--

DROP TABLE IF EXISTS `dupaks`;
SET @saved_cs_client     = @@character_set_client;
SET character_set_client = utf8;
CREATE TABLE `dupaks` (
  `id` int(11) NOT NULL auto_increment,
  `dupak_year` varchar(4) NOT NULL,
  `dupak_date` date NOT NULL,
  `profile_karpeg` varchar(20) NOT NULL,
  `profile_pob` varchar(100) NOT NULL,
  `profile_dob` date NOT NULL,
  `profile_gender` char(1) NOT NULL,
  `profile_education` varchar(50) NOT NULL,
  `profile_category` varchar(50) NOT NULL,
  `profile_position` varchar(50) NOT NULL,
  `profile_faculty` varchar(50) NOT NULL,
  `profile_duration_cat` varchar(20) NOT NULL,
  `profile_duration_pos` varchar(20) NOT NULL,
  `profile_unit_code` varchar(50) default NULL,
  `s_2_A_a_1` decimal(10,2) NOT NULL default '0.00',
  `s_2_A_a_2` decimal(10,2) NOT NULL default '0.00',
  `s_2_A_a_3` decimal(10,2) NOT NULL default '0.00',
  `s_2_A_a_4` decimal(10,2) NOT NULL default '0.00',
  `s_2_A_a_5` decimal(10,2) NOT NULL default '0.00',
  `s_2_A_a_6` decimal(10,2) NOT NULL default '0.00',
  `s_2_A_b_1` decimal(10,2) NOT NULL default '0.00',
  `s_2_A_b_2` decimal(10,2) NOT NULL default '0.00',
  `s_2_A_b_3` decimal(10,2) NOT NULL default '0.00',
  `s_2_A_b_4` decimal(10,2) NOT NULL default '0.00',
  `s_2_A_b_5` decimal(10,2) NOT NULL default '0.00',
  `s_2_A_b_6` decimal(10,2) NOT NULL default '0.00',
  `s_2_A_c_1` decimal(10,2) NOT NULL default '0.00',
  `s_2_A_c_2` decimal(10,2) NOT NULL default '0.00',
  `s_2_A_c_3` decimal(10,2) NOT NULL default '0.00',
  `s_2_A_c_4` decimal(10,2) NOT NULL default '0.00',
  `s_2_A_c_5` decimal(10,2) NOT NULL default '0.00',
  `s_2_A_c_6` decimal(10,2) NOT NULL default '0.00',
  `s_2_A_sub_1` decimal(10,2) NOT NULL default '0.00',
  `s_2_A_sub_2` decimal(10,2) NOT NULL default '0.00',
  `s_2_A_sub_3` decimal(10,2) NOT NULL default '0.00',
  `s_2_A_sub_4` decimal(10,2) NOT NULL default '0.00',
  `s_2_A_sub_5` decimal(10,2) NOT NULL default '0.00',
  `s_2_A_sub_6` decimal(10,2) NOT NULL default '0.00',
  `s_2_B_a_1_1` decimal(10,2) NOT NULL default '0.00',
  `s_2_B_a_1_2` decimal(10,2) NOT NULL default '0.00',
  `s_2_B_a_1_3` decimal(10,2) NOT NULL default '0.00',
  `s_2_B_a_1_4` decimal(10,2) NOT NULL default '0.00',
  `s_2_B_a_1_5` decimal(10,2) NOT NULL default '0.00',
  `s_2_B_a_1_6` decimal(10,2) NOT NULL default '0.00',
  `s_2_B_a_2_1` decimal(10,2) NOT NULL default '0.00',
  `s_2_B_a_2_2` decimal(10,2) NOT NULL default '0.00',
  `s_2_B_a_2_3` decimal(10,2) NOT NULL default '0.00',
  `s_2_B_a_2_4` decimal(10,2) NOT NULL default '0.00',
  `s_2_B_a_2_5` decimal(10,2) NOT NULL default '0.00',
  `s_2_B_a_2_6` decimal(10,2) NOT NULL default '0.00',
  `s_2_B_a_3_1` decimal(10,2) NOT NULL default '0.00',
  `s_2_B_a_3_2` decimal(10,2) NOT NULL default '0.00',
  `s_2_B_a_3_3` decimal(10,2) NOT NULL default '0.00',
  `s_2_B_a_3_4` decimal(10,2) NOT NULL default '0.00',
  `s_2_B_a_3_5` decimal(10,2) NOT NULL default '0.00',
  `s_2_B_a_3_6` decimal(10,2) NOT NULL default '0.00',
  `s_2_B_a_4_1` decimal(10,2) NOT NULL default '0.00',
  `s_2_B_a_4_2` decimal(10,2) NOT NULL default '0.00',
  `s_2_B_a_4_3` decimal(10,2) NOT NULL default '0.00',
  `s_2_B_a_4_4` decimal(10,2) NOT NULL default '0.00',
  `s_2_B_a_4_5` decimal(10,2) NOT NULL default '0.00',
  `s_2_B_a_4_6` decimal(10,2) NOT NULL default '0.00',
  `s_2_B_a_5_1` decimal(10,2) NOT NULL default '0.00',
  `s_2_B_a_5_2` decimal(10,2) NOT NULL default '0.00',
  `s_2_B_a_5_3` decimal(10,2) NOT NULL default '0.00',
  `s_2_B_a_5_4` decimal(10,2) NOT NULL default '0.00',
  `s_2_B_a_5_5` decimal(10,2) NOT NULL default '0.00',
  `s_2_B_a_5_6` decimal(10,2) NOT NULL default '0.00',
  `s_2_B_a_6_1` decimal(10,2) NOT NULL default '0.00',
  `s_2_B_a_6_2` decimal(10,2) NOT NULL default '0.00',
  `s_2_B_a_6_3` decimal(10,2) NOT NULL default '0.00',
  `s_2_B_a_6_4` decimal(10,2) NOT NULL default '0.00',
  `s_2_B_a_6_5` decimal(10,2) NOT NULL default '0.00',
  `s_2_B_a_6_6` decimal(10,2) NOT NULL default '0.00',
  `s_2_B_a_7_1` decimal(10,2) NOT NULL default '0.00',
  `s_2_B_a_7_2` decimal(10,2) NOT NULL default '0.00',
  `s_2_B_a_7_3` decimal(10,2) NOT NULL default '0.00',
  `s_2_B_a_7_4` decimal(10,2) NOT NULL default '0.00',
  `s_2_B_a_7_5` decimal(10,2) NOT NULL default '0.00',
  `s_2_B_a_7_6` decimal(10,2) NOT NULL default '0.00',
  `s_2_B_a_8_1` decimal(10,2) NOT NULL default '0.00',
  `s_2_B_a_8_2` decimal(10,2) NOT NULL default '0.00',
  `s_2_B_a_8_3` decimal(10,2) NOT NULL default '0.00',
  `s_2_B_a_8_4` decimal(10,2) NOT NULL default '0.00',
  `s_2_B_a_8_5` decimal(10,2) NOT NULL default '0.00',
  `s_2_B_a_8_6` decimal(10,2) NOT NULL default '0.00',
  `s_2_B_a_9_1` decimal(10,2) NOT NULL default '0.00',
  `s_2_B_a_9_2` decimal(10,2) NOT NULL default '0.00',
  `s_2_B_a_9_3` decimal(10,2) NOT NULL default '0.00',
  `s_2_B_a_9_4` decimal(10,2) NOT NULL default '0.00',
  `s_2_B_a_9_5` decimal(10,2) NOT NULL default '0.00',
  `s_2_B_a_9_6` decimal(10,2) NOT NULL default '0.00',
  `s_2_B_a_10_1` decimal(10,2) NOT NULL default '0.00',
  `s_2_B_a_10_2` decimal(10,2) NOT NULL default '0.00',
  `s_2_B_a_10_3` decimal(10,2) NOT NULL default '0.00',
  `s_2_B_a_10_4` decimal(10,2) NOT NULL default '0.00',
  `s_2_B_a_10_5` decimal(10,2) NOT NULL default '0.00',
  `s_2_B_a_10_6` decimal(10,2) NOT NULL default '0.00',
  `s_2_B_a_11_1` decimal(10,2) NOT NULL default '0.00',
  `s_2_B_a_11_2` decimal(10,2) NOT NULL default '0.00',
  `s_2_B_a_11_3` decimal(10,2) NOT NULL default '0.00',
  `s_2_B_a_11_4` decimal(10,2) NOT NULL default '0.00',
  `s_2_B_a_11_5` decimal(10,2) NOT NULL default '0.00',
  `s_2_B_a_11_6` decimal(10,2) NOT NULL default '0.00',
  `s_2_B_a_12_1` decimal(10,2) NOT NULL default '0.00',
  `s_2_B_a_12_2` decimal(10,2) NOT NULL default '0.00',
  `s_2_B_a_12_3` decimal(10,2) NOT NULL default '0.00',
  `s_2_B_a_12_4` decimal(10,2) NOT NULL default '0.00',
  `s_2_B_a_12_5` decimal(10,2) NOT NULL default '0.00',
  `s_2_B_a_12_6` decimal(10,2) NOT NULL default '0.00',
  `s_2_B_a_sub_1` decimal(10,2) NOT NULL default '0.00',
  `s_2_B_a_sub_2` decimal(10,2) NOT NULL default '0.00',
  `s_2_B_a_sub_3` decimal(10,2) NOT NULL default '0.00',
  `s_2_B_a_sub_4` decimal(10,2) NOT NULL default '0.00',
  `s_2_B_a_sub_5` decimal(10,2) NOT NULL default '0.00',
  `s_2_B_a_sub_6` decimal(10,2) NOT NULL default '0.00',
  `s_2_B_b_1_1` decimal(10,2) NOT NULL default '0.00',
  `s_2_B_b_1_2` decimal(10,2) NOT NULL default '0.00',
  `s_2_B_b_1_3` decimal(10,2) NOT NULL default '0.00',
  `s_2_B_b_1_4` decimal(10,2) NOT NULL default '0.00',
  `s_2_B_b_1_5` decimal(10,2) NOT NULL default '0.00',
  `s_2_B_b_1_6` decimal(10,2) NOT NULL default '0.00',
  `s_2_B_b_2_1` decimal(10,2) NOT NULL default '0.00',
  `s_2_B_b_2_2` decimal(10,2) NOT NULL default '0.00',
  `s_2_B_b_2_3` decimal(10,2) NOT NULL default '0.00',
  `s_2_B_b_2_4` decimal(10,2) NOT NULL default '0.00',
  `s_2_B_b_2_5` decimal(10,2) NOT NULL default '0.00',
  `s_2_B_b_2_6` decimal(10,2) NOT NULL default '0.00',
  `s_2_B_b_3_1` decimal(10,2) NOT NULL default '0.00',
  `s_2_B_b_3_2` decimal(10,2) NOT NULL default '0.00',
  `s_2_B_b_3_3` decimal(10,2) NOT NULL default '0.00',
  `s_2_B_b_3_4` decimal(10,2) NOT NULL default '0.00',
  `s_2_B_b_3_5` decimal(10,2) NOT NULL default '0.00',
  `s_2_B_b_3_6` decimal(10,2) NOT NULL default '0.00',
  `s_2_B_b_4_1` decimal(10,2) NOT NULL default '0.00',
  `s_2_B_b_4_2` decimal(10,2) NOT NULL default '0.00',
  `s_2_B_b_4_3` decimal(10,2) NOT NULL default '0.00',
  `s_2_B_b_4_4` decimal(10,2) NOT NULL default '0.00',
  `s_2_B_b_4_5` decimal(10,2) NOT NULL default '0.00',
  `s_2_B_b_4_6` decimal(10,2) NOT NULL default '0.00',
  `s_2_B_b_5_1` decimal(10,2) NOT NULL default '0.00',
  `s_2_B_b_5_2` decimal(10,2) NOT NULL default '0.00',
  `s_2_B_b_5_3` decimal(10,2) NOT NULL default '0.00',
  `s_2_B_b_5_4` decimal(10,2) NOT NULL default '0.00',
  `s_2_B_b_5_5` decimal(10,2) NOT NULL default '0.00',
  `s_2_B_b_5_6` decimal(10,2) NOT NULL default '0.00',
  `s_2_B_b_sub_1` decimal(10,2) NOT NULL default '0.00',
  `s_2_B_b_sub_2` decimal(10,2) NOT NULL default '0.00',
  `s_2_B_b_sub_3` decimal(10,2) NOT NULL default '0.00',
  `s_2_B_b_sub_4` decimal(10,2) NOT NULL default '0.00',
  `s_2_B_b_sub_5` decimal(10,2) NOT NULL default '0.00',
  `s_2_B_b_sub_6` decimal(10,2) NOT NULL default '0.00',
  `s_2_B_c_1_1` decimal(10,2) NOT NULL default '0.00',
  `s_2_B_c_1_2` decimal(10,2) NOT NULL default '0.00',
  `s_2_B_c_1_3` decimal(10,2) NOT NULL default '0.00',
  `s_2_B_c_1_4` decimal(10,2) NOT NULL default '0.00',
  `s_2_B_c_1_5` decimal(10,2) NOT NULL default '0.00',
  `s_2_B_c_1_6` decimal(10,2) NOT NULL default '0.00',
  `s_2_B_c_2_1` decimal(10,2) NOT NULL default '0.00',
  `s_2_B_c_2_2` decimal(10,2) NOT NULL default '0.00',
  `s_2_B_c_2_3` decimal(10,2) NOT NULL default '0.00',
  `s_2_B_c_2_4` decimal(10,2) NOT NULL default '0.00',
  `s_2_B_c_2_5` decimal(10,2) NOT NULL default '0.00',
  `s_2_B_c_2_6` decimal(10,2) NOT NULL default '0.00',
  `s_2_B_c_3_1` decimal(10,2) NOT NULL default '0.00',
  `s_2_B_c_3_2` decimal(10,2) NOT NULL default '0.00',
  `s_2_B_c_3_3` decimal(10,2) NOT NULL default '0.00',
  `s_2_B_c_3_4` decimal(10,2) NOT NULL default '0.00',
  `s_2_B_c_3_5` decimal(10,2) NOT NULL default '0.00',
  `s_2_B_c_3_6` decimal(10,2) NOT NULL default '0.00',
  `s_2_B_c_4_1` decimal(10,2) NOT NULL default '0.00',
  `s_2_B_c_4_2` decimal(10,2) NOT NULL default '0.00',
  `s_2_B_c_4_3` decimal(10,2) NOT NULL default '0.00',
  `s_2_B_c_4_4` decimal(10,2) NOT NULL default '0.00',
  `s_2_B_c_4_5` decimal(10,2) NOT NULL default '0.00',
  `s_2_B_c_4_6` decimal(10,2) NOT NULL default '0.00',
  `s_2_B_c_5_1` decimal(10,2) NOT NULL default '0.00',
  `s_2_B_c_5_2` decimal(10,2) NOT NULL default '0.00',
  `s_2_B_c_5_3` decimal(10,2) NOT NULL default '0.00',
  `s_2_B_c_5_4` decimal(10,2) NOT NULL default '0.00',
  `s_2_B_c_5_5` decimal(10,2) NOT NULL default '0.00',
  `s_2_B_c_5_6` decimal(10,2) NOT NULL default '0.00',
  `s_2_B_c_sub_1` decimal(10,2) NOT NULL default '0.00',
  `s_2_B_c_sub_2` decimal(10,2) NOT NULL default '0.00',
  `s_2_B_c_sub_3` decimal(10,2) NOT NULL default '0.00',
  `s_2_B_c_sub_4` decimal(10,2) NOT NULL default '0.00',
  `s_2_B_c_sub_5` decimal(10,2) NOT NULL default '0.00',
  `s_2_B_c_sub_6` decimal(10,2) NOT NULL default '0.00',
  `s_2_2_1_1` decimal(10,2) NOT NULL default '0.00',
  `s_2_2_1_2` decimal(10,2) NOT NULL default '0.00',
  `s_2_2_1_3` decimal(10,2) NOT NULL default '0.00',
  `s_2_2_1_4` decimal(10,2) NOT NULL default '0.00',
  `s_2_2_1_5` decimal(10,2) NOT NULL default '0.00',
  `s_2_2_1_6` decimal(10,2) NOT NULL default '0.00',
  `s_2_2_2_1` decimal(10,2) NOT NULL default '0.00',
  `s_2_2_2_2` decimal(10,2) NOT NULL default '0.00',
  `s_2_2_2_3` decimal(10,2) NOT NULL default '0.00',
  `s_2_2_2_4` decimal(10,2) NOT NULL default '0.00',
  `s_2_2_2_5` decimal(10,2) NOT NULL default '0.00',
  `s_2_2_2_6` decimal(10,2) NOT NULL default '0.00',
  `s_2_2_3_1` decimal(10,2) NOT NULL default '0.00',
  `s_2_2_3_2` decimal(10,2) NOT NULL default '0.00',
  `s_2_2_3_3` decimal(10,2) NOT NULL default '0.00',
  `s_2_2_3_4` decimal(10,2) NOT NULL default '0.00',
  `s_2_2_3_5` decimal(10,2) NOT NULL default '0.00',
  `s_2_2_3_6` decimal(10,2) NOT NULL default '0.00',
  `s_2_2_4_1` decimal(10,2) NOT NULL default '0.00',
  `s_2_2_4_2` decimal(10,2) NOT NULL default '0.00',
  `s_2_2_4_3` decimal(10,2) NOT NULL default '0.00',
  `s_2_2_4_4` decimal(10,2) NOT NULL default '0.00',
  `s_2_2_4_5` decimal(10,2) NOT NULL default '0.00',
  `s_2_2_4_6` decimal(10,2) NOT NULL default '0.00',
  `s_2_2_5_1` decimal(10,2) NOT NULL default '0.00',
  `s_2_2_5_2` decimal(10,2) NOT NULL default '0.00',
  `s_2_2_5_3` decimal(10,2) NOT NULL default '0.00',
  `s_2_2_5_4` decimal(10,2) NOT NULL default '0.00',
  `s_2_2_5_5` decimal(10,2) NOT NULL default '0.00',
  `s_2_2_5_6` decimal(10,2) NOT NULL default '0.00',
  `s_2_2_6_1` decimal(10,2) NOT NULL default '0.00',
  `s_2_2_6_2` decimal(10,2) NOT NULL default '0.00',
  `s_2_2_6_3` decimal(10,2) NOT NULL default '0.00',
  `s_2_2_6_4` decimal(10,2) NOT NULL default '0.00',
  `s_2_2_6_5` decimal(10,2) NOT NULL default '0.00',
  `s_2_2_6_6` decimal(10,2) NOT NULL default '0.00',
  `s_2_2_7_1` decimal(10,2) NOT NULL default '0.00',
  `s_2_2_7_2` decimal(10,2) NOT NULL default '0.00',
  `s_2_2_7_3` decimal(10,2) NOT NULL default '0.00',
  `s_2_2_7_4` decimal(10,2) NOT NULL default '0.00',
  `s_2_2_7_5` decimal(10,2) NOT NULL default '0.00',
  `s_2_2_7_6` decimal(10,2) NOT NULL default '0.00',
  `s_2_2_8_1` decimal(10,2) NOT NULL default '0.00',
  `s_2_2_8_2` decimal(10,2) NOT NULL default '0.00',
  `s_2_2_8_3` decimal(10,2) NOT NULL default '0.00',
  `s_2_2_8_4` decimal(10,2) NOT NULL default '0.00',
  `s_2_2_8_5` decimal(10,2) NOT NULL default '0.00',
  `s_2_2_8_6` decimal(10,2) NOT NULL default '0.00',
  `s_2_2_9_1` decimal(10,2) NOT NULL default '0.00',
  `s_2_2_9_2` decimal(10,2) NOT NULL default '0.00',
  `s_2_2_9_3` decimal(10,2) NOT NULL default '0.00',
  `s_2_2_9_4` decimal(10,2) NOT NULL default '0.00',
  `s_2_2_9_5` decimal(10,2) NOT NULL default '0.00',
  `s_2_2_9_6` decimal(10,2) NOT NULL default '0.00',
  `s_2_2_sub_1` decimal(10,2) NOT NULL default '0.00',
  `s_2_2_sub_2` decimal(10,2) NOT NULL default '0.00',
  `s_2_2_sub_3` decimal(10,2) NOT NULL default '0.00',
  `s_2_2_sub_4` decimal(10,2) NOT NULL default '0.00',
  `s_2_2_sub_5` decimal(10,2) NOT NULL default '0.00',
  `s_2_2_sub_6` decimal(10,2) NOT NULL default '0.00',
  `sub_1` decimal(10,2) NOT NULL default '0.00',
  `sub_2` decimal(10,2) NOT NULL default '0.00',
  `sub_3` decimal(10,2) NOT NULL default '0.00',
  `sub_4` decimal(10,2) NOT NULL default '0.00',
  `sub_5` decimal(10,2) NOT NULL default '0.00',
  `sub_6` decimal(10,2) NOT NULL default '0.00',
  `created` datetime NOT NULL,
  `created_by` int(11) NOT NULL,
  PRIMARY KEY  (`id`),
  KEY `created_by` (`created_by`)
) ENGINE=MyISAM AUTO_INCREMENT=12 DEFAULT CHARSET=latin1;
SET character_set_client = @saved_cs_client;

--
-- Dumping data for table `dupaks`
--

LOCK TABLES `dupaks` WRITE;
/*!40000 ALTER TABLE `dupaks` DISABLE KEYS */;
INSERT INTO `dupaks` VALUES (6,'2010','2010-10-27','','','2000-10-27','F','','','','','','','','0.00','0.00','0.00','0.00','0.00','0.00','0.00','0.00','0.00','0.00','0.00','0.00','0.00','0.00','0.00','0.00','0.00','0.00','0.00','0.00','0.00','0.00','0.00','0.00','0.00','0.00','0.00','0.00','0.00','0.00','0.00','0.00','0.00','0.00','0.00','0.00','0.00','0.00','0.00','0.00','0.00','0.00','0.00','0.00','0.00','0.00','0.00','0.00','0.00','0.00','0.00','0.00','0.00','0.00','0.00','0.00','0.00','0.00','0.00','0.00','0.00','0.00','0.00','0.00','0.00','0.00','0.00','0.00','0.00','0.00','0.00','0.00','0.00','0.00','0.00','0.00','0.00','0.00','0.00','0.00','0.00','0.00','0.00','0.00','0.00','0.00','0.00','0.00','0.00','0.00','0.00','0.00','0.00','0.00','0.00','0.00','0.00','0.00','0.00','0.00','0.00','0.00','0.00','0.00','0.00','0.00','0.00','0.00','0.00','0.00','0.00','0.00','0.00','0.00','0.00','0.00','0.00','0.00','0.00','0.00','0.00','0.00','0.00','0.00','0.00','0.00','0.00','0.00','0.00','0.00','0.00','0.00','0.00','0.00','0.00','0.00','0.00','0.00','0.00','0.00','0.00','0.00','0.00','0.00','0.00','0.00','0.00','0.00','0.00','0.00','0.00','0.00','0.00','0.00','0.00','0.00','0.00','0.00','0.00','0.00','0.00','0.00','0.00','0.00','0.00','0.00','0.00','0.00','0.00','0.00','0.00','0.00','0.00','0.00','0.00','0.00','0.00','0.00','0.00','0.00','0.00','0.00','0.00','0.00','0.00','0.00','0.00','0.00','0.00','0.00','0.00','0.00','0.00','0.00','0.00','0.00','0.00','0.00','0.00','0.00','0.00','0.00','0.00','0.00','0.00','0.00','0.00','0.00','0.00','0.00','0.00','0.00','0.00','0.00','0.00','0.00','0.00','0.00','0.00','0.00','0.00','0.00','0.00','0.00','0.00','0.00','0.00','0.00','0.00','0.00','0.00','0.00','0.00','0.00','0.00','0.00','0.00','0.00','0.00','0.00','2010-10-27 11:02:25',30),(7,'2011','2010-10-29','1111111','Jakarta','1962-03-29','M','S2','Pembina Tk.I (gol.IV/b)','1-01-2009','Desain Grafis','22','22','Politeknik Negeri Media Kreatif','0.00','0.00','0.00','0.00','0.00','0.00','0.00','0.00','0.00','0.00','0.00','0.00','0.00','0.00','0.00','0.00','0.00','0.00','0.00','0.00','0.00','0.00','0.00','0.00','1.00','0.00','0.00','0.00','0.00','0.00','0.00','0.00','0.00','0.00','0.00','0.00','0.00','0.00','0.00','0.00','0.00','0.00','0.00','0.00','0.00','0.00','0.00','0.00','0.00','0.00','0.00','0.00','0.00','0.00','0.00','0.00','0.00','0.00','0.00','0.00','0.00','0.00','0.00','0.00','0.00','0.00','0.00','0.00','0.00','0.00','0.00','0.00','0.00','0.00','0.00','0.00','0.00','0.00','0.00','0.00','0.00','0.00','0.00','0.00','0.00','0.00','0.00','0.00','0.00','0.00','0.00','0.00','0.00','0.00','0.00','0.00','0.00','0.00','0.00','0.00','0.00','0.00','0.00','0.00','0.00','0.00','0.00','0.00','0.00','0.00','0.00','0.00','0.00','0.00','0.00','0.00','0.00','0.00','0.00','0.00','0.00','0.00','0.00','0.00','0.00','0.00','0.00','0.00','0.00','0.00','0.00','0.00','0.00','0.00','0.00','0.00','0.00','0.00','0.00','0.00','0.00','0.00','0.00','0.00','0.00','0.00','0.00','0.00','0.00','0.00','0.00','0.00','0.00','0.00','0.00','0.00','0.00','0.00','0.00','0.00','0.00','0.00','0.00','0.00','0.00','0.00','0.00','0.00','0.00','0.00','0.00','0.00','0.00','0.00','0.00','0.00','0.00','0.00','0.00','0.00','0.00','0.00','0.00','0.00','0.00','0.00','0.00','0.00','0.00','0.00','0.00','0.00','0.00','0.00','0.00','0.00','0.00','0.00','0.00','0.00','0.00','0.00','0.00','0.00','0.00','0.00','0.00','0.00','0.00','0.00','0.00','0.00','0.00','0.00','0.00','0.00','0.00','0.00','0.00','0.00','0.00','0.00','0.00','0.00','0.00','0.00','0.00','0.00','0.00','0.00','0.00','0.00','0.00','0.00','0.00','0.00','0.00','0.00','0.00','0.00','2010-10-29 18:25:28',2),(5,'2010','2010-09-28','E.183358','Jakarta','1960-09-19','M','Magister (S2) th.1997','Pembina Tk.I (gol.IV/b), 1-10-2004','Dosen, 1-1-2009','Penerbitan','','','Politeknik Negeri Media Kreatif','0.00','0.00','0.00','0.00','0.00','0.00','0.00','0.00','0.00','0.00','0.00','0.00','0.00','0.00','0.00','0.00','0.00','0.00','0.00','0.00','0.00','0.00','0.00','0.00','0.00','0.00','0.00','0.00','0.00','0.00','0.00','0.00','0.00','0.00','0.00','0.00','0.00','0.00','0.00','0.00','0.00','0.00','0.00','0.00','0.00','0.00','0.00','0.00','0.00','0.00','0.00','0.00','0.00','0.00','0.00','0.00','0.00','0.00','0.00','0.00','0.00','0.00','0.00','0.00','0.00','0.00','0.00','0.00','0.00','0.00','0.00','0.00','0.00','0.00','0.00','0.00','0.00','0.00','0.00','0.00','0.00','0.00','0.00','0.00','0.00','0.00','0.00','0.00','0.00','0.00','0.00','0.00','0.00','0.00','0.00','0.00','131.50','0.00','0.00','0.00','0.00','0.00','0.00','0.00','0.00','0.00','0.00','0.00','0.00','0.00','0.00','0.00','0.00','0.00','0.00','0.00','0.00','0.00','0.00','0.00','0.00','0.00','0.00','0.00','0.00','0.00','0.00','0.00','0.00','0.00','0.00','0.00','23.44','0.00','0.00','0.00','0.00','0.00','0.00','0.00','0.00','0.00','0.00','0.00','0.00','0.00','0.00','0.00','0.00','0.00','0.00','0.00','0.00','0.00','0.00','0.00','0.00','0.00','0.00','0.00','0.00','0.00','0.00','0.00','0.00','0.00','0.00','0.00','20.00','0.00','0.00','0.00','0.00','0.00','0.00','0.00','0.00','0.00','0.00','0.00','0.00','0.00','0.00','0.00','0.00','0.00','0.00','0.00','0.00','0.00','0.00','0.00','0.00','0.00','0.00','0.00','0.00','0.00','0.00','0.00','0.00','0.00','0.00','0.00','0.00','0.00','0.00','0.00','0.00','0.00','0.00','0.00','0.00','0.00','0.00','0.00','0.00','0.00','0.00','0.00','0.00','0.00','0.00','0.00','0.00','0.00','0.00','0.00','25.00','0.00','0.00','0.00','0.00','0.00','200.00','0.00','0.00','0.00','0.00','0.00','2010-09-28 16:04:58',47),(8,'2011','2011-02-28','','','2001-02-28','M','','','','','','','','0.00','0.00','0.00','0.00','0.00','0.00','0.00','0.00','0.00','0.00','0.00','0.00','0.00','0.00','0.00','0.00','0.00','0.00','0.00','0.00','0.00','0.00','0.00','0.00','0.00','0.00','0.00','0.00','0.00','0.00','0.00','0.00','0.00','0.00','0.00','0.00','0.00','0.00','0.00','0.00','0.00','0.00','0.00','0.00','0.00','0.00','0.00','0.00','0.00','0.00','0.00','0.00','0.00','0.00','0.00','0.00','0.00','0.00','0.00','0.00','0.00','0.00','0.00','0.00','0.00','0.00','0.00','0.00','0.00','0.00','0.00','0.00','0.00','0.00','0.00','0.00','0.00','0.00','0.00','0.00','0.00','0.00','0.00','0.00','0.00','0.00','0.00','0.00','0.00','0.00','0.00','0.00','0.00','0.00','0.00','0.00','0.00','0.00','0.00','0.00','0.00','0.00','0.00','0.00','0.00','0.00','0.00','0.00','0.00','0.00','0.00','0.00','0.00','0.00','0.00','0.00','0.00','0.00','0.00','0.00','0.00','0.00','0.00','0.00','0.00','0.00','0.00','0.00','0.00','0.00','0.00','0.00','0.00','0.00','0.00','0.00','0.00','0.00','0.00','0.00','0.00','0.00','0.00','0.00','0.00','0.00','0.00','0.00','0.00','0.00','0.00','0.00','0.00','0.00','0.00','0.00','0.00','0.00','0.00','0.00','0.00','0.00','0.00','0.00','0.00','0.00','0.00','0.00','0.00','0.00','0.00','0.00','0.00','0.00','0.00','0.00','0.00','0.00','0.00','0.00','0.00','0.00','0.00','0.00','0.00','0.00','0.00','0.00','0.00','0.00','0.00','0.00','0.00','0.00','0.00','0.00','0.00','0.00','0.00','0.00','0.00','0.00','0.00','0.00','0.00','0.00','0.00','0.00','0.00','0.00','0.00','0.00','0.00','0.00','0.00','0.00','0.00','0.00','0.00','0.00','0.00','0.00','0.00','0.00','0.00','0.00','0.00','0.00','0.00','0.00','0.00','0.00','0.00','0.00','0.00','0.00','0.00','0.00','0.00','0.00','2011-02-28 19:46:48',142),(9,'2011','2011-03-23','B.705315','Solo','1957-09-01','M','S2 th.1999','Pembina Utama Muda (IV/c)','1 Januari 2009','Penerbitan','33 tahun','.... tahun','Politeknik Negeri Media Kreatif','0.00','0.00','0.00','0.00','0.00','0.00','0.00','0.00','0.00','0.00','0.00','0.00','0.00','0.00','0.00','0.00','0.00','0.00','0.00','0.00','0.00','0.00','0.00','0.00','0.00','0.00','0.00','0.00','0.00','0.00','0.00','0.00','0.00','0.00','0.00','0.00','0.00','0.00','0.00','0.00','0.00','0.00','0.00','0.00','0.00','0.00','0.00','0.00','0.00','0.00','0.00','0.00','0.00','0.00','0.00','0.00','0.00','0.00','0.00','0.00','0.00','0.00','0.00','0.00','0.00','0.00','0.00','0.00','0.00','0.00','0.00','0.00','0.00','0.00','0.00','0.00','0.00','0.00','0.00','0.00','0.00','0.00','0.00','0.00','0.00','0.00','0.00','0.00','0.00','0.00','0.00','0.00','0.00','0.00','0.00','0.00','150.00','0.00','0.00','0.00','0.00','0.00','0.00','0.00','0.00','0.00','0.00','0.00','0.00','0.00','0.00','0.00','0.00','0.00','0.00','0.00','0.00','0.00','0.00','0.00','0.00','0.00','0.00','0.00','0.00','0.00','0.00','0.00','0.00','0.00','0.00','0.00','135.00','0.00','0.00','0.00','0.00','0.00','0.00','0.00','0.00','0.00','0.00','0.00','0.00','0.00','0.00','0.00','0.00','0.00','0.00','0.00','0.00','0.00','0.00','0.00','0.00','0.00','0.00','0.00','0.00','0.00','0.00','0.00','0.00','0.00','0.00','0.00','0.00','0.00','0.00','0.00','0.00','0.00','0.00','0.00','0.00','0.00','0.00','0.00','0.00','0.00','0.00','0.00','0.00','0.00','0.00','0.00','0.00','0.00','0.00','0.00','0.00','0.00','0.00','0.00','0.00','0.00','0.00','0.00','0.00','0.00','0.00','0.00','0.00','0.00','0.00','0.00','0.00','0.00','0.00','0.00','0.00','0.00','0.00','0.00','0.00','0.00','0.00','0.00','0.00','0.00','0.00','0.00','0.00','0.00','0.00','0.00','19.00','0.00','0.00','0.00','0.00','0.00','300.00','0.00','0.00','0.00','0.00','0.00','2011-03-23 14:29:21',121),(10,'2011','2011-03-23','E.183358','Jakarta, ','1960-09-19','M','S2 tahun 1997','Pembina Tk.I (gol.IV/b), 1-10-2004','Lektor, 1 Januari 2009','Penerbitan','25 tahun','','Politeknik Negeri Media Kreatif','0.00','0.00','0.00','0.00','0.00','0.00','0.00','0.00','0.00','0.00','0.00','0.00','0.00','0.00','0.00','0.00','0.00','0.00','0.00','0.00','0.00','0.00','0.00','0.00','0.00','0.00','0.00','0.00','0.00','0.00','0.00','0.00','0.00','0.00','0.00','0.00','0.00','0.00','0.00','0.00','0.00','0.00','0.00','0.00','0.00','0.00','0.00','0.00','0.00','0.00','0.00','0.00','0.00','0.00','0.00','0.00','0.00','0.00','0.00','0.00','0.00','0.00','0.00','0.00','0.00','0.00','0.00','0.00','0.00','0.00','0.00','0.00','0.00','0.00','0.00','0.00','0.00','0.00','0.00','0.00','0.00','0.00','0.00','0.00','0.00','0.00','0.00','0.00','0.00','0.00','0.00','0.00','0.00','0.00','0.00','0.00','131.50','0.00','0.00','0.00','0.00','0.00','0.00','0.00','0.00','0.00','0.00','0.00','0.00','0.00','0.00','0.00','0.00','0.00','0.00','0.00','0.00','0.00','0.00','0.00','0.00','0.00','0.00','0.00','0.00','0.00','0.00','0.00','0.00','0.00','0.00','0.00','23.44','0.00','0.00','0.00','0.00','0.00','0.00','0.00','0.00','0.00','0.00','0.00','0.00','0.00','0.00','0.00','0.00','0.00','0.00','0.00','0.00','0.00','0.00','0.00','0.00','0.00','0.00','0.00','0.00','0.00','0.00','0.00','0.00','0.00','0.00','0.00','20.00','0.00','0.00','0.00','0.00','0.00','0.00','0.00','0.00','0.00','0.00','0.00','0.00','0.00','0.00','0.00','0.00','0.00','0.00','0.00','0.00','0.00','0.00','0.00','0.00','0.00','0.00','0.00','0.00','0.00','0.00','0.00','0.00','0.00','0.00','0.00','0.00','0.00','0.00','0.00','0.00','0.00','0.00','0.00','0.00','0.00','0.00','0.00','0.00','0.00','0.00','0.00','0.00','0.00','0.00','0.00','0.00','0.00','0.00','0.00','25.00','0.00','0.00','0.00','0.00','0.00','200.00','0.00','0.00','0.00','0.00','0.00','2011-03-23 14:36:01',115),(11,'2011','2011-03-23','E.051079','Jakarta','1959-02-15','M','S2 tahun 2006','Penata Tk.I, 1-4-2005','Lektor, 1 Januari 2009','Teknik Grafika','25 tahun','...tahun','Politeknik Negeri Media Kreatif','0.00','0.00','0.00','0.00','0.00','0.00','0.00','0.00','0.00','0.00','0.00','0.00','0.00','0.00','0.00','0.00','0.00','0.00','0.00','0.00','0.00','0.00','0.00','0.00','0.00','0.00','0.00','0.00','0.00','0.00','0.00','0.00','0.00','0.00','0.00','0.00','0.00','0.00','0.00','0.00','0.00','0.00','0.00','0.00','0.00','0.00','0.00','0.00','0.00','0.00','0.00','0.00','0.00','0.00','0.00','0.00','0.00','0.00','0.00','0.00','0.00','0.00','0.00','0.00','0.00','0.00','0.00','0.00','0.00','0.00','0.00','0.00','0.00','0.00','0.00','0.00','0.00','0.00','0.00','0.00','0.00','0.00','0.00','0.00','0.00','0.00','0.00','0.00','0.00','0.00','0.00','0.00','0.00','0.00','0.00','0.00','171.80','0.00','0.00','0.00','0.00','0.00','0.00','0.00','0.00','0.00','0.00','0.00','0.00','0.00','0.00','0.00','0.00','0.00','0.00','0.00','0.00','0.00','0.00','0.00','0.00','0.00','0.00','0.00','0.00','0.00','0.00','0.00','0.00','0.00','0.00','0.00','22.16','0.00','0.00','0.00','0.00','0.00','0.00','0.00','0.00','0.00','0.00','0.00','0.00','0.00','0.00','0.00','0.00','0.00','0.00','0.00','0.00','0.00','0.00','0.00','0.00','0.00','0.00','0.00','0.00','0.00','0.00','0.00','0.00','0.00','0.00','0.00','1.00','0.00','0.00','0.00','0.00','0.00','0.00','0.00','0.00','0.00','0.00','0.00','0.00','0.00','0.00','0.00','0.00','0.00','0.00','0.00','0.00','0.00','0.00','0.00','0.00','0.00','0.00','0.00','0.00','0.00','0.00','0.00','0.00','0.00','0.00','0.00','0.00','0.00','0.00','0.00','0.00','0.00','0.00','0.00','0.00','0.00','0.00','0.00','0.00','0.00','0.00','0.00','0.00','0.00','0.00','0.00','0.00','0.00','0.00','0.00','5.00','0.00','0.00','0.00','0.00','0.00','200.00','0.00','0.00','0.00','0.00','0.00','2011-03-23 14:48:57',122);
/*!40000 ALTER TABLE `dupaks` ENABLE KEYS */;
UNLOCK TABLES;

--
-- Table structure for table `groups`
--

DROP TABLE IF EXISTS `groups`;
SET @saved_cs_client     = @@character_set_client;
SET character_set_client = utf8;
CREATE TABLE `groups` (
  `id` int(5) unsigned NOT NULL auto_increment,
  `name` varchar(20) NOT NULL,
  PRIMARY KEY  (`id`),
  UNIQUE KEY `name` (`name`)
) ENGINE=MyISAM AUTO_INCREMENT=17 DEFAULT CHARSET=latin1;
SET character_set_client = @saved_cs_client;

--
-- Dumping data for table `groups`
--

LOCK TABLES `groups` WRITE;
/*!40000 ALTER TABLE `groups` DISABLE KEYS */;
INSERT INTO `groups` VALUES (1,'admin'),(12,'Pengguna'),(13,'Verifikator'),(14,'Operator1'),(15,'Approver'),(16,'Operator2');
/*!40000 ALTER TABLE `groups` ENABLE KEYS */;
UNLOCK TABLES;

--
-- Table structure for table `groups_menus`
--

DROP TABLE IF EXISTS `groups_menus`;
SET @saved_cs_client     = @@character_set_client;
SET character_set_client = utf8;
CREATE TABLE `groups_menus` (
  `group_id` int(5) NOT NULL,
  `menu_id` int(10) NOT NULL,
  KEY `group_id` (`group_id`,`menu_id`),
  KEY `group_id_2` (`menu_id`,`group_id`)
) ENGINE=MyISAM DEFAULT CHARSET=latin1;
SET character_set_client = @saved_cs_client;

--
-- Dumping data for table `groups_menus`
--

LOCK TABLES `groups_menus` WRITE;
/*!40000 ALTER TABLE `groups_menus` DISABLE KEYS */;
INSERT INTO `groups_menus` VALUES (1,9),(1,11),(1,12),(1,14),(1,15),(1,16),(1,17),(1,22),(1,66),(1,67),(1,68),(1,69),(1,70),(1,71),(1,72),(1,73),(1,74),(1,75),(1,76),(1,77),(1,78),(1,79),(1,80),(1,81),(1,82),(1,84),(1,85),(12,68),(12,73),(12,83),(12,84),(12,85),(13,68),(13,69),(13,73),(13,83),(13,84),(13,85),(14,80),(14,82),(14,84),(14,85),(15,79),(15,80),(15,81),(15,82),(15,84),(15,85),(16,81),(16,82),(16,84),(16,85);
/*!40000 ALTER TABLE `groups_menus` ENABLE KEYS */;
UNLOCK TABLES;

--
-- Table structure for table `groups_module_actions`
--

DROP TABLE IF EXISTS `groups_module_actions`;
SET @saved_cs_client     = @@character_set_client;
SET character_set_client = utf8;
CREATE TABLE `groups_module_actions` (
  `module_action_id` int(10) NOT NULL,
  `group_id` int(5) NOT NULL,
  KEY `module_action_id` (`module_action_id`,`group_id`),
  KEY `group_id` (`group_id`,`module_action_id`)
) ENGINE=MyISAM DEFAULT CHARSET=latin1;
SET character_set_client = @saved_cs_client;

--
-- Dumping data for table `groups_module_actions`
--

LOCK TABLES `groups_module_actions` WRITE;
/*!40000 ALTER TABLE `groups_module_actions` DISABLE KEYS */;
INSERT INTO `groups_module_actions` VALUES (26,1),(27,1),(28,1),(29,1),(34,1),(34,14),(35,1),(35,14),(36,1),(36,14),(37,1),(37,14),(42,1),(43,1),(44,1),(45,1),(50,1),(51,1),(52,1),(53,1),(54,1),(55,1),(56,1),(57,1),(73,1),(95,1),(96,1),(97,1),(98,1),(99,1),(100,1),(101,1),(102,1),(113,1),(114,1),(115,1),(116,1),(126,1),(256,1),(257,1),(258,1),(259,1),(268,1),(269,1),(270,1),(271,1),(272,1),(273,1),(274,1),(275,1),(315,1),(315,12),(315,13),(316,1),(316,12),(316,13),(317,1),(317,12),(317,13),(318,1),(318,12),(318,13),(319,1),(319,12),(319,13),(320,1),(321,1),(322,1),(323,1),(324,1),(325,1),(326,1),(327,1),(328,1),(329,1),(330,1),(331,1),(362,1),(362,13),(363,1),(363,15),(364,1),(364,12),(364,13),(364,15),(365,1),(365,13),(365,15),(366,1),(366,12),(366,13),(366,15),(367,1),(367,14),(367,15),(367,16),(368,1),(368,12),(368,13),(368,15),(369,1),(369,15),(369,16),(370,1),(370,15),(370,16),(371,1),(371,14),(371,15),(372,12),(372,13),(372,16),(373,1),(373,12),(373,13),(373,14),(373,15),(373,16);
/*!40000 ALTER TABLE `groups_module_actions` ENABLE KEYS */;
UNLOCK TABLES;

--
-- Table structure for table `menu_types`
--

DROP TABLE IF EXISTS `menu_types`;
SET @saved_cs_client     = @@character_set_client;
SET character_set_client = utf8;
CREATE TABLE `menu_types` (
  `id` tinyint(3) NOT NULL auto_increment,
  `name` varchar(20) NOT NULL,
  `call_name` varchar(10) NOT NULL,
  `created` datetime NOT NULL,
  `created_by` bigint(20) NOT NULL,
  `modified` datetime NOT NULL,
  `modified_by` bigint(20) NOT NULL,
  PRIMARY KEY  (`id`),
  UNIQUE KEY `call_name` (`call_name`),
  KEY `name` (`name`)
) ENGINE=MyISAM AUTO_INCREMENT=11 DEFAULT CHARSET=latin1;
SET character_set_client = @saved_cs_client;

--
-- Dumping data for table `menu_types`
--

LOCK TABLES `menu_types` WRITE;
/*!40000 ALTER TABLE `menu_types` DISABLE KEYS */;
INSERT INTO `menu_types` VALUES (1,'Top Menu','top','2009-11-17 14:13:29',0,'2009-12-12 23:45:36',1),(2,'Left Menu','left','2009-11-17 14:32:48',0,'2009-12-12 23:45:45',1),(3,'Setup','setup','2009-12-12 23:53:31',1,'2009-12-12 23:53:31',0),(5,'Report','report','2009-12-12 23:53:54',1,'2009-12-12 23:53:54',0),(6,'Admin','admin','2009-12-16 13:47:50',1,'2009-12-16 13:48:59',1),(10,'Aktivitas','da','2010-08-27 19:59:25',1,'2010-09-15 17:40:13',1);
/*!40000 ALTER TABLE `menu_types` ENABLE KEYS */;
UNLOCK TABLES;

--
-- Table structure for table `menus`
--

DROP TABLE IF EXISTS `menus`;
SET @saved_cs_client     = @@character_set_client;
SET character_set_client = utf8;
CREATE TABLE `menus` (
  `id` int(10) NOT NULL auto_increment,
  `parent_id` int(10) default NULL,
  `name` varchar(50) NOT NULL,
  `url` varchar(50) NOT NULL,
  `element_id` varchar(20) NOT NULL,
  `enable` tinyint(1) NOT NULL,
  `lft` int(10) NOT NULL,
  `rght` int(10) NOT NULL,
  `menu_type_id` tinyint(3) default NULL,
  `created` datetime NOT NULL,
  `created_by` int(11) NOT NULL,
  `modified` datetime NOT NULL,
  `modified_by` int(11) NOT NULL,
  PRIMARY KEY  (`id`),
  KEY `parent_id` (`parent_id`),
  KEY `enable` (`enable`),
  KEY `menu_type_id` (`menu_type_id`)
) ENGINE=MyISAM AUTO_INCREMENT=86 DEFAULT CHARSET=latin1;
SET character_set_client = @saved_cs_client;

--
-- Dumping data for table `menus`
--

LOCK TABLES `menus` WRITE;
/*!40000 ALTER TABLE `menus` DISABLE KEYS */;
INSERT INTO `menus` VALUES (6,NULL,'Cities','/cities','cities',0,7,8,3,'2009-12-13 02:34:56',1,'2009-12-21 16:36:16',1),(5,NULL,'Provinces','/provinces','provinces',0,1,2,3,'2009-12-13 02:03:29',1,'2009-12-21 16:36:20',1),(9,NULL,'Unit Kerja','/unit_codes','unit_codes',1,3,4,3,'2009-12-13 02:53:40',1,'2009-12-28 23:03:55',1),(11,NULL,'Menu','/menus','menus',1,5,6,6,'2009-12-13 05:03:18',1,'2011-01-29 12:52:53',1),(12,NULL,'Tipe Menu','/menu_types','menu_types',1,9,10,3,'2009-12-13 05:12:51',1,'2009-12-28 23:04:10',1),(14,NULL,'User Management','/users','users',1,11,12,6,'2009-12-16 13:49:35',1,'2009-12-16 13:49:35',0),(15,NULL,'Settings','/site_settings','site_settings',1,13,14,6,'2009-12-16 13:50:55',1,'2009-12-16 13:50:55',0),(16,NULL,'Module Management','/modules','modules',1,15,16,6,'2009-12-17 10:21:02',3,'2009-12-17 10:21:02',0),(17,NULL,'Group - Permission','/groups','groups',1,17,18,6,'2009-12-17 12:07:33',1,'2009-12-17 12:07:33',0),(22,NULL,'Log Pengguna','/user_logs','user_logs',1,19,20,6,'2010-01-13 21:17:25',1,'2010-01-13 21:17:25',0),(67,NULL,'Jabatan','/positions','positions',1,23,24,3,'2010-08-20 04:36:16',1,'2010-08-24 14:49:04',1),(66,NULL,'Kegiatan','/activities','activities',1,21,22,3,'2010-08-20 04:32:00',1,'2010-08-24 12:27:25',1),(68,NULL,'Input Kegiatan','/act_lists','act_lists',1,25,26,10,'2010-08-27 19:59:47',1,'2010-08-27 19:59:47',0),(69,NULL,'Verifikasi Kegiatan','/act_lists/verify','act_lists_verify',1,27,28,10,'2010-08-30 01:07:05',1,'2010-08-30 01:07:05',0),(70,NULL,'Rekapitulasi Aktivitas Harian Seluruh Staff','/act_lists/report_per_day','act_lists_report_per',1,29,30,5,'2010-09-02 03:09:38',1,'2010-09-15 20:00:07',1),(71,NULL,'Rekapitulasi Aktivitas Staff Bulanan','/act_lists/report_per_month','act_lists_report_per',1,31,32,5,'2010-09-02 05:05:59',1,'2010-09-15 20:00:27',1),(72,NULL,'Rekapitulasi Aktivitas Bulanan Per Unit Kerja','/act_lists/report_per_month_summary','act_lists_report_per',1,33,34,5,'2010-09-15 19:42:27',1,'2010-09-15 20:00:51',1),(73,NULL,'Input DUPAK','/dupaks','dupaks',1,35,36,10,'2010-09-27 23:14:15',1,'2010-09-27 23:14:15',0),(74,NULL,'Cetak DUPAK','/dupaks/printhtml','dupaks_printhtml',1,37,38,5,'2010-09-27 23:14:31',1,'2010-09-27 23:14:31',0),(75,NULL,'Kelas','/student_classes','student_classes',1,39,40,3,'2011-01-29 12:52:44',1,'2011-01-29 12:52:44',0),(76,NULL,'Prodi','/study_programs','study_programs',1,41,42,3,'2011-01-29 14:32:23',1,'2011-01-29 14:32:23',0),(77,NULL,'Mata Kuliah','/courses','courses',1,43,44,3,'2011-01-29 14:41:35',1,'2011-01-29 14:41:35',0),(78,NULL,'Dosen dan Pengguna','/users/','users',1,45,46,3,'2011-01-29 14:49:55',1,'2011-01-29 14:49:55',0),(79,NULL,'Approval Kegiatan','/act_lists/approval_list','approval_list',1,47,48,10,'2011-02-16 01:38:05',1,'2011-02-16 01:38:05',0),(80,NULL,'Rekapitulasi Honorarium Pengajar','/act_lists/report_honor_per_month','report_honor_per_mon',1,49,50,5,'2011-03-22 20:06:41',1,'2011-03-22 20:06:41',0),(81,NULL,'Rekapitulasi Absensi Harian Pengajar','/act_lists/report_per_day/teaching','report_per_day_teach',1,51,52,5,'2011-03-22 20:07:58',1,'2011-04-02 14:16:23',1),(82,NULL,'Rekapitulasi Absensi Bulanan Pengajar','/act_lists/report_per_day/teaching_monthly','teaching_monthly',1,53,54,5,'2011-04-02 15:36:54',1,'2011-04-02 15:36:54',0),(83,NULL,'Rekapitulasi Kehadiran Mengajar','/act_lists/report_for_me','report_for_me',1,55,56,5,'2011-04-02 16:07:55',1,'2011-04-02 16:07:55',0),(84,NULL,'Rekapitulasi Kehadiran Mahasiswa','/act_lists/report_student_attendance/','report_student_atten',1,57,58,5,'2011-04-11 21:21:43',1,'2011-04-11 21:21:43',0),(85,NULL,'Rekapitulasi Kehadiran/Ketidakhadiran Mahasiswa','/act_lists/report_student_attendance/per_course','report_student_atten',1,59,60,5,'2011-04-11 21:22:27',1,'2011-04-11 21:22:27',0);
/*!40000 ALTER TABLE `menus` ENABLE KEYS */;
UNLOCK TABLES;

--
-- Table structure for table `module_actions`
--

DROP TABLE IF EXISTS `module_actions`;
SET @saved_cs_client     = @@character_set_client;
SET character_set_client = utf8;
CREATE TABLE `module_actions` (
  `id` int(10) NOT NULL auto_increment,
  `module_id` int(10) NOT NULL,
  `name` varchar(50) NOT NULL,
  `created` datetime NOT NULL,
  `created_by` int(10) NOT NULL,
  `modified` datetime NOT NULL,
  `modified_by` int(10) NOT NULL,
  PRIMARY KEY  (`id`),
  KEY `module_id` (`module_id`),
  KEY `name` (`name`)
) ENGINE=MyISAM AUTO_INCREMENT=374 DEFAULT CHARSET=latin1;
SET character_set_client = @saved_cs_client;

--
-- Dumping data for table `module_actions`
--

LOCK TABLES `module_actions` WRITE;
/*!40000 ALTER TABLE `module_actions` DISABLE KEYS */;
INSERT INTO `module_actions` VALUES (257,5,'add','2010-08-19 16:26:14',0,'2010-08-19 16:26:14',1),(258,5,'index','2010-08-19 16:26:14',0,'2010-08-19 16:26:14',1),(256,5,'edit','2010-08-19 16:26:14',0,'2010-08-19 16:26:14',1),(26,6,'index','2009-12-17 12:00:17',1,'2009-12-17 12:00:17',0),(27,6,'add','2009-12-17 12:00:17',1,'2009-12-17 12:00:17',0),(28,6,'edit','2009-12-17 12:00:17',1,'2009-12-17 12:00:17',0),(29,6,'delete','2009-12-17 12:00:17',1,'2009-12-17 17:14:56',0),(34,8,'index','2009-12-17 12:00:54',1,'2009-12-17 12:00:54',0),(35,8,'add','2009-12-17 12:00:54',1,'2009-12-17 12:00:54',0),(36,8,'edit','2009-12-17 12:00:54',1,'2009-12-17 12:00:54',0),(37,8,'delete','2009-12-17 12:00:54',1,'2009-12-17 12:00:54',0),(113,15,'index','2009-12-21 11:39:21',1,'2009-12-21 11:39:21',0),(42,10,'index','2009-12-17 12:01:51',1,'2009-12-17 12:01:51',0),(43,10,'add','2009-12-17 12:01:51',1,'2009-12-17 12:01:51',0),(44,10,'edit','2009-12-17 12:01:51',1,'2009-12-17 12:01:51',0),(45,10,'delete','2009-12-17 12:01:51',1,'2009-12-17 12:01:51',0),(98,11,'delete','2009-12-20 23:23:42',0,'2009-12-20 23:23:42',1),(114,15,'add','2009-12-21 11:39:21',1,'2009-12-21 11:39:21',0),(115,15,'edit','2009-12-21 11:39:21',1,'2009-12-21 11:39:21',0),(50,12,'index','2009-12-17 12:05:49',1,'2009-12-17 12:05:49',0),(51,12,'add','2009-12-17 12:05:49',1,'2009-12-17 12:05:49',0),(52,12,'edit','2009-12-17 12:05:49',1,'2009-12-17 12:05:49',0),(53,12,'delete','2009-12-17 12:05:49',1,'2009-12-17 12:05:49',0),(54,13,'index','2009-12-17 12:47:42',1,'2009-12-17 12:47:42',0),(55,13,'add','2009-12-17 12:47:42',1,'2009-12-17 12:47:42',0),(56,13,'edit','2009-12-17 12:47:42',1,'2009-12-17 12:47:42',0),(57,13,'delete','2009-12-17 12:47:42',1,'2009-12-17 12:47:42',0),(97,11,'index','2009-12-20 23:23:42',0,'2009-12-20 23:23:42',1),(96,11,'add','2009-12-20 23:23:42',0,'2009-12-20 23:23:42',1),(95,11,'edit','2009-12-20 23:23:42',0,'2009-12-20 23:23:42',1),(102,9,'delete','2009-12-20 23:24:05',0,'2009-12-20 23:24:05',1),(101,9,'index','2009-12-20 23:24:05',0,'2009-12-20 23:24:05',1),(100,9,'add','2009-12-20 23:24:05',0,'2009-12-20 23:24:05',1),(99,9,'edit','2009-12-20 23:24:05',0,'2009-12-20 23:24:05',1),(73,14,'display','2009-12-20 21:32:51',0,'2009-12-20 21:32:51',1),(116,15,'delete','2009-12-21 11:39:21',1,'2009-12-21 11:39:21',0),(126,17,'index','2010-01-13 21:16:44',1,'2010-01-13 21:16:44',0),(268,36,'index','2010-08-24 14:49:18',0,'2010-08-24 14:49:18',1),(269,36,'delete','2010-08-24 14:49:18',0,'2010-08-24 14:49:18',1),(270,36,'edit','2010-08-24 14:49:18',0,'2010-08-24 14:49:18',1),(272,35,'index','2010-08-24 14:49:26',0,'2010-08-24 14:49:26',1),(273,35,'delete','2010-08-24 14:49:26',0,'2010-08-24 14:49:26',1),(274,35,'edit','2010-08-24 14:49:26',0,'2010-08-24 14:49:26',1),(259,5,'delete','2010-08-19 16:26:14',0,'2010-08-19 16:26:14',1),(271,36,'add','2010-08-24 14:49:18',0,'2010-08-24 14:49:18',1),(275,35,'add','2010-08-24 14:49:26',0,'2010-08-24 14:49:26',1),(373,37,'report_student_attendance','2011-04-11 21:23:57',0,'2011-04-11 21:23:57',1),(372,37,'report_for_me','2011-04-11 21:23:57',0,'2011-04-11 21:23:57',1),(371,37,'report_honor_per_month','2011-04-11 21:23:57',0,'2011-04-11 21:23:57',1),(370,37,'report_per_month_summary','2011-04-11 21:23:57',0,'2011-04-11 21:23:57',1),(369,37,'report_per_month','2011-04-11 21:23:57',0,'2011-04-11 21:23:57',1),(319,38,'printhtml','2010-09-27 23:18:18',0,'2010-09-27 23:18:18',1),(318,38,'index','2010-09-27 23:18:18',0,'2010-09-27 23:18:18',1),(317,38,'delete','2010-09-27 23:18:18',0,'2010-09-27 23:18:18',1),(316,38,'edit','2010-09-27 23:18:18',0,'2010-09-27 23:18:18',1),(315,38,'add','2010-09-27 23:18:18',0,'2010-09-27 23:18:18',1),(320,39,'add','2011-01-29 12:52:19',1,'2011-01-29 12:52:19',0),(321,39,'edit','2011-01-29 12:52:19',1,'2011-01-29 12:52:19',0),(322,39,'delete','2011-01-29 12:52:19',1,'2011-01-29 12:52:19',0),(323,39,'index','2011-01-29 12:52:19',1,'2011-01-29 12:52:19',0),(324,40,'add','2011-01-29 14:32:02',1,'2011-01-29 14:32:02',0),(325,40,'edit','2011-01-29 14:32:02',1,'2011-01-29 14:32:02',0),(326,40,'delete','2011-01-29 14:32:02',1,'2011-01-29 14:32:02',0),(327,40,'index','2011-01-29 14:32:02',1,'2011-01-29 14:32:02',0),(328,41,'add','2011-01-29 14:41:21',1,'2011-01-29 14:41:21',0),(329,41,'edit','2011-01-29 14:41:21',1,'2011-01-29 14:41:21',0),(330,41,'delete','2011-01-29 14:41:21',1,'2011-01-29 14:41:21',0),(331,41,'index','2011-01-29 14:41:21',1,'2011-01-29 14:41:21',0),(368,37,'add','2011-04-11 21:23:57',0,'2011-04-11 21:23:57',1),(366,37,'edit','2011-04-11 21:23:57',0,'2011-04-11 21:23:57',1),(367,37,'report_per_day','2011-04-11 21:23:57',0,'2011-04-11 21:23:57',1),(364,37,'index','2011-04-11 21:23:57',0,'2011-04-11 21:23:57',1),(365,37,'delete','2011-04-11 21:23:57',0,'2011-04-11 21:23:57',1),(363,37,'approval_list','2011-04-11 21:23:57',0,'2011-04-11 21:23:57',1),(362,37,'verify','2011-04-11 21:23:57',0,'2011-04-11 21:23:57',1);
/*!40000 ALTER TABLE `module_actions` ENABLE KEYS */;
UNLOCK TABLES;

--
-- Table structure for table `modules`
--

DROP TABLE IF EXISTS `modules`;
SET @saved_cs_client     = @@character_set_client;
SET character_set_client = utf8;
CREATE TABLE `modules` (
  `id` int(10) NOT NULL auto_increment,
  `name` varchar(50) NOT NULL,
  `controller` varchar(50) NOT NULL,
  `show_all` tinyint(1) default '1',
  `created` datetime NOT NULL,
  `created_by` int(10) NOT NULL,
  `modified` datetime NOT NULL,
  `modified_by` int(10) NOT NULL,
  PRIMARY KEY  (`id`),
  KEY `name` (`name`),
  KEY `controller` (`controller`),
  KEY `created` (`created`),
  KEY `created_by` (`created_by`)
) ENGINE=MyISAM AUTO_INCREMENT=42 DEFAULT CHARSET=latin1;
SET character_set_client = @saved_cs_client;

--
-- Dumping data for table `modules`
--

LOCK TABLES `modules` WRITE;
/*!40000 ALTER TABLE `modules` DISABLE KEYS */;
INSERT INTO `modules` VALUES (5,'Cities','cities',1,'2009-12-17 12:00:01',1,'2010-08-19 16:26:14',1),(6,'Provinces','provinces',1,'2009-12-17 12:00:17',1,'2009-12-17 12:00:17',0),(8,'Unit Codes','unit_codes',1,'2009-12-17 12:00:54',1,'2009-12-17 12:00:54',0),(9,'Menu','menus',1,'2009-12-17 12:01:06',1,'2009-12-20 23:24:05',1),(10,'Menu Type','menu_types',1,'2009-12-17 12:01:51',1,'2009-12-17 12:01:51',0),(11,'User Management','users',1,'2009-12-17 12:02:55',1,'2009-12-20 23:23:42',1),(12,'Module Management','modules',1,'2009-12-17 12:05:49',1,'2009-12-17 12:05:49',0),(13,'Group Management','groups',1,'2009-12-17 12:47:42',1,'2009-12-17 12:47:42',0),(14,'Pages','pages',1,'2009-12-20 21:29:56',1,'2009-12-20 21:32:51',1),(15,'Settings','site_settings',1,'2009-12-21 11:39:21',1,'2009-12-21 11:39:21',0),(17,'Log Pengguna','user_logs',1,'2010-01-13 21:16:44',1,'2010-01-13 21:16:44',0),(36,'Jabatan','positions',1,'2010-08-20 04:35:57',1,'2010-08-24 14:49:18',1),(35,'Kegiatan','activities',1,'2010-08-20 04:31:32',1,'2010-08-24 14:49:26',1),(37,'Input Kegiatan','act_lists',0,'2010-08-27 19:59:03',1,'2011-04-11 21:23:57',1),(38,'Input DUPAK','dupaks',0,'2010-09-27 23:13:45',1,'2010-09-27 23:18:18',1),(39,'Kelas','student_classes',1,'2011-01-29 12:52:19',1,'2011-01-29 12:52:19',0),(40,'Prodi','study_programs',1,'2011-01-29 14:32:02',1,'2011-01-29 14:32:02',0),(41,'Mata Kuliah','courses',1,'2011-01-29 14:41:21',1,'2011-01-29 14:41:21',0);
/*!40000 ALTER TABLE `modules` ENABLE KEYS */;
UNLOCK TABLES;

--
-- Table structure for table `positions`
--

DROP TABLE IF EXISTS `positions`;
SET @saved_cs_client     = @@character_set_client;
SET character_set_client = utf8;
CREATE TABLE `positions` (
  `id` int(11) NOT NULL auto_increment,
  `name` varchar(100) NOT NULL,
  `special` int(1) default '0',
  `lft` int(11) default NULL,
  `rght` int(11) default NULL,
  `parent_id` int(11) default NULL,
  PRIMARY KEY  (`id`)
) ENGINE=MyISAM AUTO_INCREMENT=176 DEFAULT CHARSET=latin1;
SET character_set_client = @saved_cs_client;

--
-- Dumping data for table `positions`
--

LOCK TABLES `positions` WRITE;
/*!40000 ALTER TABLE `positions` DISABLE KEYS */;
INSERT INTO `positions` VALUES (170,'Guru Besar',0,2,3,174),(171,'Lektor Kepala',0,4,5,174),(172,'Lektor',0,8,9,174),(173,'Asisten Ahli',0,6,7,174),(174,'Ka.Prodi',0,1,10,NULL),(175,'Ka. BAAK',1,11,12,NULL);
/*!40000 ALTER TABLE `positions` ENABLE KEYS */;
UNLOCK TABLES;

--
-- Table structure for table `provinces`
--

DROP TABLE IF EXISTS `provinces`;
SET @saved_cs_client     = @@character_set_client;
SET character_set_client = utf8;
CREATE TABLE `provinces` (
  `id` int(10) unsigned NOT NULL auto_increment,
  `code` varchar(2) default NULL,
  `name` varchar(60) default NULL,
  `created_by` varchar(60) default NULL,
  `created` datetime default NULL,
  `modified_by` varchar(60) default NULL,
  `modified` datetime default NULL,
  PRIMARY KEY  (`id`)
) ENGINE=MyISAM AUTO_INCREMENT=49 DEFAULT CHARSET=latin1;
SET character_set_client = @saved_cs_client;

--
-- Dumping data for table `provinces`
--

LOCK TABLES `provinces` WRITE;
/*!40000 ALTER TABLE `provinces` DISABLE KEYS */;
INSERT INTO `provinces` VALUES (1,'BB','KEPULAUAN BANGKA BELITUNG',NULL,NULL,NULL,NULL),(2,'BK','BENGKULU',NULL,NULL,NULL,NULL),(3,'BL','BALI',NULL,NULL,NULL,NULL),(4,'BT','BANTEN',NULL,NULL,NULL,NULL),(7,'CR','SULAWESI TENGGARA',NULL,NULL,NULL,NULL),(11,'JB','JAWA BARAT',NULL,NULL,NULL,NULL),(18,'KH','KALIMANTAN TENGAH',NULL,NULL,NULL,NULL),(19,'KR','KEPULAUAN RIAU',NULL,NULL,NULL,NULL),(20,'KS','KALIMANTAN SELATAN',NULL,NULL,NULL,NULL),(22,'LP','LAMPUNG',NULL,NULL,NULL,NULL),(23,'ML','MALUKU',NULL,NULL,NULL,NULL),(24,'CB','SULAWESI BARAT',NULL,NULL,NULL,NULL),(25,'CH','SULAWESI TENGAH',NULL,NULL,NULL,NULL),(26,'CS','SULAWESI SELATAN',NULL,NULL,NULL,NULL),(27,'CU','SULAWESI UTARA',NULL,NULL,NULL,NULL),(28,'GT','GORONTALO',NULL,NULL,NULL,NULL),(29,'JH','JAWA TENGAH',NULL,NULL,NULL,NULL),(30,'JK','JAKARTA',NULL,NULL,NULL,NULL),(31,'JM','JAMBI',NULL,NULL,NULL,NULL),(32,'JO','DAERAH ISTIMEWA YOGYAKARTA',NULL,NULL,NULL,NULL),(33,'JT','JAWA TIMUR',NULL,NULL,NULL,NULL),(34,'KB','KALIMANTAN BARAT',NULL,NULL,NULL,NULL),(35,'KT','KALIMANTAN TIMUR',NULL,NULL,NULL,NULL),(36,'MU','MALUKU UTARA',NULL,NULL,NULL,NULL),(37,'NA','NANGROE ACEH DARUSSALAM',NULL,NULL,NULL,NULL),(38,'NB','NUSA TENGGARA BARAT',NULL,NULL,NULL,NULL),(39,'NT','NUSA TENGGARA TIMUR',NULL,NULL,NULL,NULL),(40,'PB','PAPUA BARAT',NULL,NULL,NULL,NULL),(41,'PP','PAPUA',NULL,NULL,NULL,NULL),(42,'RI','RIAU',NULL,NULL,NULL,NULL),(43,'SB','SUMATERA BARAT',NULL,NULL,NULL,NULL),(44,'SS','SUMATERA SELATAN',NULL,NULL,NULL,NULL),(45,'SU','SUMATERA UTARA',NULL,NULL,NULL,NULL),(46,'NY','NEW YORK',NULL,NULL,NULL,NULL),(47,'WS','WASHINGTON DC.',NULL,NULL,NULL,NULL),(48,'BM','BOMBAY',NULL,NULL,NULL,NULL);
/*!40000 ALTER TABLE `provinces` ENABLE KEYS */;
UNLOCK TABLES;

--
-- Table structure for table `site_settings`
--

DROP TABLE IF EXISTS `site_settings`;
SET @saved_cs_client     = @@character_set_client;
SET character_set_client = utf8;
CREATE TABLE `site_settings` (
  `id` smallint(6) NOT NULL auto_increment,
  `param` varchar(20) NOT NULL,
  `value` varchar(100) NOT NULL,
  PRIMARY KEY  (`id`)
) ENGINE=MyISAM AUTO_INCREMENT=11 DEFAULT CHARSET=latin1;
SET character_set_client = @saved_cs_client;

--
-- Dumping data for table `site_settings`
--

LOCK TABLES `site_settings` WRITE;
/*!40000 ALTER TABLE `site_settings` DISABLE KEYS */;
INSERT INTO `site_settings` VALUES (1,'default_lang','ind'),(2,'site_name','Honor Dosen'),(3,'site_address1','Jl. Srengseng Sawah, Jagakarsa, Jakarta Selatan.'),(4,'site_address2','(Sebelah Utara Universitas Indonesia)'),(5,'site_email','htriyanto18@yahoo.co.id'),(6,'site_web','polimedia.ac.id'),(8,'site_phone','0811981962'),(9,'fee_transport','50000'),(10,'fee_honor','50000');
/*!40000 ALTER TABLE `site_settings` ENABLE KEYS */;
UNLOCK TABLES;

--
-- Table structure for table `student_classes`
--

DROP TABLE IF EXISTS `student_classes`;
SET @saved_cs_client     = @@character_set_client;
SET character_set_client = utf8;
CREATE TABLE `student_classes` (
  `id` int(11) NOT NULL auto_increment,
  `study_program_id` int(11) NOT NULL,
  `name` varchar(50) NOT NULL,
  `year_started` int(4) default '0',
  PRIMARY KEY  (`id`),
  KEY `study_program_id` (`study_program_id`)
) ENGINE=MyISAM AUTO_INCREMENT=63 DEFAULT CHARSET=latin1;
SET character_set_client = @saved_cs_client;

--
-- Dumping data for table `student_classes`
--

LOCK TABLES `student_classes` WRITE;
/*!40000 ALTER TABLE `student_classes` DISABLE KEYS */;
INSERT INTO `student_classes` VALUES (2,5,'Teknik Grafika A',2009),(47,7,'Desain Grafis A',2010),(4,5,'Teknik Grafika ',2008),(5,5,'Teknik Grafika B',2009),(6,5,'Teknik Grafika B',2010),(7,6,'Penerbitan ',2008),(8,6,'Penerbitan A',2009),(9,6,'Penerbitan A',2010),(51,5,'Teknik Grafika A',2011),(11,6,'Penerbitan B',2009),(12,6,'Penerbitan B',2010),(50,8,'Teknik Kemasan',2011),(14,7,'Desain Grafis A',2009),(48,8,'Teknik Kemasan ',2010),(16,7,'Desain Grafis B',2008),(17,7,'Desain Grafis B',2009),(18,7,'Desain Grafis B',2010),(19,5,'Teknik Grafika A',2010),(21,9,'Fotografi ',2010),(49,7,'Desain Grafis A',2008),(23,10,'Periklanan A',2010),(62,10,'Periklanan B',2010),(52,5,'Teknik Grafika B',2011),(53,6,'Penerbitan',2011),(54,9,'Fotografi',2011),(55,11,'Animasi',2011),(56,12,'Multimedia A',2011),(57,12,'Multimedia B',2011),(58,7,'Desain Grafis A',2011),(59,7,'Desain Grafis B',2011),(60,10,'Periklanan A',2011),(61,10,'Periklanan B',2011);
/*!40000 ALTER TABLE `student_classes` ENABLE KEYS */;
UNLOCK TABLES;

--
-- Table structure for table `students`
--

DROP TABLE IF EXISTS `students`;
SET @saved_cs_client     = @@character_set_client;
SET character_set_client = utf8;
CREATE TABLE `students` (
  `id` int(11) NOT NULL auto_increment,
  `student_class_id` int(11) NOT NULL,
  `name` varchar(100) NOT NULL,
  `npm` varchar(20) default NULL,
  `gender` char(1) default 'M' COMMENT 'M=Male; F=Female',
  PRIMARY KEY  (`id`),
  KEY `student_class_id` (`student_class_id`)
) ENGINE=MyISAM AUTO_INCREMENT=2055 DEFAULT CHARSET=latin1;
SET character_set_client = @saved_cs_client;

--
-- Dumping data for table `students`
--

LOCK TABLES `students` WRITE;
/*!40000 ALTER TABLE `students` DISABLE KEYS */;
INSERT INTO `students` VALUES (1684,2,'Yakub Rosihan Anwar','09210026','M'),(1895,47,'Gita Gea Novalita Irawan','10110013','P'),(1894,47,'Mochammad Arif R.Z.M.','10110020','M'),(1893,47,'Yougest Arsyani Akhmad','10110032','P'),(1892,47,'Aditya Nugroho','10110002','M'),(1891,47,'Indah Rahmawati','10110015','P'),(1890,47,'Nunik Septiyanti','10110024','P'),(1888,47,'Ragil Anggraini','10110027','P'),(1889,47,'Rifan Triady P','10110016','M'),(1887,47,'Veronika Nugraningsih','10110031','P'),(1884,47,'Indra Suwindra','10110017','P'),(1886,47,'Dike Faisal Akbar','10110011','P'),(1885,47,'Bibarachatu Masiacha','10110009','M'),(1883,47,'Batmana Priyagung Putra','10110008','M'),(1882,47,'Ahmad Ahdiyat Nugraha','10110003','M'),(1881,47,'Ailsa Sarah Rosa Juwita','10110005','P'),(1879,47,'Akbar Eka Saputra','10110006','M'),(1880,47,'Ridwan Afif Hadikusumah','10110029','M'),(1877,47,'Desnanti Sarachika','10110010','P'),(1878,47,'Nissa Ismira','10110023','P'),(1876,47,'Ahmad Maspi','10110004','M'),(1875,47,'Ghassani Ghina Amirah','10110012','P'),(1874,47,'Muhammad Alim Aulia','10110021','M'),(1873,47,'Herdiyani','10110014','P'),(1872,47,'Maha Putra Sanjaya','10110019','M'),(1871,47,'Priyo Prasetyo','10110025','M'),(1870,47,'Rachmad Anwar Nuris','10110026','M'),(859,18,'Stefanus Yonatan','10110061','M'),(860,18,'Lutfiyah Zahra','10110047','P'),(858,18,'Ahmad Miftah Fahmi','10110035','M'),(857,18,'Rosy Puteri Pertiwi','10110060','P'),(856,18,'Ghassani Ghina Bakhitah','10110042','P'),(855,18,'Puspita Anggraeni','10110056','P'),(854,18,'Avni Heriyawati','10110037','P'),(853,18,'Priambodo Nur Kurniawan','10110054','M'),(852,18,'Rizky David','10110058','M'),(850,18,'Theresa Greacella','10110062','P'),(851,18,'Muhammad Prayudha','10110052','M'),(849,18,'Ahmad Mardi Puro','10110034','M'),(848,18,'Yuan Amelia Tri Utami','10110064','P'),(847,18,'Giri Lantria Utari','10110043','P'),(846,18,'Purnomo Aji','10110055','M'),(845,18,'Agung Bayu Saputro','10110033','M'),(844,18,'Faisal Abrianto Nugroho','10110041','M'),(843,18,'Dody Kurniawan','10110040','M'),(842,18,'Ingrid Pangestu','10110045','P'),(841,18,'Bernhard Suryaningrat','10110038','M'),(840,18,'Nara Sari Hikmatul Husna','10110053','P'),(839,18,'Ulfah Yuniasti','10110063','P'),(1496,9,'Tiara Zatin Hananum','10310021','P'),(1495,9,'Robbi Dwi Juwono','10310020','M'),(1493,9,'Muhammad Rizky A','10310017','M'),(1494,9,'Novian Prasetyo','10310018','M'),(1492,9,'Muhammad Adi Syahrannoor','10310016','M'),(1491,9,'Muhammad Irfan Prasetyanto','10310015','M'),(1490,9,'Muchammad Rizal Syachbuddin G ','10310014','M'),(1489,9,'Meilina Ika Kurniawati','10310013','P'),(1487,9,'Lutfi Julham','10310011','M'),(1488,9,'Medya Noervihatya Hidayah','10310012','P'),(1486,9,'Komarudin','10310010','M'),(1485,9,'Farrah Diba','10310009','P'),(1484,9,'Evan Bagus Priadi','10310008','M'),(1515,12,'Rudy Nugroho','10310044','M'),(1516,12,'Selly Ayu Rhahmadani','10310045','M'),(1513,12,'Putri Permatasari','10310042','P'),(1514,12,'Ridwan Sebastian','10310043','M'),(1512,12,'Putri Nurgapi Fitri','10310041','P'),(1511,12,'Nugroho Nur Hakim','10310039','M'),(1510,12,'Mulya Halim','10310038','M'),(1509,12,'Muhamad Teguh Irzan','10310037','M'),(1508,12,'Muhammad Hamdan Tito Purnomo','10310036','M'),(1507,12,'Mohammad Ghalib','10310035','M'),(1506,12,'Intan Widiowati','10310033','P'),(1505,12,'Farid Hidayat','10310032','M'),(1504,12,'Dhanu Tri Yudanto','10310031','M'),(1503,12,'Chairunnisa Pashya','10310029','P'),(1501,12,'Andri Pramuziono','10310026','M'),(1502,12,'Aulia Dwiningtyas Putri','10310027','P'),(1728,19,'Yuga Riyanda','10210020','M'),(1724,19,'Rachmad Darmawan','10210015','M'),(1725,19,'Sandhy Julivan Cahyadi','10210016','M'),(1726,19,'Tya Yudistyana','10210018','P'),(1163,48,'Siti Wusan Sari M','10510019','P'),(1727,19,'Wahid Muchamad Aziz','10210019','M'),(1723,19,'Kahfi Fahman Nur Anwar','10210014','M'),(1722,19,'Heri Yuliana','10210013','M'),(1721,19,'Geradus Febian Brahma','10210012','M'),(1720,19,'Firda Meira Pratiwi','10210011','P'),(1719,19,'Fajar Nurjannati','10210010','P'),(1718,19,'Dwi Ari Wulandari','10210009','P'),(1717,19,'Dosdoi Firman Narotama','10210008','M'),(1716,19,'Didi Mustofa','10210007','M'),(1748,6,'Achmad Rifai','10210044','M'),(1747,6,'Yudhika Gulton','10210042','M'),(1746,6,'Yohanes','10210041','M'),(1745,6,'Vieky Wijaya Muchend','10210040','M'),(1744,6,'Verra Rahmawati','10210039','M'),(1743,6,'Syaiful Ikhsan Kusnandar','10210038','M'),(1742,6,'Risa Aditya','10210037','M'),(1741,6,'Rachmatulloh Sidik','10210036','M'),(1740,6,'Praditya Chandrawan','10210035','M'),(1739,6,'Nuryassin Purnama','10210034','M'),(1738,6,'Nurrohman','10210033','M'),(1737,6,'Januar Abdulloh','10210032','M'),(1736,6,'Haikal Muharrom','10210031','M'),(1735,6,'Firman Syah K','10210030','M'),(2051,23,'Khalil','10410026','M'),(2053,23,'Maulana Akhmad','10410029','M'),(2052,23,'Maria Ulfa','10410028','P'),(2050,23,'Irma Dwi Lestari','10410025','P'),(2049,23,'Ibnu Hakim','10410022','M'),(2047,23,'Finthantia Afriana Putri','10410018','P'),(2048,23,'Sri Rejeki','10410056','P'),(2045,23,'Esha Novian Nuur','10410016','P'),(2046,23,'Sabila R','10410052','P'),(2044,23,'Riza Juniar Adityo','10410048','M'),(2043,23,'Ega Pristanto','10410014','M'),(2042,23,'Rifqi Pradana','10410045','M'),(2041,23,'Dio Luwi Pramudyo','10410012','M'),(2040,23,'Prista Rediza','10410041','P'),(2039,23,'Desi Arnianti Kriswanto','10410009','P'),(2037,23,'Asti Intan Pratiwi widyan','10410007','P'),(2031,62,'Ilham Nurul Huda','10410023','M'),(2030,62,'Windy Anindya Putri','10410059','P'),(2028,62,'Taufan Nur Hidayat','10410058','M'),(2029,62,'Vivin Verdianty Putri','10410058','P'),(2027,62,'Fitriani Larasari','10410019','P'),(2026,62,'Sonny Indra S.','10410054','M'),(2025,62,'Fikri Ghofar El Manik','10410017','M'),(2024,62,'Sarah Ramadhania Putri','10410051','P'),(2023,62,'Rizki Grefita','10410050','P'),(2021,62,'Eka Novi Riana','10410015','P'),(2022,62,'Rizki Dafinta','10410049','P'),(2018,62,'Propandardila Iman Dayasya','10410042','M'),(2020,62,'Riski Paramitha','10410047','P'),(2019,62,'Doddy Iman Prasetya','10410013','M'),(1162,48,'Reza Mulya Saputra','10510018','M'),(1161,48,'Randika Rasyid','10510017','M'),(1160,48,'Panji Maulana Iksan','10510016','M'),(1159,48,'Nor Wulan Nikmah H','10510015','P'),(1158,48,'Mohammad Rizky Adam','10510013','M'),(1157,48,'Khairunnisa Maulidya','10510012','P'),(1156,48,'Isti Sari Sapdiati','10510011','P'),(1154,48,'Hafiiz Kurniawan','10510009','M'),(1155,48,'Hairul Shanie','10510010','M'),(1153,48,'Gemala Siswa Diandra','10510008','M'),(1151,48,'Eros','10510021','M'),(1152,48,'Fikri Ramdhani','10510007','M'),(1149,48,'Aziz Wijaya Bika','10510005','M'),(1150,48,'Enggarian Kristian','10510006','M'),(1148,48,'Asep Sugeng Maulana','10510004','M'),(1147,48,'Androgama Jaya Pranata','10510003','M'),(1810,21,'Ahmad Ilman Sudrajat','10610002','M'),(1809,21,'Alfian Wicaksono','10610003','M'),(1808,21,'Ardy Yulian Restianto','10610005','M'),(1807,21,'Arif Wibowo','10610006','M'),(1806,21,'Fajar Hari Kurniawan','10610008','M'),(1804,21,'Frinda Prasetya','10610009','M'),(1805,21,'Gusti Made Artanto','10610010','M'),(1803,21,'Hafidz Faza Kaliet Pontiwijaya','10610011','M'),(1801,21,'Ken Levi Kertangi','10610013','M'),(1802,21,'Iqbal Zulfikar','10610012','M'),(1800,21,'Muhammad Arif','10610014','M'),(1799,21,'Muhammad Taufiq Ramadhana','10610015','M'),(1797,21,'Rahmat Darmawan','10610018','M'),(1798,21,'Onkky Wahyu Al Pratama','10610016','M'),(1795,21,'Randy Christianto Putra','10610019','M'),(1796,21,'Priyadi Saputra','10610017','M'),(1794,21,'Rizky Abdu Rahman','10610021','M'),(1181,8,' Ridwan Kurniwan Firmansyah','09310018','M'),(1180,8,' Octaria Sanjaya','09310017 ','M'),(1179,8,' Nurlaela Yusuf','09310016','P'),(1178,8,' Nova Woro Mughniatmi','09310015','P'),(1177,8,'Muhammad Yuda','09310014','M'),(1176,8,'Muchtar Aryadi','09310013','M'),(1175,8,'Marega Dwi Putra Widianto','09310011','M'),(1174,8,'Hilda Yunita','09310010','P'),(1205,11,'Made Agung DA','09310045','M'),(1206,11,'Michael C Prabowo','09310046','M'),(1204,11,'Luthfi Widhi Wijanarko','09310044','M'),(1203,11,'Khamarudin Asan Putra','09310043','M'),(1202,11,' Jivo Huseri','09310042','M'),(1201,11,'Imam Fithroturrahman','09310041','M'),(1200,11,'Hardiansyah','09310040','M'),(1199,11,'Fauziah Purwanti','09310039','P'),(1198,11,'Eka Sulistyani','09310038','P'),(1197,11,'Edwin Riandi Anugerah','09310037','M'),(1196,11,'Dwi Haris Septian','09310036','M'),(1194,11,'Dewi Sartika','09310034','P'),(1195,11,'Dito Agung Galih Prakoso','09310035','M'),(1683,2,'Waluyo','09210025','M'),(1682,2,'Taruna Hadi Tyio','09210024','M'),(1681,2,'Simon Julius Caesar Siregar','09210023','M'),(1677,2,'Prabowo','09210017','M'),(1678,2,'Raden Aulia Brilliant','09210018','M'),(1709,5,'Jonesius Julindo Purba','09210052','M'),(1708,5,'Wiwit Dwi Aryanto','09210051','M'),(1707,5,'Sopan Hadi Wahtudi','09210050','M'),(1705,5,'Saiful Hidayat','09210048','M'),(1706,5,'Samsul Maliki','09210049','M'),(1704,5,'Rizqi Aulia Walidaini','09210047','M'),(1923,14,'Widiasmi Pangestika','09110032','P'),(1921,14,'Roberto Charles Leba','09110027','M'),(1922,14,'Sofyan Ilyas','09110030','M'),(1920,14,'Marsela Marji','09110017','P'),(1919,14,'John Ruth','09110015','M'),(1918,14,'Habibah Nurwahdah','09110012','P'),(1917,14,'Gayuh Rahartini','09110010','P'),(1916,14,'Febri Kurniawan','09110009','M'),(1915,14,'Aggi Rachmadana','09110003','P'),(1914,14,'Dinanto Prio Dharsono','09110008','M'),(1913,14,'Rizky Aldila Rahman','09110026','M'),(1949,17,'Dian Indra Dwi Putra','08110035','M'),(1950,17,'Ginanjar Wiranata','09110046','M'),(1948,17,'Alhamdi Ahzan','09110035','M'),(1947,17,'Alifiani Nooringtyas','09110036','P'),(1946,17,'Mutiah Rahmah','09110056','P'),(1945,17,'Ismalia Indrianti','09110049','P'),(1944,17,'Andhika Herlambang','09110037','M'),(1941,17,'Abdul Muis Maulida','09110033','M'),(1942,17,'Antariksa','09110039','M'),(1943,17,'Daniel Perdamean','09110040','M'),(1940,17,'Muhammad Fedel Ramadhan','09110055','M'),(1939,17,'Fatrylisia Intansari','09110043','P'),(1938,17,'Rahayu Agusty S','09110058','P'),(1937,17,'Rudi Diana','09110061','M'),(1936,17,'Annisa Tri Yudhi A','09110038','M'),(621,7,'Eka Michelina','08310006','P'),(620,7,'Suci Nursila','08310013','P'),(619,7,'Hasbi Ash Shidiqi','08310008','M'),(618,7,'Abdul Aziz Rahardian','08310001','M'),(617,7,'Dennis Afri Saptanto','08310017','M'),(1912,14,'Ghia Arya Widura','09110011','P'),(1911,14,'O. Sulastri WS.','09110023','P'),(1910,14,'Adrianus Gebyar','09110002','M'),(567,4,'Revo Yasin Wibowo','08110012','M'),(566,4,'Septian Ananto','08110006','M'),(565,4,'Sutarto','08110007','M'),(564,4,'Chaerul Umam','08110014','M'),(563,4,'Ahmad Gama Reza Pahlevi','08110002','M'),(562,4,'Dahzat Sella Pramesta','08110003','M'),(561,4,'M. Firdaus Agus Setyawan','08110004','M'),(560,4,'Akhirudin Muhammad Fatwa','08110011','M'),(559,4,'Tommy Wily Bonytua','08110008','M'),(1680,2,'Romario','09210021','M'),(1676,2,'Nurdin Haryadi','09210016','M'),(1675,2,'Indra Poltak Natanael','09210013','M'),(1674,2,'Hendra Hermawan','09210012','M'),(1673,2,'Harist Muhammad Hawalli','09210011','M'),(1672,2,'Hafizh','09210010','M'),(1671,2,'Chandra Apriyanto','09210007','M'),(1670,2,'Bustanil Arifin','09210006','M'),(1669,2,'Bagoes Mawandi','09210005','M'),(1668,2,'Azka Mulki Rabbani','09210004','M'),(1667,2,'Ardhan Rizky Rifai','09210003','M'),(1869,47,'Rachman Nur Fitra','10110028','M'),(1868,47,'Rifan Triyadi Permana','10210016','P'),(1867,47,'Kamaludin Nur Fahri','10110018','M'),(568,4,'Nevia Sisca Merdeka Sari','08110005','P'),(569,4,'Adi Putra Indra Perkasa','08110010','M'),(570,4,'Jaeni Suryadi','08110015','M'),(1703,5,'Muhammad Nur Samury','09210046','M'),(1702,5,'Muhammad Maulidin','09210045','M'),(1701,5,'Muhammad Arif','09210044','M'),(1700,5,'Maryanto Linggi','09210043','M'),(1699,5,'Luhur Pambudi','09210042','M'),(1698,5,'Kemal Firdaus','09210041','M'),(1697,5,'Jefri Dwi Cahyanto','09210040','M'),(1696,5,'Indra Anugrah Legowo','09210039','M'),(1695,5,'Idham Permadi','09210038','M'),(1693,5,'Helmi Nugraha','09210036','M'),(1694,5,'Hendra Darmawan','09210037','M'),(1692,5,'Ferry Armon','09210035','M'),(1691,5,'Ferdinandus Kristiantianto','09210034','M'),(1690,5,'Dhona Rohmatullah','09210033','M'),(1734,6,'Bayu Indra Setyoko','10210043','M'),(1733,6,'Eris Efendi','10210027','M'),(1732,6,'Dimas Indra Permana Putra','10210026','M'),(622,7,'Aliefici G.Rahmarta','08310015','M'),(623,7,'Iman Fathurahman','08310010','M'),(624,7,'Alekcander Tulus Endrile','08310002','M'),(625,7,'Arif Hendriyani','08310003','M'),(626,7,'Bambang Oktavianto','08310004','M'),(627,7,'Dameria Octavia','08310005','P'),(628,7,'Johan Darmansyah','08310011','M'),(629,7,'Taufiqur Rahman','08310014','M'),(1173,8,'Firdaus Fauzur Rachman','09310009','M'),(1172,8,'Erina Rizkya','09310008','P'),(1171,8,'Egi Septio Hadi','09310007','M'),(1170,8,'Djody Rizky Pratama','09310006','M'),(1169,8,'Daniel Okta Brianta','09310005','M'),(1168,8,'Boby Chandra Oktavianus','09310004','M'),(1167,8,'Ardiyogo','09310003','M'),(1166,8,'Angga Azdi Saskia','09310002','M'),(1165,8,'Ahmad Yordan Kiagung','09310001','M'),(1497,9,'Toni Aristianto','10310022','M'),(1483,9,'Deny Hamzah','10310007','M'),(1482,9,'Danang Arya Prayoga','10310006','M'),(1481,9,'Ariesti Putri Perdana','10310005','P'),(1480,9,'Angga Putra Jarmansyah','10310004','M'),(1479,9,'Andika Dwi Annur','10310003','M'),(1478,9,'Ananda Isti','10310002','P'),(1477,9,'Adhika Patryawan','10310001','M'),(1193,11,'Desy Irta Iriyanti','09310033','P'),(1192,11,'Cahyo Prasetyo','09310032','M'),(1191,11,'Asep Lukman Nulhakim','09310031','M'),(1190,11,'Arif P Ramadhan','09310030','M'),(1189,11,'Agus Hermawan','09310029','M'),(1188,11,'Ade Nurhandayani','09310027','P'),(1517,12,'Yohan Christian Fernandy','10310046','M'),(1500,12,'Ahmad Ekanata Ramadhan','10310025','M'),(1499,12,'Abdul Rahman','10310024','M'),(1909,14,'Putri Dwi Jayanti','09110025','P'),(1908,14,'Syaifu Muhammad Sabil','09110028','M'),(1907,14,'Wanda Nurina Sara','09110031','P'),(1906,14,'Delfi Febriana','09110007','P'),(1905,14,'Kurniawan Adi Prasetyo','09110016','M'),(1904,14,'Muhammad Luthfi Fuad','09110021','M'),(1903,14,'Bagus Sanjaya','09110006','M'),(1902,14,'Ignatius Irsto Geovandi','09110014','M'),(1901,14,'Harindra Dwiky','09110013','M'),(1900,14,'Ahmad Riyadi','09110001','M'),(1164,48,'Wahyu Herdiyanto N','10510020','M'),(1146,48,'Achmad Faisal','10510002','M'),(1145,48,'Abdullah Arie Saputra Fratama','10510001','M'),(769,16,'Ahmad Nur Hasan','08110029','M'),(770,16,'Anggi Andika','08110002','P'),(771,16,'Dara Puspita','08110033','P'),(772,16,'Fauzan Syaugi','08110007','M'),(773,16,'Ferdi Setiawan','08110008','M'),(774,16,'Arif Nurhidayat','08110036','M'),(775,16,'Fajar Prasdianto','08110037','M'),(776,16,'Putra Fadillah','08110011','M'),(777,16,'Sendi Sabri','08110015','M'),(778,16,'Muhamad Ullinuha','08110040','M'),(779,16,'Suhartaman Arifin','08110016','M'),(780,16,'Tri Wibowo','08110017','M'),(781,16,'Zulkifli Muin','08110023','M'),(782,16,'Sodri Firdaus','08110046','M'),(783,16,'Indra Lesmana','08110024','M'),(784,16,'Septian Hadi','08110048','M'),(785,16,'Dwi Cahyo Purnomo','08110054','M'),(786,16,'Syahril Ramazar','08110056','M'),(787,16,'Ajeng Tri Marthaningrum','08110057','P'),(1935,17,'M.Rizki Ramadhan','09110057','M'),(1934,17,'Handi Cristianto','09110047','M'),(1933,17,'Ranni Rahayu Agusti','09110059','P'),(1932,17,'Selmi Fauziyah','09110062','P'),(1931,17,'Desti Ratna Sari','09110041','P'),(1930,17,'Sunti Sriwanti','09110063','P'),(1929,17,'Josep Riky Julianto S','09110050','M'),(1928,17,'Deto Wulung Samudro','09110042','M'),(861,18,'M.Ramdani Budianshari','10110048','M'),(862,18,'Muhammad Iqbal','10110051','M'),(863,18,'Gunawan Muin','10110044','M'),(864,18,'Ricky Marendy','10110057','M'),(865,18,'Fil Ardli Seplandu Safari','10110066','M'),(866,18,'Iman Erlangga','10110065','M'),(1715,19,'Arif Santoso','10210005','M'),(1714,19,'Arif Prima Yudha Setagiri','10210004','P'),(1713,19,'Andika Permana','10210003','M'),(1793,21,'Rizka Hutomo','10610020','M'),(1792,21,'sony Santri Adji','10610023','M'),(1791,21,'Samantha Lodia Natasya Abraham','10610022','P'),(2038,23,'Nur Fazar Fizki Suseno','10410039','M'),(2036,23,'Naruly Ovtavielia Peking','10410036','P'),(2035,23,'Aldy Wisnu Prabowo','10410004','M'),(2034,23,'Mudzakiri Fathonah','10410032','M'),(2033,23,'Ahmad Faisal','10410002','M'),(2016,62,'Nur M.Azzam','10410040','M'),(2017,62,'Dhaniar Fatma Yunita','10410010','M'),(2015,62,'Bagus Yudhi Prabowo','10410008','M'),(2014,62,'Norman Ihsan Aplaha','10410038','M'),(2012,62,'Muhammad Risqi H','10410034','M'),(2013,62,'Assalwa','10410006','M'),(2011,62,'Al Ihssan','10410003','M'),(2009,62,'Agi Faturrahman','10410001','M'),(2010,62,'Moh.Eipuddin','10410031','M'),(963,49,'Alexander Cornelius','08110001','M'),(964,49,'Andi Al Kindi Yusuf','08110031','M'),(965,49,'Budi Maulani','08110005','M'),(966,49,'Douglas Febriyanto S','08110034','M'),(967,49,'Krisna Ramadhan Putra','08110009','M'),(968,49,'Tri Cahya Berlian','08110010','P'),(969,49,'Irma Nuraeni','08110038','P'),(970,49,'Ryan Kalid','08110013','M'),(971,49,'Rick Chaniago','08110014','M'),(972,49,'Sambodo Agung W','08110044','M'),(973,49,'Wahyu Nurwadini','08110019','M'),(974,49,'Willy Prasetya M','08110021','M'),(975,49,'Yustira Arga Mandala','08110022','M'),(976,49,'Satria Parmana','08110045','M'),(977,49,'Ahmad Muhajir','08110026','M'),(978,49,'Mira Ratna Kirana','08110028','P'),(979,49,'Wahyu Kusmawan','08110050','M'),(980,49,'M.Haji Nurhidayat','08110053','M'),(981,49,'Budi Putra Kharisma','08110055','M'),(1785,50,'Prayudi Herlambang','1','M'),(1767,51,'Putuh Arosyid','1','M'),(1019,52,'Ade Hamzah','1','M'),(1210,54,'Achmad Pratomo','1','M'),(1262,55,'Abdi Darmawan Shamjio','1','M'),(1429,56,'Adhitia Cipta Nugraha','1','M'),(1454,57,'Adi Irawan','1','M'),(1322,59,'Ade Lukmanul Hakim','1','M'),(1350,60,'Ade Arfianto','1','M'),(1377,61,'Ahmad Syaugi Arisandi','1','M'),(1766,51,'Panji Eka Putra','1','M'),(1765,51,'Muhammad Ramadhana','1','M'),(1764,51,'Muhammad Bagus Firdaus','1','M'),(1763,51,'Miftachul Jannah','1','P'),(1762,51,'Laila Ulfah Hasanah','1','P'),(1761,51,'Jejen Zaenal Muttaqin','1','M'),(1760,51,'Harfan Fauzi Utomo','1','M'),(1759,51,'Hamas Izzet Qordhowi','1','M'),(1758,51,'Gregorius Bayu Aji Saputra','1','M'),(1757,51,'Fajar Bagus Rianto','1','M'),(1756,51,'Eric Fernando Nainggolan','1','M'),(1755,51,'Dwi Imam Muhammad','1','M'),(1754,51,'Deska Mawaddahsya Putra','1','M'),(1753,51,'Deden Ichuanudin','1','M'),(1752,51,'Bayu Handika','1','M'),(1751,51,'Ashari Ramadan','1','M'),(1750,51,'Akhmad Kunarto','1','M'),(1749,51,'Aditya Catur Saputra','1','M'),(1020,52,'Ahmad Fauzi','1','M'),(1021,52,'Alif Hamdallah','1','M'),(1022,52,'Bagus Salasa Achmad S','1','M'),(1023,52,'Dani Waldan Ichsan','1','M'),(1024,52,'Deny Hartoyo','1','M'),(1025,52,'Dian Lara Pradana Putra','1','M'),(1026,52,'Fahmi','1','M'),(1027,52,'Galuh Devie Nuraeny','1','P'),(1028,52,'Haidir Dani Sahrizal','1','M'),(1029,52,'Iyan Indra Kurnia','1','M'),(1030,52,'Juwita Ismoyowati','1','P'),(1031,52,'Lailatul Khusna','1','P'),(1032,52,'Mohammad Thasyrik Pudu','1','M'),(1033,52,'Muhammad Fauji Sihotang','1','M'),(1034,52,'Muhammad Rozi Ardiansyah','1','M'),(1035,52,'Putra Setiawan','1','M'),(1036,52,'Rachmad Risdiansya','1','M'),(1037,52,'|Randi Nur Oktavianto','1','M'),(1038,52,'Rizky Firmansyah','1','M'),(1039,52,'Stefanus Leo Kencana T','1','M'),(1040,52,'Syahrial Pratama','1','M'),(1041,52,'Taufik Tri Handoko','1','M'),(1042,52,'Winarti','1','P'),(1784,50,'Nina Rizki Fatimah','1','P'),(1783,50,'Mashaby Kafaa AS','1','M'),(1782,50,'Ilham Adriansyah D','1','M'),(1781,50,'Ikhsan Nur Fauzi','1','M'),(1780,50,'Hana Rosliana E K','1','P'),(1779,50,'Fiqha Yakto Alamio','1','M'),(1778,50,'Fadhillah Arizky Noor','1','M'),(1777,50,'Earvin Jaremy Putra','1','M'),(1776,50,'Dira Levi Mulia','1','P'),(1775,50,'Cinta Sofia Kusuma','1','P'),(1774,50,'Alif Reimanda','1','M'),(1773,50,'Agatama Yuda Syaputra','1','M'),(1712,19,'Aditya Indra Rismanto','10210001','M'),(1731,6,'Bakti Arbi Ananta','10210024','M'),(1730,6,'Aji Kisawan','10210022','M'),(1679,2,'Randi Ade Putra','09210020','M'),(1666,2,'Amry Manan Putra','09210002','M'),(1665,2,'Ahmad Fadhil Habibie','09210001','M'),(1689,5,'Bayu Putra Pratama','09210032','M'),(1688,5,'Bagus Aryanto','09210031','M'),(1687,5,'Amalia Riski','09210030','P'),(1686,5,'Ajib Gunawan','09210029','M'),(1182,8,'Septiana Putri Dewanti','09310020','P'),(1183,8,'Theresia Desyrina','09310021','P'),(1184,8,'Trio Edie Setiawan','09310022','M'),(1185,8,'Wadirin','09310023','M'),(1186,8,'Wini Nurhanifah','09310024','P'),(1187,8,'Yohanes Trisu Theofilus N','09310025','M'),(1207,11,'Novita Sari','09310048','P'),(1208,11,'Rizky Asrianda','09310050','P'),(1209,11,'Firman Hari Sampurna','08310008','M'),(1211,54,'Ananda Wanti Haryani','1','P'),(1212,54,'Andi Maulana Agung','1','M'),(1213,54,'Annisa Siti Fatimah','1','P'),(1214,54,'Arwan Sasmito','1','M'),(1215,54,'Asde Marseila Romadhona','1','P'),(1216,54,'Daniel Aditya Mulan Nugraha','1','M'),(1217,54,'Dhanue Andrean','1','M'),(1218,54,'Dian Krisnawan','1','M'),(1219,54,'Dio Agusti','1','P'),(1220,54,'Dita Siana Octavera Erhadi','1','P'),(1221,54,'Etiy Oktaviyani','1','P'),(1222,54,'Hajar Safitri Rachima','1','P'),(1223,54,'Herdiana Septyawati','1','P'),(1224,54,'Marlindha Arimbi','1','P'),(1225,54,'Mas Rahadianto Husodo','1','M'),(1226,54,'Maulana Husen','1','M'),(1227,54,'Muhamad Rizky Fitrian','1','M'),(1228,54,'Muhammad Nindhyo Pratama','1','M'),(1229,54,'Muhammad Nurdiansyah','1','M'),(1230,54,'Muhammad Taqi','1','M'),(1231,54,'Pricellya Evitaranny Latumahina','1','P'),(1232,54,'Rizka Adellia','1','P'),(1233,54,'Safira Aulia','1','P'),(1234,54,'Septian Cipta Irawan','1','M'),(1235,54,'Trihutomo Putro','1','M'),(1236,54,'Valianto Maulana','1','M'),(1237,54,'Vita Pristi Ariyanti','1','P'),(1836,53,'Tika Safitri','1','P'),(1835,53,'TB. M Yudi Kautsar Permana','1','M'),(1834,53,'Reza Kemal Wijaya','1','M'),(1833,53,'Oki Tri Artha Nugroho','1','P'),(1832,53,'Nurjanah Dwi Kurnia','1','P'),(1831,53,'Muhammad Ramdani Wahyudi','1','M'),(1830,53,'Meirina Orchidanti Sanubari','1','P'),(1829,53,'Lusitania Ayu Sekar Ningtyas','1','P'),(1828,53,'John Roy Sibarani','1','M'),(1827,53,'Ivan Fuadi Setiawan','1','M'),(1826,53,'Intan Fatrina Sari','1','P'),(1825,53,'I Gusti Ayu Eka Ratna Dewi','1','P'),(1824,53,'Hutomo Pangestu','1','M'),(1823,53,'Hanny Maulyna','1','P'),(1822,53,'Habib Karim Adam Sugiarto','1','M'),(1821,53,'Ira Widya','1','P'),(1819,53,'Elsha Laila','1','P'),(1263,55,'Achmad Zarkasih','1','M'),(1264,55,'Anggi Almira Rahma','1','P'),(1265,55,'Bias Prio Kuncoro','1','M'),(1266,55,'Dita Aji Priambodo','1','P'),(1267,55,'Dosman Novalina','1','P'),(1268,55,'Faisal Akbar Hendrapratama','1','M'),(1269,55,'Fatimah','1','P'),(1270,55,'Fauzan','1','M'),(1271,55,'Francisca Suharyani','1','P'),(1272,55,'Hafizh Wiratama Sahadeva','1','M'),(1273,55,'Herlitha Ralantika','1','P'),(1274,55,'Ihya Al Ulmu Kulsum','1','P'),(1275,55,'Indra Purnama','1','M'),(1276,55,'Lamone Waraweki M','1','M'),(1277,55,'M. Ardian Vidianto','1','M'),(1278,55,'Miranti','1','P'),(1279,55,'Mochammad Iqbal','1','M'),(1280,55,'Muhajirin','1','M'),(1281,55,'Muhammad ','1','M'),(1282,55,'Muhammad Imaddudin','1','M'),(1283,55,'Muhammad Mukhbit Abdu Robbi','1','M'),(1284,55,'Muhammad Risnadi Misea Utama','1','M'),(1285,55,'Muhammad Zul Atsari','1','M'),(1286,55,'Nurman Izlaq','1','M'),(1287,55,'Ryan Ismail Soehasrto','1','M'),(1288,55,'Safitri Dwi Sekar Sari','1','M'),(1289,55,'Seldy Setyawan','1','M'),(1290,55,'Septian Rahardi','1','M'),(1291,55,'Septyo Megatama','1','M'),(1292,55,'Sinta Mawarni','1','P'),(1293,55,'Yessiel Trivena Towollu','1','P'),(1856,58,'Renda Nur Oktaviyono','1','M'),(1855,58,'Panji Raga Buana E.F.','1','M'),(1854,58,'Nur Fajrina','1','P'),(1853,58,'Nadia Pangestu','1','P'),(1852,58,'Munaf Ahmad Fajrin','1','M'),(1851,58,'Muhammad Rezy Syahputra','1','M'),(1850,58,'Muhammad Daniel Wirabuana','1','M'),(1849,58,'Mokhamad Rahib Akbar','1','M'),(1848,58,'M. Nur Ichsan','1','M'),(1847,58,'Lutfiyah','1','P'),(1846,58,'Istoqomah Auliany','1','P'),(1845,58,'Ibrahim','1','M'),(1844,58,'Ferdy Firnaldy','1','M'),(1843,58,'Faisal Fadhillah','1','M'),(1842,58,'Cahya Candra Wahyudi','1','M'),(1841,58,'Aufar Haris Munandar','1','M'),(1840,58,'Andri Kurniadi','1','M'),(1839,58,'Agung Riansyah','1','M'),(1838,58,'Ade Topani','1','M'),(1837,58,'Ade Agung Manggala Putra','1','M'),(1323,59,'Afiah','1','P'),(1324,59,'Ahmad Sulfi Nurrizky','1','M'),(1325,59,'Andri Nurianto','1','M'),(1326,59,'Bangkit Darmawan','1','M'),(1327,59,'Faiza Nurjanah','1','M'),(1328,59,'Fauzan','1','M'),(1329,59,'Hanifah','1','P'),(1330,59,'Irfan Nur Hamzah','1','M'),(1331,59,'Kinanti','1','P'),(1332,59,'Maryanti Kuspitri Wahyuni','1','P'),(1333,59,'Muhammad Alkindi Razak','1','M'),(1334,59,'Muhammad Reza Hartoyo Putro','1','M'),(1335,59,'Muhammad Subhan','1','M'),(1336,59,'Muhammad Ali Hanafiah','1','M'),(1337,59,'Muhammad Dani Alinaung','1','M'),(1338,59,'Muhammad Ilham Firmanuadi','1','M'),(1339,59,'Mutaqin Tito Hamardi','1','M'),(1340,59,'Navy Evaresti Nur Aisyah','1','M'),(1341,59,'Nurul Alfiani','1','M'),(1342,59,'Raja Fajar Thalib','1','M'),(1343,59,'Rian Rifai','1','M'),(1344,59,'Rio Mutiharseno','1','M'),(1345,59,'Ryan Wijisovia','1','M'),(1346,59,'Sandy Kusuma','1','M'),(1347,59,'Sayyid Maizar','1','M'),(1348,59,'Wahyu Wicaksono','1','M'),(1349,59,'Yuda Arliandi','1','M'),(1351,60,'Arie Afrianto','1','M'),(1352,60,'Bunga Pascalia','1','P'),(1353,60,'Dea Octa Iriyanti','1','P'),(1354,60,'Dendy Ilham Pratama','1','M'),(1355,60,'Dhesyta Nhadya','1','P'),(1356,60,'Dita Triana','1','P'),(1357,60,'Hana Nadida','1','P'),(1358,60,'Husnul Firdaus','1','M'),(1359,60,'Isnaeni Rizqi Ernawati','1','P'),(1360,60,'Laila Rahmah','1','P'),(1361,60,'Liagusdhiani','1','P'),(1362,60,'Maulana Pradana','1','M'),(1363,60,'Machmmad Gilang Prasetyo','1','M'),(1364,60,'Nadia Gusti Septari','1','P'),(1365,60,'Nuri Cahyani','1','P'),(1366,60,'Patricius Bagas Setiyaji Prakosa','1','M'),(1367,60,'Putri Rachmawati Putri ','1','P'),(1368,60,'Rahmah Yanti Darsono Putri','1','P'),(1369,60,'Resita Puspasari','1','P'),(1370,60,'Rifnida Novalinda','1','P'),(1371,60,'Rina Yuliana','1','P'),(1372,60,'Rizky Yanuar Putra','1','M'),(1373,60,'Shanie Silmy','1','P'),(1374,60,'Sondang Safina Tunajah','1','P'),(1375,60,'Wahyu Eko Prihandani','1','M'),(1376,60,'Wira Putra Setiadi','1','M'),(1378,61,'Ario Suyudi','1','M'),(1379,61,'Daniel Satrio','1','M'),(1380,61,'Debie Cyntia Christine Tampubolon','1','P'),(1381,61,'Devi Serpina','1','P'),(1382,61,'Diki Anggrian','1','M'),(1383,61,'Erwin Setiawan','1','M'),(1384,61,'Hasanah Mustika Ningrum','1','P'),(1385,61,'Irni','1','P'),(1386,61,'Juldan Said Ismail','1','M'),(1387,61,'Lentera Priscila','1','P'),(1388,61,'M.Wahyu Hidayat','1','M'),(1389,61,'Melliana Anggraeni','1','P'),(1390,61,'Muhamad Bagus Akbar','1','M'),(1391,61,'Nanda Bastian Tandi Azis','1','M'),(1392,61,'Nurul Samsiah Ulfa','1','P'),(1393,61,'Puspita Parameswari Putri','1','P'),(1394,61,'Raegi Alka Fauzan','1','M'),(1395,61,'Rahmi Dwi Permatasari','1','P'),(1396,61,'Resty Violetta Nawang Wulan','1','P'),(1397,61,'Rimbot Fransen','1','M'),(1398,61,'Rizki Ramadhan Prasetya','1','M'),(1399,61,'Septian Hadi Prasetya','1','M'),(1400,61,'Shoffana Nur Aulia','1','P'),(1401,61,'Syifa Rizky Larasati','1','P'),(1402,61,'Wildan Adi Nugraha','1','M'),(1403,61,'Yuanda Prasetyo','1','M'),(1857,58,'Ricki Setiawan','1','M'),(1820,53,'Fajar Eko Budi Prakoso','1','M'),(1818,53,'Elisabeth Arin Wahyu Ratri','1','P'),(1817,53,'Chairul Umam','1','M'),(1816,53,'Desi Lestari','1','P'),(1430,56,'Agus Setiawan','1','M'),(1431,56,'Anastasia Wydiawati Siagian','1','P'),(1432,56,'Briantoro Unggul Wiyadi','1','M'),(1433,56,'Dianti Dwipramesthi','1','P'),(1434,56,'Edwar Yunizal','1','M'),(1435,56,'Fitri Novianti','1','P'),(1436,56,'Ghali Hasbul Qahar','1','M'),(1437,56,'Hadi Susilo Murti','1','M'),(1438,56,'Indra Maulana','1','M'),(1439,56,'Irita Eka Yanti','1','P'),(1440,56,'Lazuardi Arrazi','1','M'),(1441,56,'Mirza Muhammad Hasan Al Ja','1','M'),(1442,56,'Muamar Ridwan','1','M'),(1443,56,'Muhammad Ali Azmi','1','M'),(1444,56,'Muhammad Jabbar Jayasutisna','1','M'),(1445,56,'Muhammad Radian Ananto','1','M'),(1446,56,'Mutiara Safitri','1','P'),(1447,56,'Nikmah Khaerani','1','M'),(1448,56,'Prima Ahmad Andhura','1','M'),(1449,56,'Reny Riya Wati','1','P'),(1450,56,'Septiyan Hidayat','1','M'),(1451,56,'Timothius Gigih Baku Rogo','1','M'),(1452,56,'Wristian Afitoa Azh','1','M'),(1453,56,'Yossi Zulfahmi','1','M'),(1455,57,'Amelia Herminingtias','1','P'),(1456,57,'Atika Muslimah','1','P'),(1457,57,'Desi Rahayu','1','P'),(1458,57,'Dimas Ibnu Wibowo','1','M'),(1459,57,'Fara Lestari','1','M'),(1460,57,'Franciscus Xaverius Wahyu Arif Wibawa','1','M'),(1461,57,'Gilang Pramaghapin','1','M'),(1462,57,'Hendrik Surdilaga','1','M'),(1463,57,'Kurniadyah Intan Jauhari','1','M'),(1464,57,'Megah Drajat Setiaji','1','M'),(1465,57,'Mochammad Mufti Mahardika','1','M'),(1466,57,'Muhamad Rizki','1','M'),(1467,57,'Muhammad Fa\'iz Nugroho ','1','M'),(1468,57,'Muhammad Mujahidin Rajillilah','1','M'),(1469,57,'Muhammad Yusuf Ari Widodo','1','M'),(1470,57,'Nadiatasya Zahra Anissa','1','P'),(1471,57,'Prahastiwi Susilowati','1','P'),(1472,57,'Raihan Ibrahim Saputra','1','M'),(1473,57,'Rizky Denisa Ruslan','1','M'),(1474,57,'Tati Rosmiati','1','P'),(1475,57,'Viky Alvianas','1','M'),(1476,57,'Yeyen Yuliani Indrianingsih','1','P'),(1498,9,'Yoyong Bemby Sandiari','10310023','M'),(1518,12,'Sheila Marcelia R.A.','10310047','P'),(1811,21,'Adia Damar Syamsuri','10610001','P'),(1790,21,'Sri Dian Afrianti Kunto','10610024','P'),(1815,53,'Andre Rivaidi','1','M'),(1814,53,'Anastasia Mutia Intishar','1','P'),(1813,53,'Agung Saputra','1','M'),(1685,2,'Zaenudin Fachmi','09210027','M'),(1710,5,'Jaenal Abidin','09210053','M'),(1711,5,'Rosliana Handayani','09210022','P'),(1729,19,'Dimas Maisanto','10210045','M'),(1768,51,'Rachman Affandi','1','M'),(1769,51,'Rian Ardiyatna','1','M'),(1770,51,'Safiyullah','1','M'),(1771,51,'Sugiri Santoso','1','M'),(1772,51,'Yon Harry Fambudi','1','M'),(1786,50,'Seno Basuki Rachmat','1','M'),(1787,50,'Tyas Lestari','1','P'),(1788,50,'Yasir Ali','1','M'),(1789,50,'Armita Rahmawati','1','P'),(1812,21,'Fauzia Afriandini','10210030','P'),(1858,58,'Rivaldi Saputra','1','M'),(1859,58,'Ryan Melandie','1','M'),(1860,58,'Sarah Dewi Ekowati','1','P'),(1861,58,'Suci Fitriyani','1','P'),(1862,58,'Tesar Rizky Putra','1','M'),(1863,58,'Tiara Gustian Roswatie','1','P'),(1864,58,'Widiyati Putri Octavia','1','P'),(1865,58,'Joko Putro','1','M'),(1866,58,'Frida Fadila F','1','P'),(1896,47,'Alfian Islami','10110007','M'),(1897,47,'Adityo Bayu Aji','10110034','M'),(1898,47,'Muhammad Ryan F','10110022','M'),(1899,47,'Senna Listinarani','10110029','P'),(1924,14,'Ahmad Nurhasan','09110029','M'),(1925,14,'Rio Johansen','09110042','M'),(1926,14,'Zakki Fauran','09110051','M'),(1927,14,'Muhammad Ulinnuha','','M'),(1951,17,'Kevin Arya Permana','09110051','M'),(1952,17,'Rezha Filial H','09110060','M'),(1953,17,'Zul Putra','09110064','M'),(1954,17,'Iman Prasetyo','09110048','M'),(2054,23,'Diana Nurfiani','10410060','P'),(2032,23,'Miya Warniasih','10410030','P');
/*!40000 ALTER TABLE `students` ENABLE KEYS */;
UNLOCK TABLES;

--
-- Table structure for table `study_programs`
--

DROP TABLE IF EXISTS `study_programs`;
SET @saved_cs_client     = @@character_set_client;
SET character_set_client = utf8;
CREATE TABLE `study_programs` (
  `id` int(11) NOT NULL auto_increment,
  `name` varchar(50) NOT NULL,
  PRIMARY KEY  (`id`)
) ENGINE=MyISAM AUTO_INCREMENT=13 DEFAULT CHARSET=latin1;
SET character_set_client = @saved_cs_client;

--
-- Dumping data for table `study_programs`
--

LOCK TABLES `study_programs` WRITE;
/*!40000 ALTER TABLE `study_programs` DISABLE KEYS */;
INSERT INTO `study_programs` VALUES (5,'Teknik Grafika'),(6,'Penerbitan'),(7,'Desain Grafis'),(8,'Teknik Kemasan'),(9,'Fotografi'),(10,'Periklanan'),(11,'Animasi'),(12,'Multimedia');
/*!40000 ALTER TABLE `study_programs` ENABLE KEYS */;
UNLOCK TABLES;

--
-- Table structure for table `unit_codes`
--

DROP TABLE IF EXISTS `unit_codes`;
SET @saved_cs_client     = @@character_set_client;
SET character_set_client = utf8;
CREATE TABLE `unit_codes` (
  `id` smallint(6) NOT NULL auto_increment,
  `name` varchar(100) NOT NULL,
  `code` varchar(10) NOT NULL,
  `created` datetime NOT NULL,
  `created_by` int(10) NOT NULL,
  `modified` datetime NOT NULL,
  `modified_by` int(10) NOT NULL,
  PRIMARY KEY  (`id`),
  UNIQUE KEY `code` (`code`),
  KEY `name` (`name`)
) ENGINE=MyISAM AUTO_INCREMENT=65 DEFAULT CHARSET=latin1;
SET character_set_client = @saved_cs_client;

--
-- Dumping data for table `unit_codes`
--

LOCK TABLES `unit_codes` WRITE;
/*!40000 ALTER TABLE `unit_codes` DISABLE KEYS */;
INSERT INTO `unit_codes` VALUES (50,'Program Studi Teknik Kemasan','4','2010-08-13 08:28:39',2,'2011-01-29 17:22:06',2),(51,'Program Studi Desain Grafis','3','2010-08-13 08:29:05',2,'2011-01-29 17:21:53',2),(52,'Program Studi Periklanan','6','2010-08-13 08:29:18',2,'2011-01-29 17:22:27',2),(53,'Program Studi Penerbitan','2','2010-08-13 08:29:30',2,'2011-01-29 17:21:44',2),(54,'Program Studi Fotografi','5','2010-08-13 08:29:44',2,'2011-01-29 17:22:20',2),(64,'Program Studi Multimedia','8','2011-08-18 16:26:34',1,'2011-08-18 16:26:34',0),(63,'Program Studi Animasi','7','2011-08-18 16:25:58',1,'2011-08-18 16:25:58',0),(62,'Program Studi Teknik Grafika','1','2011-01-29 17:21:09',2,'2011-01-29 17:21:30',2);
/*!40000 ALTER TABLE `unit_codes` ENABLE KEYS */;
UNLOCK TABLES;

--
-- Table structure for table `user_logs`
--

DROP TABLE IF EXISTS `user_logs`;
SET @saved_cs_client     = @@character_set_client;
SET character_set_client = utf8;
CREATE TABLE `user_logs` (
  `id` int(11) NOT NULL,
  `user_id` int(11) NOT NULL,
  `ip_address` char(15) NOT NULL,
  `controller` varchar(50) NOT NULL,
  `action` varchar(50) NOT NULL,
  `request_method` varchar(10) NOT NULL,
  `referer` varchar(100) NOT NULL,
  `url` varchar(100) NOT NULL,
  `user_agent` tinytext NOT NULL,
  `created` datetime NOT NULL,
  KEY `user_id` (`user_id`),
  KEY `ip_address` (`ip_address`),
  KEY `created` (`created`)
) ENGINE=MyISAM DEFAULT CHARSET=latin1;
SET character_set_client = @saved_cs_client;

--
-- Dumping data for table `user_logs`
--

LOCK TABLES `user_logs` WRITE;
/*!40000 ALTER TABLE `user_logs` DISABLE KEYS */;
INSERT INTO `user_logs` VALUES (0,158,'120.165.6.43','act_lists','index','GET','http://la.baukpoltek.net/act_lists/report_student_attendance/','/index.php?url=act_lists','Mozilla/5.0 (Windows; U; Windows NT 6.1; id; rv:1.9.2.22) Gecko/20110902 Firefox/3.6.22','2011-09-17 21:14:20'),(0,158,'120.165.6.43','act_lists','report_student_attendance','GET','http://la.baukpoltek.net/act_lists/report_for_me','/index.php?url=act_lists/report_student_attendance/','Mozilla/5.0 (Windows; U; Windows NT 6.1; id; rv:1.9.2.22) Gecko/20110902 Firefox/3.6.22','2011-09-17 21:14:19'),(0,158,'120.165.6.43','act_lists','report_for_me','GET','http://la.baukpoltek.net/act_lists/report_for_me','/index.php?url=act_lists/report_for_me','Mozilla/5.0 (Windows; U; Windows NT 6.1; id; rv:1.9.2.22) Gecko/20110902 Firefox/3.6.22','2011-09-17 21:12:45'),(0,158,'120.165.6.43','act_lists','report_student_attendance','POST','http://la.baukpoltek.net/act_lists/report_student_attendance/','/index.php?url=act_lists/report_student_attendance','Mozilla/5.0 (Windows; U; Windows NT 6.1; id; rv:1.9.2.22) Gecko/20110902 Firefox/3.6.22','2011-09-17 21:00:57'),(0,158,'120.165.6.43','act_lists','report_for_me','GET','http://la.baukpoltek.net/act_lists/report_student_attendance/','/index.php?url=act_lists/report_for_me','Mozilla/5.0 (Windows; U; Windows NT 6.1; id; rv:1.9.2.22) Gecko/20110902 Firefox/3.6.22','2011-09-17 21:09:37'),(0,158,'120.165.6.43','act_lists','report_for_me','POST','http://la.baukpoltek.net/act_lists/report_for_me','/index.php?url=act_lists/report_for_me','Mozilla/5.0 (Windows; U; Windows NT 6.1; id; rv:1.9.2.22) Gecko/20110902 Firefox/3.6.22','2011-09-17 21:09:40'),(0,158,'120.165.6.43','act_lists','report_for_me','POST','http://la.baukpoltek.net/act_lists/report_for_me','/index.php?url=act_lists/report_for_me','Mozilla/5.0 (Windows; U; Windows NT 6.1; id; rv:1.9.2.22) Gecko/20110902 Firefox/3.6.22','2011-09-17 21:12:50'),(0,158,'120.165.6.43','act_lists','report_student_attendance','GET','http://la.baukpoltek.net/act_lists/report_for_me','/index.php?url=act_lists/report_student_attendance/','Mozilla/5.0 (Windows; U; Windows NT 6.1; id; rv:1.9.2.22) Gecko/20110902 Firefox/3.6.22','2011-09-17 21:00:53'),(0,158,'120.165.6.43','users','permission_denied','GET','http://la.baukpoltek.net/users/login','/index.php?url=users/permission_denied','Mozilla/5.0 (Windows; U; Windows NT 6.1; id; rv:1.9.2.22) Gecko/20110902 Firefox/3.6.22','2011-09-17 20:56:30'),(0,158,'120.165.6.43','act_lists','report_for_me','POST','http://la.baukpoltek.net/act_lists/report_for_me','/index.php?url=act_lists/report_for_me','Mozilla/5.0 (Windows; U; Windows NT 6.1; id; rv:1.9.2.22) Gecko/20110902 Firefox/3.6.22','2011-09-17 20:58:03'),(0,158,'120.165.6.43','act_lists','report_for_me','GET','http://la.baukpoltek.net/act_lists/edit/188','/index.php?url=act_lists/report_for_me','Mozilla/5.0 (Windows; U; Windows NT 6.1; id; rv:1.9.2.22) Gecko/20110902 Firefox/3.6.22','2011-09-17 20:58:00'),(0,158,'120.165.6.43','act_lists','edit','GET','http://la.baukpoltek.net/act_lists','/index.php?url=act_lists/edit/188','Mozilla/5.0 (Windows; U; Windows NT 6.1; id; rv:1.9.2.22) Gecko/20110902 Firefox/3.6.22','2011-09-17 20:56:59'),(0,158,'120.165.6.43','act_lists','index','GET','http://la.baukpoltek.net/users/permission_denied','/index.php?url=act_lists','Mozilla/5.0 (Windows; U; Windows NT 6.1; id; rv:1.9.2.22) Gecko/20110902 Firefox/3.6.22','2011-09-17 20:56:35'),(0,1,'120.165.6.43','users','edit','GET','http://la.baukpoltek.net/users','/index.php?url=users/edit/158','Mozilla/5.0 (Windows; U; Windows NT 6.1; id; rv:1.9.2.22) Gecko/20110902 Firefox/3.6.22','2011-09-17 20:55:46'),(0,1,'120.165.6.43','users','logout','GET','http://la.baukpoltek.net/users/edit/158','/index.php?url=users/logout','Mozilla/5.0 (Windows; U; Windows NT 6.1; id; rv:1.9.2.22) Gecko/20110902 Firefox/3.6.22','2011-09-17 20:56:18'),(0,158,'120.165.6.43','users','edit','GET','http://la.baukpoltek.net/users/login','/index.php?url=users/edit/158','Mozilla/5.0 (Windows; U; Windows NT 6.1; id; rv:1.9.2.22) Gecko/20110902 Firefox/3.6.22','2011-09-17 20:56:29'),(0,162,'120.165.62.219','act_lists','approval_list','GET','http://la.baukpoltek.net/act_lists/edit/278','/index.php?url=act_lists/approval_list','Mozilla/5.0 (Windows; U; Windows NT 6.1; id; rv:1.9.2.22) Gecko/20110902 Firefox/3.6.22','2011-09-16 19:37:04'),(0,162,'120.165.62.219','act_lists','approval_list','GET','http://la.baukpoltek.net/act_lists/approval_list','/index.php?url=act_lists/approval_list/page:2&ajax=1','Mozilla/5.0 (Windows; U; Windows NT 6.1; id; rv:1.9.2.22) Gecko/20110902 Firefox/3.6.22','2011-09-16 19:37:26'),(0,162,'120.165.62.219','act_lists','edit','GET','http://la.baukpoltek.net/act_lists/approval_list','/index.php?url=act_lists/edit/279','Mozilla/5.0 (Windows; U; Windows NT 6.1; id; rv:1.9.2.22) Gecko/20110902 Firefox/3.6.22','2011-09-16 19:37:50'),(0,162,'120.165.62.219','act_lists','edit','POST','http://la.baukpoltek.net/act_lists/edit/279','/index.php?url=act_lists/edit/279','Mozilla/5.0 (Windows; U; Windows NT 6.1; id; rv:1.9.2.22) Gecko/20110902 Firefox/3.6.22','2011-09-16 19:38:00'),(0,162,'120.165.62.219','act_lists','approval_list','GET','http://la.baukpoltek.net/act_lists/edit/279','/index.php?url=act_lists/approval_list','Mozilla/5.0 (Windows; U; Windows NT 6.1; id; rv:1.9.2.22) Gecko/20110902 Firefox/3.6.22','2011-09-16 19:38:01'),(0,162,'120.165.62.219','act_lists','approval_list','GET','http://la.baukpoltek.net/act_lists/approval_list','/index.php?url=act_lists/approval_list/page:2&ajax=1','Mozilla/5.0 (Windows; U; Windows NT 6.1; id; rv:1.9.2.22) Gecko/20110902 Firefox/3.6.22','2011-09-16 19:38:25'),(0,1,'120.165.6.43','users','index','GET','http://la.baukpoltek.net/act_lists/report_honor_per_month','/index.php?url=users','Mozilla/5.0 (Windows; U; Windows NT 6.1; id; rv:1.9.2.22) Gecko/20110902 Firefox/3.6.22','2011-09-17 20:55:05'),(0,1,'120.165.6.43','users','index','GET','http://la.baukpoltek.net/users','/index.php?url=users/index/page:2&ajax=1','Mozilla/5.0 (Windows; U; Windows NT 6.1; id; rv:1.9.2.22) Gecko/20110902 Firefox/3.6.22','2011-09-17 20:55:18'),(0,1,'120.165.6.43','users','index','GET','http://la.baukpoltek.net/users','/index.php?url=users/index/page:3&ajax=1','Mozilla/5.0 (Windows; U; Windows NT 6.1; id; rv:1.9.2.22) Gecko/20110902 Firefox/3.6.22','2011-09-17 20:55:30'),(0,162,'120.165.62.219','act_lists','edit','GET','http://la.baukpoltek.net/act_lists/approval_list','/index.php?url=act_lists/edit/280','Mozilla/5.0 (Windows; U; Windows NT 6.1; id; rv:1.9.2.22) Gecko/20110902 Firefox/3.6.22','2011-09-16 19:38:45'),(0,162,'120.165.62.219','act_lists','edit','POST','http://la.baukpoltek.net/act_lists/edit/280','/index.php?url=act_lists/edit/280','Mozilla/5.0 (Windows; U; Windows NT 6.1; id; rv:1.9.2.22) Gecko/20110902 Firefox/3.6.22','2011-09-16 19:38:59'),(0,162,'120.165.62.219','act_lists','approval_list','GET','http://la.baukpoltek.net/act_lists/edit/280','/index.php?url=act_lists/approval_list','Mozilla/5.0 (Windows; U; Windows NT 6.1; id; rv:1.9.2.22) Gecko/20110902 Firefox/3.6.22','2011-09-16 19:39:01'),(0,162,'120.165.62.219','act_lists','approval_list','GET','http://la.baukpoltek.net/act_lists/approval_list','/index.php?url=act_lists/approval_list/page:2&ajax=1','Mozilla/5.0 (Windows; U; Windows NT 6.1; id; rv:1.9.2.22) Gecko/20110902 Firefox/3.6.22','2011-09-16 19:39:36'),(0,162,'120.165.62.219','act_lists','edit','GET','http://la.baukpoltek.net/act_lists/approval_list','/index.php?url=act_lists/edit/281','Mozilla/5.0 (Windows; U; Windows NT 6.1; id; rv:1.9.2.22) Gecko/20110902 Firefox/3.6.22','2011-09-16 19:40:00'),(0,162,'120.165.62.219','act_lists','edit','POST','http://la.baukpoltek.net/act_lists/edit/281','/index.php?url=act_lists/edit/281','Mozilla/5.0 (Windows; U; Windows NT 6.1; id; rv:1.9.2.22) Gecko/20110902 Firefox/3.6.22','2011-09-16 19:40:18'),(0,162,'120.165.62.219','act_lists','approval_list','GET','http://la.baukpoltek.net/act_lists/edit/281','/index.php?url=act_lists/approval_list','Mozilla/5.0 (Windows; U; Windows NT 6.1; id; rv:1.9.2.22) Gecko/20110902 Firefox/3.6.22','2011-09-16 19:40:19'),(0,1,'120.165.6.43','act_lists','report_honor_per_month','POST','http://la.baukpoltek.net/act_lists/report_honor_per_month','/index.php?url=act_lists/report_honor_per_month','Mozilla/5.0 (Windows; U; Windows NT 6.1; id; rv:1.9.2.22) Gecko/20110902 Firefox/3.6.22','2011-09-17 20:51:12'),(0,1,'120.165.6.43','act_lists','report_honor_per_month','GET','http://la.baukpoltek.net/act_lists/report_student_attendance/','/index.php?url=act_lists/report_honor_per_month','Mozilla/5.0 (Windows; U; Windows NT 6.1; id; rv:1.9.2.22) Gecko/20110902 Firefox/3.6.22','2011-09-17 20:50:59'),(0,1,'120.165.6.43','act_lists','report_student_attendance','POST','http://la.baukpoltek.net/act_lists/report_student_attendance/','/index.php?url=act_lists/report_student_attendance','Mozilla/5.0 (Windows; U; Windows NT 6.1; id; rv:1.9.2.22) Gecko/20110902 Firefox/3.6.22','2011-09-17 20:49:07'),(0,1,'120.165.6.43','act_lists','report_student_attendance','GET','http://la.baukpoltek.net/act_lists/report_student_attendance/per_course','/index.php?url=act_lists/report_student_attendance/','Mozilla/5.0 (Windows; U; Windows NT 6.1; id; rv:1.9.2.22) Gecko/20110902 Firefox/3.6.22','2011-09-17 20:48:59'),(0,1,'120.165.6.43','act_lists','report_student_attendance','POST','http://la.baukpoltek.net/act_lists/report_student_attendance/per_course','/index.php?url=act_lists/report_student_attendance/per_course','Mozilla/5.0 (Windows; U; Windows NT 6.1; id; rv:1.9.2.22) Gecko/20110902 Firefox/3.6.22','2011-09-17 20:48:06'),(0,1,'120.165.6.43','act_lists','report_student_attendance','POST','http://la.baukpoltek.net/act_lists/report_student_attendance/per_course','/index.php?url=act_lists/report_student_attendance/per_course','Mozilla/5.0 (Windows; U; Windows NT 6.1; id; rv:1.9.2.22) Gecko/20110902 Firefox/3.6.22','2011-09-17 20:47:47'),(0,1,'120.165.6.43','act_lists','report_student_attendance','POST','http://la.baukpoltek.net/act_lists/report_student_attendance/per_course','/index.php?url=act_lists/report_student_attendance/per_course','Mozilla/5.0 (Windows; U; Windows NT 6.1; id; rv:1.9.2.22) Gecko/20110902 Firefox/3.6.22','2011-09-17 20:47:19'),(0,1,'120.165.6.43','act_lists','report_student_attendance','POST','http://la.baukpoltek.net/act_lists/report_student_attendance/per_course','/index.php?url=act_lists/report_student_attendance/per_course','Mozilla/5.0 (Windows; U; Windows NT 6.1; id; rv:1.9.2.22) Gecko/20110902 Firefox/3.6.22','2011-09-17 20:47:05'),(0,1,'120.165.6.43','act_lists','report_student_attendance','POST','http://la.baukpoltek.net/act_lists/report_student_attendance/per_course','/index.php?url=act_lists/report_student_attendance/per_course','Mozilla/5.0 (Windows; U; Windows NT 6.1; id; rv:1.9.2.22) Gecko/20110902 Firefox/3.6.22','2011-09-17 20:46:53'),(0,1,'120.165.6.43','act_lists','report_student_attendance','POST','http://la.baukpoltek.net/act_lists/report_student_attendance/per_course','/index.php?url=act_lists/report_student_attendance/per_course','Mozilla/5.0 (Windows; U; Windows NT 6.1; id; rv:1.9.2.22) Gecko/20110902 Firefox/3.6.22','2011-09-17 20:46:26'),(0,1,'120.165.6.43','act_lists','get_courses','GET','http://la.baukpoltek.net/act_lists/report_student_attendance/per_course','/index.php?url=act_lists/get_courses/55','Mozilla/5.0 (Windows; U; Windows NT 6.1; id; rv:1.9.2.22) Gecko/20110902 Firefox/3.6.22','2011-09-17 20:46:20'),(0,1,'120.165.6.43','act_lists','report_student_attendance','GET','http://la.baukpoltek.net/act_lists/report_student_attendance/','/index.php?url=act_lists/report_student_attendance/per_course','Mozilla/5.0 (Windows; U; Windows NT 6.1; id; rv:1.9.2.22) Gecko/20110902 Firefox/3.6.22','2011-09-17 20:46:19'),(0,1,'120.165.6.43','act_lists','report_student_attendance','POST','http://la.baukpoltek.net/act_lists/report_student_attendance/','/index.php?url=act_lists/report_student_attendance','Mozilla/5.0 (Windows; U; Windows NT 6.1; id; rv:1.9.2.22) Gecko/20110902 Firefox/3.6.22','2011-09-17 20:44:31'),(0,1,'120.165.6.43','act_lists','report_student_attendance','POST','http://la.baukpoltek.net/act_lists/report_student_attendance/','/index.php?url=act_lists/report_student_attendance','Mozilla/5.0 (Windows; U; Windows NT 6.1; id; rv:1.9.2.22) Gecko/20110902 Firefox/3.6.22','2011-09-17 20:43:48'),(0,1,'120.165.6.43','act_lists','report_student_attendance','GET','http://la.baukpoltek.net/act_lists/report_per_day/teaching','/index.php?url=act_lists/report_student_attendance/','Mozilla/5.0 (Windows; U; Windows NT 6.1; id; rv:1.9.2.22) Gecko/20110902 Firefox/3.6.22','2011-09-17 20:43:22'),(0,1,'120.165.6.43','act_lists','report_per_day','POST','http://la.baukpoltek.net/act_lists/report_per_day/teaching','/index.php?url=act_lists/report_per_day/teaching','Mozilla/5.0 (Windows; U; Windows NT 6.1; id; rv:1.9.2.22) Gecko/20110902 Firefox/3.6.22','2011-09-17 20:42:30'),(0,1,'120.165.6.43','act_lists','report_per_day','GET','http://la.baukpoltek.net/act_lists/report_per_day/teaching','/index.php?url=act_lists/report_per_day/teaching','Mozilla/5.0 (Windows; U; Windows NT 6.1; id; rv:1.9.2.22) Gecko/20110902 Firefox/3.6.22','2011-09-17 20:42:21'),(0,1,'120.165.6.43','act_lists','report_per_day','POST','http://la.baukpoltek.net/act_lists/report_per_day/teaching','/index.php?url=act_lists/report_per_day/teaching','Mozilla/5.0 (Windows; U; Windows NT 6.1; id; rv:1.9.2.22) Gecko/20110902 Firefox/3.6.22','2011-09-17 20:35:29'),(0,1,'120.165.6.43','act_lists','report_per_day','GET','http://la.baukpoltek.net/','/index.php?url=act_lists/report_per_day/teaching','Mozilla/5.0 (Windows; U; Windows NT 6.1; id; rv:1.9.2.22) Gecko/20110902 Firefox/3.6.22','2011-09-17 20:35:19'),(0,1,'120.165.6.43','pages','display','GET','http://la.baukpoltek.net/users/login','/','Mozilla/5.0 (Windows; U; Windows NT 6.1; id; rv:1.9.2.22) Gecko/20110902 Firefox/3.6.22','2011-09-17 20:34:54'),(0,162,'120.165.62.219','users','logout','GET','http://la.baukpoltek.net/act_lists/report_honor_per_month','/index.php?url=users/logout','Mozilla/5.0 (Windows; U; Windows NT 6.1; id; rv:1.9.2.22) Gecko/20110902 Firefox/3.6.22','2011-09-16 19:44:24'),(0,162,'120.165.62.219','act_lists','report_honor_per_month','POST','http://la.baukpoltek.net/act_lists/report_honor_per_month','/index.php?url=act_lists/report_honor_per_month','Mozilla/5.0 (Windows; U; Windows NT 6.1; id; rv:1.9.2.22) Gecko/20110902 Firefox/3.6.22','2011-09-16 19:43:25'),(0,162,'120.165.62.219','act_lists','report_honor_per_month','GET','http://la.baukpoltek.net/act_lists/report_per_day/teaching','/index.php?url=act_lists/report_honor_per_month','Mozilla/5.0 (Windows; U; Windows NT 6.1; id; rv:1.9.2.22) Gecko/20110902 Firefox/3.6.22','2011-09-16 19:43:19'),(0,162,'120.165.62.219','act_lists','report_per_day','POST','http://la.baukpoltek.net/act_lists/report_per_day/teaching','/index.php?url=act_lists/report_per_day/teaching','Mozilla/5.0 (Windows; U; Windows NT 6.1; id; rv:1.9.2.22) Gecko/20110902 Firefox/3.6.22','2011-09-16 19:42:42'),(0,162,'120.165.62.219','act_lists','report_per_day','GET','http://la.baukpoltek.net/act_lists/report_per_day/teaching_monthly','/index.php?url=act_lists/report_per_day/teaching','Mozilla/5.0 (Windows; U; Windows NT 6.1; id; rv:1.9.2.22) Gecko/20110902 Firefox/3.6.22','2011-09-16 19:42:39'),(0,162,'120.165.62.219','act_lists','report_per_day','POST','http://la.baukpoltek.net/act_lists/report_per_day/teaching_monthly','/index.php?url=act_lists/report_per_day/teaching_monthly','Mozilla/5.0 (Windows; U; Windows NT 6.1; id; rv:1.9.2.22) Gecko/20110902 Firefox/3.6.22','2011-09-16 19:42:30'),(0,162,'120.165.62.219','act_lists','report_per_day','GET','http://la.baukpoltek.net/act_lists/approval_list','/index.php?url=act_lists/report_per_day/teaching_monthly','Mozilla/5.0 (Windows; U; Windows NT 6.1; id; rv:1.9.2.22) Gecko/20110902 Firefox/3.6.22','2011-09-16 19:42:23'),(0,162,'120.165.62.219','act_lists','approval_list','GET','http://la.baukpoltek.net/act_lists/approval_list','/index.php?url=act_lists/approval_list/page:2&ajax=1','Mozilla/5.0 (Windows; U; Windows NT 6.1; id; rv:1.9.2.22) Gecko/20110902 Firefox/3.6.22','2011-09-16 19:41:45'),(0,162,'120.165.62.219','act_lists','approval_list','GET','http://la.baukpoltek.net/act_lists/edit/282','/index.php?url=act_lists/approval_list','Mozilla/5.0 (Windows; U; Windows NT 6.1; id; rv:1.9.2.22) Gecko/20110902 Firefox/3.6.22','2011-09-16 19:41:22'),(0,162,'120.165.62.219','act_lists','edit','POST','http://la.baukpoltek.net/act_lists/edit/282','/index.php?url=act_lists/edit/282','Mozilla/5.0 (Windows; U; Windows NT 6.1; id; rv:1.9.2.22) Gecko/20110902 Firefox/3.6.22','2011-09-16 19:41:22'),(0,162,'120.165.62.219','act_lists','edit','GET','http://la.baukpoltek.net/act_lists/approval_list','/index.php?url=act_lists/edit/282','Mozilla/5.0 (Windows; U; Windows NT 6.1; id; rv:1.9.2.22) Gecko/20110902 Firefox/3.6.22','2011-09-16 19:41:09'),(0,162,'120.165.62.219','act_lists','approval_list','GET','http://la.baukpoltek.net/act_lists/approval_list','/index.php?url=act_lists/approval_list/page:2&ajax=1','Mozilla/5.0 (Windows; U; Windows NT 6.1; id; rv:1.9.2.22) Gecko/20110902 Firefox/3.6.22','2011-09-16 19:40:44'),(0,162,'120.165.62.219','act_lists','edit','GET','http://la.baukpoltek.net/act_lists/approval_list','/index.php?url=act_lists/edit/283','Mozilla/5.0 (Windows; U; Windows NT 6.1; id; rv:1.9.2.22) Gecko/20110902 Firefox/3.6.22','2011-09-16 19:34:33'),(0,162,'120.165.62.219','act_lists','edit','POST','http://la.baukpoltek.net/act_lists/edit/283','/index.php?url=act_lists/edit/283','Mozilla/5.0 (Windows; U; Windows NT 6.1; id; rv:1.9.2.22) Gecko/20110902 Firefox/3.6.22','2011-09-16 19:34:47'),(0,162,'120.165.62.219','act_lists','approval_list','GET','http://la.baukpoltek.net/act_lists/edit/283','/index.php?url=act_lists/approval_list','Mozilla/5.0 (Windows; U; Windows NT 6.1; id; rv:1.9.2.22) Gecko/20110902 Firefox/3.6.22','2011-09-16 19:34:48'),(0,162,'120.165.62.219','act_lists','approval_list','GET','http://la.baukpoltek.net/act_lists/approval_list','/index.php?url=act_lists/approval_list/page:2&ajax=1','Mozilla/5.0 (Windows; U; Windows NT 6.1; id; rv:1.9.2.22) Gecko/20110902 Firefox/3.6.22','2011-09-16 19:35:21'),(0,162,'120.165.62.219','act_lists','edit','GET','http://la.baukpoltek.net/act_lists/approval_list','/index.php?url=act_lists/edit/277','Mozilla/5.0 (Windows; U; Windows NT 6.1; id; rv:1.9.2.22) Gecko/20110902 Firefox/3.6.22','2011-09-16 19:35:47'),(0,162,'120.165.62.219','act_lists','approval_list','GET','http://la.baukpoltek.net/act_lists/edit/284','/index.php?url=act_lists/approval_list','Mozilla/5.0 (Windows; U; Windows NT 6.1; id; rv:1.9.2.22) Gecko/20110902 Firefox/3.6.22','2011-09-16 19:33:41'),(0,162,'120.165.62.219','act_lists','edit','POST','http://la.baukpoltek.net/act_lists/edit/278','/index.php?url=act_lists/edit/278','Mozilla/5.0 (Windows; U; Windows NT 6.1; id; rv:1.9.2.22) Gecko/20110902 Firefox/3.6.22','2011-09-16 19:37:03'),(0,162,'120.165.62.219','act_lists','edit','GET','http://la.baukpoltek.net/act_lists/approval_list','/index.php?url=act_lists/edit/278','Mozilla/5.0 (Windows; U; Windows NT 6.1; id; rv:1.9.2.22) Gecko/20110902 Firefox/3.6.22','2011-09-16 19:36:50'),(0,162,'120.165.62.219','act_lists','approval_list','GET','http://la.baukpoltek.net/act_lists/approval_list','/index.php?url=act_lists/approval_list/page:2&ajax=1','Mozilla/5.0 (Windows; U; Windows NT 6.1; id; rv:1.9.2.22) Gecko/20110902 Firefox/3.6.22','2011-09-16 19:36:26'),(0,162,'120.165.62.219','act_lists','approval_list','GET','http://la.baukpoltek.net/act_lists/edit/277','/index.php?url=act_lists/approval_list','Mozilla/5.0 (Windows; U; Windows NT 6.1; id; rv:1.9.2.22) Gecko/20110902 Firefox/3.6.22','2011-09-16 19:36:01'),(0,162,'120.165.62.219','act_lists','edit','POST','http://la.baukpoltek.net/act_lists/edit/277','/index.php?url=act_lists/edit/277','Mozilla/5.0 (Windows; U; Windows NT 6.1; id; rv:1.9.2.22) Gecko/20110902 Firefox/3.6.22','2011-09-16 19:36:01'),(0,162,'120.165.62.219','act_lists','edit','GET','http://la.baukpoltek.net/act_lists/approval_list','/index.php?url=act_lists/edit/284','Mozilla/5.0 (Windows; U; Windows NT 6.1; id; rv:1.9.2.22) Gecko/20110902 Firefox/3.6.22','2011-09-16 19:33:23'),(0,162,'120.165.62.219','act_lists','edit','POST','http://la.baukpoltek.net/act_lists/edit/284','/index.php?url=act_lists/edit/284','Mozilla/5.0 (Windows; U; Windows NT 6.1; id; rv:1.9.2.22) Gecko/20110902 Firefox/3.6.22','2011-09-16 19:33:40'),(0,162,'120.165.62.219','act_lists','approval_list','GET','http://la.baukpoltek.net/act_lists/approval_list','/index.php?url=act_lists/approval_list/page:2&ajax=1','Mozilla/5.0 (Windows; U; Windows NT 6.1; id; rv:1.9.2.22) Gecko/20110902 Firefox/3.6.22','2011-09-16 19:34:02'),(0,162,'120.165.62.219','act_lists','approval_list','GET','http://la.baukpoltek.net/act_lists/edit/286','/index.php?url=act_lists/approval_list','Mozilla/5.0 (Windows; U; Windows NT 6.1; id; rv:1.9.2.22) Gecko/20110902 Firefox/3.6.22','2011-09-16 19:32:26'),(0,162,'120.165.62.219','act_lists','edit','GET','http://la.baukpoltek.net/act_lists/approval_list','/index.php?url=act_lists/edit/285','Mozilla/5.0 (Windows; U; Windows NT 6.1; id; rv:1.9.2.22) Gecko/20110902 Firefox/3.6.22','2011-09-16 19:32:47'),(0,162,'120.165.62.219','act_lists','edit','POST','http://la.baukpoltek.net/act_lists/edit/285','/index.php?url=act_lists/edit/285','Mozilla/5.0 (Windows; U; Windows NT 6.1; id; rv:1.9.2.22) Gecko/20110902 Firefox/3.6.22','2011-09-16 19:32:56'),(0,162,'120.165.62.219','act_lists','approval_list','GET','http://la.baukpoltek.net/act_lists/edit/285','/index.php?url=act_lists/approval_list','Mozilla/5.0 (Windows; U; Windows NT 6.1; id; rv:1.9.2.22) Gecko/20110902 Firefox/3.6.22','2011-09-16 19:32:57'),(0,162,'120.165.62.219','act_lists','edit','POST','http://la.baukpoltek.net/act_lists/edit/286','/index.php?url=act_lists/edit/286','Mozilla/5.0 (Windows; U; Windows NT 6.1; id; rv:1.9.2.22) Gecko/20110902 Firefox/3.6.22','2011-09-16 19:32:25'),(0,162,'120.165.62.219','act_lists','edit','GET','http://la.baukpoltek.net/act_lists/approval_list','/index.php?url=act_lists/edit/286','Mozilla/5.0 (Windows; U; Windows NT 6.1; id; rv:1.9.2.22) Gecko/20110902 Firefox/3.6.22','2011-09-16 19:32:11'),(0,162,'120.165.62.219','act_lists','approval_list','GET','http://la.baukpoltek.net/act_lists/edit/287','/index.php?url=act_lists/approval_list','Mozilla/5.0 (Windows; U; Windows NT 6.1; id; rv:1.9.2.22) Gecko/20110902 Firefox/3.6.22','2011-09-16 19:31:39'),(0,162,'120.165.62.219','act_lists','edit','POST','http://la.baukpoltek.net/act_lists/edit/289','/index.php?url=act_lists/edit/289','Mozilla/5.0 (Windows; U; Windows NT 6.1; id; rv:1.9.2.22) Gecko/20110902 Firefox/3.6.22','2011-09-16 19:30:09'),(0,162,'120.165.62.219','act_lists','approval_list','GET','http://la.baukpoltek.net/act_lists/edit/289','/index.php?url=act_lists/approval_list','Mozilla/5.0 (Windows; U; Windows NT 6.1; id; rv:1.9.2.22) Gecko/20110902 Firefox/3.6.22','2011-09-16 19:30:09'),(0,162,'120.165.62.219','act_lists','edit','GET','http://la.baukpoltek.net/act_lists/approval_list','/index.php?url=act_lists/edit/288','Mozilla/5.0 (Windows; U; Windows NT 6.1; id; rv:1.9.2.22) Gecko/20110902 Firefox/3.6.22','2011-09-16 19:30:29'),(0,162,'120.165.62.219','act_lists','edit','POST','http://la.baukpoltek.net/act_lists/edit/287','/index.php?url=act_lists/edit/287','Mozilla/5.0 (Windows; U; Windows NT 6.1; id; rv:1.9.2.22) Gecko/20110902 Firefox/3.6.22','2011-09-16 19:31:38'),(0,162,'120.165.62.219','act_lists','edit','GET','http://la.baukpoltek.net/act_lists/approval_list','/index.php?url=act_lists/edit/287','Mozilla/5.0 (Windows; U; Windows NT 6.1; id; rv:1.9.2.22) Gecko/20110902 Firefox/3.6.22','2011-09-16 19:31:22'),(0,162,'120.165.62.219','act_lists','approval_list','GET','http://la.baukpoltek.net/act_lists/edit/288','/index.php?url=act_lists/approval_list','Mozilla/5.0 (Windows; U; Windows NT 6.1; id; rv:1.9.2.22) Gecko/20110902 Firefox/3.6.22','2011-09-16 19:30:49'),(0,162,'120.165.62.219','act_lists','edit','POST','http://la.baukpoltek.net/act_lists/edit/288','/index.php?url=act_lists/edit/288','Mozilla/5.0 (Windows; U; Windows NT 6.1; id; rv:1.9.2.22) Gecko/20110902 Firefox/3.6.22','2011-09-16 19:30:48'),(0,174,'120.165.62.219','act_lists','verify','GET','http://la.baukpoltek.net/act_lists','/index.php?url=act_lists/verify','Mozilla/5.0 (Windows; U; Windows NT 6.1; id; rv:1.9.2.22) Gecko/20110902 Firefox/3.6.22','2011-09-16 19:20:13'),(0,174,'120.165.62.219','act_lists','edit','GET','http://la.baukpoltek.net/act_lists/verify','/index.php?url=act_lists/edit/302&verify=1','Mozilla/5.0 (Windows; U; Windows NT 6.1; id; rv:1.9.2.22) Gecko/20110902 Firefox/3.6.22','2011-09-16 19:20:28'),(0,175,'120.165.62.219','act_lists','verify','GET','http://la.baukpoltek.net/act_lists/verify','/index.php?url=act_lists/verify/page:2&ajax=1','Mozilla/5.0 (Windows; U; Windows NT 6.1; id; rv:1.9.2.22) Gecko/20110902 Firefox/3.6.22','2011-09-16 19:18:46'),(0,175,'120.165.62.219','act_lists','verify','GET','http://la.baukpoltek.net/act_lists/verify','/index.php?url=act_lists/verify/page:1&ajax=1','Mozilla/5.0 (Windows; U; Windows NT 6.1; id; rv:1.9.2.22) Gecko/20110902 Firefox/3.6.22','2011-09-16 19:19:06'),(0,175,'120.165.62.219','act_lists','index','GET','http://la.baukpoltek.net/act_lists/verify','/index.php?url=act_lists','Mozilla/5.0 (Windows; U; Windows NT 6.1; id; rv:1.9.2.22) Gecko/20110902 Firefox/3.6.22','2011-09-16 19:19:23'),(0,175,'120.165.62.219','users','logout','GET','http://la.baukpoltek.net/act_lists','/index.php?url=users/logout','Mozilla/5.0 (Windows; U; Windows NT 6.1; id; rv:1.9.2.22) Gecko/20110902 Firefox/3.6.22','2011-09-16 19:19:53'),(0,174,'120.165.62.219','act_lists','index','GET','http://la.baukpoltek.net/users/login','/index.php?url=act_lists','Mozilla/5.0 (Windows; U; Windows NT 6.1; id; rv:1.9.2.22) Gecko/20110902 Firefox/3.6.22','2011-09-16 19:20:04'),(0,162,'120.165.62.219','act_lists','edit','GET','http://la.baukpoltek.net/act_lists/approval_list','/index.php?url=act_lists/edit/289','Mozilla/5.0 (Windows; U; Windows NT 6.1; id; rv:1.9.2.22) Gecko/20110902 Firefox/3.6.22','2011-09-16 19:29:56'),(0,162,'120.165.62.219','act_lists','approval_list','GET','http://la.baukpoltek.net/act_lists/edit/290','/index.php?url=act_lists/approval_list','Mozilla/5.0 (Windows; U; Windows NT 6.1; id; rv:1.9.2.22) Gecko/20110902 Firefox/3.6.22','2011-09-16 19:29:36'),(0,162,'120.165.62.219','act_lists','edit','POST','http://la.baukpoltek.net/act_lists/edit/290','/index.php?url=act_lists/edit/290','Mozilla/5.0 (Windows; U; Windows NT 6.1; id; rv:1.9.2.22) Gecko/20110902 Firefox/3.6.22','2011-09-16 19:29:36'),(0,162,'120.165.62.219','act_lists','edit','GET','http://la.baukpoltek.net/act_lists/approval_list','/index.php?url=act_lists/edit/290','Mozilla/5.0 (Windows; U; Windows NT 6.1; id; rv:1.9.2.22) Gecko/20110902 Firefox/3.6.22','2011-09-16 19:29:24'),(0,162,'120.165.62.219','act_lists','approval_list','GET','http://la.baukpoltek.net/act_lists/edit/291','/index.php?url=act_lists/approval_list','Mozilla/5.0 (Windows; U; Windows NT 6.1; id; rv:1.9.2.22) Gecko/20110902 Firefox/3.6.22','2011-09-16 19:29:00'),(0,162,'120.165.62.219','act_lists','edit','POST','http://la.baukpoltek.net/act_lists/edit/291','/index.php?url=act_lists/edit/291','Mozilla/5.0 (Windows; U; Windows NT 6.1; id; rv:1.9.2.22) Gecko/20110902 Firefox/3.6.22','2011-09-16 19:29:00'),(0,162,'120.165.62.219','act_lists','edit','GET','http://la.baukpoltek.net/act_lists/approval_list','/index.php?url=act_lists/edit/291','Mozilla/5.0 (Windows; U; Windows NT 6.1; id; rv:1.9.2.22) Gecko/20110902 Firefox/3.6.22','2011-09-16 19:28:46'),(0,162,'120.165.62.219','act_lists','approval_list','GET','http://la.baukpoltek.net/act_lists/edit/292','/index.php?url=act_lists/approval_list','Mozilla/5.0 (Windows; U; Windows NT 6.1; id; rv:1.9.2.22) Gecko/20110902 Firefox/3.6.22','2011-09-16 19:28:26'),(0,162,'120.165.62.219','act_lists','edit','POST','http://la.baukpoltek.net/act_lists/edit/292','/index.php?url=act_lists/edit/292','Mozilla/5.0 (Windows; U; Windows NT 6.1; id; rv:1.9.2.22) Gecko/20110902 Firefox/3.6.22','2011-09-16 19:28:26'),(0,162,'120.165.62.219','act_lists','edit','GET','http://la.baukpoltek.net/act_lists/approval_list','/index.php?url=act_lists/edit/292','Mozilla/5.0 (Windows; U; Windows NT 6.1; id; rv:1.9.2.22) Gecko/20110902 Firefox/3.6.22','2011-09-16 19:28:12'),(0,162,'120.165.62.219','act_lists','approval_list','GET','http://la.baukpoltek.net/act_lists/edit/293','/index.php?url=act_lists/approval_list','Mozilla/5.0 (Windows; U; Windows NT 6.1; id; rv:1.9.2.22) Gecko/20110902 Firefox/3.6.22','2011-09-16 19:27:50'),(0,162,'120.165.62.219','act_lists','edit','POST','http://la.baukpoltek.net/act_lists/edit/293','/index.php?url=act_lists/edit/293','Mozilla/5.0 (Windows; U; Windows NT 6.1; id; rv:1.9.2.22) Gecko/20110902 Firefox/3.6.22','2011-09-16 19:27:50'),(0,162,'120.165.62.219','act_lists','edit','GET','http://la.baukpoltek.net/act_lists/approval_list','/index.php?url=act_lists/edit/293','Mozilla/5.0 (Windows; U; Windows NT 6.1; id; rv:1.9.2.22) Gecko/20110902 Firefox/3.6.22','2011-09-16 19:27:33'),(0,162,'120.165.62.219','act_lists','approval_list','GET','http://la.baukpoltek.net/act_lists/edit/294','/index.php?url=act_lists/approval_list','Mozilla/5.0 (Windows; U; Windows NT 6.1; id; rv:1.9.2.22) Gecko/20110902 Firefox/3.6.22','2011-09-16 19:27:06'),(0,162,'120.165.62.219','act_lists','edit','POST','http://la.baukpoltek.net/act_lists/edit/294','/index.php?url=act_lists/edit/294','Mozilla/5.0 (Windows; U; Windows NT 6.1; id; rv:1.9.2.22) Gecko/20110902 Firefox/3.6.22','2011-09-16 19:27:05'),(0,162,'120.165.62.219','act_lists','edit','GET','http://la.baukpoltek.net/act_lists/approval_list','/index.php?url=act_lists/edit/294','Mozilla/5.0 (Windows; U; Windows NT 6.1; id; rv:1.9.2.22) Gecko/20110902 Firefox/3.6.22','2011-09-16 19:26:55'),(0,162,'120.165.62.219','act_lists','approval_list','GET','http://la.baukpoltek.net/act_lists/edit/295','/index.php?url=act_lists/approval_list','Mozilla/5.0 (Windows; U; Windows NT 6.1; id; rv:1.9.2.22) Gecko/20110902 Firefox/3.6.22','2011-09-16 19:26:26'),(0,162,'120.165.62.219','act_lists','edit','POST','http://la.baukpoltek.net/act_lists/edit/295','/index.php?url=act_lists/edit/295','Mozilla/5.0 (Windows; U; Windows NT 6.1; id; rv:1.9.2.22) Gecko/20110902 Firefox/3.6.22','2011-09-16 19:26:26'),(0,162,'120.165.62.219','act_lists','edit','GET','http://la.baukpoltek.net/act_lists/approval_list','/index.php?url=act_lists/edit/295','Mozilla/5.0 (Windows; U; Windows NT 6.1; id; rv:1.9.2.22) Gecko/20110902 Firefox/3.6.22','2011-09-16 19:26:12'),(0,162,'120.165.62.219','act_lists','approval_list','GET','http://la.baukpoltek.net/act_lists/edit/296','/index.php?url=act_lists/approval_list','Mozilla/5.0 (Windows; U; Windows NT 6.1; id; rv:1.9.2.22) Gecko/20110902 Firefox/3.6.22','2011-09-16 19:25:48'),(0,162,'120.165.62.219','act_lists','edit','POST','http://la.baukpoltek.net/act_lists/edit/296','/index.php?url=act_lists/edit/296','Mozilla/5.0 (Windows; U; Windows NT 6.1; id; rv:1.9.2.22) Gecko/20110902 Firefox/3.6.22','2011-09-16 19:25:48'),(0,162,'120.165.62.219','act_lists','edit','GET','http://la.baukpoltek.net/act_lists/approval_list','/index.php?url=act_lists/edit/296','Mozilla/5.0 (Windows; U; Windows NT 6.1; id; rv:1.9.2.22) Gecko/20110902 Firefox/3.6.22','2011-09-16 19:25:33'),(0,162,'120.165.62.219','act_lists','approval_list','GET','http://la.baukpoltek.net/act_lists/edit/297','/index.php?url=act_lists/approval_list','Mozilla/5.0 (Windows; U; Windows NT 6.1; id; rv:1.9.2.22) Gecko/20110902 Firefox/3.6.22','2011-09-16 19:25:11'),(0,162,'120.165.62.219','act_lists','edit','POST','http://la.baukpoltek.net/act_lists/edit/297','/index.php?url=act_lists/edit/297','Mozilla/5.0 (Windows; U; Windows NT 6.1; id; rv:1.9.2.22) Gecko/20110902 Firefox/3.6.22','2011-09-16 19:25:10'),(0,162,'120.165.62.219','act_lists','edit','GET','http://la.baukpoltek.net/act_lists/approval_list','/index.php?url=act_lists/edit/297','Mozilla/5.0 (Windows; U; Windows NT 6.1; id; rv:1.9.2.22) Gecko/20110902 Firefox/3.6.22','2011-09-16 19:24:56'),(0,162,'120.165.62.219','act_lists','approval_list','GET','http://la.baukpoltek.net/act_lists/edit/298','/index.php?url=act_lists/approval_list','Mozilla/5.0 (Windows; U; Windows NT 6.1; id; rv:1.9.2.22) Gecko/20110902 Firefox/3.6.22','2011-09-16 19:24:37'),(0,162,'120.165.62.219','act_lists','edit','POST','http://la.baukpoltek.net/act_lists/edit/298','/index.php?url=act_lists/edit/298','Mozilla/5.0 (Windows; U; Windows NT 6.1; id; rv:1.9.2.22) Gecko/20110902 Firefox/3.6.22','2011-09-16 19:24:35'),(0,162,'120.165.62.219','act_lists','edit','GET','http://la.baukpoltek.net/act_lists/approval_list','/index.php?url=act_lists/edit/298','Mozilla/5.0 (Windows; U; Windows NT 6.1; id; rv:1.9.2.22) Gecko/20110902 Firefox/3.6.22','2011-09-16 19:24:20'),(0,162,'120.165.62.219','act_lists','approval_list','GET','http://la.baukpoltek.net/act_lists/edit/299','/index.php?url=act_lists/approval_list','Mozilla/5.0 (Windows; U; Windows NT 6.1; id; rv:1.9.2.22) Gecko/20110902 Firefox/3.6.22','2011-09-16 19:24:01'),(0,162,'120.165.62.219','act_lists','edit','POST','http://la.baukpoltek.net/act_lists/edit/299','/index.php?url=act_lists/edit/299','Mozilla/5.0 (Windows; U; Windows NT 6.1; id; rv:1.9.2.22) Gecko/20110902 Firefox/3.6.22','2011-09-16 19:24:00'),(0,162,'120.165.62.219','act_lists','edit','GET','http://la.baukpoltek.net/act_lists/approval_list','/index.php?url=act_lists/edit/299','Mozilla/5.0 (Windows; U; Windows NT 6.1; id; rv:1.9.2.22) Gecko/20110902 Firefox/3.6.22','2011-09-16 19:23:51'),(0,162,'120.165.62.219','act_lists','approval_list','GET','http://la.baukpoltek.net/act_lists/edit/300','/index.php?url=act_lists/approval_list','Mozilla/5.0 (Windows; U; Windows NT 6.1; id; rv:1.9.2.22) Gecko/20110902 Firefox/3.6.22','2011-09-16 19:23:19'),(0,162,'120.165.62.219','act_lists','edit','POST','http://la.baukpoltek.net/act_lists/edit/300','/index.php?url=act_lists/edit/300','Mozilla/5.0 (Windows; U; Windows NT 6.1; id; rv:1.9.2.22) Gecko/20110902 Firefox/3.6.22','2011-09-16 19:23:18'),(0,162,'120.165.62.219','act_lists','edit','GET','http://la.baukpoltek.net/act_lists/approval_list','/index.php?url=act_lists/edit/300','Mozilla/5.0 (Windows; U; Windows NT 6.1; id; rv:1.9.2.22) Gecko/20110902 Firefox/3.6.22','2011-09-16 19:23:07'),(0,162,'120.165.62.219','act_lists','approval_list','GET','http://la.baukpoltek.net/act_lists/edit/301','/index.php?url=act_lists/approval_list','Mozilla/5.0 (Windows; U; Windows NT 6.1; id; rv:1.9.2.22) Gecko/20110902 Firefox/3.6.22','2011-09-16 19:22:48'),(0,162,'120.165.62.219','act_lists','edit','POST','http://la.baukpoltek.net/act_lists/edit/301','/index.php?url=act_lists/edit/301','Mozilla/5.0 (Windows; U; Windows NT 6.1; id; rv:1.9.2.22) Gecko/20110902 Firefox/3.6.22','2011-09-16 19:22:48'),(0,162,'120.165.62.219','act_lists','edit','GET','http://la.baukpoltek.net/act_lists/approval_list','/index.php?url=act_lists/edit/301','Mozilla/5.0 (Windows; U; Windows NT 6.1; id; rv:1.9.2.22) Gecko/20110902 Firefox/3.6.22','2011-09-16 19:22:37'),(0,162,'120.165.62.219','act_lists','approval_list','GET','http://la.baukpoltek.net/act_lists/edit/302','/index.php?url=act_lists/approval_list','Mozilla/5.0 (Windows; U; Windows NT 6.1; id; rv:1.9.2.22) Gecko/20110902 Firefox/3.6.22','2011-09-16 19:22:20'),(0,162,'120.165.62.219','act_lists','edit','POST','http://la.baukpoltek.net/act_lists/edit/302','/index.php?url=act_lists/edit/302','Mozilla/5.0 (Windows; U; Windows NT 6.1; id; rv:1.9.2.22) Gecko/20110902 Firefox/3.6.22','2011-09-16 19:22:19'),(0,162,'120.165.62.219','act_lists','edit','GET','http://la.baukpoltek.net/act_lists/approval_list','/index.php?url=act_lists/edit/302','Mozilla/5.0 (Windows; U; Windows NT 6.1; id; rv:1.9.2.22) Gecko/20110902 Firefox/3.6.22','2011-09-16 19:22:07'),(0,162,'120.165.62.219','act_lists','approval_list','GET','http://la.baukpoltek.net/act_lists/edit/303','/index.php?url=act_lists/approval_list','Mozilla/5.0 (Windows; U; Windows NT 6.1; id; rv:1.9.2.22) Gecko/20110902 Firefox/3.6.22','2011-09-16 19:21:53'),(0,162,'120.165.62.219','act_lists','edit','POST','http://la.baukpoltek.net/act_lists/edit/303','/index.php?url=act_lists/edit/303','Mozilla/5.0 (Windows; U; Windows NT 6.1; id; rv:1.9.2.22) Gecko/20110902 Firefox/3.6.22','2011-09-16 19:21:52'),(0,162,'120.165.62.219','act_lists','edit','GET','http://la.baukpoltek.net/act_lists/approval_list','/index.php?url=act_lists/edit/303','Mozilla/5.0 (Windows; U; Windows NT 6.1; id; rv:1.9.2.22) Gecko/20110902 Firefox/3.6.22','2011-09-16 19:21:33'),(0,162,'120.165.62.219','act_lists','approval_list','GET','http://la.baukpoltek.net/act_lists/permission_denied','/index.php?url=act_lists/approval_list','Mozilla/5.0 (Windows; U; Windows NT 6.1; id; rv:1.9.2.22) Gecko/20110902 Firefox/3.6.22','2011-09-16 19:21:16'),(0,162,'120.165.62.219','act_lists','permission_denied','GET','http://la.baukpoltek.net/users/login','/index.php?url=act_lists/permission_denied','Mozilla/5.0 (Windows; U; Windows NT 6.1; id; rv:1.9.2.22) Gecko/20110902 Firefox/3.6.22','2011-09-16 19:21:12'),(0,162,'120.165.62.219','act_lists','verify','GET','http://la.baukpoltek.net/users/login','/index.php?url=act_lists/verify','Mozilla/5.0 (Windows; U; Windows NT 6.1; id; rv:1.9.2.22) Gecko/20110902 Firefox/3.6.22','2011-09-16 19:21:11'),(0,174,'120.165.62.219','users','logout','GET','http://la.baukpoltek.net/act_lists/verify','/index.php?url=users/logout','Mozilla/5.0 (Windows; U; Windows NT 6.1; id; rv:1.9.2.22) Gecko/20110902 Firefox/3.6.22','2011-09-16 19:20:59'),(0,174,'120.165.62.219','act_lists','verify','GET','http://la.baukpoltek.net/act_lists/edit/302?verify=1','/index.php?url=act_lists/verify','Mozilla/5.0 (Windows; U; Windows NT 6.1; id; rv:1.9.2.22) Gecko/20110902 Firefox/3.6.22','2011-09-16 19:20:44'),(0,174,'120.165.62.219','act_lists','edit','POST','http://la.baukpoltek.net/act_lists/edit/302?verify=1','/index.php?url=act_lists/edit/302&verify=1','Mozilla/5.0 (Windows; U; Windows NT 6.1; id; rv:1.9.2.22) Gecko/20110902 Firefox/3.6.22','2011-09-16 19:20:44'),(0,1,'120.166.3.220','act_lists','report_per_day','GET','http://la.baukpoltek.net/act_lists/verify','/index.php?url=act_lists/report_per_day/teaching','Mozilla/5.0 (Windows NT 6.1; rv:6.0.2) Gecko/20100101 Firefox/6.0.2','2011-09-15 22:05:25'),(0,1,'120.166.3.220','act_lists','report_per_day','POST','http://la.baukpoltek.net/act_lists/report_per_day/teaching','/index.php?url=act_lists/report_per_day/teaching','Mozilla/5.0 (Windows NT 6.1; rv:6.0.2) Gecko/20100101 Firefox/6.0.2','2011-09-15 22:05:30'),(0,1,'120.166.3.220','users','logout','GET','http://la.baukpoltek.net/act_lists/report_per_day/teaching','/index.php?url=users/logout','Mozilla/5.0 (Windows NT 6.1; rv:6.0.2) Gecko/20100101 Firefox/6.0.2','2011-09-15 22:06:05'),(0,162,'120.166.3.220','act_lists','report_per_day','GET','http://la.baukpoltek.net/users/login','/index.php?url=act_lists/report_per_day/teaching','Mozilla/5.0 (Windows NT 6.1; rv:6.0.2) Gecko/20100101 Firefox/6.0.2','2011-09-15 22:06:16'),(0,162,'120.166.3.220','act_lists','approval_list','GET','http://la.baukpoltek.net/act_lists/report_per_day/teaching','/index.php?url=act_lists/approval_list','Mozilla/5.0 (Windows NT 6.1; rv:6.0.2) Gecko/20100101 Firefox/6.0.2','2011-09-15 22:06:20'),(0,1,'120.166.3.220','act_lists','verify','GET','http://la.baukpoltek.net/users/login','/index.php?url=act_lists/verify','Mozilla/5.0 (Windows NT 6.1; rv:6.0.2) Gecko/20100101 Firefox/6.0.2','2011-09-15 22:05:15'),(0,118,'120.166.3.220','users','logout','GET','http://la.baukpoltek.net/act_lists/verify','/index.php?url=users/logout','Mozilla/5.0 (Windows NT 6.1; rv:6.0.2) Gecko/20100101 Firefox/6.0.2','2011-09-15 22:05:03'),(0,118,'120.166.3.220','act_lists','edit','POST','http://la.baukpoltek.net/act_lists/edit/258?verify=1','/index.php?url=act_lists/edit/258&verify=1','Mozilla/5.0 (Windows NT 6.1; rv:6.0.2) Gecko/20100101 Firefox/6.0.2','2011-09-15 22:04:40'),(0,118,'120.166.3.220','act_lists','verify','GET','http://la.baukpoltek.net/act_lists/edit/258?verify=1','/index.php?url=act_lists/verify','Mozilla/5.0 (Windows NT 6.1; rv:6.0.2) Gecko/20100101 Firefox/6.0.2','2011-09-15 22:04:40'),(0,164,'120.166.3.220','act_lists','verify','GET','http://la.baukpoltek.net/act_lists/edit/256?verify=1','/index.php?url=act_lists/verify','Mozilla/5.0 (Windows NT 6.1; rv:6.0.2) Gecko/20100101 Firefox/6.0.2','2011-09-15 22:03:17'),(0,164,'120.166.3.220','act_lists','verify','GET','http://la.baukpoltek.net/act_lists/verify','/index.php?url=act_lists/verify/page:2&ajax=1','Mozilla/5.0 (Windows NT 6.1; rv:6.0.2) Gecko/20100101 Firefox/6.0.2','2011-09-15 22:03:31'),(0,164,'120.166.3.220','users','logout','GET','http://la.baukpoltek.net/act_lists/verify','/index.php?url=users/logout','Mozilla/5.0 (Windows NT 6.1; rv:6.0.2) Gecko/20100101 Firefox/6.0.2','2011-09-15 22:03:45'),(0,118,'120.166.3.220','act_lists','verify','GET','http://la.baukpoltek.net/users/login','/index.php?url=act_lists/verify','Mozilla/5.0 (Windows NT 6.1; rv:6.0.2) Gecko/20100101 Firefox/6.0.2','2011-09-15 22:03:57'),(0,118,'120.166.3.220','act_lists','edit','GET','http://la.baukpoltek.net/act_lists/verify','/index.php?url=act_lists/edit/273&verify=1','Mozilla/5.0 (Windows NT 6.1; rv:6.0.2) Gecko/20100101 Firefox/6.0.2','2011-09-15 22:04:09'),(0,118,'120.166.3.220','act_lists','edit','POST','http://la.baukpoltek.net/act_lists/edit/273?verify=1','/index.php?url=act_lists/edit/273&verify=1','Mozilla/5.0 (Windows NT 6.1; rv:6.0.2) Gecko/20100101 Firefox/6.0.2','2011-09-15 22:04:20'),(0,118,'120.166.3.220','act_lists','verify','GET','http://la.baukpoltek.net/act_lists/edit/273?verify=1','/index.php?url=act_lists/verify','Mozilla/5.0 (Windows NT 6.1; rv:6.0.2) Gecko/20100101 Firefox/6.0.2','2011-09-15 22:04:20'),(0,118,'120.166.3.220','act_lists','edit','GET','http://la.baukpoltek.net/act_lists/verify','/index.php?url=act_lists/edit/258&verify=1','Mozilla/5.0 (Windows NT 6.1; rv:6.0.2) Gecko/20100101 Firefox/6.0.2','2011-09-15 22:04:31'),(0,164,'120.166.3.220','act_lists','edit','GET','http://la.baukpoltek.net/act_lists/verify','/index.php?url=act_lists/edit/256&verify=1','Mozilla/5.0 (Windows NT 6.1; rv:6.0.2) Gecko/20100101 Firefox/6.0.2','2011-09-15 22:03:12'),(0,164,'120.166.3.220','act_lists','edit','GET','http://la.baukpoltek.net/act_lists/verify','/index.php?url=act_lists/edit/256&verify=1','Mozilla/5.0 (Windows NT 6.1; rv:6.0.2) Gecko/20100101 Firefox/6.0.2','2011-09-15 22:02:20'),(0,164,'120.166.3.220','act_lists','edit','POST','http://la.baukpoltek.net/act_lists/edit/256?verify=1','/index.php?url=act_lists/edit/256&verify=1','Mozilla/5.0 (Windows NT 6.1; rv:6.0.2) Gecko/20100101 Firefox/6.0.2','2011-09-15 22:02:34'),(0,164,'120.166.3.220','act_lists','verify','GET','http://la.baukpoltek.net/act_lists/edit/256?verify=1','/index.php?url=act_lists/verify','Mozilla/5.0 (Windows NT 6.1; rv:6.0.2) Gecko/20100101 Firefox/6.0.2','2011-09-15 22:02:35'),(0,164,'120.166.3.220','act_lists','verify','GET','http://la.baukpoltek.net/users/login','/index.php?url=act_lists/verify','Mozilla/5.0 (Windows NT 6.1; rv:6.0.2) Gecko/20100101 Firefox/6.0.2','2011-09-15 22:00:52'),(0,164,'120.166.3.220','act_lists','edit','GET','http://la.baukpoltek.net/act_lists/verify','/index.php?url=act_lists/edit/274&verify=1','Mozilla/5.0 (Windows NT 6.1; rv:6.0.2) Gecko/20100101 Firefox/6.0.2','2011-09-15 22:01:06'),(0,164,'120.166.3.220','act_lists','edit','POST','http://la.baukpoltek.net/act_lists/edit/274?verify=1','/index.php?url=act_lists/edit/274&verify=1','Mozilla/5.0 (Windows NT 6.1; rv:6.0.2) Gecko/20100101 Firefox/6.0.2','2011-09-15 22:01:16'),(0,164,'120.166.3.220','act_lists','verify','GET','http://la.baukpoltek.net/act_lists/edit/274?verify=1','/index.php?url=act_lists/verify','Mozilla/5.0 (Windows NT 6.1; rv:6.0.2) Gecko/20100101 Firefox/6.0.2','2011-09-15 22:01:16'),(0,164,'120.166.3.220','act_lists','edit','GET','http://la.baukpoltek.net/act_lists/verify','/index.php?url=act_lists/edit/270&verify=1','Mozilla/5.0 (Windows NT 6.1; rv:6.0.2) Gecko/20100101 Firefox/6.0.2','2011-09-15 22:01:28'),(0,164,'120.166.3.220','act_lists','edit','POST','http://la.baukpoltek.net/act_lists/edit/270?verify=1','/index.php?url=act_lists/edit/270&verify=1','Mozilla/5.0 (Windows NT 6.1; rv:6.0.2) Gecko/20100101 Firefox/6.0.2','2011-09-15 22:01:38'),(0,164,'120.166.3.220','act_lists','verify','GET','http://la.baukpoltek.net/act_lists/edit/270?verify=1','/index.php?url=act_lists/verify','Mozilla/5.0 (Windows NT 6.1; rv:6.0.2) Gecko/20100101 Firefox/6.0.2','2011-09-15 22:01:39'),(0,164,'120.166.3.220','act_lists','edit','GET','http://la.baukpoltek.net/act_lists/verify','/index.php?url=act_lists/edit/265&verify=1','Mozilla/5.0 (Windows NT 6.1; rv:6.0.2) Gecko/20100101 Firefox/6.0.2','2011-09-15 22:01:51'),(0,164,'120.166.3.220','act_lists','edit','POST','http://la.baukpoltek.net/act_lists/edit/265?verify=1','/index.php?url=act_lists/edit/265&verify=1','Mozilla/5.0 (Windows NT 6.1; rv:6.0.2) Gecko/20100101 Firefox/6.0.2','2011-09-15 22:02:01'),(0,164,'120.166.3.220','act_lists','verify','GET','http://la.baukpoltek.net/act_lists/edit/265?verify=1','/index.php?url=act_lists/verify','Mozilla/5.0 (Windows NT 6.1; rv:6.0.2) Gecko/20100101 Firefox/6.0.2','2011-09-15 22:02:02'),(0,175,'120.166.3.220','users','logout','GET','http://la.baukpoltek.net/act_lists/verify','/index.php?url=users/logout','Mozilla/5.0 (Windows NT 6.1; rv:6.0.2) Gecko/20100101 Firefox/6.0.2','2011-09-15 22:00:38'),(0,175,'120.166.3.220','act_lists','edit','POST','http://la.baukpoltek.net/act_lists/edit/256?verify=1','/index.php?url=act_lists/edit/256&verify=1','Mozilla/5.0 (Windows NT 6.1; rv:6.0.2) Gecko/20100101 Firefox/6.0.2','2011-09-15 22:00:10'),(0,175,'120.166.3.220','act_lists','verify','GET','http://la.baukpoltek.net/act_lists/edit/256?verify=1','/index.php?url=act_lists/verify','Mozilla/5.0 (Windows NT 6.1; rv:6.0.2) Gecko/20100101 Firefox/6.0.2','2011-09-15 22:00:11'),(0,175,'120.166.3.220','act_lists','verify','GET','http://la.baukpoltek.net/act_lists/verify','/index.php?url=act_lists/verify/page:2&ajax=1','Mozilla/5.0 (Windows NT 6.1; rv:6.0.2) Gecko/20100101 Firefox/6.0.2','2011-09-15 22:00:23'),(0,175,'120.166.3.220','act_lists','edit','POST','http://la.baukpoltek.net/act_lists/edit/272?verify=1','/index.php?url=act_lists/edit/272&verify=1','Mozilla/5.0 (Windows NT 6.1; rv:6.0.2) Gecko/20100101 Firefox/6.0.2','2011-09-15 21:59:42'),(0,175,'120.166.3.220','act_lists','edit','GET','http://la.baukpoltek.net/act_lists/verify','/index.php?url=act_lists/edit/256&verify=1','Mozilla/5.0 (Windows NT 6.1; rv:6.0.2) Gecko/20100101 Firefox/6.0.2','2011-09-15 21:59:57'),(0,175,'120.166.3.220','act_lists','verify','GET','http://la.baukpoltek.net/act_lists/edit/272?verify=1','/index.php?url=act_lists/verify','Mozilla/5.0 (Windows NT 6.1; rv:6.0.2) Gecko/20100101 Firefox/6.0.2','2011-09-15 21:59:43'),(0,175,'120.166.3.220','act_lists','edit','GET','http://la.baukpoltek.net/act_lists/verify','/index.php?url=act_lists/edit/272&verify=1','Mozilla/5.0 (Windows NT 6.1; rv:6.0.2) Gecko/20100101 Firefox/6.0.2','2011-09-15 21:59:27'),(0,175,'120.166.3.220','act_lists','verify','GET','http://la.baukpoltek.net/users/login','/index.php?url=act_lists/verify','Mozilla/5.0 (Windows NT 6.1; rv:6.0.2) Gecko/20100101 Firefox/6.0.2','2011-09-15 21:59:15'),(0,174,'120.166.3.220','users','logout','GET','http://la.baukpoltek.net/act_lists/verify','/index.php?url=users/logout','Mozilla/5.0 (Windows NT 6.1; rv:6.0.2) Gecko/20100101 Firefox/6.0.2','2011-09-15 21:59:01'),(0,174,'120.166.3.220','act_lists','verify','GET','http://la.baukpoltek.net/act_lists/edit/260?verify=1','/index.php?url=act_lists/verify','Mozilla/5.0 (Windows NT 6.1; rv:6.0.2) Gecko/20100101 Firefox/6.0.2','2011-09-15 21:58:45'),(0,174,'120.166.3.220','act_lists','edit','POST','http://la.baukpoltek.net/act_lists/edit/260?verify=1','/index.php?url=act_lists/edit/260&verify=1','Mozilla/5.0 (Windows NT 6.1; rv:6.0.2) Gecko/20100101 Firefox/6.0.2','2011-09-15 21:58:43'),(0,174,'120.166.3.220','act_lists','verify','GET','http://la.baukpoltek.net/act_lists/verify','/index.php?url=act_lists/verify','Mozilla/5.0 (Windows NT 6.1; rv:6.0.2) Gecko/20100101 Firefox/6.0.2','2011-09-15 21:58:20'),(0,174,'120.166.3.220','act_lists','edit','GET','http://la.baukpoltek.net/act_lists/verify','/index.php?url=act_lists/edit/260&verify=1','Mozilla/5.0 (Windows NT 6.1; rv:6.0.2) Gecko/20100101 Firefox/6.0.2','2011-09-15 21:58:33'),(0,175,'120.165.62.219','act_lists','verify','GET','http://la.baukpoltek.net/act_lists/verify','/index.php?url=act_lists/verify/page:2&ajax=1','Mozilla/5.0 (Windows; U; Windows NT 6.1; id; rv:1.9.2.22) Gecko/20110902 Firefox/3.6.22','2011-09-16 19:18:38'),(0,175,'120.165.62.219','act_lists','verify','GET','http://la.baukpoltek.net/users/login','/index.php?url=act_lists/verify','Mozilla/5.0 (Windows; U; Windows NT 6.1; id; rv:1.9.2.22) Gecko/20110902 Firefox/3.6.22','2011-09-16 19:18:14'),(0,175,'120.165.62.219','act_lists','verify','GET','http://la.baukpoltek.net/act_lists/verify','/index.php?url=act_lists/verify','Mozilla/5.0 (Windows; U; Windows NT 6.1; id; rv:1.9.2.22) Gecko/20110902 Firefox/3.6.22','2011-09-16 19:18:30'),(0,118,'120.165.62.219','users','logout','GET','http://la.baukpoltek.net/act_lists/verify','/index.php?url=users/logout','Mozilla/5.0 (Windows; U; Windows NT 6.1; id; rv:1.9.2.22) Gecko/20110902 Firefox/3.6.22','2011-09-16 19:17:56'),(0,118,'120.165.62.219','act_lists','verify','GET','http://la.baukpoltek.net/act_lists/verify','/index.php?url=act_lists/verify','Mozilla/5.0 (Windows; U; Windows NT 6.1; id; rv:1.9.2.22) Gecko/20110902 Firefox/3.6.22','2011-09-16 19:17:36'),(0,118,'120.165.62.219','act_lists','verify','GET','http://la.baukpoltek.net/act_lists/edit/281?verify=1','/index.php?url=act_lists/verify','Mozilla/5.0 (Windows; U; Windows NT 6.1; id; rv:1.9.2.22) Gecko/20110902 Firefox/3.6.22','2011-09-16 19:17:07'),(0,118,'120.165.62.219','act_lists','verify','GET','http://la.baukpoltek.net/act_lists/edit/292?verify=1','/index.php?url=act_lists/verify','Mozilla/5.0 (Windows; U; Windows NT 6.1; id; rv:1.9.2.22) Gecko/20110902 Firefox/3.6.22','2011-09-16 19:16:37'),(0,174,'120.166.3.220','act_lists','verify','GET','http://la.baukpoltek.net/users/login','/index.php?url=act_lists/verify','Mozilla/5.0 (Windows NT 6.1; rv:6.0.2) Gecko/20100101 Firefox/6.0.2','2011-09-15 21:58:07'),(0,127,'120.166.3.220','users','logout','GET','http://la.baukpoltek.net/act_lists/verify','/index.php?url=users/logout','Mozilla/5.0 (Windows NT 6.1; rv:6.0.2) Gecko/20100101 Firefox/6.0.2','2011-09-15 21:57:52'),(0,127,'120.166.3.220','act_lists','verify','GET','http://la.baukpoltek.net/act_lists/edit/266?verify=1','/index.php?url=act_lists/verify','Mozilla/5.0 (Windows NT 6.1; rv:6.0.2) Gecko/20100101 Firefox/6.0.2','2011-09-15 21:57:33'),(0,127,'120.166.3.220','act_lists','edit','POST','http://la.baukpoltek.net/act_lists/edit/266?verify=1','/index.php?url=act_lists/edit/266&verify=1','Mozilla/5.0 (Windows NT 6.1; rv:6.0.2) Gecko/20100101 Firefox/6.0.2','2011-09-15 21:57:33'),(0,127,'120.166.3.220','act_lists','verify','GET','http://la.baukpoltek.net/act_lists/edit/267?verify=1','/index.php?url=act_lists/verify','Mozilla/5.0 (Windows NT 6.1; rv:6.0.2) Gecko/20100101 Firefox/6.0.2','2011-09-15 21:57:07'),(0,127,'120.166.3.220','act_lists','edit','GET','http://la.baukpoltek.net/act_lists/verify','/index.php?url=act_lists/edit/266&verify=1','Mozilla/5.0 (Windows NT 6.1; rv:6.0.2) Gecko/20100101 Firefox/6.0.2','2011-09-15 21:57:20'),(0,127,'120.166.3.220','act_lists','edit','POST','http://la.baukpoltek.net/act_lists/edit/267?verify=1','/index.php?url=act_lists/edit/267&verify=1','Mozilla/5.0 (Windows NT 6.1; rv:6.0.2) Gecko/20100101 Firefox/6.0.2','2011-09-15 21:57:07'),(0,127,'120.166.3.220','act_lists','edit','GET','http://la.baukpoltek.net/act_lists/verify','/index.php?url=act_lists/edit/267&verify=1','Mozilla/5.0 (Windows NT 6.1; rv:6.0.2) Gecko/20100101 Firefox/6.0.2','2011-09-15 21:56:58'),(0,127,'120.166.3.220','act_lists','verify','GET','http://la.baukpoltek.net/act_lists/edit/269?verify=1','/index.php?url=act_lists/verify','Mozilla/5.0 (Windows NT 6.1; rv:6.0.2) Gecko/20100101 Firefox/6.0.2','2011-09-15 21:56:42'),(0,127,'120.166.3.220','act_lists','edit','POST','http://la.baukpoltek.net/act_lists/edit/269?verify=1','/index.php?url=act_lists/edit/269&verify=1','Mozilla/5.0 (Windows NT 6.1; rv:6.0.2) Gecko/20100101 Firefox/6.0.2','2011-09-15 21:56:38'),(0,127,'120.166.3.220','act_lists','edit','GET','http://la.baukpoltek.net/act_lists/verify','/index.php?url=act_lists/edit/269&verify=1','Mozilla/5.0 (Windows NT 6.1; rv:6.0.2) Gecko/20100101 Firefox/6.0.2','2011-09-15 21:56:29'),(0,137,'120.166.3.220','users','logout','GET','http://la.baukpoltek.net/act_lists/verify','/index.php?url=users/logout','Mozilla/5.0 (Windows NT 6.1; rv:6.0.2) Gecko/20100101 Firefox/6.0.2','2011-09-15 21:56:06'),(0,127,'120.166.3.220','act_lists','verify','GET','http://la.baukpoltek.net/users/login','/index.php?url=act_lists/verify','Mozilla/5.0 (Windows NT 6.1; rv:6.0.2) Gecko/20100101 Firefox/6.0.2','2011-09-15 21:56:17'),(0,137,'120.166.3.220','act_lists','verify','GET','http://la.baukpoltek.net/act_lists/edit/257?verify=1','/index.php?url=act_lists/verify','Mozilla/5.0 (Windows NT 6.1; rv:6.0.2) Gecko/20100101 Firefox/6.0.2','2011-09-15 21:55:25'),(0,137,'120.166.3.220','act_lists','verify','GET','http://la.baukpoltek.net/act_lists/verify','/index.php?url=act_lists/verify/page:2&ajax=1','Mozilla/5.0 (Windows NT 6.1; rv:6.0.2) Gecko/20100101 Firefox/6.0.2','2011-09-15 21:55:48'),(0,137,'120.166.3.220','act_lists','edit','POST','http://la.baukpoltek.net/act_lists/edit/257?verify=1','/index.php?url=act_lists/edit/257&verify=1','Mozilla/5.0 (Windows NT 6.1; rv:6.0.2) Gecko/20100101 Firefox/6.0.2','2011-09-15 21:55:24'),(0,137,'120.166.3.220','act_lists','edit','GET','http://la.baukpoltek.net/act_lists/verify','/index.php?url=act_lists/edit/257&verify=1','Mozilla/5.0 (Windows NT 6.1; rv:6.0.2) Gecko/20100101 Firefox/6.0.2','2011-09-15 21:55:16'),(0,137,'120.166.3.220','act_lists','edit','GET','http://la.baukpoltek.net/act_lists/verify','/index.php?url=act_lists/edit/258&verify=1','Mozilla/5.0 (Windows NT 6.1; rv:6.0.2) Gecko/20100101 Firefox/6.0.2','2011-09-15 21:54:46'),(0,137,'120.166.3.220','act_lists','verify','GET','http://la.baukpoltek.net/act_lists/edit/258?verify=1','/index.php?url=act_lists/verify','Mozilla/5.0 (Windows NT 6.1; rv:6.0.2) Gecko/20100101 Firefox/6.0.2','2011-09-15 21:55:00'),(0,137,'120.166.3.220','act_lists','edit','POST','http://la.baukpoltek.net/act_lists/edit/258?verify=1','/index.php?url=act_lists/edit/258&verify=1','Mozilla/5.0 (Windows NT 6.1; rv:6.0.2) Gecko/20100101 Firefox/6.0.2','2011-09-15 21:54:59'),(0,137,'120.166.3.220','act_lists','verify','GET','http://la.baukpoltek.net/act_lists/edit/259?verify=1','/index.php?url=act_lists/verify','Mozilla/5.0 (Windows NT 6.1; rv:6.0.2) Gecko/20100101 Firefox/6.0.2','2011-09-15 21:54:28'),(0,137,'120.166.3.220','act_lists','edit','GET','http://la.baukpoltek.net/act_lists/verify','/index.php?url=act_lists/edit/259&verify=1','Mozilla/5.0 (Windows NT 6.1; rv:6.0.2) Gecko/20100101 Firefox/6.0.2','2011-09-15 21:54:22'),(0,137,'120.166.3.220','act_lists','edit','GET','http://la.baukpoltek.net/act_lists/verify','/index.php?url=act_lists/edit/260&verify=1','Mozilla/5.0 (Windows NT 6.1; rv:6.0.2) Gecko/20100101 Firefox/6.0.2','2011-09-15 21:53:41'),(0,137,'120.166.3.220','act_lists','edit','POST','http://la.baukpoltek.net/act_lists/edit/260?verify=1','/index.php?url=act_lists/edit/260&verify=1','Mozilla/5.0 (Windows NT 6.1; rv:6.0.2) Gecko/20100101 Firefox/6.0.2','2011-09-15 21:54:01'),(0,137,'120.166.3.220','act_lists','verify','GET','http://la.baukpoltek.net/act_lists/edit/260?verify=1','/index.php?url=act_lists/verify','Mozilla/5.0 (Windows NT 6.1; rv:6.0.2) Gecko/20100101 Firefox/6.0.2','2011-09-15 21:54:02'),(0,137,'120.166.3.220','act_lists','verify','GET','http://la.baukpoltek.net/act_lists/edit/263?verify=1','/index.php?url=act_lists/verify','Mozilla/5.0 (Windows NT 6.1; rv:6.0.2) Gecko/20100101 Firefox/6.0.2','2011-09-15 21:53:28'),(0,137,'120.166.3.220','act_lists','edit','POST','http://la.baukpoltek.net/act_lists/edit/263?verify=1','/index.php?url=act_lists/edit/263&verify=1','Mozilla/5.0 (Windows NT 6.1; rv:6.0.2) Gecko/20100101 Firefox/6.0.2','2011-09-15 21:53:27'),(0,137,'120.166.3.220','act_lists','edit','GET','http://la.baukpoltek.net/act_lists/verify','/index.php?url=act_lists/edit/263&verify=1','Mozilla/5.0 (Windows NT 6.1; rv:6.0.2) Gecko/20100101 Firefox/6.0.2','2011-09-15 21:53:18'),(0,137,'120.166.3.220','act_lists','verify','GET','http://la.baukpoltek.net/act_lists/edit/268?verify=1','/index.php?url=act_lists/verify','Mozilla/5.0 (Windows NT 6.1; rv:6.0.2) Gecko/20100101 Firefox/6.0.2','2011-09-15 21:53:04'),(0,137,'120.166.3.220','act_lists','edit','GET','http://la.baukpoltek.net/act_lists/verify','/index.php?url=act_lists/edit/268&verify=1','Mozilla/5.0 (Windows NT 6.1; rv:6.0.2) Gecko/20100101 Firefox/6.0.2','2011-09-15 21:52:49'),(0,137,'120.166.3.220','act_lists','edit','POST','http://la.baukpoltek.net/act_lists/edit/268?verify=1','/index.php?url=act_lists/edit/268&verify=1','Mozilla/5.0 (Windows NT 6.1; rv:6.0.2) Gecko/20100101 Firefox/6.0.2','2011-09-15 21:53:03'),(0,137,'120.166.3.220','act_lists','verify','GET','http://la.baukpoltek.net/act_lists/edit/271?verify=1','/index.php?url=act_lists/verify','Mozilla/5.0 (Windows NT 6.1; rv:6.0.2) Gecko/20100101 Firefox/6.0.2','2011-09-15 21:52:38'),(0,137,'120.166.3.220','act_lists','edit','GET','http://la.baukpoltek.net/act_lists/verify','/index.php?url=act_lists/edit/271&verify=1','Mozilla/5.0 (Windows NT 6.1; rv:6.0.2) Gecko/20100101 Firefox/6.0.2','2011-09-15 21:52:30'),(0,137,'120.166.3.220','act_lists','edit','POST','http://la.baukpoltek.net/act_lists/edit/271?verify=1','/index.php?url=act_lists/edit/271&verify=1','Mozilla/5.0 (Windows NT 6.1; rv:6.0.2) Gecko/20100101 Firefox/6.0.2','2011-09-15 21:52:38'),(0,137,'120.166.3.220','act_lists','verify','GET','http://la.baukpoltek.net/users/login','/index.php?url=act_lists/verify','Mozilla/5.0 (Windows NT 6.1; rv:6.0.2) Gecko/20100101 Firefox/6.0.2','2011-09-15 21:51:49'),(0,143,'120.166.3.220','users','logout','GET','http://la.baukpoltek.net/act_lists/verify','/index.php?url=users/logout','Mozilla/5.0 (Windows NT 6.1; rv:6.0.2) Gecko/20100101 Firefox/6.0.2','2011-09-15 21:51:38'),(0,143,'120.166.3.220','act_lists','verify','GET','http://la.baukpoltek.net/act_lists/verify','/index.php?url=act_lists/verify/page:2&ajax=1','Mozilla/5.0 (Windows NT 6.1; rv:6.0.2) Gecko/20100101 Firefox/6.0.2','2011-09-15 21:51:06'),(0,143,'120.166.3.220','act_lists','edit','GET','http://la.baukpoltek.net/act_lists/verify','/index.php?url=act_lists/edit/250&verify=1','Mozilla/5.0 (Windows NT 6.1; rv:6.0.2) Gecko/20100101 Firefox/6.0.2','2011-09-15 21:51:23'),(0,143,'120.166.3.220','act_lists','verify','GET','http://la.baukpoltek.net/act_lists/edit/250?verify=1','/index.php?url=act_lists/verify','Mozilla/5.0 (Windows NT 6.1; rv:6.0.2) Gecko/20100101 Firefox/6.0.2','2011-09-15 21:51:28'),(0,143,'120.166.3.220','act_lists','verify','GET','http://la.baukpoltek.net/act_lists/edit/251?verify=1','/index.php?url=act_lists/verify','Mozilla/5.0 (Windows NT 6.1; rv:6.0.2) Gecko/20100101 Firefox/6.0.2','2011-09-15 21:50:47'),(0,143,'120.166.3.220','act_lists','verify','GET','http://la.baukpoltek.net/act_lists/verify','/index.php?url=act_lists/verify/page:2&ajax=1','Mozilla/5.0 (Windows NT 6.1; rv:6.0.2) Gecko/20100101 Firefox/6.0.2','2011-09-15 21:50:07'),(0,143,'120.166.3.220','act_lists','edit','GET','http://la.baukpoltek.net/act_lists/verify','/index.php?url=act_lists/edit/251&verify=1','Mozilla/5.0 (Windows NT 6.1; rv:6.0.2) Gecko/20100101 Firefox/6.0.2','2011-09-15 21:50:42'),(0,143,'120.166.3.220','act_lists','verify','GET','http://la.baukpoltek.net/act_lists/edit/253?verify=1','/index.php?url=act_lists/verify','Mozilla/5.0 (Windows NT 6.1; rv:6.0.2) Gecko/20100101 Firefox/6.0.2','2011-09-15 21:49:54'),(0,143,'120.166.3.220','act_lists','edit','GET','http://la.baukpoltek.net/act_lists/verify','/index.php?url=act_lists/edit/253&verify=1','Mozilla/5.0 (Windows NT 6.1; rv:6.0.2) Gecko/20100101 Firefox/6.0.2','2011-09-15 21:49:46'),(0,143,'120.166.3.220','act_lists','verify','GET','http://la.baukpoltek.net/act_lists/verify','/index.php?url=act_lists/verify/page:2&ajax=1','Mozilla/5.0 (Windows NT 6.1; rv:6.0.2) Gecko/20100101 Firefox/6.0.2','2011-09-15 21:49:24'),(0,143,'120.166.3.220','act_lists','verify','GET','http://la.baukpoltek.net/act_lists/edit/261?verify=1','/index.php?url=act_lists/verify','Mozilla/5.0 (Windows NT 6.1; rv:6.0.2) Gecko/20100101 Firefox/6.0.2','2011-09-15 21:49:12'),(0,143,'120.166.3.220','act_lists','edit','GET','http://la.baukpoltek.net/act_lists/verify','/index.php?url=act_lists/edit/261&verify=1','Mozilla/5.0 (Windows NT 6.1; rv:6.0.2) Gecko/20100101 Firefox/6.0.2','2011-09-15 21:49:07'),(0,143,'120.166.3.220','act_lists','verify','GET','http://la.baukpoltek.net/act_lists/edit/264?verify=1','/index.php?url=act_lists/verify','Mozilla/5.0 (Windows NT 6.1; rv:6.0.2) Gecko/20100101 Firefox/6.0.2','2011-09-15 21:48:47'),(0,143,'120.166.3.220','act_lists','edit','POST','http://la.baukpoltek.net/act_lists/edit/264?verify=1','/index.php?url=act_lists/edit/264&verify=1','Mozilla/5.0 (Windows NT 6.1; rv:6.0.2) Gecko/20100101 Firefox/6.0.2','2011-09-15 21:48:46'),(0,143,'120.166.3.220','act_lists','verify','GET','http://la.baukpoltek.net/users/login','/index.php?url=act_lists/verify','Mozilla/5.0 (Windows NT 6.1; rv:6.0.2) Gecko/20100101 Firefox/6.0.2','2011-09-15 21:48:19'),(0,143,'120.166.3.220','act_lists','edit','GET','http://la.baukpoltek.net/act_lists/verify','/index.php?url=act_lists/edit/264&verify=1','Mozilla/5.0 (Windows NT 6.1; rv:6.0.2) Gecko/20100101 Firefox/6.0.2','2011-09-15 21:48:35'),(0,128,'120.166.3.220','act_lists','verify','GET','http://la.baukpoltek.net/act_lists/edit/262?verify=1','/index.php?url=act_lists/verify','Mozilla/5.0 (Windows NT 6.1; rv:6.0.2) Gecko/20100101 Firefox/6.0.2','2011-09-15 21:46:44'),(0,128,'120.166.3.220','act_lists','verify','GET','http://la.baukpoltek.net/act_lists/verify','/index.php?url=act_lists/verify/page:2&ajax=1','Mozilla/5.0 (Windows NT 6.1; rv:6.0.2) Gecko/20100101 Firefox/6.0.2','2011-09-15 21:46:59'),(0,128,'120.166.3.220','users','logout','GET','http://la.baukpoltek.net/act_lists/verify','/index.php?url=users/logout','Mozilla/5.0 (Windows NT 6.1; rv:6.0.2) Gecko/20100101 Firefox/6.0.2','2011-09-15 21:47:22'),(0,128,'120.166.3.220','act_lists','edit','GET','http://la.baukpoltek.net/act_lists/verify','/index.php?url=act_lists/edit/262&verify=1','Mozilla/5.0 (Windows NT 6.1; rv:6.0.2) Gecko/20100101 Firefox/6.0.2','2011-09-15 21:46:39'),(0,128,'120.166.3.220','act_lists','verify','GET','http://la.baukpoltek.net/act_lists/edit/267?verify=1','/index.php?url=act_lists/verify','Mozilla/5.0 (Windows NT 6.1; rv:6.0.2) Gecko/20100101 Firefox/6.0.2','2011-09-15 21:46:27'),(0,128,'120.166.3.220','act_lists','verify','GET','http://la.baukpoltek.net/act_lists/edit/267?verify=1','/index.php?url=act_lists/verify','Mozilla/5.0 (Windows NT 6.1; rv:6.0.2) Gecko/20100101 Firefox/6.0.2','2011-09-15 21:45:55'),(0,128,'120.166.3.220','act_lists','edit','GET','http://la.baukpoltek.net/act_lists/verify','/index.php?url=act_lists/edit/267&verify=1','Mozilla/5.0 (Windows NT 6.1; rv:6.0.2) Gecko/20100101 Firefox/6.0.2','2011-09-15 21:46:08'),(0,128,'120.166.3.220','act_lists','edit','POST','http://la.baukpoltek.net/act_lists/edit/267?verify=1','/index.php?url=act_lists/edit/267&verify=1','Mozilla/5.0 (Windows NT 6.1; rv:6.0.2) Gecko/20100101 Firefox/6.0.2','2011-09-15 21:45:54'),(0,128,'120.166.3.220','act_lists','verify','GET','http://la.baukpoltek.net/act_lists/edit/271?verify=1','/index.php?url=act_lists/verify','Mozilla/5.0 (Windows NT 6.1; rv:6.0.2) Gecko/20100101 Firefox/6.0.2','2011-09-15 21:45:31'),(0,128,'120.166.3.220','act_lists','edit','GET','http://la.baukpoltek.net/act_lists/verify','/index.php?url=act_lists/edit/267&verify=1','Mozilla/5.0 (Windows NT 6.1; rv:6.0.2) Gecko/20100101 Firefox/6.0.2','2011-09-15 21:45:43'),(0,128,'120.166.3.220','act_lists','edit','POST','http://la.baukpoltek.net/act_lists/edit/271?verify=1','/index.php?url=act_lists/edit/271&verify=1','Mozilla/5.0 (Windows NT 6.1; rv:6.0.2) Gecko/20100101 Firefox/6.0.2','2011-09-15 21:45:30'),(0,128,'120.166.3.220','act_lists','edit','GET','http://la.baukpoltek.net/act_lists/verify','/index.php?url=act_lists/edit/271&verify=1','Mozilla/5.0 (Windows NT 6.1; rv:6.0.2) Gecko/20100101 Firefox/6.0.2','2011-09-15 21:45:15'),(0,128,'120.166.3.220','act_lists','edit','GET','http://la.baukpoltek.net/act_lists/verify','/index.php?url=act_lists/edit/275&verify=1','Mozilla/5.0 (Windows NT 6.1; rv:6.0.2) Gecko/20100101 Firefox/6.0.2','2011-09-15 21:44:51'),(0,128,'120.166.3.220','act_lists','edit','POST','http://la.baukpoltek.net/act_lists/edit/275?verify=1','/index.php?url=act_lists/edit/275&verify=1','Mozilla/5.0 (Windows NT 6.1; rv:6.0.2) Gecko/20100101 Firefox/6.0.2','2011-09-15 21:45:03'),(0,128,'120.166.3.220','act_lists','verify','GET','http://la.baukpoltek.net/act_lists/edit/275?verify=1','/index.php?url=act_lists/verify','Mozilla/5.0 (Windows NT 6.1; rv:6.0.2) Gecko/20100101 Firefox/6.0.2','2011-09-15 21:45:03'),(0,128,'120.166.3.220','act_lists','verify','GET','http://la.baukpoltek.net/','/index.php?url=act_lists/verify','Mozilla/5.0 (Windows NT 6.1; rv:6.0.2) Gecko/20100101 Firefox/6.0.2','2011-09-15 21:44:36'),(0,128,'120.166.3.220','pages','display','GET','http://la.baukpoltek.net/users/login','/','Mozilla/5.0 (Windows NT 6.1; rv:6.0.2) Gecko/20100101 Firefox/6.0.2','2011-09-15 21:44:30'),(0,175,'39.209.126.207','act_lists','add','POST','http://la.baukpoltek.net/act_lists/add','/index.php?url=act_lists/add','Mozilla/5.0 (Windows NT 6.1; rv:5.0) Gecko/20100101 Firefox/5.0','2011-09-15 15:55:07'),(0,175,'39.209.126.207','act_lists','index','GET','http://la.baukpoltek.net/act_lists/add','/index.php?url=act_lists','Mozilla/5.0 (Windows NT 6.1; rv:5.0) Gecko/20100101 Firefox/5.0','2011-09-15 15:55:08'),(0,175,'39.209.126.207','act_lists','add','GET','http://la.baukpoltek.net/act_lists','/index.php?url=act_lists/add','Mozilla/5.0 (Windows NT 6.1; rv:5.0) Gecko/20100101 Firefox/5.0','2011-09-15 15:53:51'),(0,175,'39.209.126.207','act_lists','index','GET','http://la.baukpoltek.net/users/login','/index.php?url=act_lists','Mozilla/5.0 (Windows NT 6.1; rv:5.0) Gecko/20100101 Firefox/5.0','2011-09-15 15:53:40'),(0,130,'39.209.126.207','users','logout','GET','http://la.baukpoltek.net/act_lists','/index.php?url=users/logout','Mozilla/5.0 (Windows NT 6.1; rv:5.0) Gecko/20100101 Firefox/5.0','2011-09-15 15:53:11'),(0,130,'39.209.126.207','act_lists','add','GET','http://la.baukpoltek.net/act_lists','/index.php?url=act_lists/add','Mozilla/5.0 (Windows NT 6.1; rv:5.0) Gecko/20100101 Firefox/5.0','2011-09-15 15:51:09'),(0,130,'39.209.126.207','act_lists','add','POST','http://la.baukpoltek.net/act_lists/add','/index.php?url=act_lists/add','Mozilla/5.0 (Windows NT 6.1; rv:5.0) Gecko/20100101 Firefox/5.0','2011-09-15 15:53:02'),(0,130,'39.209.126.207','act_lists','index','GET','http://la.baukpoltek.net/act_lists/add','/index.php?url=act_lists','Mozilla/5.0 (Windows NT 6.1; rv:5.0) Gecko/20100101 Firefox/5.0','2011-09-15 15:53:03'),(0,130,'39.209.126.207','act_lists','index','GET','http://la.baukpoltek.net/users/login','/index.php?url=act_lists','Mozilla/5.0 (Windows NT 6.1; rv:5.0) Gecko/20100101 Firefox/5.0','2011-09-15 15:51:01'),(0,174,'39.209.126.207','users','logout','GET','http://la.baukpoltek.net/act_lists','/index.php?url=users/logout','Mozilla/5.0 (Windows NT 6.1; rv:5.0) Gecko/20100101 Firefox/5.0','2011-09-15 15:50:51'),(0,174,'39.209.126.207','act_lists','index','GET','http://la.baukpoltek.net/act_lists/edit/249','/index.php?url=act_lists','Mozilla/5.0 (Windows NT 6.1; rv:5.0) Gecko/20100101 Firefox/5.0','2011-09-15 15:50:46'),(0,174,'39.209.126.207','act_lists','index','GET','http://la.baukpoltek.net/users/login','/index.php?url=act_lists','Mozilla/5.0 (Windows NT 6.1; rv:5.0) Gecko/20100101 Firefox/5.0','2011-09-15 15:49:24'),(0,174,'39.209.126.207','act_lists','edit','GET','http://la.baukpoltek.net/act_lists','/index.php?url=act_lists/edit/249','Mozilla/5.0 (Windows NT 6.1; rv:5.0) Gecko/20100101 Firefox/5.0','2011-09-15 15:49:40'),(0,174,'39.209.126.207','act_lists','edit','POST','http://la.baukpoltek.net/act_lists/edit/249','/index.php?url=act_lists/edit/249','Mozilla/5.0 (Windows NT 6.1; rv:5.0) Gecko/20100101 Firefox/5.0','2011-09-15 15:50:45'),(0,199,'39.209.126.207','users','logout','GET','http://la.baukpoltek.net/act_lists','/index.php?url=users/logout','Mozilla/5.0 (Windows NT 6.1; rv:5.0) Gecko/20100101 Firefox/5.0','2011-09-15 15:49:04'),(0,199,'39.209.126.207','act_lists','index','GET','http://la.baukpoltek.net/act_lists/add','/index.php?url=act_lists','Mozilla/5.0 (Windows NT 6.1; rv:5.0) Gecko/20100101 Firefox/5.0','2011-09-15 15:48:50'),(0,199,'39.209.126.207','act_lists','add','GET','http://la.baukpoltek.net/act_lists','/index.php?url=act_lists/add','Mozilla/5.0 (Windows NT 6.1; rv:5.0) Gecko/20100101 Firefox/5.0','2011-09-15 15:47:48'),(0,199,'39.209.126.207','act_lists','add','POST','http://la.baukpoltek.net/act_lists/add','/index.php?url=act_lists/add','Mozilla/5.0 (Windows NT 6.1; rv:5.0) Gecko/20100101 Firefox/5.0','2011-09-15 15:48:48'),(0,199,'39.209.126.207','act_lists','index','GET','http://la.baukpoltek.net/users/login','/index.php?url=act_lists','Mozilla/5.0 (Windows NT 6.1; rv:5.0) Gecko/20100101 Firefox/5.0','2011-09-15 15:47:42'),(0,199,'39.209.126.207','users','logout','GET','http://la.baukpoltek.net/act_lists','/index.php?url=users/logout','Mozilla/5.0 (Windows NT 6.1; rv:5.0) Gecko/20100101 Firefox/5.0','2011-09-15 15:47:33'),(0,200,'39.209.126.207','act_lists','edit','POST','http://la.baukpoltek.net/act_lists/edit/258','/index.php?url=act_lists/edit/258','Mozilla/5.0 (Windows NT 6.1; rv:5.0) Gecko/20100101 Firefox/5.0','2011-09-15 15:45:10'),(0,200,'39.209.126.207','act_lists','index','GET','http://la.baukpoltek.net/act_lists/edit/258','/index.php?url=act_lists','Mozilla/5.0 (Windows NT 6.1; rv:5.0) Gecko/20100101 Firefox/5.0','2011-09-15 15:45:11'),(0,200,'39.209.126.207','users','logout','GET','http://la.baukpoltek.net/act_lists','/index.php?url=users/logout','Mozilla/5.0 (Windows NT 6.1; rv:5.0) Gecko/20100101 Firefox/5.0','2011-09-15 15:45:21'),(0,199,'39.209.126.207','act_lists','index','GET','http://la.baukpoltek.net/users/login','/index.php?url=act_lists','Mozilla/5.0 (Windows NT 6.1; rv:5.0) Gecko/20100101 Firefox/5.0','2011-09-15 15:46:14'),(0,200,'39.209.126.207','act_lists','index','GET','http://la.baukpoltek.net/act_lists','/index.php?url=act_lists','Mozilla/5.0 (Windows NT 6.1; rv:5.0) Gecko/20100101 Firefox/5.0','2011-09-15 15:43:24'),(0,200,'39.209.126.207','act_lists','edit','GET','http://la.baukpoltek.net/act_lists','/index.php?url=act_lists/edit/258','Mozilla/5.0 (Windows NT 6.1; rv:5.0) Gecko/20100101 Firefox/5.0','2011-09-15 15:43:37'),(0,200,'39.209.126.207','act_lists','add','GET','http://la.baukpoltek.net/act_lists','/index.php?url=act_lists/add','Mozilla/5.0 (Windows NT 6.1; rv:5.0) Gecko/20100101 Firefox/5.0','2011-09-15 15:43:23'),(0,200,'39.209.126.207','act_lists','index','GET','http://la.baukpoltek.net/users/login','/index.php?url=act_lists','Mozilla/5.0 (Windows NT 6.1; rv:5.0) Gecko/20100101 Firefox/5.0','2011-09-15 15:43:04'),(0,173,'39.209.126.207','act_lists','index','GET','http://la.baukpoltek.net/users/login','/index.php?url=act_lists','Mozilla/5.0 (Windows NT 6.1; rv:5.0) Gecko/20100101 Firefox/5.0','2011-09-15 15:40:54'),(0,173,'39.209.126.207','act_lists','add','GET','http://la.baukpoltek.net/act_lists','/index.php?url=act_lists/add','Mozilla/5.0 (Windows NT 6.1; rv:5.0) Gecko/20100101 Firefox/5.0','2011-09-15 15:41:00'),(0,173,'39.209.126.207','act_lists','add','POST','http://la.baukpoltek.net/act_lists/add','/index.php?url=act_lists/add','Mozilla/5.0 (Windows NT 6.1; rv:5.0) Gecko/20100101 Firefox/5.0','2011-09-15 15:42:17'),(0,173,'39.209.126.207','act_lists','index','GET','http://la.baukpoltek.net/act_lists/add','/index.php?url=act_lists','Mozilla/5.0 (Windows NT 6.1; rv:5.0) Gecko/20100101 Firefox/5.0','2011-09-15 15:42:17'),(0,173,'39.209.126.207','users','logout','GET','http://la.baukpoltek.net/act_lists','/index.php?url=users/logout','Mozilla/5.0 (Windows NT 6.1; rv:5.0) Gecko/20100101 Firefox/5.0','2011-09-15 15:42:32'),(0,176,'39.209.126.207','act_lists','index','GET','http://la.baukpoltek.net/act_lists/add','/index.php?url=act_lists','Mozilla/5.0 (Windows NT 6.1; rv:5.0) Gecko/20100101 Firefox/5.0','2011-09-15 15:40:35'),(0,176,'39.209.126.207','users','logout','GET','http://la.baukpoltek.net/act_lists','/index.php?url=users/logout','Mozilla/5.0 (Windows NT 6.1; rv:5.0) Gecko/20100101 Firefox/5.0','2011-09-15 15:40:41'),(0,176,'39.209.126.207','act_lists','index','GET','http://la.baukpoltek.net/users/login','/index.php?url=act_lists','Mozilla/5.0 (Windows NT 6.1; rv:5.0) Gecko/20100101 Firefox/5.0','2011-09-15 15:35:24'),(0,176,'39.209.126.207','act_lists','add','GET','http://la.baukpoltek.net/act_lists','/index.php?url=act_lists/add','Mozilla/5.0 (Windows NT 6.1; rv:5.0) Gecko/20100101 Firefox/5.0','2011-09-15 15:35:29'),(0,176,'39.209.126.207','act_lists','add','POST','http://la.baukpoltek.net/act_lists/add','/index.php?url=act_lists/add','Mozilla/5.0 (Windows NT 6.1; rv:5.0) Gecko/20100101 Firefox/5.0','2011-09-15 15:40:34'),(0,186,'39.209.126.207','users','logout','GET','http://la.baukpoltek.net/act_lists','/index.php?url=users/logout','Mozilla/5.0 (Windows NT 6.1; rv:5.0) Gecko/20100101 Firefox/5.0','2011-09-15 15:34:12'),(0,132,'39.209.126.207','act_lists','index','GET','http://la.baukpoltek.net/act_lists/edit/271','/index.php?url=act_lists','Mozilla/5.0 (Windows NT 6.1; rv:5.0) Gecko/20100101 Firefox/5.0','2011-09-15 15:31:00'),(0,132,'39.209.126.207','users','logout','GET','http://la.baukpoltek.net/act_lists','/index.php?url=users/logout','Mozilla/5.0 (Windows NT 6.1; rv:5.0) Gecko/20100101 Firefox/5.0','2011-09-15 15:31:44'),(0,186,'39.209.126.207','act_lists','index','GET','http://la.baukpoltek.net/users/login','/index.php?url=act_lists','Mozilla/5.0 (Windows NT 6.1; rv:5.0) Gecko/20100101 Firefox/5.0','2011-09-15 15:31:59'),(0,186,'39.209.126.207','act_lists','edit','GET','http://la.baukpoltek.net/act_lists','/index.php?url=act_lists/edit/257','Mozilla/5.0 (Windows NT 6.1; rv:5.0) Gecko/20100101 Firefox/5.0','2011-09-15 15:32:16'),(0,186,'39.209.126.207','act_lists','edit','POST','http://la.baukpoltek.net/act_lists/edit/257','/index.php?url=act_lists/edit/257','Mozilla/5.0 (Windows NT 6.1; rv:5.0) Gecko/20100101 Firefox/5.0','2011-09-15 15:33:53'),(0,186,'39.209.126.207','act_lists','index','GET','http://la.baukpoltek.net/act_lists/edit/257','/index.php?url=act_lists','Mozilla/5.0 (Windows NT 6.1; rv:5.0) Gecko/20100101 Firefox/5.0','2011-09-15 15:33:54'),(0,132,'39.209.126.207','act_lists','edit','GET','http://la.baukpoltek.net/act_lists','/index.php?url=act_lists/edit/271','Mozilla/5.0 (Windows NT 6.1; rv:5.0) Gecko/20100101 Firefox/5.0','2011-09-15 15:13:48'),(0,132,'39.209.126.207','act_lists','edit','POST','http://la.baukpoltek.net/act_lists/edit/271','/index.php?url=act_lists/edit/271','Mozilla/5.0 (Windows NT 6.1; rv:5.0) Gecko/20100101 Firefox/5.0','2011-09-15 15:30:59'),(0,132,'39.209.126.207','act_lists','index','GET','http://la.baukpoltek.net/users/login','/index.php?url=act_lists','Mozilla/5.0 (Windows NT 6.1; rv:5.0) Gecko/20100101 Firefox/5.0','2011-09-15 15:07:39'),(0,132,'39.209.126.207','act_lists','add','GET','http://la.baukpoltek.net/act_lists','/index.php?url=act_lists/add','Mozilla/5.0 (Windows NT 6.1; rv:5.0) Gecko/20100101 Firefox/5.0','2011-09-15 15:07:49'),(0,132,'39.209.126.207','act_lists','add','POST','http://la.baukpoltek.net/act_lists/add','/index.php?url=act_lists/add','Mozilla/5.0 (Windows NT 6.1; rv:5.0) Gecko/20100101 Firefox/5.0','2011-09-15 15:13:36'),(0,132,'39.209.126.207','act_lists','index','GET','http://la.baukpoltek.net/act_lists/add','/index.php?url=act_lists','Mozilla/5.0 (Windows NT 6.1; rv:5.0) Gecko/20100101 Firefox/5.0','2011-09-15 15:13:37'),(0,132,'39.209.126.207','users','logout','GET','http://la.baukpoltek.net/act_lists','/index.php?url=users/logout','Mozilla/5.0 (Windows NT 6.1; rv:5.0) Gecko/20100101 Firefox/5.0','2011-09-15 15:07:30'),(0,216,'39.209.126.207','act_lists','index','GET','http://la.baukpoltek.net/student_classes/permission_denied','/index.php?url=act_lists','Mozilla/5.0 (Windows NT 6.1; rv:5.0) Gecko/20100101 Firefox/5.0','2011-09-15 14:48:10'),(0,216,'39.209.126.207','act_lists','index','GET','http://la.baukpoltek.net/act_lists','/index.php?url=act_lists','Mozilla/5.0 (Windows NT 6.1; rv:5.0) Gecko/20100101 Firefox/5.0','2011-09-15 14:48:21'),(0,216,'39.209.126.207','act_lists','index','GET','http://la.baukpoltek.net/act_lists','/index.php?url=act_lists','Mozilla/5.0 (Windows NT 6.1; rv:5.0) Gecko/20100101 Firefox/5.0','2011-09-15 14:50:21'),(0,216,'39.209.126.207','act_lists','add','GET','http://la.baukpoltek.net/act_lists','/index.php?url=act_lists/add','Mozilla/5.0 (Windows NT 6.1; rv:5.0) Gecko/20100101 Firefox/5.0','2011-09-15 14:50:35'),(0,216,'39.209.126.207','act_lists','add','POST','http://la.baukpoltek.net/act_lists/add','/index.php?url=act_lists/add','Mozilla/5.0 (Windows NT 6.1; rv:5.0) Gecko/20100101 Firefox/5.0','2011-09-15 14:51:37'),(0,216,'39.209.126.207','act_lists','index','GET','http://la.baukpoltek.net/act_lists/add','/index.php?url=act_lists','Mozilla/5.0 (Windows NT 6.1; rv:5.0) Gecko/20100101 Firefox/5.0','2011-09-15 14:51:38'),(0,216,'39.209.126.207','users','logout','GET','http://la.baukpoltek.net/act_lists','/index.php?url=users/logout','Mozilla/5.0 (Windows NT 6.1; rv:5.0) Gecko/20100101 Firefox/5.0','2011-09-15 15:01:49'),(0,201,'39.209.126.207','act_lists','index','GET','http://la.baukpoltek.net/users/login','/index.php?url=act_lists','Mozilla/5.0 (Windows NT 6.1; rv:5.0) Gecko/20100101 Firefox/5.0','2011-09-15 15:03:05'),(0,201,'39.209.126.207','act_lists','add','GET','http://la.baukpoltek.net/act_lists','/index.php?url=act_lists/add','Mozilla/5.0 (Windows NT 6.1; rv:5.0) Gecko/20100101 Firefox/5.0','2011-09-15 15:03:22'),(0,201,'39.209.126.207','act_lists','add','POST','http://la.baukpoltek.net/act_lists/add','/index.php?url=act_lists/add','Mozilla/5.0 (Windows NT 6.1; rv:5.0) Gecko/20100101 Firefox/5.0','2011-09-15 15:05:10'),(0,201,'39.209.126.207','act_lists','index','GET','http://la.baukpoltek.net/act_lists/add','/index.php?url=act_lists','Mozilla/5.0 (Windows NT 6.1; rv:5.0) Gecko/20100101 Firefox/5.0','2011-09-15 15:05:11'),(0,201,'39.209.126.207','users','logout','GET','http://la.baukpoltek.net/act_lists','/index.php?url=users/logout','Mozilla/5.0 (Windows NT 6.1; rv:5.0) Gecko/20100101 Firefox/5.0','2011-09-15 15:06:35'),(0,132,'39.209.126.207','act_lists','index','GET','http://la.baukpoltek.net/users/login','/index.php?url=act_lists','Mozilla/5.0 (Windows NT 6.1; rv:5.0) Gecko/20100101 Firefox/5.0','2011-09-15 15:06:55'),(0,132,'39.209.126.207','act_lists','index','GET','http://la.baukpoltek.net/act_lists','/index.php?url=act_lists','Mozilla/5.0 (Windows NT 6.1; rv:5.0) Gecko/20100101 Firefox/5.0','2011-09-15 15:07:21'),(0,132,'39.209.126.207','act_lists','index','GET','http://la.baukpoltek.net/act_lists','/index.php?url=act_lists','Mozilla/5.0 (Windows NT 6.1; rv:5.0) Gecko/20100101 Firefox/5.0','2011-09-15 15:07:23'),(0,1,'39.209.126.207','student_classes','index','GET','http://la.baukpoltek.net/student_classes','/index.php?url=student_classes/index/page:2&ajax=1','Mozilla/5.0 (Windows NT 6.1; rv:5.0) Gecko/20100101 Firefox/5.0','2011-09-15 14:42:27'),(0,1,'39.209.126.207','student_classes','edit','GET','http://la.baukpoltek.net/student_classes','/index.php?url=student_classes/edit/60','Mozilla/5.0 (Windows NT 6.1; rv:5.0) Gecko/20100101 Firefox/5.0','2011-09-15 14:42:36'),(0,1,'39.209.126.207','users','logout','GET','http://la.baukpoltek.net/student_classes/edit/60','/index.php?url=users/logout','Mozilla/5.0 (Windows NT 6.1; rv:5.0) Gecko/20100101 Firefox/5.0','2011-09-15 14:43:00'),(0,216,'39.209.126.207','student_classes','edit','GET','http://la.baukpoltek.net/users/login','/index.php?url=student_classes/edit/60','Mozilla/5.0 (Windows NT 6.1; rv:5.0) Gecko/20100101 Firefox/5.0','2011-09-15 14:46:45'),(0,216,'39.209.126.207','student_classes','permission_denied','GET','http://la.baukpoltek.net/users/login','/index.php?url=student_classes/permission_denied','Mozilla/5.0 (Windows NT 6.1; rv:5.0) Gecko/20100101 Firefox/5.0','2011-09-15 14:46:47'),(0,1,'39.209.126.207','users','index','GET','http://la.baukpoltek.net/users/add','/index.php?url=users','Mozilla/5.0 (Windows NT 6.1; rv:5.0) Gecko/20100101 Firefox/5.0','2011-09-15 14:41:43'),(0,1,'39.209.126.207','student_classes','index','GET','http://la.baukpoltek.net/users','/index.php?url=student_classes','Mozilla/5.0 (Windows NT 6.1; rv:5.0) Gecko/20100101 Firefox/5.0','2011-09-15 14:42:08'),(0,145,'39.209.126.207','act_lists','add','POST','http://la.baukpoltek.net/act_lists/add','/index.php?url=act_lists/add','Mozilla/5.0 (Windows NT 6.1; rv:5.0) Gecko/20100101 Firefox/5.0','2011-09-15 14:40:04'),(0,145,'39.209.126.207','act_lists','index','GET','http://la.baukpoltek.net/act_lists/add','/index.php?url=act_lists','Mozilla/5.0 (Windows NT 6.1; rv:5.0) Gecko/20100101 Firefox/5.0','2011-09-15 14:40:04'),(0,145,'39.209.126.207','users','logout','GET','http://la.baukpoltek.net/act_lists','/index.php?url=users/logout','Mozilla/5.0 (Windows NT 6.1; rv:5.0) Gecko/20100101 Firefox/5.0','2011-09-15 14:40:08'),(0,1,'39.209.126.207','act_lists','index','GET','http://la.baukpoltek.net/users/login','/index.php?url=act_lists','Mozilla/5.0 (Windows NT 6.1; rv:5.0) Gecko/20100101 Firefox/5.0','2011-09-15 14:40:24'),(0,1,'39.209.126.207','users','index','GET','http://la.baukpoltek.net/act_lists','/index.php?url=users','Mozilla/5.0 (Windows NT 6.1; rv:5.0) Gecko/20100101 Firefox/5.0','2011-09-15 14:40:44'),(0,1,'39.209.126.207','users','add','GET','http://la.baukpoltek.net/users','/index.php?url=users/add','Mozilla/5.0 (Windows NT 6.1; rv:5.0) Gecko/20100101 Firefox/5.0','2011-09-15 14:40:47'),(0,1,'39.209.126.207','users','add','POST','http://la.baukpoltek.net/users/add','/index.php?url=users/add','Mozilla/5.0 (Windows NT 6.1; rv:5.0) Gecko/20100101 Firefox/5.0','2011-09-15 14:41:42'),(0,145,'39.209.126.207','act_lists','add','GET','http://la.baukpoltek.net/act_lists','/index.php?url=act_lists/add','Mozilla/5.0 (Windows NT 6.1; rv:5.0) Gecko/20100101 Firefox/5.0','2011-09-15 14:36:32'),(0,148,'39.209.126.207','users','logout','GET','http://la.baukpoltek.net/act_lists','/index.php?url=users/logout','Mozilla/5.0 (Windows NT 6.1; rv:5.0) Gecko/20100101 Firefox/5.0','2011-09-15 14:33:26'),(0,145,'39.209.126.207','act_lists','index','GET','http://la.baukpoltek.net/users/login','/index.php?url=act_lists','Mozilla/5.0 (Windows NT 6.1; rv:5.0) Gecko/20100101 Firefox/5.0','2011-09-15 14:34:05'),(0,145,'39.209.126.207','act_lists','index','GET','http://la.baukpoltek.net/act_lists','/index.php?url=act_lists','Mozilla/5.0 (Windows NT 6.1; rv:5.0) Gecko/20100101 Firefox/5.0','2011-09-15 14:35:05'),(0,148,'39.209.126.207','act_lists','add','POST','http://la.baukpoltek.net/act_lists/add','/index.php?url=act_lists/add','Mozilla/5.0 (Windows NT 6.1; rv:5.0) Gecko/20100101 Firefox/5.0','2011-09-15 14:32:52'),(0,148,'39.209.126.207','act_lists','index','GET','http://la.baukpoltek.net/act_lists/add','/index.php?url=act_lists','Mozilla/5.0 (Windows NT 6.1; rv:5.0) Gecko/20100101 Firefox/5.0','2011-09-15 14:32:53'),(0,148,'39.209.126.207','act_lists','add','GET','http://la.baukpoltek.net/act_lists','/index.php?url=act_lists/add','Mozilla/5.0 (Windows NT 6.1; rv:5.0) Gecko/20100101 Firefox/5.0','2011-09-15 14:28:44'),(0,148,'39.209.126.207','act_lists','index','GET','http://la.baukpoltek.net/users/login','/index.php?url=act_lists','Mozilla/5.0 (Windows NT 6.1; rv:5.0) Gecko/20100101 Firefox/5.0','2011-09-15 14:28:11'),(0,179,'39.209.126.207','users','logout','GET','http://la.baukpoltek.net/act_lists','/index.php?url=users/logout','Mozilla/5.0 (Windows NT 6.1; rv:5.0) Gecko/20100101 Firefox/5.0','2011-09-15 14:25:09'),(0,116,'39.209.126.207','act_lists','index','GET','http://la.baukpoltek.net/users/login','/index.php?url=act_lists','Mozilla/5.0 (Windows NT 6.1; rv:5.0) Gecko/20100101 Firefox/5.0','2011-09-15 14:25:25'),(0,116,'39.209.126.207','act_lists','add','GET','http://la.baukpoltek.net/act_lists','/index.php?url=act_lists/add','Mozilla/5.0 (Windows NT 6.1; rv:5.0) Gecko/20100101 Firefox/5.0','2011-09-15 14:26:15'),(0,116,'39.209.126.207','act_lists','add','POST','http://la.baukpoltek.net/act_lists/add','/index.php?url=act_lists/add','Mozilla/5.0 (Windows NT 6.1; rv:5.0) Gecko/20100101 Firefox/5.0','2011-09-15 14:27:27'),(0,116,'39.209.126.207','act_lists','index','GET','http://la.baukpoltek.net/act_lists/add','/index.php?url=act_lists','Mozilla/5.0 (Windows NT 6.1; rv:5.0) Gecko/20100101 Firefox/5.0','2011-09-15 14:27:27'),(0,116,'39.209.126.207','users','logout','GET','http://la.baukpoltek.net/act_lists','/index.php?url=users/logout','Mozilla/5.0 (Windows NT 6.1; rv:5.0) Gecko/20100101 Firefox/5.0','2011-09-15 14:27:52'),(0,179,'39.209.126.207','act_lists','index','GET','http://la.baukpoltek.net/users/login','/index.php?url=act_lists','Mozilla/5.0 (Windows NT 6.1; rv:5.0) Gecko/20100101 Firefox/5.0','2011-09-15 14:23:03'),(0,179,'39.209.126.207','act_lists','add','GET','http://la.baukpoltek.net/act_lists','/index.php?url=act_lists/add','Mozilla/5.0 (Windows NT 6.1; rv:5.0) Gecko/20100101 Firefox/5.0','2011-09-15 14:23:14'),(0,179,'39.209.126.207','act_lists','add','POST','http://la.baukpoltek.net/act_lists/add','/index.php?url=act_lists/add','Mozilla/5.0 (Windows NT 6.1; rv:5.0) Gecko/20100101 Firefox/5.0','2011-09-15 14:24:56'),(0,179,'39.209.126.207','act_lists','index','GET','http://la.baukpoltek.net/act_lists/add','/index.php?url=act_lists','Mozilla/5.0 (Windows NT 6.1; rv:5.0) Gecko/20100101 Firefox/5.0','2011-09-15 14:24:57'),(0,156,'39.209.126.207','users','logout','GET','http://la.baukpoltek.net/act_lists','/index.php?url=users/logout','Mozilla/5.0 (Windows NT 6.1; rv:5.0) Gecko/20100101 Firefox/5.0','2011-09-15 14:22:47'),(0,156,'39.209.126.207','act_lists','index','GET','http://la.baukpoltek.net/users/login','/index.php?url=act_lists','Mozilla/5.0 (Windows NT 6.1; rv:5.0) Gecko/20100101 Firefox/5.0','2011-09-15 14:22:20'),(0,193,'39.209.126.207','users','logout','GET','http://la.baukpoltek.net/act_lists','/index.php?url=users/logout','Mozilla/5.0 (Windows NT 6.1; rv:5.0) Gecko/20100101 Firefox/5.0','2011-09-15 14:20:51'),(0,193,'39.209.126.207','act_lists','index','GET','http://la.baukpoltek.net/act_lists/add','/index.php?url=act_lists','Mozilla/5.0 (Windows NT 6.1; rv:5.0) Gecko/20100101 Firefox/5.0','2011-09-15 14:20:39'),(0,193,'39.209.126.207','act_lists','add','POST','http://la.baukpoltek.net/act_lists/add','/index.php?url=act_lists/add','Mozilla/5.0 (Windows NT 6.1; rv:5.0) Gecko/20100101 Firefox/5.0','2011-09-15 14:20:38'),(0,193,'39.209.126.207','act_lists','add','GET','http://la.baukpoltek.net/act_lists','/index.php?url=act_lists/add','Mozilla/5.0 (Windows NT 6.1; rv:5.0) Gecko/20100101 Firefox/5.0','2011-09-15 14:18:44'),(0,193,'39.209.126.207','act_lists','index','GET','http://la.baukpoltek.net/users/login','/index.php?url=act_lists','Mozilla/5.0 (Windows NT 6.1; rv:5.0) Gecko/20100101 Firefox/5.0','2011-09-15 14:18:26'),(0,158,'39.209.126.207','users','logout','GET','http://la.baukpoltek.net/act_lists','/index.php?url=users/logout','Mozilla/5.0 (Windows NT 6.1; rv:5.0) Gecko/20100101 Firefox/5.0','2011-09-15 14:17:57'),(0,158,'39.209.126.207','act_lists','index','GET','http://la.baukpoltek.net/act_lists/edit/256','/index.php?url=act_lists','Mozilla/5.0 (Windows NT 6.1; rv:5.0) Gecko/20100101 Firefox/5.0','2011-09-15 14:17:43'),(0,158,'39.209.126.207','act_lists','edit','POST','http://la.baukpoltek.net/act_lists/edit/256','/index.php?url=act_lists/edit/256','Mozilla/5.0 (Windows NT 6.1; rv:5.0) Gecko/20100101 Firefox/5.0','2011-09-15 14:17:43'),(0,158,'39.209.126.207','act_lists','edit','GET','http://la.baukpoltek.net/act_lists','/index.php?url=act_lists/edit/256','Mozilla/5.0 (Windows NT 6.1; rv:5.0) Gecko/20100101 Firefox/5.0','2011-09-15 14:15:17'),(0,158,'39.209.126.207','act_lists','index','GET','http://la.baukpoltek.net/users/login','/index.php?url=act_lists','Mozilla/5.0 (Windows NT 6.1; rv:5.0) Gecko/20100101 Firefox/5.0','2011-09-15 14:14:59'),(0,124,'39.209.126.207','users','logout','GET','http://la.baukpoltek.net/act_lists','/index.php?url=users/logout','Mozilla/5.0 (Windows NT 6.1; rv:5.0) Gecko/20100101 Firefox/5.0','2011-09-15 14:14:24'),(0,124,'39.209.126.207','act_lists','index','GET','http://la.baukpoltek.net/act_lists/add','/index.php?url=act_lists','Mozilla/5.0 (Windows NT 6.1; rv:5.0) Gecko/20100101 Firefox/5.0','2011-09-15 14:14:14'),(0,124,'39.209.126.207','act_lists','add','POST','http://la.baukpoltek.net/act_lists/add','/index.php?url=act_lists/add','Mozilla/5.0 (Windows NT 6.1; rv:5.0) Gecko/20100101 Firefox/5.0','2011-09-15 14:14:13'),(0,124,'39.209.126.207','act_lists','add','GET','http://la.baukpoltek.net/act_lists','/index.php?url=act_lists/add','Mozilla/5.0 (Windows NT 6.1; rv:5.0) Gecko/20100101 Firefox/5.0','2011-09-15 14:10:47'),(0,174,'118.97.104.90','users','logout','GET','http://la.baukpoltek.net/act_lists/verify','/index.php?url=users/logout','Mozilla/5.0 (Windows NT 5.1; rv:6.0.2) Gecko/20100101 Firefox/6.0.2','2011-09-15 14:09:43'),(0,124,'39.209.126.207','act_lists','index','GET','http://la.baukpoltek.net/users/login','/index.php?url=act_lists','Mozilla/5.0 (Windows NT 6.1; rv:5.0) Gecko/20100101 Firefox/5.0','2011-09-15 14:09:37'),(0,174,'118.97.104.90','act_lists','verify','GET','http://la.baukpoltek.net/act_lists/edit/260?verify=1','/index.php?url=act_lists/verify','Mozilla/5.0 (Windows NT 5.1; rv:6.0.2) Gecko/20100101 Firefox/6.0.2','2011-09-15 14:08:53'),(0,174,'118.97.104.90','act_lists','edit','POST','http://la.baukpoltek.net/act_lists/edit/260?verify=1','/index.php?url=act_lists/edit/260&verify=1','Mozilla/5.0 (Windows NT 5.1; rv:6.0.2) Gecko/20100101 Firefox/6.0.2','2011-09-15 14:08:53'),(0,174,'118.97.104.90','act_lists','edit','GET','http://la.baukpoltek.net/act_lists/verify','/index.php?url=act_lists/edit/260&verify=1','Mozilla/5.0 (Windows NT 5.1; rv:6.0.2) Gecko/20100101 Firefox/6.0.2','2011-09-15 14:08:48'),(0,174,'118.97.104.90','act_lists','verify','GET','http://la.baukpoltek.net/users/permission_denied','/index.php?url=act_lists/verify','Mozilla/5.0 (Windows NT 5.1; rv:6.0.2) Gecko/20100101 Firefox/6.0.2','2011-09-15 14:08:36'),(0,174,'118.97.104.90','users','permission_denied','GET','http://la.baukpoltek.net/users/login','/index.php?url=users/permission_denied','Mozilla/5.0 (Windows NT 5.1; rv:6.0.2) Gecko/20100101 Firefox/6.0.2','2011-09-15 14:08:34'),(0,174,'118.97.104.90','users','index','GET','http://la.baukpoltek.net/users/login','/index.php?url=users','Mozilla/5.0 (Windows NT 5.1; rv:6.0.2) Gecko/20100101 Firefox/6.0.2','2011-09-15 14:08:33'),(0,1,'118.97.104.90','users','logout','GET','http://la.baukpoltek.net/users','/index.php?url=users/logout','Mozilla/5.0 (Windows NT 5.1; rv:6.0.2) Gecko/20100101 Firefox/6.0.2','2011-09-15 14:08:26'),(0,1,'118.97.104.90','users','index','GET','http://la.baukpoltek.net/users/add','/index.php?url=users','Mozilla/5.0 (Windows NT 5.1; rv:6.0.2) Gecko/20100101 Firefox/6.0.2','2011-09-15 14:08:15'),(0,1,'118.97.104.90','users','add','POST','http://la.baukpoltek.net/users/add','/index.php?url=users/add','Mozilla/5.0 (Windows NT 5.1; rv:6.0.2) Gecko/20100101 Firefox/6.0.2','2011-09-15 14:08:14'),(0,214,'39.209.126.207','users','logout','GET','http://la.baukpoltek.net/act_lists','/index.php?url=users/logout','Mozilla/5.0 (Windows NT 6.1; rv:5.0) Gecko/20100101 Firefox/5.0','2011-09-15 14:07:47'),(0,162,'118.97.104.90','users','logout','GET','http://la.baukpoltek.net/act_lists/approval_list','/index.php?url=users/logout','Mozilla/5.0 (Windows NT 5.1; rv:6.0.2) Gecko/20100101 Firefox/6.0.2','2011-09-15 14:06:59'),(0,1,'118.97.104.90','act_lists','approval_list','GET','http://la.baukpoltek.net/users/login','/index.php?url=act_lists/approval_list','Mozilla/5.0 (Windows NT 5.1; rv:6.0.2) Gecko/20100101 Firefox/6.0.2','2011-09-15 14:07:10'),(0,1,'118.97.104.90','users','index','GET','http://la.baukpoltek.net/act_lists/approval_list','/index.php?url=users','Mozilla/5.0 (Windows NT 5.1; rv:6.0.2) Gecko/20100101 Firefox/6.0.2','2011-09-15 14:07:21'),(0,1,'118.97.104.90','users','add','GET','http://la.baukpoltek.net/users','/index.php?url=users/add','Mozilla/5.0 (Windows NT 5.1; rv:6.0.2) Gecko/20100101 Firefox/6.0.2','2011-09-15 14:07:23'),(0,1,'118.97.104.90','users','logout','GET','http://la.baukpoltek.net/users','/index.php?url=users/logout','Mozilla/5.0 (Windows NT 5.1; rv:6.0.2) Gecko/20100101 Firefox/6.0.2','2011-09-15 14:06:15'),(0,162,'118.97.104.90','users','index','GET','http://la.baukpoltek.net/users/login','/index.php?url=users','Mozilla/5.0 (Windows NT 5.1; rv:6.0.2) Gecko/20100101 Firefox/6.0.2','2011-09-15 14:06:35'),(0,162,'118.97.104.90','users','permission_denied','GET','http://la.baukpoltek.net/users/login','/index.php?url=users/permission_denied','Mozilla/5.0 (Windows NT 5.1; rv:6.0.2) Gecko/20100101 Firefox/6.0.2','2011-09-15 14:06:35'),(0,162,'118.97.104.90','act_lists','approval_list','GET','http://la.baukpoltek.net/users/permission_denied','/index.php?url=act_lists/approval_list','Mozilla/5.0 (Windows NT 5.1; rv:6.0.2) Gecko/20100101 Firefox/6.0.2','2011-09-15 14:06:37'),(0,1,'118.97.104.90','users','index','GET','http://la.baukpoltek.net/users/edit/162','/index.php?url=users','Mozilla/5.0 (Windows NT 5.1; rv:6.0.2) Gecko/20100101 Firefox/6.0.2','2011-09-15 14:06:09'),(0,1,'118.97.104.90','users','add','GET','http://la.baukpoltek.net/users','/index.php?url=users/add','Mozilla/5.0 (Windows NT 5.1; rv:6.0.2) Gecko/20100101 Firefox/6.0.2','2011-09-15 14:05:36'),(0,1,'118.97.104.90','users','index','GET','http://la.baukpoltek.net/users/add','/index.php?url=users','Mozilla/5.0 (Windows NT 5.1; rv:6.0.2) Gecko/20100101 Firefox/6.0.2','2011-09-15 14:05:39'),(0,1,'118.97.104.90','users','index','GET','http://la.baukpoltek.net/users','/index.php?url=users/index/page:2&ajax=1','Mozilla/5.0 (Windows NT 5.1; rv:6.0.2) Gecko/20100101 Firefox/6.0.2','2011-09-15 14:05:42'),(0,1,'118.97.104.90','users','index','GET','http://la.baukpoltek.net/users','/index.php?url=users/index/page:3&ajax=1','Mozilla/5.0 (Windows NT 5.1; rv:6.0.2) Gecko/20100101 Firefox/6.0.2','2011-09-15 14:05:49'),(0,1,'118.97.104.90','users','edit','GET','http://la.baukpoltek.net/users','/index.php?url=users/edit/162','Mozilla/5.0 (Windows NT 5.1; rv:6.0.2) Gecko/20100101 Firefox/6.0.2','2011-09-15 14:05:52'),(0,1,'118.97.104.90','users','edit','PUT','http://la.baukpoltek.net/users/edit/162','/index.php?url=users/edit/162','Mozilla/5.0 (Windows NT 5.1; rv:6.0.2) Gecko/20100101 Firefox/6.0.2','2011-09-15 14:06:08'),(0,1,'118.97.104.90','users','edit','PUT','http://la.baukpoltek.net/users/edit/162','/index.php?url=users/edit/162','Mozilla/5.0 (Windows NT 5.1; rv:6.0.2) Gecko/20100101 Firefox/6.0.2','2011-09-15 14:05:28'),(0,1,'118.97.104.90','users','index','GET','http://la.baukpoltek.net/users/edit/162','/index.php?url=users','Mozilla/5.0 (Windows NT 5.1; rv:6.0.2) Gecko/20100101 Firefox/6.0.2','2011-09-15 14:05:29'),(0,1,'118.97.104.90','users','index','GET','http://la.baukpoltek.net/users','/index.php?url=users/index/page:2&ajax=1','Mozilla/5.0 (Windows NT 5.1; rv:6.0.2) Gecko/20100101 Firefox/6.0.2','2011-09-15 14:04:39'),(0,1,'118.97.104.90','users','index','GET','http://la.baukpoltek.net/users','/index.php?url=users/index/page:3&ajax=1','Mozilla/5.0 (Windows NT 5.1; rv:6.0.2) Gecko/20100101 Firefox/6.0.2','2011-09-15 14:04:51'),(0,1,'118.97.104.90','users','edit','GET','http://la.baukpoltek.net/users','/index.php?url=users/edit/162','Mozilla/5.0 (Windows NT 5.1; rv:6.0.2) Gecko/20100101 Firefox/6.0.2','2011-09-15 14:04:59'),(0,214,'39.209.126.207','act_lists','edit','POST','http://la.baukpoltek.net/act_lists/edit/260','/index.php?url=act_lists/edit/260','Mozilla/5.0 (Windows NT 6.1; rv:5.0) Gecko/20100101 Firefox/5.0','2011-09-15 14:05:06'),(0,214,'39.209.126.207','act_lists','index','GET','http://la.baukpoltek.net/act_lists/edit/260','/index.php?url=act_lists','Mozilla/5.0 (Windows NT 6.1; rv:5.0) Gecko/20100101 Firefox/5.0','2011-09-15 14:05:07'),(0,1,'118.97.104.90','act_lists','report_per_day','POST','http://la.baukpoltek.net/act_lists/report_per_day/teaching','/index.php?url=act_lists/report_per_day/teaching','Mozilla/5.0 (Windows NT 5.1; rv:6.0.2) Gecko/20100101 Firefox/6.0.2','2011-09-15 14:01:17'),(0,214,'39.209.126.207','act_lists','add','GET','http://la.baukpoltek.net/users/login','/index.php?url=act_lists/add','Mozilla/5.0 (Windows NT 6.1; rv:5.0) Gecko/20100101 Firefox/5.0','2011-09-15 14:02:56'),(0,214,'39.209.126.207','act_lists','index','GET','http://la.baukpoltek.net/users/login','/index.php?url=act_lists','Mozilla/5.0 (Windows NT 6.1; rv:5.0) Gecko/20100101 Firefox/5.0','2011-09-15 14:02:57'),(0,214,'39.209.126.207','act_lists','edit','GET','http://la.baukpoltek.net/act_lists','/index.php?url=act_lists/edit/260','Mozilla/5.0 (Windows NT 6.1; rv:5.0) Gecko/20100101 Firefox/5.0','2011-09-15 14:03:07'),(0,1,'118.97.104.90','users','index','GET','http://la.baukpoltek.net/act_lists/report_per_day/teaching','/index.php?url=users','Mozilla/5.0 (Windows NT 5.1; rv:6.0.2) Gecko/20100101 Firefox/6.0.2','2011-09-15 14:04:19'),(0,1,'118.97.104.90','act_lists','permission_denied','GET','http://la.baukpoltek.net/users/login','/index.php?url=act_lists/permission_denied','Mozilla/5.0 (Windows NT 5.1; rv:6.0.2) Gecko/20100101 Firefox/6.0.2','2011-09-15 14:01:07'),(0,1,'118.97.104.90','act_lists','report_per_day','GET','http://la.baukpoltek.net/act_lists/permission_denied','/index.php?url=act_lists/report_per_day/teaching','Mozilla/5.0 (Windows NT 5.1; rv:6.0.2) Gecko/20100101 Firefox/6.0.2','2011-09-15 14:01:14'),(0,127,'118.97.104.90','act_lists','edit','GET','http://la.baukpoltek.net/act_lists/verify','/index.php?url=act_lists/edit/254&verify=1','Mozilla/5.0 (Windows NT 5.1; rv:6.0.2) Gecko/20100101 Firefox/6.0.2','2011-09-15 14:00:09'),(0,127,'118.97.104.90','act_lists','edit','POST','http://la.baukpoltek.net/act_lists/edit/254?verify=1','/index.php?url=act_lists/edit/254&verify=1','Mozilla/5.0 (Windows NT 5.1; rv:6.0.2) Gecko/20100101 Firefox/6.0.2','2011-09-15 14:00:16'),(0,1,'118.97.104.90','act_lists','report_for_me','GET','http://la.baukpoltek.net/users/login','/index.php?url=act_lists/report_for_me','Mozilla/5.0 (Windows NT 5.1; rv:6.0.2) Gecko/20100101 Firefox/6.0.2','2011-09-15 14:01:06'),(0,127,'118.97.104.90','users','logout','GET','http://la.baukpoltek.net/act_lists/report_for_me','/index.php?url=users/logout','Mozilla/5.0 (Windows NT 5.1; rv:6.0.2) Gecko/20100101 Firefox/6.0.2','2011-09-15 14:00:58'),(0,127,'118.97.104.90','act_lists','report_for_me','POST','http://la.baukpoltek.net/act_lists/report_for_me','/index.php?url=act_lists/report_for_me','Mozilla/5.0 (Windows NT 5.1; rv:6.0.2) Gecko/20100101 Firefox/6.0.2','2011-09-15 14:00:38'),(0,193,'39.209.126.207','users','logout','GET','http://la.baukpoltek.net/act_lists/add','/index.php?url=users/logout','Mozilla/5.0 (Windows NT 6.1; rv:5.0) Gecko/20100101 Firefox/5.0','2011-09-15 14:00:37'),(0,127,'118.97.104.90','act_lists','report_for_me','GET','http://la.baukpoltek.net/act_lists/verify','/index.php?url=act_lists/report_for_me','Mozilla/5.0 (Windows NT 5.1; rv:6.0.2) Gecko/20100101 Firefox/6.0.2','2011-09-15 14:00:36'),(0,127,'118.97.104.90','act_lists','verify','GET','http://la.baukpoltek.net/act_lists/edit/254?verify=1','/index.php?url=act_lists/verify','Mozilla/5.0 (Windows NT 5.1; rv:6.0.2) Gecko/20100101 Firefox/6.0.2','2011-09-15 14:00:16'),(0,127,'118.97.104.90','act_lists','verify','GET','http://la.baukpoltek.net/users/login','/index.php?url=act_lists/verify','Mozilla/5.0 (Windows NT 5.1; rv:6.0.2) Gecko/20100101 Firefox/6.0.2','2011-09-15 13:59:56'),(0,164,'118.97.104.90','users','logout','GET','http://la.baukpoltek.net/act_lists/verify','/index.php?url=users/logout','Mozilla/5.0 (Windows NT 5.1; rv:6.0.2) Gecko/20100101 Firefox/6.0.2','2011-09-15 13:59:43'),(0,193,'39.209.126.207','act_lists','add','GET','http://la.baukpoltek.net/act_lists','/index.php?url=act_lists/add','Mozilla/5.0 (Windows NT 6.1; rv:5.0) Gecko/20100101 Firefox/5.0','2011-09-15 13:59:42'),(0,193,'39.209.126.207','act_lists','index','GET','http://la.baukpoltek.net/','/index.php?url=act_lists','Mozilla/5.0 (Windows NT 6.1; rv:5.0) Gecko/20100101 Firefox/5.0','2011-09-15 13:59:38'),(0,164,'118.97.104.90','act_lists','verify','GET','http://la.baukpoltek.net/act_lists/verify','/index.php?url=act_lists/verify','Mozilla/5.0 (Windows NT 5.1; rv:6.0.2) Gecko/20100101 Firefox/6.0.2','2011-09-15 13:59:34'),(0,164,'118.97.104.90','act_lists','verify','GET','http://la.baukpoltek.net/users/login','/index.php?url=act_lists/verify','Mozilla/5.0 (Windows NT 5.1; rv:6.0.2) Gecko/20100101 Firefox/6.0.2','2011-09-15 13:59:23'),(0,174,'118.97.104.90','act_lists','edit','GET','http://la.baukpoltek.net/act_lists/verify','/index.php?url=act_lists/edit/252&verify=1','Mozilla/5.0 (Windows NT 5.1; rv:6.0.2) Gecko/20100101 Firefox/6.0.2','2011-09-15 13:58:44'),(0,174,'118.97.104.90','users','logout','GET','http://la.baukpoltek.net/act_lists/verify','/index.php?url=users/logout','Mozilla/5.0 (Windows NT 5.1; rv:6.0.2) Gecko/20100101 Firefox/6.0.2','2011-09-15 13:59:12'),(0,174,'118.97.104.90','act_lists','verify','GET','http://la.baukpoltek.net/act_lists/edit/252?verify=1','/index.php?url=act_lists/verify','Mozilla/5.0 (Windows NT 5.1; rv:6.0.2) Gecko/20100101 Firefox/6.0.2','2011-09-15 13:58:57'),(0,174,'118.97.104.90','act_lists','edit','POST','http://la.baukpoltek.net/act_lists/edit/252?verify=1','/index.php?url=act_lists/edit/252&verify=1','Mozilla/5.0 (Windows NT 5.1; rv:6.0.2) Gecko/20100101 Firefox/6.0.2','2011-09-15 13:58:57'),(0,174,'118.97.104.90','act_lists','verify','GET','http://la.baukpoltek.net/users/login','/index.php?url=act_lists/verify','Mozilla/5.0 (Windows NT 5.1; rv:6.0.2) Gecko/20100101 Firefox/6.0.2','2011-09-15 13:58:33'),(0,118,'118.97.104.90','act_lists','verify','GET','http://la.baukpoltek.net/act_lists/edit/258?verify=1','/index.php?url=act_lists/verify','Mozilla/5.0 (Windows NT 5.1; rv:6.0.2) Gecko/20100101 Firefox/6.0.2','2011-09-15 13:58:11'),(0,118,'118.97.104.90','users','logout','GET','http://la.baukpoltek.net/act_lists/verify','/index.php?url=users/logout','Mozilla/5.0 (Windows NT 5.1; rv:6.0.2) Gecko/20100101 Firefox/6.0.2','2011-09-15 13:58:22'),(0,193,'39.209.126.207','users','login','GET','http://la.baukpoltek.net/users/login','/index.php?url=users/login','Mozilla/5.0 (Windows NT 6.1; rv:5.0) Gecko/20100101 Firefox/5.0','2011-09-15 13:57:56'),(0,193,'39.209.126.207','pages','display','GET','http://la.baukpoltek.net/users/login','/','Mozilla/5.0 (Windows NT 6.1; rv:5.0) Gecko/20100101 Firefox/5.0','2011-09-15 13:57:57'),(0,118,'118.97.104.90','act_lists','edit','GET','http://la.baukpoltek.net/act_lists/verify','/index.php?url=act_lists/edit/258&verify=1','Mozilla/5.0 (Windows NT 5.1; rv:6.0.2) Gecko/20100101 Firefox/6.0.2','2011-09-15 13:58:03'),(0,118,'118.97.104.90','act_lists','edit','POST','http://la.baukpoltek.net/act_lists/edit/258?verify=1','/index.php?url=act_lists/edit/258&verify=1','Mozilla/5.0 (Windows NT 5.1; rv:6.0.2) Gecko/20100101 Firefox/6.0.2','2011-09-15 13:58:11'),(0,175,'118.97.104.90','users','logout','GET','http://la.baukpoltek.net/act_lists/verify','/index.php?url=users/logout','Mozilla/5.0 (Windows NT 5.1; rv:6.0.2) Gecko/20100101 Firefox/6.0.2','2011-09-15 13:57:38'),(0,118,'118.97.104.90','act_lists','verify','GET','http://la.baukpoltek.net/users/login','/index.php?url=act_lists/verify','Mozilla/5.0 (Windows NT 5.1; rv:6.0.2) Gecko/20100101 Firefox/6.0.2','2011-09-15 13:57:52'),(0,175,'118.97.104.90','act_lists','verify','GET','http://la.baukpoltek.net/act_lists/verify','/index.php?url=act_lists/verify/page:2&ajax=1','Mozilla/5.0 (Windows NT 5.1; rv:6.0.2) Gecko/20100101 Firefox/6.0.2','2011-09-15 13:57:27'),(0,175,'118.97.104.90','act_lists','edit','GET','http://la.baukpoltek.net/act_lists/verify','/index.php?url=act_lists/edit/256&verify=1','Mozilla/5.0 (Windows NT 5.1; rv:6.0.2) Gecko/20100101 Firefox/6.0.2','2011-09-15 13:57:07'),(0,175,'118.97.104.90','act_lists','edit','POST','http://la.baukpoltek.net/act_lists/edit/256?verify=1','/index.php?url=act_lists/edit/256&verify=1','Mozilla/5.0 (Windows NT 5.1; rv:6.0.2) Gecko/20100101 Firefox/6.0.2','2011-09-15 13:57:16'),(0,175,'118.97.104.90','act_lists','verify','GET','http://la.baukpoltek.net/act_lists/edit/256?verify=1','/index.php?url=act_lists/verify','Mozilla/5.0 (Windows NT 5.1; rv:6.0.2) Gecko/20100101 Firefox/6.0.2','2011-09-15 13:57:16'),(0,175,'118.97.104.90','act_lists','verify','GET','http://la.baukpoltek.net/users/login','/index.php?url=act_lists/verify','Mozilla/5.0 (Windows NT 5.1; rv:6.0.2) Gecko/20100101 Firefox/6.0.2','2011-09-15 13:56:49'),(0,143,'118.97.104.90','act_lists','edit','POST','http://la.baukpoltek.net/act_lists/edit/250?verify=1','/index.php?url=act_lists/edit/250&verify=1','Mozilla/5.0 (Windows NT 5.1; rv:6.0.2) Gecko/20100101 Firefox/6.0.2','2011-09-15 13:56:18'),(0,143,'118.97.104.90','act_lists','verify','GET','http://la.baukpoltek.net/act_lists/edit/250?verify=1','/index.php?url=act_lists/verify','Mozilla/5.0 (Windows NT 5.1; rv:6.0.2) Gecko/20100101 Firefox/6.0.2','2011-09-15 13:56:18'),(0,143,'118.97.104.90','users','logout','GET','http://la.baukpoltek.net/act_lists/verify','/index.php?url=users/logout','Mozilla/5.0 (Windows NT 5.1; rv:6.0.2) Gecko/20100101 Firefox/6.0.2','2011-09-15 13:56:34'),(0,143,'118.97.104.90','act_lists','verify','GET','http://la.baukpoltek.net/act_lists/edit/251?verify=1','/index.php?url=act_lists/verify','Mozilla/5.0 (Windows NT 5.1; rv:6.0.2) Gecko/20100101 Firefox/6.0.2','2011-09-15 13:55:54'),(0,143,'118.97.104.90','act_lists','edit','GET','http://la.baukpoltek.net/act_lists/verify','/index.php?url=act_lists/edit/250&verify=1','Mozilla/5.0 (Windows NT 5.1; rv:6.0.2) Gecko/20100101 Firefox/6.0.2','2011-09-15 13:56:03'),(0,143,'118.97.104.90','act_lists','edit','GET','http://la.baukpoltek.net/act_lists/verify','/index.php?url=act_lists/edit/251&verify=1','Mozilla/5.0 (Windows NT 5.1; rv:6.0.2) Gecko/20100101 Firefox/6.0.2','2011-09-15 13:55:47'),(0,143,'118.97.104.90','act_lists','edit','POST','http://la.baukpoltek.net/act_lists/edit/251?verify=1','/index.php?url=act_lists/edit/251&verify=1','Mozilla/5.0 (Windows NT 5.1; rv:6.0.2) Gecko/20100101 Firefox/6.0.2','2011-09-15 13:55:54'),(0,143,'118.97.104.90','act_lists','edit','POST','http://la.baukpoltek.net/act_lists/edit/261?verify=1','/index.php?url=act_lists/edit/261&verify=1','Mozilla/5.0 (Windows NT 5.1; rv:6.0.2) Gecko/20100101 Firefox/6.0.2','2011-09-15 13:55:21'),(0,143,'118.97.104.90','act_lists','verify','GET','http://la.baukpoltek.net/act_lists/edit/261?verify=1','/index.php?url=act_lists/verify','Mozilla/5.0 (Windows NT 5.1; rv:6.0.2) Gecko/20100101 Firefox/6.0.2','2011-09-15 13:55:21'),(0,143,'118.97.104.90','act_lists','edit','GET','http://la.baukpoltek.net/act_lists/verify','/index.php?url=act_lists/edit/253&verify=1','Mozilla/5.0 (Windows NT 5.1; rv:6.0.2) Gecko/20100101 Firefox/6.0.2','2011-09-15 13:55:31'),(0,143,'118.97.104.90','act_lists','verify','GET','http://la.baukpoltek.net/act_lists/edit/253?verify=1','/index.php?url=act_lists/verify','Mozilla/5.0 (Windows NT 5.1; rv:6.0.2) Gecko/20100101 Firefox/6.0.2','2011-09-15 13:55:37'),(0,143,'118.97.104.90','act_lists','edit','POST','http://la.baukpoltek.net/act_lists/edit/253?verify=1','/index.php?url=act_lists/edit/253&verify=1','Mozilla/5.0 (Windows NT 5.1; rv:6.0.2) Gecko/20100101 Firefox/6.0.2','2011-09-15 13:55:37'),(0,137,'118.97.104.90','act_lists','edit','GET','http://la.baukpoltek.net/act_lists/verify','/index.php?url=act_lists/edit/257&verify=1','Mozilla/5.0 (Windows NT 5.1; rv:6.0.2) Gecko/20100101 Firefox/6.0.2','2011-09-15 13:54:08'),(0,137,'118.97.104.90','act_lists','edit','POST','http://la.baukpoltek.net/act_lists/edit/257?verify=1','/index.php?url=act_lists/edit/257&verify=1','Mozilla/5.0 (Windows NT 5.1; rv:6.0.2) Gecko/20100101 Firefox/6.0.2','2011-09-15 13:54:28'),(0,137,'118.97.104.90','act_lists','verify','GET','http://la.baukpoltek.net/act_lists/edit/257?verify=1','/index.php?url=act_lists/verify','Mozilla/5.0 (Windows NT 5.1; rv:6.0.2) Gecko/20100101 Firefox/6.0.2','2011-09-15 13:54:29'),(0,137,'118.97.104.90','act_lists','verify','GET','http://la.baukpoltek.net/act_lists/verify','/index.php?url=act_lists/verify/page:2&ajax=1','Mozilla/5.0 (Windows NT 5.1; rv:6.0.2) Gecko/20100101 Firefox/6.0.2','2011-09-15 13:54:40'),(0,137,'118.97.104.90','users','logout','GET','http://la.baukpoltek.net/act_lists/verify','/index.php?url=users/logout','Mozilla/5.0 (Windows NT 5.1; rv:6.0.2) Gecko/20100101 Firefox/6.0.2','2011-09-15 13:54:53'),(0,143,'118.97.104.90','act_lists','verify','GET','http://la.baukpoltek.net/users/login','/index.php?url=act_lists/verify','Mozilla/5.0 (Windows NT 5.1; rv:6.0.2) Gecko/20100101 Firefox/6.0.2','2011-09-15 13:55:02'),(0,143,'118.97.104.90','act_lists','edit','GET','http://la.baukpoltek.net/act_lists/verify','/index.php?url=act_lists/edit/261&verify=1','Mozilla/5.0 (Windows NT 5.1; rv:6.0.2) Gecko/20100101 Firefox/6.0.2','2011-09-15 13:55:14'),(0,137,'118.97.104.90','act_lists','verify','GET','http://la.baukpoltek.net/act_lists/edit/259?verify=1','/index.php?url=act_lists/verify','Mozilla/5.0 (Windows NT 5.1; rv:6.0.2) Gecko/20100101 Firefox/6.0.2','2011-09-15 13:53:57'),(0,137,'118.97.104.90','act_lists','edit','POST','http://la.baukpoltek.net/act_lists/edit/259?verify=1','/index.php?url=act_lists/edit/259&verify=1','Mozilla/5.0 (Windows NT 5.1; rv:6.0.2) Gecko/20100101 Firefox/6.0.2','2011-09-15 13:53:56'),(0,137,'118.97.104.90','act_lists','edit','GET','http://la.baukpoltek.net/act_lists/verify','/index.php?url=act_lists/edit/259&verify=1','Mozilla/5.0 (Windows NT 5.1; rv:6.0.2) Gecko/20100101 Firefox/6.0.2','2011-09-15 13:53:48'),(0,137,'118.97.104.90','act_lists','edit','POST','http://la.baukpoltek.net/act_lists/edit/260?verify=1','/index.php?url=act_lists/edit/260&verify=1','Mozilla/5.0 (Windows NT 5.1; rv:6.0.2) Gecko/20100101 Firefox/6.0.2','2011-09-15 13:53:35'),(0,137,'118.97.104.90','act_lists','verify','GET','http://la.baukpoltek.net/act_lists/edit/260?verify=1','/index.php?url=act_lists/verify','Mozilla/5.0 (Windows NT 5.1; rv:6.0.2) Gecko/20100101 Firefox/6.0.2','2011-09-15 13:53:35'),(0,137,'118.97.104.90','act_lists','edit','GET','http://la.baukpoltek.net/act_lists/verify','/index.php?url=act_lists/edit/260&verify=1','Mozilla/5.0 (Windows NT 5.1; rv:6.0.2) Gecko/20100101 Firefox/6.0.2','2011-09-15 13:53:24'),(0,137,'118.97.104.90','act_lists','verify','GET','http://la.baukpoltek.net/act_lists/verify','/index.php?url=act_lists/verify','Mozilla/5.0 (Windows NT 5.1; rv:6.0.2) Gecko/20100101 Firefox/6.0.2','2011-09-15 13:53:16'),(0,137,'118.97.104.90','act_lists','verify','GET','http://la.baukpoltek.net/users/login','/index.php?url=act_lists/verify','Mozilla/5.0 (Windows NT 5.1; rv:6.0.2) Gecko/20100101 Firefox/6.0.2','2011-09-15 13:53:06'),(0,128,'118.97.104.90','act_lists','edit','GET','http://la.baukpoltek.net/act_lists/verify','/index.php?url=act_lists/edit/248&verify=1','Mozilla/5.0 (Windows NT 5.1; rv:6.0.2) Gecko/20100101 Firefox/6.0.2','2011-09-15 13:52:31'),(0,128,'118.97.104.90','users','logout','GET','http://la.baukpoltek.net/act_lists/verify','/index.php?url=users/logout','Mozilla/5.0 (Windows NT 5.1; rv:6.0.2) Gecko/20100101 Firefox/6.0.2','2011-09-15 13:52:55'),(0,128,'118.97.104.90','act_lists','verify','GET','http://la.baukpoltek.net/act_lists/edit/248?verify=1','/index.php?url=act_lists/verify','Mozilla/5.0 (Windows NT 5.1; rv:6.0.2) Gecko/20100101 Firefox/6.0.2','2011-09-15 13:52:38'),(0,128,'118.97.104.90','act_lists','edit','POST','http://la.baukpoltek.net/act_lists/edit/248?verify=1','/index.php?url=act_lists/edit/248&verify=1','Mozilla/5.0 (Windows NT 5.1; rv:6.0.2) Gecko/20100101 Firefox/6.0.2','2011-09-15 13:52:38'),(0,128,'118.97.104.90','act_lists','verify','GET','http://la.baukpoltek.net/act_lists/edit/255?verify=1','/index.php?url=act_lists/verify','Mozilla/5.0 (Windows NT 5.1; rv:6.0.2) Gecko/20100101 Firefox/6.0.2','2011-09-15 13:52:21'),(0,128,'118.97.104.90','act_lists','edit','POST','http://la.baukpoltek.net/act_lists/edit/255?verify=1','/index.php?url=act_lists/edit/255&verify=1','Mozilla/5.0 (Windows NT 5.1; rv:6.0.2) Gecko/20100101 Firefox/6.0.2','2011-09-15 13:52:21'),(0,128,'118.97.104.90','act_lists','verify','GET','http://la.baukpoltek.net/act_lists/edit/262?verify=1','/index.php?url=act_lists/verify','Mozilla/5.0 (Windows NT 5.1; rv:6.0.2) Gecko/20100101 Firefox/6.0.2','2011-09-15 13:51:58'),(0,128,'118.97.104.90','act_lists','verify','GET','http://la.baukpoltek.net/','/index.php?url=act_lists/verify','Mozilla/5.0 (Windows NT 5.1; rv:6.0.2) Gecko/20100101 Firefox/6.0.2','2011-09-15 13:51:34'),(0,128,'118.97.104.90','act_lists','edit','GET','http://la.baukpoltek.net/act_lists/verify','/index.php?url=act_lists/edit/262&verify=1','Mozilla/5.0 (Windows NT 5.1; rv:6.0.2) Gecko/20100101 Firefox/6.0.2','2011-09-15 13:51:49'),(0,128,'118.97.104.90','act_lists','edit','POST','http://la.baukpoltek.net/act_lists/edit/262?verify=1','/index.php?url=act_lists/edit/262&verify=1','Mozilla/5.0 (Windows NT 5.1; rv:6.0.2) Gecko/20100101 Firefox/6.0.2','2011-09-15 13:51:58'),(0,128,'118.97.104.90','act_lists','edit','GET','http://la.baukpoltek.net/act_lists/verify','/index.php?url=act_lists/edit/255&verify=1','Mozilla/5.0 (Windows NT 5.1; rv:6.0.2) Gecko/20100101 Firefox/6.0.2','2011-09-15 13:52:09'),(0,204,'39.209.126.207','act_lists','index','GET','http://la.baukpoltek.net/act_lists/add','/index.php?url=act_lists','Mozilla/5.0 (Windows NT 6.1; rv:5.0) Gecko/20100101 Firefox/5.0','2011-09-15 13:11:11'),(0,204,'39.209.126.207','users','logout','GET','http://la.baukpoltek.net/act_lists','/index.php?url=users/logout','Mozilla/5.0 (Windows NT 6.1; rv:5.0) Gecko/20100101 Firefox/5.0','2011-09-15 13:11:54'),(0,128,'118.97.104.90','pages','display','GET','http://la.baukpoltek.net/users/login','/','Mozilla/5.0 (Windows NT 5.1; rv:6.0.2) Gecko/20100101 Firefox/6.0.2','2011-09-15 13:51:31'),(0,118,'120.165.62.219','act_lists','edit','GET','http://la.baukpoltek.net/act_lists/verify','/index.php?url=act_lists/edit/281&verify=1','Mozilla/5.0 (Windows; U; Windows NT 6.1; id; rv:1.9.2.22) Gecko/20110902 Firefox/3.6.22','2011-09-16 19:16:50'),(0,204,'39.209.126.207','act_lists','add','POST','http://la.baukpoltek.net/act_lists/add','/index.php?url=act_lists/add','Mozilla/5.0 (Windows NT 6.1; rv:5.0) Gecko/20100101 Firefox/5.0','2011-09-15 13:11:10'),(0,204,'39.209.126.207','act_lists','add','GET','http://la.baukpoltek.net/act_lists','/index.php?url=act_lists/add','Mozilla/5.0 (Windows NT 6.1; rv:5.0) Gecko/20100101 Firefox/5.0','2011-09-15 13:09:03'),(0,204,'39.209.126.207','act_lists','index','GET','http://la.baukpoltek.net/users/login','/index.php?url=act_lists','Mozilla/5.0 (Windows NT 6.1; rv:5.0) Gecko/20100101 Firefox/5.0','2011-09-15 13:08:35'),(0,117,'182.2.83.225','users','logout','GET','http://la.baukpoltek.net/act_lists','/index.php?url=users/logout','Mozilla/5.0 (Windows NT 6.1; rv:5.0) Gecko/20100101 Firefox/5.0','2011-09-15 12:20:08'),(0,118,'120.165.62.219','act_lists','edit','POST','http://la.baukpoltek.net/act_lists/edit/292?verify=1','/index.php?url=act_lists/edit/292&verify=1','Mozilla/5.0 (Windows; U; Windows NT 6.1; id; rv:1.9.2.22) Gecko/20110902 Firefox/3.6.22','2011-09-16 19:16:37'),(0,118,'120.165.62.219','act_lists','edit','POST','http://la.baukpoltek.net/act_lists/edit/281?verify=1','/index.php?url=act_lists/edit/281&verify=1','Mozilla/5.0 (Windows; U; Windows NT 6.1; id; rv:1.9.2.22) Gecko/20110902 Firefox/3.6.22','2011-09-16 19:17:06'),(0,118,'120.165.62.219','act_lists','edit','GET','http://la.baukpoltek.net/act_lists/verify','/index.php?url=act_lists/edit/292&verify=1','Mozilla/5.0 (Windows; U; Windows NT 6.1; id; rv:1.9.2.22) Gecko/20110902 Firefox/3.6.22','2011-09-16 19:16:21'),(0,118,'120.165.62.219','act_lists','verify','GET','http://la.baukpoltek.net/act_lists/edit/300?verify=1','/index.php?url=act_lists/verify','Mozilla/5.0 (Windows; U; Windows NT 6.1; id; rv:1.9.2.22) Gecko/20110902 Firefox/3.6.22','2011-09-16 19:16:09'),(0,118,'120.165.62.219','act_lists','edit','POST','http://la.baukpoltek.net/act_lists/edit/300?verify=1','/index.php?url=act_lists/edit/300&verify=1','Mozilla/5.0 (Windows; U; Windows NT 6.1; id; rv:1.9.2.22) Gecko/20110902 Firefox/3.6.22','2011-09-16 19:16:09'),(0,118,'120.165.62.219','act_lists','verify','GET','http://la.baukpoltek.net/users/login','/index.php?url=act_lists/verify','Mozilla/5.0 (Windows; U; Windows NT 6.1; id; rv:1.9.2.22) Gecko/20110902 Firefox/3.6.22','2011-09-16 19:15:37'),(0,118,'120.165.62.219','act_lists','edit','GET','http://la.baukpoltek.net/act_lists/verify','/index.php?url=act_lists/edit/300&verify=1','Mozilla/5.0 (Windows; U; Windows NT 6.1; id; rv:1.9.2.22) Gecko/20110902 Firefox/3.6.22','2011-09-16 19:15:51'),(0,164,'120.165.62.219','act_lists','verify','GET','http://la.baukpoltek.net/act_lists/edit/278?verify=1','/index.php?url=act_lists/verify','Mozilla/5.0 (Windows; U; Windows NT 6.1; id; rv:1.9.2.22) Gecko/20110902 Firefox/3.6.22','2011-09-16 19:15:09'),(0,164,'120.165.62.219','users','logout','GET','http://la.baukpoltek.net/act_lists/verify','/index.php?url=users/logout','Mozilla/5.0 (Windows; U; Windows NT 6.1; id; rv:1.9.2.22) Gecko/20110902 Firefox/3.6.22','2011-09-16 19:15:24'),(0,164,'120.165.62.219','act_lists','verify','GET','http://la.baukpoltek.net/act_lists/edit/290?verify=1','/index.php?url=act_lists/verify','Mozilla/5.0 (Windows; U; Windows NT 6.1; id; rv:1.9.2.22) Gecko/20110902 Firefox/3.6.22','2011-09-16 19:13:52'),(0,164,'120.165.62.219','act_lists','edit','GET','http://la.baukpoltek.net/act_lists/verify','/index.php?url=act_lists/edit/285&verify=1','Mozilla/5.0 (Windows; U; Windows NT 6.1; id; rv:1.9.2.22) Gecko/20110902 Firefox/3.6.22','2011-09-16 19:14:05'),(0,164,'120.165.62.219','act_lists','edit','POST','http://la.baukpoltek.net/act_lists/edit/285?verify=1','/index.php?url=act_lists/edit/285&verify=1','Mozilla/5.0 (Windows; U; Windows NT 6.1; id; rv:1.9.2.22) Gecko/20110902 Firefox/3.6.22','2011-09-16 19:14:22'),(0,164,'120.165.62.219','act_lists','edit','POST','http://la.baukpoltek.net/act_lists/edit/278?verify=1','/index.php?url=act_lists/edit/278&verify=1','Mozilla/5.0 (Windows; U; Windows NT 6.1; id; rv:1.9.2.22) Gecko/20110902 Firefox/3.6.22','2011-09-16 19:15:08'),(0,164,'120.165.62.219','act_lists','edit','GET','http://la.baukpoltek.net/act_lists/verify','/index.php?url=act_lists/edit/278&verify=1','Mozilla/5.0 (Windows; U; Windows NT 6.1; id; rv:1.9.2.22) Gecko/20110902 Firefox/3.6.22','2011-09-16 19:14:53'),(0,164,'120.165.62.219','act_lists','verify','GET','http://la.baukpoltek.net/act_lists/verify','/index.php?url=act_lists/verify/page:2&ajax=1','Mozilla/5.0 (Windows; U; Windows NT 6.1; id; rv:1.9.2.22) Gecko/20110902 Firefox/3.6.22','2011-09-16 19:14:37'),(0,164,'120.165.62.219','act_lists','verify','GET','http://la.baukpoltek.net/act_lists/edit/285?verify=1','/index.php?url=act_lists/verify','Mozilla/5.0 (Windows; U; Windows NT 6.1; id; rv:1.9.2.22) Gecko/20110902 Firefox/3.6.22','2011-09-16 19:14:22'),(0,164,'120.165.62.219','act_lists','edit','POST','http://la.baukpoltek.net/act_lists/edit/290?verify=1','/index.php?url=act_lists/edit/290&verify=1','Mozilla/5.0 (Windows; U; Windows NT 6.1; id; rv:1.9.2.22) Gecko/20110902 Firefox/3.6.22','2011-09-16 19:13:52'),(0,164,'120.165.62.219','act_lists','edit','GET','http://la.baukpoltek.net/act_lists/verify','/index.php?url=act_lists/edit/290&verify=1','Mozilla/5.0 (Windows; U; Windows NT 6.1; id; rv:1.9.2.22) Gecko/20110902 Firefox/3.6.22','2011-09-16 19:13:35'),(0,164,'120.165.62.219','act_lists','verify','GET','http://la.baukpoltek.net/users/login','/index.php?url=act_lists/verify','Mozilla/5.0 (Windows; U; Windows NT 6.1; id; rv:1.9.2.22) Gecko/20110902 Firefox/3.6.22','2011-09-16 19:13:23'),(0,127,'120.165.62.219','users','logout','GET','http://la.baukpoltek.net/act_lists/verify','/index.php?url=users/logout','Mozilla/5.0 (Windows; U; Windows NT 6.1; id; rv:1.9.2.22) Gecko/20110902 Firefox/3.6.22','2011-09-16 19:12:58'),(0,127,'120.165.62.219','act_lists','verify','GET','http://la.baukpoltek.net/act_lists','/index.php?url=act_lists/verify','Mozilla/5.0 (Windows; U; Windows NT 6.1; id; rv:1.9.2.22) Gecko/20110902 Firefox/3.6.22','2011-09-16 19:12:43'),(0,127,'120.165.62.219','act_lists','index','GET','http://la.baukpoltek.net/act_lists/report_student_attendance/','/index.php?url=act_lists','Mozilla/5.0 (Windows; U; Windows NT 6.1; id; rv:1.9.2.22) Gecko/20110902 Firefox/3.6.22','2011-09-16 19:12:09'),(0,127,'120.165.62.219','act_lists','report_student_attendance','POST','http://la.baukpoltek.net/act_lists/report_student_attendance/','/index.php?url=act_lists/report_student_attendance','Mozilla/5.0 (Windows; U; Windows NT 6.1; id; rv:1.9.2.22) Gecko/20110902 Firefox/3.6.22','2011-09-16 19:11:49'),(0,127,'120.165.62.219','act_lists','report_student_attendance','POST','http://la.baukpoltek.net/act_lists/report_student_attendance/','/index.php?url=act_lists/report_student_attendance','Mozilla/5.0 (Windows; U; Windows NT 6.1; id; rv:1.9.2.22) Gecko/20110902 Firefox/3.6.22','2011-09-16 19:11:20'),(0,127,'120.165.62.219','act_lists','verify','GET','http://la.baukpoltek.net/act_lists/verify','/index.php?url=act_lists/verify','Mozilla/5.0 (Windows; U; Windows NT 6.1; id; rv:1.9.2.22) Gecko/20110902 Firefox/3.6.22','2011-09-16 19:10:42'),(0,127,'120.165.62.219','act_lists','report_student_attendance','GET','http://la.baukpoltek.net/act_lists/verify','/index.php?url=act_lists/report_student_attendance/','Mozilla/5.0 (Windows; U; Windows NT 6.1; id; rv:1.9.2.22) Gecko/20110902 Firefox/3.6.22','2011-09-16 19:11:00'),(0,127,'120.165.62.219','act_lists','verify','GET','http://la.baukpoltek.net/act_lists/edit/301?verify=1','/index.php?url=act_lists/verify','Mozilla/5.0 (Windows; U; Windows NT 6.1; id; rv:1.9.2.22) Gecko/20110902 Firefox/3.6.22','2011-09-16 19:10:20'),(0,127,'120.165.62.219','act_lists','edit','POST','http://la.baukpoltek.net/act_lists/edit/301?verify=1','/index.php?url=act_lists/edit/301&verify=1','Mozilla/5.0 (Windows; U; Windows NT 6.1; id; rv:1.9.2.22) Gecko/20110902 Firefox/3.6.22','2011-09-16 19:10:20'),(0,127,'120.165.62.219','act_lists','edit','GET','http://la.baukpoltek.net/act_lists/verify','/index.php?url=act_lists/edit/301&verify=1','Mozilla/5.0 (Windows; U; Windows NT 6.1; id; rv:1.9.2.22) Gecko/20110902 Firefox/3.6.22','2011-09-16 19:10:06'),(0,143,'120.165.62.219','act_lists','edit','POST','http://la.baukpoltek.net/act_lists/edit/289?verify=1','/index.php?url=act_lists/edit/289&verify=1','Mozilla/5.0 (Windows; U; Windows NT 6.1; id; rv:1.9.2.22) Gecko/20110902 Firefox/3.6.22','2011-09-16 19:09:03'),(0,143,'120.165.62.219','act_lists','verify','GET','http://la.baukpoltek.net/act_lists/edit/289?verify=1','/index.php?url=act_lists/verify','Mozilla/5.0 (Windows; U; Windows NT 6.1; id; rv:1.9.2.22) Gecko/20110902 Firefox/3.6.22','2011-09-16 19:09:04'),(0,143,'120.165.62.219','act_lists','verify','GET','http://la.baukpoltek.net/act_lists/verify','/index.php?url=act_lists/verify/page:2&ajax=1','Mozilla/5.0 (Windows; U; Windows NT 6.1; id; rv:1.9.2.22) Gecko/20110902 Firefox/3.6.22','2011-09-16 19:09:20'),(0,143,'120.165.62.219','users','logout','GET','http://la.baukpoltek.net/act_lists/verify','/index.php?url=users/logout','Mozilla/5.0 (Windows; U; Windows NT 6.1; id; rv:1.9.2.22) Gecko/20110902 Firefox/3.6.22','2011-09-16 19:09:37'),(0,127,'120.165.62.219','act_lists','verify','GET','http://la.baukpoltek.net/users/login','/index.php?url=act_lists/verify','Mozilla/5.0 (Windows; U; Windows NT 6.1; id; rv:1.9.2.22) Gecko/20110902 Firefox/3.6.22','2011-09-16 19:09:50'),(0,143,'120.165.62.219','act_lists','edit','GET','http://la.baukpoltek.net/act_lists/verify','/index.php?url=act_lists/edit/289&verify=1','Mozilla/5.0 (Windows; U; Windows NT 6.1; id; rv:1.9.2.22) Gecko/20110902 Firefox/3.6.22','2011-09-16 19:08:47'),(0,143,'120.165.62.219','act_lists','verify','GET','http://la.baukpoltek.net/act_lists/edit/293?verify=1','/index.php?url=act_lists/verify','Mozilla/5.0 (Windows; U; Windows NT 6.1; id; rv:1.9.2.22) Gecko/20110902 Firefox/3.6.22','2011-09-16 19:08:33'),(0,143,'120.165.62.219','act_lists','edit','POST','http://la.baukpoltek.net/act_lists/edit/293?verify=1','/index.php?url=act_lists/edit/293&verify=1','Mozilla/5.0 (Windows; U; Windows NT 6.1; id; rv:1.9.2.22) Gecko/20110902 Firefox/3.6.22','2011-09-16 19:08:33'),(0,143,'120.165.62.219','act_lists','edit','GET','http://la.baukpoltek.net/act_lists/verify','/index.php?url=act_lists/edit/293&verify=1','Mozilla/5.0 (Windows; U; Windows NT 6.1; id; rv:1.9.2.22) Gecko/20110902 Firefox/3.6.22','2011-09-16 19:08:15'),(0,143,'120.165.62.219','act_lists','verify','GET','http://la.baukpoltek.net/act_lists/edit/294?verify=1','/index.php?url=act_lists/verify','Mozilla/5.0 (Windows; U; Windows NT 6.1; id; rv:1.9.2.22) Gecko/20110902 Firefox/3.6.22','2011-09-16 19:07:56'),(0,143,'120.165.62.219','act_lists','edit','POST','http://la.baukpoltek.net/act_lists/edit/294?verify=1','/index.php?url=act_lists/edit/294&verify=1','Mozilla/5.0 (Windows; U; Windows NT 6.1; id; rv:1.9.2.22) Gecko/20110902 Firefox/3.6.22','2011-09-16 19:07:56'),(0,143,'120.165.62.219','act_lists','edit','POST','http://la.baukpoltek.net/act_lists/edit/295?verify=1','/index.php?url=act_lists/edit/295&verify=1','Mozilla/5.0 (Windows; U; Windows NT 6.1; id; rv:1.9.2.22) Gecko/20110902 Firefox/3.6.22','2011-09-16 19:07:20'),(0,143,'120.165.62.219','act_lists','edit','GET','http://la.baukpoltek.net/act_lists/verify','/index.php?url=act_lists/edit/294&verify=1','Mozilla/5.0 (Windows; U; Windows NT 6.1; id; rv:1.9.2.22) Gecko/20110902 Firefox/3.6.22','2011-09-16 19:07:43'),(0,143,'120.165.62.219','act_lists','verify','GET','http://la.baukpoltek.net/act_lists/edit/299?verify=1','/index.php?url=act_lists/verify','Mozilla/5.0 (Windows; U; Windows NT 6.1; id; rv:1.9.2.22) Gecko/20110902 Firefox/3.6.22','2011-09-16 19:06:48'),(0,143,'120.165.62.219','act_lists','edit','GET','http://la.baukpoltek.net/act_lists/verify','/index.php?url=act_lists/edit/295&verify=1','Mozilla/5.0 (Windows; U; Windows NT 6.1; id; rv:1.9.2.22) Gecko/20110902 Firefox/3.6.22','2011-09-16 19:07:01'),(0,143,'120.165.62.219','act_lists','verify','GET','http://la.baukpoltek.net/act_lists/edit/295?verify=1','/index.php?url=act_lists/verify','Mozilla/5.0 (Windows; U; Windows NT 6.1; id; rv:1.9.2.22) Gecko/20110902 Firefox/3.6.22','2011-09-16 19:07:21'),(0,143,'120.165.62.219','act_lists','edit','GET','http://la.baukpoltek.net/act_lists/verify','/index.php?url=act_lists/edit/299&verify=1','Mozilla/5.0 (Windows; U; Windows NT 6.1; id; rv:1.9.2.22) Gecko/20110902 Firefox/3.6.22','2011-09-16 19:06:34'),(0,143,'120.165.62.219','act_lists','edit','POST','http://la.baukpoltek.net/act_lists/edit/299?verify=1','/index.php?url=act_lists/edit/299&verify=1','Mozilla/5.0 (Windows; U; Windows NT 6.1; id; rv:1.9.2.22) Gecko/20110902 Firefox/3.6.22','2011-09-16 19:06:48'),(0,143,'120.165.62.219','act_lists','verify','GET','http://la.baukpoltek.net/users/login','/index.php?url=act_lists/verify','Mozilla/5.0 (Windows; U; Windows NT 6.1; id; rv:1.9.2.22) Gecko/20110902 Firefox/3.6.22','2011-09-16 19:06:21'),(0,137,'120.165.62.219','users','logout','GET','http://la.baukpoltek.net/act_lists/verify','/index.php?url=users/logout','Mozilla/5.0 (Windows; U; Windows NT 6.1; id; rv:1.9.2.22) Gecko/20110902 Firefox/3.6.22','2011-09-16 19:06:09'),(0,137,'120.165.62.219','act_lists','verify','GET','http://la.baukpoltek.net/act_lists/verify','/index.php?url=act_lists/verify/page:2&ajax=1','Mozilla/5.0 (Windows; U; Windows NT 6.1; id; rv:1.9.2.22) Gecko/20110902 Firefox/3.6.22','2011-09-16 19:05:45'),(0,137,'120.165.62.219','act_lists','verify','GET','http://la.baukpoltek.net/act_lists/edit/279?verify=1','/index.php?url=act_lists/verify','Mozilla/5.0 (Windows; U; Windows NT 6.1; id; rv:1.9.2.22) Gecko/20110902 Firefox/3.6.22','2011-09-16 19:05:27'),(0,137,'120.165.62.219','act_lists','edit','GET','http://la.baukpoltek.net/act_lists/verify','/index.php?url=act_lists/edit/279&verify=1','Mozilla/5.0 (Windows; U; Windows NT 6.1; id; rv:1.9.2.22) Gecko/20110902 Firefox/3.6.22','2011-09-16 19:05:11'),(0,137,'120.165.62.219','act_lists','edit','POST','http://la.baukpoltek.net/act_lists/edit/279?verify=1','/index.php?url=act_lists/edit/279&verify=1','Mozilla/5.0 (Windows; U; Windows NT 6.1; id; rv:1.9.2.22) Gecko/20110902 Firefox/3.6.22','2011-09-16 19:05:27'),(0,137,'120.165.62.219','act_lists','edit','POST','http://la.baukpoltek.net/act_lists/edit/282?verify=1','/index.php?url=act_lists/edit/282&verify=1','Mozilla/5.0 (Windows; U; Windows NT 6.1; id; rv:1.9.2.22) Gecko/20110902 Firefox/3.6.22','2011-09-16 19:04:55'),(0,137,'120.165.62.219','act_lists','verify','GET','http://la.baukpoltek.net/act_lists/edit/282?verify=1','/index.php?url=act_lists/verify','Mozilla/5.0 (Windows; U; Windows NT 6.1; id; rv:1.9.2.22) Gecko/20110902 Firefox/3.6.22','2011-09-16 19:04:55'),(0,137,'120.165.62.219','act_lists','edit','GET','http://la.baukpoltek.net/act_lists/verify','/index.php?url=act_lists/edit/282&verify=1','Mozilla/5.0 (Windows; U; Windows NT 6.1; id; rv:1.9.2.22) Gecko/20110902 Firefox/3.6.22','2011-09-16 19:04:29'),(0,137,'120.165.62.219','act_lists','edit','POST','http://la.baukpoltek.net/act_lists/edit/283?verify=1','/index.php?url=act_lists/edit/283&verify=1','Mozilla/5.0 (Windows; U; Windows NT 6.1; id; rv:1.9.2.22) Gecko/20110902 Firefox/3.6.22','2011-09-16 19:04:11'),(0,137,'120.165.62.219','act_lists','verify','GET','http://la.baukpoltek.net/act_lists/edit/283?verify=1','/index.php?url=act_lists/verify','Mozilla/5.0 (Windows; U; Windows NT 6.1; id; rv:1.9.2.22) Gecko/20110902 Firefox/3.6.22','2011-09-16 19:04:12'),(0,137,'120.165.62.219','act_lists','edit','GET','http://la.baukpoltek.net/act_lists/verify','/index.php?url=act_lists/edit/283&verify=1','Mozilla/5.0 (Windows; U; Windows NT 6.1; id; rv:1.9.2.22) Gecko/20110902 Firefox/3.6.22','2011-09-16 19:03:47'),(0,137,'120.165.62.219','act_lists','verify','GET','http://la.baukpoltek.net/act_lists/edit/287?verify=1','/index.php?url=act_lists/verify','Mozilla/5.0 (Windows; U; Windows NT 6.1; id; rv:1.9.2.22) Gecko/20110902 Firefox/3.6.22','2011-09-16 19:03:28'),(0,137,'120.165.62.219','act_lists','edit','POST','http://la.baukpoltek.net/act_lists/edit/287?verify=1','/index.php?url=act_lists/edit/287&verify=1','Mozilla/5.0 (Windows; U; Windows NT 6.1; id; rv:1.9.2.22) Gecko/20110902 Firefox/3.6.22','2011-09-16 19:03:27'),(0,137,'120.165.62.219','act_lists','edit','GET','http://la.baukpoltek.net/act_lists/verify','/index.php?url=act_lists/edit/287&verify=1','Mozilla/5.0 (Windows; U; Windows NT 6.1; id; rv:1.9.2.22) Gecko/20110902 Firefox/3.6.22','2011-09-16 19:03:10'),(0,137,'120.165.62.219','act_lists','verify','GET','http://la.baukpoltek.net/act_lists/edit/291?verify=1','/index.php?url=act_lists/verify','Mozilla/5.0 (Windows; U; Windows NT 6.1; id; rv:1.9.2.22) Gecko/20110902 Firefox/3.6.22','2011-09-16 19:02:53'),(0,137,'120.165.62.219','act_lists','edit','POST','http://la.baukpoltek.net/act_lists/edit/291?verify=1','/index.php?url=act_lists/edit/291&verify=1','Mozilla/5.0 (Windows; U; Windows NT 6.1; id; rv:1.9.2.22) Gecko/20110902 Firefox/3.6.22','2011-09-16 19:02:52'),(0,137,'120.165.62.219','act_lists','edit','GET','http://la.baukpoltek.net/act_lists/verify','/index.php?url=act_lists/edit/291&verify=1','Mozilla/5.0 (Windows; U; Windows NT 6.1; id; rv:1.9.2.22) Gecko/20110902 Firefox/3.6.22','2011-09-16 19:02:37'),(0,137,'120.165.62.219','act_lists','verify','GET','http://la.baukpoltek.net/act_lists/edit/297?verify=1','/index.php?url=act_lists/verify','Mozilla/5.0 (Windows; U; Windows NT 6.1; id; rv:1.9.2.22) Gecko/20110902 Firefox/3.6.22','2011-09-16 19:02:19'),(0,137,'120.165.62.219','act_lists','edit','POST','http://la.baukpoltek.net/act_lists/edit/297?verify=1','/index.php?url=act_lists/edit/297&verify=1','Mozilla/5.0 (Windows; U; Windows NT 6.1; id; rv:1.9.2.22) Gecko/20110902 Firefox/3.6.22','2011-09-16 19:02:18'),(0,137,'120.165.62.219','act_lists','edit','GET','http://la.baukpoltek.net/act_lists/verify','/index.php?url=act_lists/edit/297&verify=1','Mozilla/5.0 (Windows; U; Windows NT 6.1; id; rv:1.9.2.22) Gecko/20110902 Firefox/3.6.22','2011-09-16 19:01:54'),(0,137,'120.165.62.219','act_lists','verify','GET','http://la.baukpoltek.net/act_lists/edit/303?verify=1','/index.php?url=act_lists/verify','Mozilla/5.0 (Windows; U; Windows NT 6.1; id; rv:1.9.2.22) Gecko/20110902 Firefox/3.6.22','2011-09-16 19:01:42'),(0,137,'120.165.62.219','act_lists','edit','GET','http://la.baukpoltek.net/act_lists/verify','/index.php?url=act_lists/edit/303&verify=1','Mozilla/5.0 (Windows; U; Windows NT 6.1; id; rv:1.9.2.22) Gecko/20110902 Firefox/3.6.22','2011-09-16 19:01:05'),(0,137,'120.165.62.219','act_lists','edit','POST','http://la.baukpoltek.net/act_lists/edit/303?verify=1','/index.php?url=act_lists/edit/303&verify=1','Mozilla/5.0 (Windows; U; Windows NT 6.1; id; rv:1.9.2.22) Gecko/20110902 Firefox/3.6.22','2011-09-16 19:01:41'),(0,128,'120.165.62.219','users','logout','GET','http://la.baukpoltek.net/act_lists/verify','/index.php?url=users/logout','Mozilla/5.0 (Windows; U; Windows NT 6.1; id; rv:1.9.2.22) Gecko/20110902 Firefox/3.6.22','2011-09-16 19:00:38'),(0,137,'120.165.62.219','act_lists','verify','GET','http://la.baukpoltek.net/users/login','/index.php?url=act_lists/verify','Mozilla/5.0 (Windows; U; Windows NT 6.1; id; rv:1.9.2.22) Gecko/20110902 Firefox/3.6.22','2011-09-16 19:00:50'),(0,128,'120.165.62.219','act_lists','verify','GET','http://la.baukpoltek.net/act_lists/verify','/index.php?url=act_lists/verify/page:3&ajax=1','Mozilla/5.0 (Windows; U; Windows NT 6.1; id; rv:1.9.2.22) Gecko/20110902 Firefox/3.6.22','2011-09-16 19:00:21'),(0,128,'120.165.62.219','act_lists','verify','GET','http://la.baukpoltek.net/act_lists/verify','/index.php?url=act_lists/verify/page:2&ajax=1','Mozilla/5.0 (Windows; U; Windows NT 6.1; id; rv:1.9.2.22) Gecko/20110902 Firefox/3.6.22','2011-09-16 18:59:55'),(0,128,'120.165.62.219','act_lists','verify','GET','http://la.baukpoltek.net/act_lists/edit/277?verify=1','/index.php?url=act_lists/verify','Mozilla/5.0 (Windows; U; Windows NT 6.1; id; rv:1.9.2.22) Gecko/20110902 Firefox/3.6.22','2011-09-16 18:59:35'),(0,128,'120.165.62.219','act_lists','edit','POST','http://la.baukpoltek.net/act_lists/edit/277?verify=1','/index.php?url=act_lists/edit/277&verify=1','Mozilla/5.0 (Windows; U; Windows NT 6.1; id; rv:1.9.2.22) Gecko/20110902 Firefox/3.6.22','2011-09-16 18:59:34'),(0,128,'120.165.62.219','act_lists','edit','GET','http://la.baukpoltek.net/act_lists/verify','/index.php?url=act_lists/edit/277&verify=1','Mozilla/5.0 (Windows; U; Windows NT 6.1; id; rv:1.9.2.22) Gecko/20110902 Firefox/3.6.22','2011-09-16 18:59:14'),(0,128,'120.165.62.219','act_lists','verify','GET','http://la.baukpoltek.net/act_lists/verify','/index.php?url=act_lists/verify/page:2&ajax=1','Mozilla/5.0 (Windows; U; Windows NT 6.1; id; rv:1.9.2.22) Gecko/20110902 Firefox/3.6.22','2011-09-16 18:58:56'),(0,128,'120.165.62.219','act_lists','verify','GET','http://la.baukpoltek.net/act_lists/edit/288?verify=1','/index.php?url=act_lists/verify','Mozilla/5.0 (Windows; U; Windows NT 6.1; id; rv:1.9.2.22) Gecko/20110902 Firefox/3.6.22','2011-09-16 18:58:42'),(0,128,'120.165.62.219','act_lists','edit','POST','http://la.baukpoltek.net/act_lists/edit/288?verify=1','/index.php?url=act_lists/edit/288&verify=1','Mozilla/5.0 (Windows; U; Windows NT 6.1; id; rv:1.9.2.22) Gecko/20110902 Firefox/3.6.22','2011-09-16 18:58:41'),(0,128,'120.165.62.219','act_lists','verify','GET','http://la.baukpoltek.net/','/index.php?url=act_lists/verify','Mozilla/5.0 (Windows; U; Windows NT 6.1; id; rv:1.9.2.22) Gecko/20110902 Firefox/3.6.22','2011-09-16 18:58:07'),(0,128,'120.165.62.219','act_lists','edit','GET','http://la.baukpoltek.net/act_lists/verify','/index.php?url=act_lists/edit/288&verify=1','Mozilla/5.0 (Windows; U; Windows NT 6.1; id; rv:1.9.2.22) Gecko/20110902 Firefox/3.6.22','2011-09-16 18:58:21'),(0,116,'39.213.122.35','users','logout','GET','http://la.baukpoltek.net/act_lists','/index.php?url=users/logout','Mozilla/5.0 (Windows NT 6.1; rv:5.0) Gecko/20100101 Firefox/5.0','2011-09-16 16:35:35'),(0,128,'120.165.62.219','pages','display','GET','http://la.baukpoltek.net/users/login','/','Mozilla/5.0 (Windows; U; Windows NT 6.1; id; rv:1.9.2.22) Gecko/20110902 Firefox/3.6.22','2011-09-16 18:58:03'),(0,116,'39.213.122.35','act_lists','index','GET','http://la.baukpoltek.net/act_lists/edit/288','/index.php?url=act_lists','Mozilla/5.0 (Windows NT 6.1; rv:5.0) Gecko/20100101 Firefox/5.0','2011-09-16 16:35:21'),(0,116,'39.213.122.35','act_lists','edit','GET','http://la.baukpoltek.net/act_lists','/index.php?url=act_lists/edit/288','Mozilla/5.0 (Windows NT 6.1; rv:5.0) Gecko/20100101 Firefox/5.0','2011-09-16 16:34:36'),(0,116,'39.213.122.35','act_lists','edit','POST','http://la.baukpoltek.net/act_lists/edit/288','/index.php?url=act_lists/edit/288','Mozilla/5.0 (Windows NT 6.1; rv:5.0) Gecko/20100101 Firefox/5.0','2011-09-16 16:35:20'),(0,116,'39.213.122.35','act_lists','index','GET','http://la.baukpoltek.net/users/login','/index.php?url=act_lists','Mozilla/5.0 (Windows NT 6.1; rv:5.0) Gecko/20100101 Firefox/5.0','2011-09-16 16:34:04'),(0,193,'39.213.122.35','users','logout','GET','http://la.baukpoltek.net/act_lists','/index.php?url=users/logout','Mozilla/5.0 (Windows NT 6.1; rv:5.0) Gecko/20100101 Firefox/5.0','2011-09-16 16:33:42'),(0,193,'39.213.122.35','act_lists','index','GET','http://la.baukpoltek.net/act_lists/edit/293','/index.php?url=act_lists','Mozilla/5.0 (Windows NT 6.1; rv:5.0) Gecko/20100101 Firefox/5.0','2011-09-16 16:33:31'),(0,193,'39.213.122.35','act_lists','edit','POST','http://la.baukpoltek.net/act_lists/edit/293','/index.php?url=act_lists/edit/293','Mozilla/5.0 (Windows NT 6.1; rv:5.0) Gecko/20100101 Firefox/5.0','2011-09-16 16:33:30'),(0,193,'39.213.122.35','act_lists','edit','GET','http://la.baukpoltek.net/act_lists','/index.php?url=act_lists/edit/293','Mozilla/5.0 (Windows NT 6.1; rv:5.0) Gecko/20100101 Firefox/5.0','2011-09-16 16:32:06'),(0,193,'39.213.122.35','act_lists','index','GET','http://la.baukpoltek.net/users/login','/index.php?url=act_lists','Mozilla/5.0 (Windows NT 6.1; rv:5.0) Gecko/20100101 Firefox/5.0','2011-09-16 16:32:00'),(0,169,'39.213.122.35','act_lists','add','POST','http://la.baukpoltek.net/act_lists/add','/index.php?url=act_lists/add','Mozilla/5.0 (Windows NT 6.1; rv:5.0) Gecko/20100101 Firefox/5.0','2011-09-16 16:31:34'),(0,169,'39.213.122.35','act_lists','index','GET','http://la.baukpoltek.net/act_lists/add','/index.php?url=act_lists','Mozilla/5.0 (Windows NT 6.1; rv:5.0) Gecko/20100101 Firefox/5.0','2011-09-16 16:31:35'),(0,169,'39.213.122.35','users','logout','GET','http://la.baukpoltek.net/act_lists','/index.php?url=users/logout','Mozilla/5.0 (Windows NT 6.1; rv:5.0) Gecko/20100101 Firefox/5.0','2011-09-16 16:31:45'),(0,169,'39.213.122.35','act_lists','add','GET','http://la.baukpoltek.net/act_lists','/index.php?url=act_lists/add','Mozilla/5.0 (Windows NT 6.1; rv:5.0) Gecko/20100101 Firefox/5.0','2011-09-16 16:28:26'),(0,169,'39.213.122.35','act_lists','index','GET','http://la.baukpoltek.net/act_lists','/index.php?url=act_lists','Mozilla/5.0 (Windows NT 6.1; rv:5.0) Gecko/20100101 Firefox/5.0','2011-09-16 16:28:20'),(0,169,'39.213.122.35','act_lists','index','GET','http://la.baukpoltek.net/users/login','/index.php?url=act_lists','Mozilla/5.0 (Windows NT 6.1; rv:5.0) Gecko/20100101 Firefox/5.0','2011-09-16 16:28:04'),(0,178,'39.213.122.35','users','logout','GET','http://la.baukpoltek.net/act_lists','/index.php?url=users/logout','Mozilla/5.0 (Windows NT 6.1; rv:5.0) Gecko/20100101 Firefox/5.0','2011-09-16 16:27:45'),(0,178,'39.213.122.35','act_lists','index','GET','http://la.baukpoltek.net/act_lists/edit/290','/index.php?url=act_lists','Mozilla/5.0 (Windows NT 6.1; rv:5.0) Gecko/20100101 Firefox/5.0','2011-09-16 16:27:15'),(0,178,'39.213.122.35','act_lists','edit','POST','http://la.baukpoltek.net/act_lists/edit/290','/index.php?url=act_lists/edit/290','Mozilla/5.0 (Windows NT 6.1; rv:5.0) Gecko/20100101 Firefox/5.0','2011-09-16 16:27:14'),(0,178,'39.213.122.35','act_lists','edit','GET','http://la.baukpoltek.net/act_lists','/index.php?url=act_lists/edit/290','Mozilla/5.0 (Windows NT 6.1; rv:5.0) Gecko/20100101 Firefox/5.0','2011-09-16 16:25:23'),(0,178,'39.213.122.35','act_lists','index','GET','http://la.baukpoltek.net/users/login','/index.php?url=act_lists','Mozilla/5.0 (Windows NT 6.1; rv:5.0) Gecko/20100101 Firefox/5.0','2011-09-16 16:25:16'),(0,214,'39.213.122.35','users','logout','GET','http://la.baukpoltek.net/act_lists','/index.php?url=users/logout','Mozilla/5.0 (Windows NT 6.1; rv:5.0) Gecko/20100101 Firefox/5.0','2011-09-16 16:25:02'),(0,214,'39.213.122.35','act_lists','index','GET','http://la.baukpoltek.net/act_lists/add','/index.php?url=act_lists','Mozilla/5.0 (Windows NT 6.1; rv:5.0) Gecko/20100101 Firefox/5.0','2011-09-16 16:24:40'),(0,214,'39.213.122.35','act_lists','add','POST','http://la.baukpoltek.net/act_lists/add','/index.php?url=act_lists/add','Mozilla/5.0 (Windows NT 6.1; rv:5.0) Gecko/20100101 Firefox/5.0','2011-09-16 16:24:38'),(0,214,'39.213.122.35','act_lists','index','GET','http://la.baukpoltek.net/users/login','/index.php?url=act_lists','Mozilla/5.0 (Windows NT 6.1; rv:5.0) Gecko/20100101 Firefox/5.0','2011-09-16 16:23:21'),(0,214,'39.213.122.35','act_lists','add','GET','http://la.baukpoltek.net/act_lists','/index.php?url=act_lists/add','Mozilla/5.0 (Windows NT 6.1; rv:5.0) Gecko/20100101 Firefox/5.0','2011-09-16 16:23:36'),(0,156,'39.213.122.35','act_lists','add','POST','http://la.baukpoltek.net/act_lists/add','/index.php?url=act_lists/add','Mozilla/5.0 (Windows NT 6.1; rv:5.0) Gecko/20100101 Firefox/5.0','2011-09-16 16:23:01'),(0,156,'39.213.122.35','act_lists','index','GET','http://la.baukpoltek.net/act_lists/add','/index.php?url=act_lists','Mozilla/5.0 (Windows NT 6.1; rv:5.0) Gecko/20100101 Firefox/5.0','2011-09-16 16:23:02'),(0,156,'39.213.122.35','users','logout','GET','http://la.baukpoltek.net/act_lists','/index.php?url=users/logout','Mozilla/5.0 (Windows NT 6.1; rv:5.0) Gecko/20100101 Firefox/5.0','2011-09-16 16:23:08'),(0,156,'39.213.122.35','act_lists','add','GET','http://la.baukpoltek.net/act_lists','/index.php?url=act_lists/add','Mozilla/5.0 (Windows NT 6.1; rv:5.0) Gecko/20100101 Firefox/5.0','2011-09-16 16:21:40'),(0,156,'39.213.122.35','act_lists','index','GET','http://la.baukpoltek.net/act_lists','/index.php?url=act_lists','Mozilla/5.0 (Windows NT 6.1; rv:5.0) Gecko/20100101 Firefox/5.0','2011-09-16 16:21:24'),(0,156,'39.213.122.35','act_lists','index','GET','http://la.baukpoltek.net/users/login','/index.php?url=act_lists','Mozilla/5.0 (Windows NT 6.1; rv:5.0) Gecko/20100101 Firefox/5.0','2011-09-16 16:21:17'),(0,122,'39.213.122.35','users','logout','GET','http://la.baukpoltek.net/act_lists','/index.php?url=users/logout','Mozilla/5.0 (Windows NT 6.1; rv:5.0) Gecko/20100101 Firefox/5.0','2011-09-16 16:21:06'),(0,122,'39.213.122.35','act_lists','index','GET','http://la.baukpoltek.net/act_lists/edit/277','/index.php?url=act_lists','Mozilla/5.0 (Windows NT 6.1; rv:5.0) Gecko/20100101 Firefox/5.0','2011-09-16 16:20:55'),(0,115,'39.213.122.35','act_lists','index','GET','http://la.baukpoltek.net/act_lists/add','/index.php?url=act_lists','Mozilla/5.0 (Windows NT 6.1; rv:5.0) Gecko/20100101 Firefox/5.0','2011-09-16 16:18:47'),(0,115,'39.213.122.35','users','logout','GET','http://la.baukpoltek.net/act_lists','/index.php?url=users/logout','Mozilla/5.0 (Windows NT 6.1; rv:5.0) Gecko/20100101 Firefox/5.0','2011-09-16 16:19:07'),(0,122,'39.213.122.35','act_lists','index','GET','http://la.baukpoltek.net/users/login','/index.php?url=act_lists','Mozilla/5.0 (Windows NT 6.1; rv:5.0) Gecko/20100101 Firefox/5.0','2011-09-16 16:19:28'),(0,122,'39.213.122.35','act_lists','edit','GET','http://la.baukpoltek.net/act_lists','/index.php?url=act_lists/edit/277','Mozilla/5.0 (Windows NT 6.1; rv:5.0) Gecko/20100101 Firefox/5.0','2011-09-16 16:19:36'),(0,122,'39.213.122.35','act_lists','edit','POST','http://la.baukpoltek.net/act_lists/edit/277','/index.php?url=act_lists/edit/277','Mozilla/5.0 (Windows NT 6.1; rv:5.0) Gecko/20100101 Firefox/5.0','2011-09-16 16:20:54'),(0,117,'182.2.83.225','act_lists','index','GET','http://la.baukpoltek.net/','/index.php?url=act_lists','Mozilla/5.0 (Windows NT 6.1; rv:5.0) Gecko/20100101 Firefox/5.0','2011-09-15 11:55:09'),(0,214,'118.98.217.4','act_lists','index','GET','http://la.baukpoltek.net/act_lists/add','/index.php?url=act_lists','Mozilla/5.0 (Windows; U; Windows NT 6.1; en-US; rv:1.9.0.19) Gecko/2010031422 Firefox/3.0.19','2011-09-15 11:46:08'),(0,214,'118.98.217.4','users','logout','GET','http://la.baukpoltek.net/act_lists','/index.php?url=users/logout','Mozilla/5.0 (Windows; U; Windows NT 6.1; en-US; rv:1.9.0.19) Gecko/2010031422 Firefox/3.0.19','2011-09-15 11:46:12'),(0,198,'118.98.217.4','act_lists','index','GET','http://la.baukpoltek.net/users/login','/index.php?url=act_lists','Mozilla/5.0 (Windows; U; Windows NT 6.1; en-US; rv:1.9.0.19) Gecko/2010031422 Firefox/3.0.19','2011-09-15 11:46:28'),(0,198,'118.98.217.4','act_lists','add','GET','http://la.baukpoltek.net/act_lists','/index.php?url=act_lists/add','Mozilla/5.0 (Windows; U; Windows NT 6.1; en-US; rv:1.9.0.19) Gecko/2010031422 Firefox/3.0.19','2011-09-15 11:46:31'),(0,158,'182.2.83.225','users','logout','GET','http://la.baukpoltek.net/act_lists/report_for_me','/index.php?url=users/logout','Mozilla/5.0 (Windows NT 6.1; rv:5.0) Gecko/20100101 Firefox/5.0','2011-09-15 11:46:36'),(0,198,'118.98.217.4','act_lists','add','POST','http://la.baukpoltek.net/act_lists/add','/index.php?url=act_lists/add','Mozilla/5.0 (Windows; U; Windows NT 6.1; en-US; rv:1.9.0.19) Gecko/2010031422 Firefox/3.0.19','2011-09-15 11:47:15'),(0,198,'118.98.217.4','act_lists','index','GET','http://la.baukpoltek.net/act_lists/add','/index.php?url=act_lists','Mozilla/5.0 (Windows; U; Windows NT 6.1; en-US; rv:1.9.0.19) Gecko/2010031422 Firefox/3.0.19','2011-09-15 11:47:16'),(0,198,'118.98.217.4','users','logout','GET','http://la.baukpoltek.net/act_lists','/index.php?url=users/logout','Mozilla/5.0 (Windows; U; Windows NT 6.1; en-US; rv:1.9.0.19) Gecko/2010031422 Firefox/3.0.19','2011-09-15 11:47:23'),(0,117,'182.2.83.225','pages','display','GET','http://la.baukpoltek.net/users/login','/','Mozilla/5.0 (Windows NT 6.1; rv:5.0) Gecko/20100101 Firefox/5.0','2011-09-15 11:54:28'),(0,158,'182.2.83.225','act_lists','report_for_me','POST','http://la.baukpoltek.net/act_lists/report_for_me','/index.php?url=act_lists/report_for_me','Mozilla/5.0 (Windows NT 6.1; rv:5.0) Gecko/20100101 Firefox/5.0','2011-09-15 11:46:04'),(0,214,'118.98.217.4','act_lists','add','POST','http://la.baukpoltek.net/act_lists/add','/index.php?url=act_lists/add','Mozilla/5.0 (Windows; U; Windows NT 6.1; en-US; rv:1.9.0.19) Gecko/2010031422 Firefox/3.0.19','2011-09-15 11:46:06'),(0,158,'182.2.83.225','users','login','GET','http://la.baukpoltek.net/users/login','/index.php?url=users/login','Mozilla/5.0 (Windows NT 6.1; rv:5.0) Gecko/20100101 Firefox/5.0','2011-09-15 11:45:53'),(0,158,'182.2.83.225','pages','display','GET','http://la.baukpoltek.net/users/login','/','Mozilla/5.0 (Windows NT 6.1; rv:5.0) Gecko/20100101 Firefox/5.0','2011-09-15 11:45:54'),(0,158,'182.2.83.225','act_lists','report_for_me','GET','http://la.baukpoltek.net/','/index.php?url=act_lists/report_for_me','Mozilla/5.0 (Windows NT 6.1; rv:5.0) Gecko/20100101 Firefox/5.0','2011-09-15 11:46:01'),(0,167,'118.98.217.4','users','logout','GET','http://la.baukpoltek.net/act_lists','/index.php?url=users/logout','Mozilla/5.0 (Windows; U; Windows NT 6.1; en-US; rv:1.9.0.19) Gecko/2010031422 Firefox/3.0.19','2011-09-15 11:44:57'),(0,214,'118.98.217.4','act_lists','index','GET','http://la.baukpoltek.net/users/login','/index.php?url=act_lists','Mozilla/5.0 (Windows; U; Windows NT 6.1; en-US; rv:1.9.0.19) Gecko/2010031422 Firefox/3.0.19','2011-09-15 11:45:10'),(0,214,'118.98.217.4','act_lists','add','GET','http://la.baukpoltek.net/act_lists','/index.php?url=act_lists/add','Mozilla/5.0 (Windows; U; Windows NT 6.1; en-US; rv:1.9.0.19) Gecko/2010031422 Firefox/3.0.19','2011-09-15 11:45:16'),(0,200,'118.98.217.4','act_lists','add','GET','http://la.baukpoltek.net/act_lists','/index.php?url=act_lists/add','Mozilla/5.0 (Windows; U; Windows NT 6.1; en-US; rv:1.9.0.19) Gecko/2010031422 Firefox/3.0.19','2011-09-15 11:42:43'),(0,200,'118.98.217.4','act_lists','add','POST','http://la.baukpoltek.net/act_lists/add','/index.php?url=act_lists/add','Mozilla/5.0 (Windows; U; Windows NT 6.1; en-US; rv:1.9.0.19) Gecko/2010031422 Firefox/3.0.19','2011-09-15 11:43:35'),(0,200,'118.98.217.4','act_lists','index','GET','http://la.baukpoltek.net/act_lists/add','/index.php?url=act_lists','Mozilla/5.0 (Windows; U; Windows NT 6.1; en-US; rv:1.9.0.19) Gecko/2010031422 Firefox/3.0.19','2011-09-15 11:43:35'),(0,200,'118.98.217.4','users','logout','GET','http://la.baukpoltek.net/act_lists','/index.php?url=users/logout','Mozilla/5.0 (Windows; U; Windows NT 6.1; en-US; rv:1.9.0.19) Gecko/2010031422 Firefox/3.0.19','2011-09-15 11:43:47'),(0,167,'118.98.217.4','act_lists','index','GET','http://la.baukpoltek.net/users/login','/index.php?url=act_lists','Mozilla/5.0 (Windows; U; Windows NT 6.1; en-US; rv:1.9.0.19) Gecko/2010031422 Firefox/3.0.19','2011-09-15 11:44:02'),(0,167,'118.98.217.4','act_lists','add','GET','http://la.baukpoltek.net/act_lists','/index.php?url=act_lists/add','Mozilla/5.0 (Windows; U; Windows NT 6.1; en-US; rv:1.9.0.19) Gecko/2010031422 Firefox/3.0.19','2011-09-15 11:44:07'),(0,167,'118.98.217.4','act_lists','add','POST','http://la.baukpoltek.net/act_lists/add','/index.php?url=act_lists/add','Mozilla/5.0 (Windows; U; Windows NT 6.1; en-US; rv:1.9.0.19) Gecko/2010031422 Firefox/3.0.19','2011-09-15 11:44:48'),(0,167,'118.98.217.4','act_lists','index','GET','http://la.baukpoltek.net/act_lists/add','/index.php?url=act_lists','Mozilla/5.0 (Windows; U; Windows NT 6.1; en-US; rv:1.9.0.19) Gecko/2010031422 Firefox/3.0.19','2011-09-15 11:44:49'),(0,200,'118.98.217.4','act_lists','add','GET','http://la.baukpoltek.net/act_lists','/index.php?url=act_lists/add','Mozilla/5.0 (Windows; U; Windows NT 6.1; en-US; rv:1.9.0.19) Gecko/2010031422 Firefox/3.0.19','2011-09-15 11:42:37'),(0,200,'118.98.217.4','pages','display','GET','http://la.baukpoltek.net/users/login','/','Mozilla/5.0 (Windows; U; Windows NT 6.1; en-US; rv:1.9.0.19) Gecko/2010031422 Firefox/3.0.19','2011-09-15 11:42:18'),(0,200,'118.98.217.4','act_lists','index','GET','http://la.baukpoltek.net/','/index.php?url=act_lists','Mozilla/5.0 (Windows; U; Windows NT 6.1; en-US; rv:1.9.0.19) Gecko/2010031422 Firefox/3.0.19','2011-09-15 11:42:27'),(0,200,'118.98.217.4','users','logout','GET','','/index.php?url=users/logout','Mozilla/5.0 (Windows NT 6.1; rv:5.0) Gecko/20100101 Firefox/5.0','2011-09-15 11:38:58'),(0,200,'182.6.205.40','users','login','POST','http://la.baukpoltek.net/users/login','/index.php?url=users/login','Mozilla/5.0 (Windows NT 6.1; rv:5.0) Gecko/20100101 Firefox/5.0','2011-09-15 11:36:01'),(0,186,'182.6.205.40','users','logout','GET','http://la.baukpoltek.net/act_lists','/index.php?url=users/logout','Mozilla/5.0 (Windows NT 6.1; rv:5.0) Gecko/20100101 Firefox/5.0','2011-09-15 11:18:02'),(0,200,'182.6.205.40','pages','display','GET','http://la.baukpoltek.net/users/login','/','Mozilla/5.0 (Windows NT 6.1; rv:5.0) Gecko/20100101 Firefox/5.0','2011-09-15 11:35:10'),(0,186,'182.6.205.40','act_lists','edit','POST','http://la.baukpoltek.net/act_lists/edit/257','/index.php?url=act_lists/edit/257','Mozilla/5.0 (Windows NT 6.1; rv:5.0) Gecko/20100101 Firefox/5.0','2011-09-15 11:17:02'),(0,186,'182.6.205.40','act_lists','index','GET','http://la.baukpoltek.net/act_lists/edit/257','/index.php?url=act_lists','Mozilla/5.0 (Windows NT 6.1; rv:5.0) Gecko/20100101 Firefox/5.0','2011-09-15 11:17:05'),(0,186,'182.6.205.40','act_lists','edit','GET','http://la.baukpoltek.net/act_lists','/index.php?url=act_lists/edit/257','Mozilla/5.0 (Windows NT 6.1; rv:5.0) Gecko/20100101 Firefox/5.0','2011-09-15 11:16:49'),(0,186,'182.6.205.40','act_lists','index','GET','http://la.baukpoltek.net/act_lists/add','/index.php?url=act_lists','Mozilla/5.0 (Windows NT 6.1; rv:5.0) Gecko/20100101 Firefox/5.0','2011-09-15 11:16:38'),(0,186,'182.6.205.40','act_lists','add','POST','http://la.baukpoltek.net/act_lists/add','/index.php?url=act_lists/add','Mozilla/5.0 (Windows NT 6.1; rv:5.0) Gecko/20100101 Firefox/5.0','2011-09-15 11:16:37'),(0,186,'182.6.205.40','act_lists','index','GET','http://la.baukpoltek.net/users/login','/index.php?url=act_lists','Mozilla/5.0 (Windows NT 6.1; rv:5.0) Gecko/20100101 Firefox/5.0','2011-09-15 11:14:22'),(0,186,'182.6.205.40','act_lists','add','GET','http://la.baukpoltek.net/act_lists','/index.php?url=act_lists/add','Mozilla/5.0 (Windows NT 6.1; rv:5.0) Gecko/20100101 Firefox/5.0','2011-09-15 11:14:30'),(0,158,'182.6.205.40','users','logout','GET','http://la.baukpoltek.net/act_lists','/index.php?url=users/logout','Mozilla/5.0 (Windows NT 6.1; rv:5.0) Gecko/20100101 Firefox/5.0','2011-09-15 11:14:10'),(0,158,'182.6.205.40','act_lists','index','GET','http://la.baukpoltek.net/act_lists/add','/index.php?url=act_lists','Mozilla/5.0 (Windows NT 6.1; rv:5.0) Gecko/20100101 Firefox/5.0','2011-09-15 11:14:03'),(0,160,'182.6.205.40','users','logout','GET','http://la.baukpoltek.net/act_lists','/index.php?url=users/logout','Mozilla/5.0 (Windows NT 6.1; rv:5.0) Gecko/20100101 Firefox/5.0','2011-09-15 11:04:27'),(0,158,'182.6.205.40','act_lists','index','GET','http://la.baukpoltek.net/users/login','/index.php?url=act_lists','Mozilla/5.0 (Windows NT 6.1; rv:5.0) Gecko/20100101 Firefox/5.0','2011-09-15 11:04:43'),(0,158,'182.6.205.40','act_lists','add','GET','http://la.baukpoltek.net/act_lists','/index.php?url=act_lists/add','Mozilla/5.0 (Windows NT 6.1; rv:5.0) Gecko/20100101 Firefox/5.0','2011-09-15 11:12:24'),(0,158,'182.6.205.40','act_lists','add','POST','http://la.baukpoltek.net/act_lists/add','/index.php?url=act_lists/add','Mozilla/5.0 (Windows NT 6.1; rv:5.0) Gecko/20100101 Firefox/5.0','2011-09-15 11:14:02'),(0,160,'182.6.205.40','act_lists','index','GET','http://la.baukpoltek.net/act_lists/add','/index.php?url=act_lists','Mozilla/5.0 (Windows NT 6.1; rv:5.0) Gecko/20100101 Firefox/5.0','2011-09-15 11:04:17'),(0,160,'182.6.205.40','act_lists','index','GET','http://la.baukpoltek.net/users/login','/index.php?url=act_lists','Mozilla/5.0 (Windows NT 6.1; rv:5.0) Gecko/20100101 Firefox/5.0','2011-09-15 11:01:01'),(0,160,'182.6.205.40','act_lists','add','GET','http://la.baukpoltek.net/act_lists','/index.php?url=act_lists/add','Mozilla/5.0 (Windows NT 6.1; rv:5.0) Gecko/20100101 Firefox/5.0','2011-09-15 11:02:25'),(0,160,'182.6.205.40','act_lists','add','POST','http://la.baukpoltek.net/act_lists/add','/index.php?url=act_lists/add','Mozilla/5.0 (Windows NT 6.1; rv:5.0) Gecko/20100101 Firefox/5.0','2011-09-15 11:04:14'),(0,190,'182.6.205.40','act_lists','add','GET','http://la.baukpoltek.net/act_lists','/index.php?url=act_lists/add','Mozilla/5.0 (Windows NT 6.1; rv:5.0) Gecko/20100101 Firefox/5.0','2011-09-15 10:57:50'),(0,190,'182.6.205.40','act_lists','add','POST','http://la.baukpoltek.net/act_lists/add','/index.php?url=act_lists/add','Mozilla/5.0 (Windows NT 6.1; rv:5.0) Gecko/20100101 Firefox/5.0','2011-09-15 10:58:45'),(0,190,'182.6.205.40','act_lists','index','GET','http://la.baukpoltek.net/act_lists/add','/index.php?url=act_lists','Mozilla/5.0 (Windows NT 6.1; rv:5.0) Gecko/20100101 Firefox/5.0','2011-09-15 10:58:47'),(0,190,'182.6.205.40','users','logout','GET','http://la.baukpoltek.net/act_lists','/index.php?url=users/logout','Mozilla/5.0 (Windows NT 6.1; rv:5.0) Gecko/20100101 Firefox/5.0','2011-09-15 10:58:58'),(0,151,'182.6.205.40','act_lists','index','GET','http://la.baukpoltek.net/users/login','/index.php?url=act_lists','Mozilla/5.0 (Windows NT 6.1; rv:5.0) Gecko/20100101 Firefox/5.0','2011-09-15 10:59:20'),(0,151,'182.6.205.40','act_lists','add','GET','http://la.baukpoltek.net/act_lists','/index.php?url=act_lists/add','Mozilla/5.0 (Windows NT 6.1; rv:5.0) Gecko/20100101 Firefox/5.0','2011-09-15 10:59:37'),(0,151,'182.6.205.40','act_lists','add','POST','http://la.baukpoltek.net/act_lists/add','/index.php?url=act_lists/add','Mozilla/5.0 (Windows NT 6.1; rv:5.0) Gecko/20100101 Firefox/5.0','2011-09-15 11:00:43'),(0,151,'182.6.205.40','act_lists','index','GET','http://la.baukpoltek.net/act_lists/add','/index.php?url=act_lists','Mozilla/5.0 (Windows NT 6.1; rv:5.0) Gecko/20100101 Firefox/5.0','2011-09-15 11:00:44'),(0,151,'182.6.205.40','users','logout','GET','http://la.baukpoltek.net/act_lists','/index.php?url=users/logout','Mozilla/5.0 (Windows NT 6.1; rv:5.0) Gecko/20100101 Firefox/5.0','2011-09-15 11:00:50'),(0,190,'182.6.205.40','act_lists','index','GET','http://la.baukpoltek.net/users/login','/index.php?url=act_lists','Mozilla/5.0 (Windows NT 6.1; rv:5.0) Gecko/20100101 Firefox/5.0','2011-09-15 10:57:08'),(0,202,'182.6.205.40','act_lists','add','POST','http://la.baukpoltek.net/act_lists/add','/index.php?url=act_lists/add','Mozilla/5.0 (Windows NT 6.1; rv:5.0) Gecko/20100101 Firefox/5.0','2011-09-15 10:56:44'),(0,202,'182.6.205.40','act_lists','index','GET','http://la.baukpoltek.net/act_lists/add','/index.php?url=act_lists','Mozilla/5.0 (Windows NT 6.1; rv:5.0) Gecko/20100101 Firefox/5.0','2011-09-15 10:56:45'),(0,202,'182.6.205.40','users','logout','GET','http://la.baukpoltek.net/act_lists','/index.php?url=users/logout','Mozilla/5.0 (Windows NT 6.1; rv:5.0) Gecko/20100101 Firefox/5.0','2011-09-15 10:56:51'),(0,202,'182.6.205.40','act_lists','add','GET','http://la.baukpoltek.net/act_lists','/index.php?url=act_lists/add','Mozilla/5.0 (Windows NT 6.1; rv:5.0) Gecko/20100101 Firefox/5.0','2011-09-15 10:56:06'),(0,133,'182.6.205.40','act_lists','add','GET','http://la.baukpoltek.net/act_lists','/index.php?url=act_lists/add','Mozilla/5.0 (Windows NT 6.1; rv:5.0) Gecko/20100101 Firefox/5.0','2011-09-15 10:54:47'),(0,133,'182.6.205.40','act_lists','add','POST','http://la.baukpoltek.net/act_lists/add','/index.php?url=act_lists/add','Mozilla/5.0 (Windows NT 6.1; rv:5.0) Gecko/20100101 Firefox/5.0','2011-09-15 10:55:37'),(0,133,'182.6.205.40','act_lists','index','GET','http://la.baukpoltek.net/act_lists/add','/index.php?url=act_lists','Mozilla/5.0 (Windows NT 6.1; rv:5.0) Gecko/20100101 Firefox/5.0','2011-09-15 10:55:38'),(0,133,'182.6.205.40','users','logout','GET','http://la.baukpoltek.net/act_lists','/index.php?url=users/logout','Mozilla/5.0 (Windows NT 6.1; rv:5.0) Gecko/20100101 Firefox/5.0','2011-09-15 10:55:46'),(0,202,'182.6.205.40','act_lists','index','GET','http://la.baukpoltek.net/users/login','/index.php?url=act_lists','Mozilla/5.0 (Windows NT 6.1; rv:5.0) Gecko/20100101 Firefox/5.0','2011-09-15 10:55:58'),(0,133,'182.6.205.40','act_lists','index','GET','http://la.baukpoltek.net/users/login','/index.php?url=act_lists','Mozilla/5.0 (Windows NT 6.1; rv:5.0) Gecko/20100101 Firefox/5.0','2011-09-15 10:54:42'),(0,140,'182.6.205.40','users','logout','GET','http://la.baukpoltek.net/act_lists','/index.php?url=users/logout','Mozilla/5.0 (Windows NT 6.1; rv:5.0) Gecko/20100101 Firefox/5.0','2011-09-15 10:54:29'),(0,140,'182.6.205.40','act_lists','index','GET','http://la.baukpoltek.net/act_lists/add','/index.php?url=act_lists','Mozilla/5.0 (Windows NT 6.1; rv:5.0) Gecko/20100101 Firefox/5.0','2011-09-15 10:54:21'),(0,140,'182.6.205.40','act_lists','add','POST','http://la.baukpoltek.net/act_lists/add','/index.php?url=act_lists/add','Mozilla/5.0 (Windows NT 6.1; rv:5.0) Gecko/20100101 Firefox/5.0','2011-09-15 10:54:19'),(0,140,'182.6.205.40','act_lists','add','GET','http://la.baukpoltek.net/act_lists','/index.php?url=act_lists/add','Mozilla/5.0 (Windows NT 6.1; rv:5.0) Gecko/20100101 Firefox/5.0','2011-09-15 10:53:10'),(0,140,'182.6.205.40','act_lists','index','GET','http://la.baukpoltek.net/users/login','/index.php?url=act_lists','Mozilla/5.0 (Windows NT 6.1; rv:5.0) Gecko/20100101 Firefox/5.0','2011-09-15 10:53:00'),(0,174,'182.6.205.40','users','logout','GET','http://la.baukpoltek.net/act_lists','/index.php?url=users/logout','Mozilla/5.0 (Windows NT 6.1; rv:5.0) Gecko/20100101 Firefox/5.0','2011-09-15 10:52:44'),(0,174,'182.6.205.40','act_lists','index','GET','http://la.baukpoltek.net/users/login','/index.php?url=act_lists','Mozilla/5.0 (Windows NT 6.1; rv:5.0) Gecko/20100101 Firefox/5.0','2011-09-15 10:51:20'),(0,174,'182.6.205.40','act_lists','add','GET','http://la.baukpoltek.net/act_lists','/index.php?url=act_lists/add','Mozilla/5.0 (Windows NT 6.1; rv:5.0) Gecko/20100101 Firefox/5.0','2011-09-15 10:51:38'),(0,174,'182.6.205.40','act_lists','add','POST','http://la.baukpoltek.net/act_lists/add','/index.php?url=act_lists/add','Mozilla/5.0 (Windows NT 6.1; rv:5.0) Gecko/20100101 Firefox/5.0','2011-09-15 10:52:34'),(0,174,'182.6.205.40','act_lists','index','GET','http://la.baukpoltek.net/act_lists/add','/index.php?url=act_lists','Mozilla/5.0 (Windows NT 6.1; rv:5.0) Gecko/20100101 Firefox/5.0','2011-09-15 10:52:35'),(0,150,'182.6.205.40','users','login','GET','http://la.baukpoltek.net/users/login','/index.php?url=users/login','Mozilla/5.0 (Windows NT 6.1; rv:5.0) Gecko/20100101 Firefox/5.0','2011-09-15 10:48:50'),(0,150,'182.6.205.40','pages','display','GET','http://la.baukpoltek.net/users/login','/','Mozilla/5.0 (Windows NT 6.1; rv:5.0) Gecko/20100101 Firefox/5.0','2011-09-15 10:48:51'),(0,150,'182.6.205.40','act_lists','index','GET','http://la.baukpoltek.net/','/index.php?url=act_lists','Mozilla/5.0 (Windows NT 6.1; rv:5.0) Gecko/20100101 Firefox/5.0','2011-09-15 10:49:12'),(0,150,'182.6.205.40','act_lists','add','GET','http://la.baukpoltek.net/act_lists','/index.php?url=act_lists/add','Mozilla/5.0 (Windows NT 6.1; rv:5.0) Gecko/20100101 Firefox/5.0','2011-09-15 10:49:28'),(0,150,'182.6.205.40','act_lists','add','POST','http://la.baukpoltek.net/act_lists/add','/index.php?url=act_lists/add','Mozilla/5.0 (Windows NT 6.1; rv:5.0) Gecko/20100101 Firefox/5.0','2011-09-15 10:50:51'),(0,150,'182.6.205.40','act_lists','index','GET','http://la.baukpoltek.net/act_lists/add','/index.php?url=act_lists','Mozilla/5.0 (Windows NT 6.1; rv:5.0) Gecko/20100101 Firefox/5.0','2011-09-15 10:50:52'),(0,150,'182.6.205.40','users','logout','GET','http://la.baukpoltek.net/act_lists','/index.php?url=users/logout','Mozilla/5.0 (Windows NT 6.1; rv:5.0) Gecko/20100101 Firefox/5.0','2011-09-15 10:51:04'),(0,115,'39.213.122.35','act_lists','add','POST','http://la.baukpoltek.net/act_lists/add','/index.php?url=act_lists/add','Mozilla/5.0 (Windows NT 6.1; rv:5.0) Gecko/20100101 Firefox/5.0','2011-09-16 16:18:46'),(0,115,'39.213.122.35','act_lists','add','GET','http://la.baukpoltek.net/act_lists','/index.php?url=act_lists/add','Mozilla/5.0 (Windows NT 6.1; rv:5.0) Gecko/20100101 Firefox/5.0','2011-09-16 16:18:13'),(0,115,'39.213.122.35','act_lists','index','GET','http://la.baukpoltek.net/users/login','/index.php?url=act_lists','Mozilla/5.0 (Windows NT 6.1; rv:5.0) Gecko/20100101 Firefox/5.0','2011-09-16 16:18:09'),(0,200,'39.213.122.35','act_lists','edit','POST','http://la.baukpoltek.net/act_lists/edit/283','/index.php?url=act_lists/edit/283','Mozilla/5.0 (Windows NT 6.1; rv:5.0) Gecko/20100101 Firefox/5.0','2011-09-16 16:15:21'),(0,200,'39.213.122.35','act_lists','index','GET','http://la.baukpoltek.net/act_lists/edit/283','/index.php?url=act_lists','Mozilla/5.0 (Windows NT 6.1; rv:5.0) Gecko/20100101 Firefox/5.0','2011-09-16 16:15:21'),(0,200,'39.213.122.35','users','logout','GET','http://la.baukpoltek.net/act_lists','/index.php?url=users/logout','Mozilla/5.0 (Windows NT 6.1; rv:5.0) Gecko/20100101 Firefox/5.0','2011-09-16 16:15:29'),(0,115,'39.213.122.35','act_lists','index','GET','http://la.baukpoltek.net/users/login','/index.php?url=act_lists','Mozilla/5.0 (Windows NT 6.1; rv:5.0) Gecko/20100101 Firefox/5.0','2011-09-16 16:15:40'),(0,115,'39.213.122.35','act_lists','add','GET','http://la.baukpoltek.net/act_lists','/index.php?url=act_lists/add','Mozilla/5.0 (Windows NT 6.1; rv:5.0) Gecko/20100101 Firefox/5.0','2011-09-16 16:15:46'),(0,115,'39.213.122.35','users','logout','GET','http://la.baukpoltek.net/act_lists/add','/index.php?url=users/logout','Mozilla/5.0 (Windows NT 6.1; rv:5.0) Gecko/20100101 Firefox/5.0','2011-09-16 16:16:21'),(0,148,'39.213.122.35','act_lists','add','GET','http://la.baukpoltek.net/users/login','/index.php?url=act_lists/add','Mozilla/5.0 (Windows NT 6.1; rv:5.0) Gecko/20100101 Firefox/5.0','2011-09-16 16:16:37'),(0,148,'39.213.122.35','act_lists','add','POST','http://la.baukpoltek.net/act_lists/add','/index.php?url=act_lists/add','Mozilla/5.0 (Windows NT 6.1; rv:5.0) Gecko/20100101 Firefox/5.0','2011-09-16 16:17:46'),(0,148,'39.213.122.35','act_lists','index','GET','http://la.baukpoltek.net/act_lists/add','/index.php?url=act_lists','Mozilla/5.0 (Windows NT 6.1; rv:5.0) Gecko/20100101 Firefox/5.0','2011-09-16 16:17:47'),(0,148,'39.213.122.35','users','logout','GET','http://la.baukpoltek.net/act_lists','/index.php?url=users/logout','Mozilla/5.0 (Windows NT 6.1; rv:5.0) Gecko/20100101 Firefox/5.0','2011-09-16 16:17:57'),(0,200,'39.213.122.35','act_lists','edit','GET','http://la.baukpoltek.net/act_lists','/index.php?url=act_lists/edit/283','Mozilla/5.0 (Windows NT 6.1; rv:5.0) Gecko/20100101 Firefox/5.0','2011-09-16 16:13:46'),(0,143,'39.213.122.35','act_lists','add','GET','http://la.baukpoltek.net/act_lists','/index.php?url=act_lists/add','Mozilla/5.0 (Windows NT 6.1; rv:5.0) Gecko/20100101 Firefox/5.0','2011-09-16 16:12:33'),(0,143,'39.213.122.35','act_lists','add','POST','http://la.baukpoltek.net/act_lists/add','/index.php?url=act_lists/add','Mozilla/5.0 (Windows NT 6.1; rv:5.0) Gecko/20100101 Firefox/5.0','2011-09-16 16:13:12'),(0,143,'39.213.122.35','act_lists','index','GET','http://la.baukpoltek.net/act_lists/add','/index.php?url=act_lists','Mozilla/5.0 (Windows NT 6.1; rv:5.0) Gecko/20100101 Firefox/5.0','2011-09-16 16:13:15'),(0,143,'39.213.122.35','users','logout','GET','http://la.baukpoltek.net/act_lists','/index.php?url=users/logout','Mozilla/5.0 (Windows NT 6.1; rv:5.0) Gecko/20100101 Firefox/5.0','2011-09-16 16:13:24'),(0,200,'39.213.122.35','act_lists','index','GET','http://la.baukpoltek.net/users/login','/index.php?url=act_lists','Mozilla/5.0 (Windows NT 6.1; rv:5.0) Gecko/20100101 Firefox/5.0','2011-09-16 16:13:38'),(0,143,'39.213.122.35','act_lists','index','GET','http://la.baukpoltek.net/users/login','/index.php?url=act_lists','Mozilla/5.0 (Windows NT 6.1; rv:5.0) Gecko/20100101 Firefox/5.0','2011-09-16 16:12:23'),(0,199,'39.213.122.35','act_lists','index','GET','http://la.baukpoltek.net/users/login','/index.php?url=act_lists','Mozilla/5.0 (Windows NT 6.1; rv:5.0) Gecko/20100101 Firefox/5.0','2011-09-16 16:11:03'),(0,199,'39.213.122.35','act_lists','edit','GET','http://la.baukpoltek.net/act_lists','/index.php?url=act_lists/edit/278','Mozilla/5.0 (Windows NT 6.1; rv:5.0) Gecko/20100101 Firefox/5.0','2011-09-16 16:11:09'),(0,199,'39.213.122.35','act_lists','edit','POST','http://la.baukpoltek.net/act_lists/edit/278','/index.php?url=act_lists/edit/278','Mozilla/5.0 (Windows NT 6.1; rv:5.0) Gecko/20100101 Firefox/5.0','2011-09-16 16:12:04'),(0,199,'39.213.122.35','act_lists','index','GET','http://la.baukpoltek.net/act_lists/edit/278','/index.php?url=act_lists','Mozilla/5.0 (Windows NT 6.1; rv:5.0) Gecko/20100101 Firefox/5.0','2011-09-16 16:12:05'),(0,199,'39.213.122.35','users','logout','GET','http://la.baukpoltek.net/act_lists','/index.php?url=users/logout','Mozilla/5.0 (Windows NT 6.1; rv:5.0) Gecko/20100101 Firefox/5.0','2011-09-16 16:12:10'),(0,158,'39.213.122.35','act_lists','add','POST','http://la.baukpoltek.net/act_lists/add','/index.php?url=act_lists/add','Mozilla/5.0 (Windows NT 6.1; rv:5.0) Gecko/20100101 Firefox/5.0','2011-09-16 16:10:33'),(0,158,'39.213.122.35','act_lists','index','GET','http://la.baukpoltek.net/act_lists/add','/index.php?url=act_lists','Mozilla/5.0 (Windows NT 6.1; rv:5.0) Gecko/20100101 Firefox/5.0','2011-09-16 16:10:34'),(0,158,'39.213.122.35','users','logout','GET','http://la.baukpoltek.net/act_lists','/index.php?url=users/logout','Mozilla/5.0 (Windows NT 6.1; rv:5.0) Gecko/20100101 Firefox/5.0','2011-09-16 16:10:41'),(0,185,'39.213.122.35','act_lists','add','POST','http://la.baukpoltek.net/act_lists/add','/index.php?url=act_lists/add','Mozilla/5.0 (Windows NT 6.1; rv:5.0) Gecko/20100101 Firefox/5.0','2011-09-16 15:48:09'),(0,185,'39.213.122.35','act_lists','index','GET','http://la.baukpoltek.net/act_lists/add','/index.php?url=act_lists','Mozilla/5.0 (Windows NT 6.1; rv:5.0) Gecko/20100101 Firefox/5.0','2011-09-16 15:48:10'),(0,185,'39.213.122.35','users','logout','GET','http://la.baukpoltek.net/act_lists','/index.php?url=users/logout','Mozilla/5.0 (Windows NT 6.1; rv:5.0) Gecko/20100101 Firefox/5.0','2011-09-16 16:05:56'),(0,175,'39.213.122.35','act_lists','index','GET','http://la.baukpoltek.net/users/login','/index.php?url=act_lists','Mozilla/5.0 (Windows NT 6.1; rv:5.0) Gecko/20100101 Firefox/5.0','2011-09-16 16:06:22'),(0,175,'39.213.122.35','act_lists','add','GET','http://la.baukpoltek.net/act_lists','/index.php?url=act_lists/add','Mozilla/5.0 (Windows NT 6.1; rv:5.0) Gecko/20100101 Firefox/5.0','2011-09-16 16:06:32'),(0,175,'39.213.122.35','act_lists','add','POST','http://la.baukpoltek.net/act_lists/add','/index.php?url=act_lists/add','Mozilla/5.0 (Windows NT 6.1; rv:5.0) Gecko/20100101 Firefox/5.0','2011-09-16 16:07:18'),(0,175,'39.213.122.35','act_lists','index','GET','http://la.baukpoltek.net/act_lists/add','/index.php?url=act_lists','Mozilla/5.0 (Windows NT 6.1; rv:5.0) Gecko/20100101 Firefox/5.0','2011-09-16 16:07:19'),(0,175,'39.213.122.35','users','logout','GET','http://la.baukpoltek.net/act_lists','/index.php?url=users/logout','Mozilla/5.0 (Windows NT 6.1; rv:5.0) Gecko/20100101 Firefox/5.0','2011-09-16 16:07:23'),(0,158,'39.213.122.35','act_lists','index','GET','http://la.baukpoltek.net/users/login','/index.php?url=act_lists','Mozilla/5.0 (Windows NT 6.1; rv:5.0) Gecko/20100101 Firefox/5.0','2011-09-16 16:07:31'),(0,158,'39.213.122.35','act_lists','add','GET','http://la.baukpoltek.net/act_lists','/index.php?url=act_lists/add','Mozilla/5.0 (Windows NT 6.1; rv:5.0) Gecko/20100101 Firefox/5.0','2011-09-16 16:07:37'),(0,185,'39.213.122.35','act_lists','index','GET','http://la.baukpoltek.net/users/login','/index.php?url=act_lists','Mozilla/5.0 (Windows NT 6.1; rv:5.0) Gecko/20100101 Firefox/5.0','2011-09-16 15:41:41'),(0,185,'39.213.122.35','act_lists','add','GET','http://la.baukpoltek.net/act_lists','/index.php?url=act_lists/add','Mozilla/5.0 (Windows NT 6.1; rv:5.0) Gecko/20100101 Firefox/5.0','2011-09-16 15:46:04'),(0,176,'39.213.122.35','users','logout','GET','http://la.baukpoltek.net/act_lists','/index.php?url=users/logout','Mozilla/5.0 (Windows NT 6.1; rv:5.0) Gecko/20100101 Firefox/5.0','2011-09-16 15:39:59'),(0,176,'39.213.122.35','act_lists','index','GET','http://la.baukpoltek.net/act_lists/add','/index.php?url=act_lists','Mozilla/5.0 (Windows NT 6.1; rv:5.0) Gecko/20100101 Firefox/5.0','2011-09-16 15:39:51'),(0,176,'39.213.122.35','act_lists','add','POST','http://la.baukpoltek.net/act_lists/add','/index.php?url=act_lists/add','Mozilla/5.0 (Windows NT 6.1; rv:5.0) Gecko/20100101 Firefox/5.0','2011-09-16 15:39:49'),(0,176,'39.213.122.35','act_lists','add','GET','http://la.baukpoltek.net/act_lists','/index.php?url=act_lists/add','Mozilla/5.0 (Windows NT 6.1; rv:5.0) Gecko/20100101 Firefox/5.0','2011-09-16 15:38:41'),(0,176,'39.213.122.35','act_lists','index','GET','http://la.baukpoltek.net/users/login','/index.php?url=act_lists','Mozilla/5.0 (Windows NT 6.1; rv:5.0) Gecko/20100101 Firefox/5.0','2011-09-16 15:38:06'),(0,193,'39.213.122.35','act_lists','add','POST','http://la.baukpoltek.net/act_lists/add','/index.php?url=act_lists/add','Mozilla/5.0 (Windows NT 6.1; rv:5.0) Gecko/20100101 Firefox/5.0','2011-09-16 15:35:14'),(0,193,'39.213.122.35','act_lists','index','GET','http://la.baukpoltek.net/act_lists/add','/index.php?url=act_lists','Mozilla/5.0 (Windows NT 6.1; rv:5.0) Gecko/20100101 Firefox/5.0','2011-09-16 15:35:16'),(0,193,'39.213.122.35','users','logout','GET','http://la.baukpoltek.net/act_lists','/index.php?url=users/logout','Mozilla/5.0 (Windows NT 6.1; rv:5.0) Gecko/20100101 Firefox/5.0','2011-09-16 15:37:07'),(0,193,'39.213.122.35','act_lists','add','GET','http://la.baukpoltek.net/act_lists','/index.php?url=act_lists/add','Mozilla/5.0 (Windows NT 6.1; rv:5.0) Gecko/20100101 Firefox/5.0','2011-09-16 15:32:39'),(0,193,'39.213.122.35','act_lists','index','GET','http://la.baukpoltek.net/users/login','/index.php?url=act_lists','Mozilla/5.0 (Windows NT 6.1; rv:5.0) Gecko/20100101 Firefox/5.0','2011-09-16 15:31:41'),(0,186,'39.213.122.35','users','logout','GET','http://la.baukpoltek.net/act_lists','/index.php?url=users/logout','Mozilla/5.0 (Windows NT 6.1; rv:5.0) Gecko/20100101 Firefox/5.0','2011-09-16 15:31:18'),(0,166,'39.213.122.35','act_lists','index','GET','http://la.baukpoltek.net/act_lists/add','/index.php?url=act_lists','Mozilla/5.0 (Windows NT 6.1; rv:5.0) Gecko/20100101 Firefox/5.0','2011-09-16 15:08:50'),(0,166,'39.213.122.35','users','logout','GET','http://la.baukpoltek.net/act_lists','/index.php?url=users/logout','Mozilla/5.0 (Windows NT 6.1; rv:5.0) Gecko/20100101 Firefox/5.0','2011-09-16 15:08:54'),(0,186,'39.213.122.35','act_lists','index','GET','http://la.baukpoltek.net/users/login','/index.php?url=act_lists','Mozilla/5.0 (Windows NT 6.1; rv:5.0) Gecko/20100101 Firefox/5.0','2011-09-16 15:09:07'),(0,186,'39.213.122.35','act_lists','add','GET','http://la.baukpoltek.net/act_lists','/index.php?url=act_lists/add','Mozilla/5.0 (Windows NT 6.1; rv:5.0) Gecko/20100101 Firefox/5.0','2011-09-16 15:12:00'),(0,186,'39.213.122.35','act_lists','add','POST','http://la.baukpoltek.net/act_lists/add','/index.php?url=act_lists/add','Mozilla/5.0 (Windows NT 6.1; rv:5.0) Gecko/20100101 Firefox/5.0','2011-09-16 15:30:58'),(0,186,'39.213.122.35','act_lists','index','GET','http://la.baukpoltek.net/act_lists/add','/index.php?url=act_lists','Mozilla/5.0 (Windows NT 6.1; rv:5.0) Gecko/20100101 Firefox/5.0','2011-09-16 15:31:00'),(0,178,'39.213.122.35','act_lists','index','GET','http://la.baukpoltek.net/act_lists/add','/index.php?url=act_lists','Mozilla/5.0 (Windows NT 6.1; rv:5.0) Gecko/20100101 Firefox/5.0','2011-09-16 13:36:57'),(0,166,'39.213.122.35','users','logout','GET','http://la.baukpoltek.net/users/login','/index.php?url=users/logout','Mozilla/5.0 (Windows NT 6.1; rv:5.0) Gecko/20100101 Firefox/5.0','2011-09-16 15:06:03'),(0,166,'39.213.122.35','pages','display','GET','http://la.baukpoltek.net/users/login','/','Mozilla/5.0 (Windows NT 6.1; rv:5.0) Gecko/20100101 Firefox/5.0','2011-09-16 15:06:13'),(0,166,'39.213.122.35','act_lists','index','GET','http://la.baukpoltek.net/','/index.php?url=act_lists','Mozilla/5.0 (Windows NT 6.1; rv:5.0) Gecko/20100101 Firefox/5.0','2011-09-16 15:06:35'),(0,166,'39.213.122.35','act_lists','add','GET','http://la.baukpoltek.net/act_lists','/index.php?url=act_lists/add','Mozilla/5.0 (Windows NT 6.1; rv:5.0) Gecko/20100101 Firefox/5.0','2011-09-16 15:06:42'),(0,166,'39.213.122.35','act_lists','add','POST','http://la.baukpoltek.net/act_lists/add','/index.php?url=act_lists/add','Mozilla/5.0 (Windows NT 6.1; rv:5.0) Gecko/20100101 Firefox/5.0','2011-09-16 15:08:49'),(0,140,'39.213.122.35','act_lists','index','GET','http://la.baukpoltek.net/act_lists/add','/index.php?url=act_lists','Mozilla/5.0 (Windows NT 6.1; rv:5.0) Gecko/20100101 Firefox/5.0','2011-09-16 13:34:47'),(0,140,'39.213.122.35','users','logout','GET','http://la.baukpoltek.net/act_lists','/index.php?url=users/logout','Mozilla/5.0 (Windows NT 6.1; rv:5.0) Gecko/20100101 Firefox/5.0','2011-09-16 13:35:05'),(0,178,'39.213.122.35','act_lists','index','GET','http://la.baukpoltek.net/users/login','/index.php?url=act_lists','Mozilla/5.0 (Windows NT 6.1; rv:5.0) Gecko/20100101 Firefox/5.0','2011-09-16 13:35:55'),(0,178,'39.213.122.35','act_lists','add','GET','http://la.baukpoltek.net/act_lists','/index.php?url=act_lists/add','Mozilla/5.0 (Windows NT 6.1; rv:5.0) Gecko/20100101 Firefox/5.0','2011-09-16 13:35:59'),(0,178,'39.213.122.35','act_lists','add','POST','http://la.baukpoltek.net/act_lists/add','/index.php?url=act_lists/add','Mozilla/5.0 (Windows NT 6.1; rv:5.0) Gecko/20100101 Firefox/5.0','2011-09-16 13:36:56'),(0,140,'39.213.122.35','act_lists','add','POST','http://la.baukpoltek.net/act_lists/add','/index.php?url=act_lists/add','Mozilla/5.0 (Windows NT 6.1; rv:5.0) Gecko/20100101 Firefox/5.0','2011-09-16 13:34:46'),(0,117,'39.213.122.35','users','logout','GET','http://la.baukpoltek.net/act_lists','/index.php?url=users/logout','Mozilla/5.0 (Windows NT 6.1; rv:5.0) Gecko/20100101 Firefox/5.0','2011-09-16 13:31:16'),(0,116,'39.213.122.35','act_lists','index','GET','http://la.baukpoltek.net/users/login','/index.php?url=act_lists','Mozilla/5.0 (Windows NT 6.1; rv:5.0) Gecko/20100101 Firefox/5.0','2011-09-16 13:31:29'),(0,116,'39.213.122.35','act_lists','add','GET','http://la.baukpoltek.net/act_lists','/index.php?url=act_lists/add','Mozilla/5.0 (Windows NT 6.1; rv:5.0) Gecko/20100101 Firefox/5.0','2011-09-16 13:31:35'),(0,116,'39.213.122.35','act_lists','add','POST','http://la.baukpoltek.net/act_lists/add','/index.php?url=act_lists/add','Mozilla/5.0 (Windows NT 6.1; rv:5.0) Gecko/20100101 Firefox/5.0','2011-09-16 13:32:41'),(0,116,'39.213.122.35','act_lists','index','GET','http://la.baukpoltek.net/act_lists/add','/index.php?url=act_lists','Mozilla/5.0 (Windows NT 6.1; rv:5.0) Gecko/20100101 Firefox/5.0','2011-09-16 13:32:42'),(0,116,'39.213.122.35','users','logout','GET','http://la.baukpoltek.net/act_lists','/index.php?url=users/logout','Mozilla/5.0 (Windows NT 6.1; rv:5.0) Gecko/20100101 Firefox/5.0','2011-09-16 13:32:47'),(0,140,'39.213.122.35','act_lists','index','GET','http://la.baukpoltek.net/users/login','/index.php?url=act_lists','Mozilla/5.0 (Windows NT 6.1; rv:5.0) Gecko/20100101 Firefox/5.0','2011-09-16 13:32:56'),(0,140,'39.213.122.35','act_lists','add','GET','http://la.baukpoltek.net/act_lists','/index.php?url=act_lists/add','Mozilla/5.0 (Windows NT 6.1; rv:5.0) Gecko/20100101 Firefox/5.0','2011-09-16 13:33:11'),(0,117,'39.213.122.35','act_lists','index','GET','http://la.baukpoltek.net/act_lists/add','/index.php?url=act_lists','Mozilla/5.0 (Windows NT 6.1; rv:5.0) Gecko/20100101 Firefox/5.0','2011-09-16 13:31:07'),(0,117,'39.213.122.35','act_lists','add','POST','http://la.baukpoltek.net/act_lists/add','/index.php?url=act_lists/add','Mozilla/5.0 (Windows NT 6.1; rv:5.0) Gecko/20100101 Firefox/5.0','2011-09-16 13:31:06'),(0,117,'39.213.122.35','act_lists','index','GET','http://la.baukpoltek.net/users/login','/index.php?url=act_lists','Mozilla/5.0 (Windows NT 6.1; rv:5.0) Gecko/20100101 Firefox/5.0','2011-09-16 13:29:23'),(0,117,'39.213.122.35','act_lists','add','GET','http://la.baukpoltek.net/act_lists','/index.php?url=act_lists/add','Mozilla/5.0 (Windows NT 6.1; rv:5.0) Gecko/20100101 Firefox/5.0','2011-09-16 13:29:29'),(0,137,'39.213.122.35','act_lists','index','GET','http://la.baukpoltek.net/act_lists/add','/index.php?url=act_lists','Mozilla/5.0 (Windows NT 6.1; rv:5.0) Gecko/20100101 Firefox/5.0','2011-09-16 13:29:01'),(0,137,'39.213.122.35','users','logout','GET','http://la.baukpoltek.net/act_lists','/index.php?url=users/logout','Mozilla/5.0 (Windows NT 6.1; rv:5.0) Gecko/20100101 Firefox/5.0','2011-09-16 13:29:07'),(0,137,'39.213.122.35','act_lists','add','POST','http://la.baukpoltek.net/act_lists/add','/index.php?url=act_lists/add','Mozilla/5.0 (Windows NT 6.1; rv:5.0) Gecko/20100101 Firefox/5.0','2011-09-16 13:29:00'),(0,200,'39.213.122.35','act_lists','add','GET','http://la.baukpoltek.net/act_lists','/index.php?url=act_lists/add','Mozilla/5.0 (Windows NT 6.1; rv:5.0) Gecko/20100101 Firefox/5.0','2011-09-16 13:18:44'),(0,200,'39.213.122.35','act_lists','add','POST','http://la.baukpoltek.net/act_lists/add','/index.php?url=act_lists/add','Mozilla/5.0 (Windows NT 6.1; rv:5.0) Gecko/20100101 Firefox/5.0','2011-09-16 13:20:30'),(0,200,'39.213.122.35','act_lists','index','GET','http://la.baukpoltek.net/act_lists/add','/index.php?url=act_lists','Mozilla/5.0 (Windows NT 6.1; rv:5.0) Gecko/20100101 Firefox/5.0','2011-09-16 13:20:31'),(0,200,'39.213.122.35','users','logout','GET','http://la.baukpoltek.net/act_lists','/index.php?url=users/logout','Mozilla/5.0 (Windows NT 6.1; rv:5.0) Gecko/20100101 Firefox/5.0','2011-09-16 13:20:36'),(0,174,'39.213.122.35','act_lists','index','GET','http://la.baukpoltek.net/users/login','/index.php?url=act_lists','Mozilla/5.0 (Windows NT 6.1; rv:5.0) Gecko/20100101 Firefox/5.0','2011-09-16 13:20:47'),(0,174,'39.213.122.35','act_lists','add','GET','http://la.baukpoltek.net/act_lists','/index.php?url=act_lists/add','Mozilla/5.0 (Windows NT 6.1; rv:5.0) Gecko/20100101 Firefox/5.0','2011-09-16 13:20:51'),(0,174,'39.213.122.35','act_lists','add','POST','http://la.baukpoltek.net/act_lists/add','/index.php?url=act_lists/add','Mozilla/5.0 (Windows NT 6.1; rv:5.0) Gecko/20100101 Firefox/5.0','2011-09-16 13:22:03'),(0,174,'39.213.122.35','act_lists','index','GET','http://la.baukpoltek.net/act_lists/add','/index.php?url=act_lists','Mozilla/5.0 (Windows NT 6.1; rv:5.0) Gecko/20100101 Firefox/5.0','2011-09-16 13:22:04'),(0,174,'39.213.122.35','users','logout','GET','http://la.baukpoltek.net/act_lists','/index.php?url=users/logout','Mozilla/5.0 (Windows NT 6.1; rv:5.0) Gecko/20100101 Firefox/5.0','2011-09-16 13:22:09'),(0,163,'39.213.122.35','act_lists','index','GET','http://la.baukpoltek.net/users/login','/index.php?url=act_lists','Mozilla/5.0 (Windows NT 6.1; rv:5.0) Gecko/20100101 Firefox/5.0','2011-09-16 13:22:26'),(0,163,'39.213.122.35','act_lists','add','GET','http://la.baukpoltek.net/act_lists','/index.php?url=act_lists/add','Mozilla/5.0 (Windows NT 6.1; rv:5.0) Gecko/20100101 Firefox/5.0','2011-09-16 13:22:58'),(0,163,'39.213.122.35','act_lists','add','POST','http://la.baukpoltek.net/act_lists/add','/index.php?url=act_lists/add','Mozilla/5.0 (Windows NT 6.1; rv:5.0) Gecko/20100101 Firefox/5.0','2011-09-16 13:26:43'),(0,163,'39.213.122.35','act_lists','index','GET','http://la.baukpoltek.net/act_lists/add','/index.php?url=act_lists','Mozilla/5.0 (Windows NT 6.1; rv:5.0) Gecko/20100101 Firefox/5.0','2011-09-16 13:26:43'),(0,163,'39.213.122.35','users','logout','GET','http://la.baukpoltek.net/act_lists','/index.php?url=users/logout','Mozilla/5.0 (Windows NT 6.1; rv:5.0) Gecko/20100101 Firefox/5.0','2011-09-16 13:27:07'),(0,137,'39.213.122.35','act_lists','index','GET','http://la.baukpoltek.net/users/login','/index.php?url=act_lists','Mozilla/5.0 (Windows NT 6.1; rv:5.0) Gecko/20100101 Firefox/5.0','2011-09-16 13:27:24'),(0,137,'39.213.122.35','act_lists','index','GET','http://la.baukpoltek.net/act_lists','/index.php?url=act_lists','Mozilla/5.0 (Windows NT 6.1; rv:5.0) Gecko/20100101 Firefox/5.0','2011-09-16 13:27:30'),(0,137,'39.213.122.35','act_lists','add','GET','http://la.baukpoltek.net/act_lists','/index.php?url=act_lists/add','Mozilla/5.0 (Windows NT 6.1; rv:5.0) Gecko/20100101 Firefox/5.0','2011-09-16 13:27:34'),(0,200,'39.213.122.35','act_lists','index','GET','http://la.baukpoltek.net/users/login','/index.php?url=act_lists','Mozilla/5.0 (Windows NT 6.1; rv:5.0) Gecko/20100101 Firefox/5.0','2011-09-16 13:18:38'),(0,136,'39.213.122.35','users','logout','GET','http://la.baukpoltek.net/act_lists','/index.php?url=users/logout','Mozilla/5.0 (Windows NT 6.1; rv:5.0) Gecko/20100101 Firefox/5.0','2011-09-16 13:18:23'),(0,136,'39.213.122.35','act_lists','add','POST','http://la.baukpoltek.net/act_lists/add','/index.php?url=act_lists/add','Mozilla/5.0 (Windows NT 6.1; rv:5.0) Gecko/20100101 Firefox/5.0','2011-09-16 13:17:52'),(0,136,'39.213.122.35','act_lists','index','GET','http://la.baukpoltek.net/act_lists/add','/index.php?url=act_lists','Mozilla/5.0 (Windows NT 6.1; rv:5.0) Gecko/20100101 Firefox/5.0','2011-09-16 13:17:53'),(0,204,'39.213.122.35','users','logout','GET','http://la.baukpoltek.net/act_lists','/index.php?url=users/logout','Mozilla/5.0 (Windows NT 6.1; rv:5.0) Gecko/20100101 Firefox/5.0','2011-09-16 13:15:12'),(0,136,'39.213.122.35','act_lists','index','GET','http://la.baukpoltek.net/users/login','/index.php?url=act_lists','Mozilla/5.0 (Windows NT 6.1; rv:5.0) Gecko/20100101 Firefox/5.0','2011-09-16 13:15:46'),(0,136,'39.213.122.35','act_lists','add','GET','http://la.baukpoltek.net/act_lists','/index.php?url=act_lists/add','Mozilla/5.0 (Windows NT 6.1; rv:5.0) Gecko/20100101 Firefox/5.0','2011-09-16 13:15:50'),(0,204,'39.213.122.35','act_lists','index','GET','http://la.baukpoltek.net/act_lists/add','/index.php?url=act_lists','Mozilla/5.0 (Windows NT 6.1; rv:5.0) Gecko/20100101 Firefox/5.0','2011-09-16 13:15:07'),(0,164,'39.213.122.35','act_lists','index','GET','http://la.baukpoltek.net/users/login','/index.php?url=act_lists','Mozilla/5.0 (Windows NT 6.1; rv:5.0) Gecko/20100101 Firefox/5.0','2011-09-16 13:11:26'),(0,164,'39.213.122.35','act_lists','add','GET','http://la.baukpoltek.net/act_lists','/index.php?url=act_lists/add','Mozilla/5.0 (Windows NT 6.1; rv:5.0) Gecko/20100101 Firefox/5.0','2011-09-16 13:11:32'),(0,164,'39.213.122.35','act_lists','add','POST','http://la.baukpoltek.net/act_lists/add','/index.php?url=act_lists/add','Mozilla/5.0 (Windows NT 6.1; rv:5.0) Gecko/20100101 Firefox/5.0','2011-09-16 13:12:56'),(0,164,'39.213.122.35','act_lists','index','GET','http://la.baukpoltek.net/act_lists/add','/index.php?url=act_lists','Mozilla/5.0 (Windows NT 6.1; rv:5.0) Gecko/20100101 Firefox/5.0','2011-09-16 13:12:57'),(0,164,'39.213.122.35','users','logout','GET','http://la.baukpoltek.net/act_lists','/index.php?url=users/logout','Mozilla/5.0 (Windows NT 6.1; rv:5.0) Gecko/20100101 Firefox/5.0','2011-09-16 13:13:01'),(0,204,'39.213.122.35','act_lists','index','GET','http://la.baukpoltek.net/users/login','/index.php?url=act_lists','Mozilla/5.0 (Windows NT 6.1; rv:5.0) Gecko/20100101 Firefox/5.0','2011-09-16 13:13:18'),(0,204,'39.213.122.35','act_lists','add','GET','http://la.baukpoltek.net/act_lists','/index.php?url=act_lists/add','Mozilla/5.0 (Windows NT 6.1; rv:5.0) Gecko/20100101 Firefox/5.0','2011-09-16 13:13:30'),(0,204,'39.213.122.35','act_lists','add','POST','http://la.baukpoltek.net/act_lists/add','/index.php?url=act_lists/add','Mozilla/5.0 (Windows NT 6.1; rv:5.0) Gecko/20100101 Firefox/5.0','2011-09-16 13:15:06'),(0,124,'39.213.122.35','users','logout','GET','http://la.baukpoltek.net/act_lists','/index.php?url=users/logout','Mozilla/5.0 (Windows NT 6.1; rv:5.0) Gecko/20100101 Firefox/5.0','2011-09-16 13:11:13'),(0,124,'39.213.122.35','act_lists','index','GET','http://la.baukpoltek.net/act_lists/add','/index.php?url=act_lists','Mozilla/5.0 (Windows NT 6.1; rv:5.0) Gecko/20100101 Firefox/5.0','2011-09-16 13:11:06'),(0,124,'39.213.122.35','act_lists','add','GET','http://la.baukpoltek.net/act_lists','/index.php?url=act_lists/add','Mozilla/5.0 (Windows NT 6.1; rv:5.0) Gecko/20100101 Firefox/5.0','2011-09-16 13:09:44'),(0,124,'39.213.122.35','act_lists','add','POST','http://la.baukpoltek.net/act_lists/add','/index.php?url=act_lists/add','Mozilla/5.0 (Windows NT 6.1; rv:5.0) Gecko/20100101 Firefox/5.0','2011-09-16 13:11:05'),(0,124,'39.213.122.35','act_lists','index','GET','http://la.baukpoltek.net/users/login','/index.php?url=act_lists','Mozilla/5.0 (Windows NT 6.1; rv:5.0) Gecko/20100101 Firefox/5.0','2011-09-16 13:09:34'),(0,199,'39.213.122.35','users','logout','GET','http://la.baukpoltek.net/act_lists','/index.php?url=users/logout','Mozilla/5.0 (Windows NT 6.1; rv:5.0) Gecko/20100101 Firefox/5.0','2011-09-16 13:09:25'),(0,199,'39.213.122.35','act_lists','index','GET','http://la.baukpoltek.net/act_lists/add','/index.php?url=act_lists','Mozilla/5.0 (Windows NT 6.1; rv:5.0) Gecko/20100101 Firefox/5.0','2011-09-16 13:09:20'),(0,122,'39.213.122.35','act_lists','add','POST','http://la.baukpoltek.net/act_lists/add','/index.php?url=act_lists/add','Mozilla/5.0 (Windows NT 6.1; rv:5.0) Gecko/20100101 Firefox/5.0','2011-09-16 13:07:46'),(0,122,'39.213.122.35','act_lists','index','GET','http://la.baukpoltek.net/act_lists/add','/index.php?url=act_lists','Mozilla/5.0 (Windows NT 6.1; rv:5.0) Gecko/20100101 Firefox/5.0','2011-09-16 13:07:47'),(0,122,'39.213.122.35','users','logout','GET','http://la.baukpoltek.net/act_lists','/index.php?url=users/logout','Mozilla/5.0 (Windows NT 6.1; rv:5.0) Gecko/20100101 Firefox/5.0','2011-09-16 13:07:56'),(0,199,'39.213.122.35','act_lists','index','GET','http://la.baukpoltek.net/users/login','/index.php?url=act_lists','Mozilla/5.0 (Windows NT 6.1; rv:5.0) Gecko/20100101 Firefox/5.0','2011-09-16 13:08:09'),(0,1,'118.97.104.90','act_lists','report_student_attendance','POST','http://la.baukpoltek.net/act_lists/report_student_attendance/','/index.php?url=act_lists/report_student_attendance','Mozilla/5.0 (Windows NT 5.1; rv:6.0.2) Gecko/20100101 Firefox/6.0.2','2011-09-16 07:47:08'),(0,199,'39.213.122.35','act_lists','add','GET','http://la.baukpoltek.net/act_lists','/index.php?url=act_lists/add','Mozilla/5.0 (Windows NT 6.1; rv:5.0) Gecko/20100101 Firefox/5.0','2011-09-16 13:08:15'),(0,199,'39.213.122.35','act_lists','add','POST','http://la.baukpoltek.net/act_lists/add','/index.php?url=act_lists/add','Mozilla/5.0 (Windows NT 6.1; rv:5.0) Gecko/20100101 Firefox/5.0','2011-09-16 13:09:19'),(0,122,'39.213.122.35','act_lists','add','GET','http://la.baukpoltek.net/act_lists','/index.php?url=act_lists/add','Mozilla/5.0 (Windows NT 6.1; rv:5.0) Gecko/20100101 Firefox/5.0','2011-09-16 13:06:44'),(0,122,'39.213.122.35','act_lists','index','GET','http://la.baukpoltek.net/','/index.php?url=act_lists','Mozilla/5.0 (Windows NT 6.1; rv:5.0) Gecko/20100101 Firefox/5.0','2011-09-16 13:06:36'),(0,122,'39.213.122.35','pages','display','GET','http://la.baukpoltek.net/users/login','/','Mozilla/5.0 (Windows NT 6.1; rv:5.0) Gecko/20100101 Firefox/5.0','2011-09-16 13:06:31'),(0,1,'118.97.104.90','act_lists','report_student_attendance','POST','http://la.baukpoltek.net/act_lists/report_student_attendance/','/index.php?url=act_lists/report_student_attendance','Mozilla/5.0 (Windows NT 5.1; rv:6.0.2) Gecko/20100101 Firefox/6.0.2','2011-09-16 07:48:43'),(0,1,'118.97.104.90','act_lists','report_student_attendance','POST','http://la.baukpoltek.net/act_lists/report_student_attendance/','/index.php?url=act_lists/report_student_attendance','Mozilla/5.0 (Windows NT 5.1; rv:6.0.2) Gecko/20100101 Firefox/6.0.2','2011-09-16 07:48:17'),(0,1,'118.97.104.90','act_lists','report_student_attendance','POST','http://la.baukpoltek.net/act_lists/report_student_attendance/','/index.php?url=act_lists/report_student_attendance','Mozilla/5.0 (Windows NT 5.1; rv:6.0.2) Gecko/20100101 Firefox/6.0.2','2011-09-16 07:47:43'),(0,1,'118.97.104.90','act_lists','report_student_attendance','POST','http://la.baukpoltek.net/act_lists/report_student_attendance/','/index.php?url=act_lists/report_student_attendance','Mozilla/5.0 (Windows NT 5.1; rv:6.0.2) Gecko/20100101 Firefox/6.0.2','2011-09-16 07:47:24'),(0,1,'118.97.104.90','act_lists','report_student_attendance','POST','http://la.baukpoltek.net/act_lists/report_student_attendance/','/index.php?url=act_lists/report_student_attendance','Mozilla/5.0 (Windows NT 5.1; rv:6.0.2) Gecko/20100101 Firefox/6.0.2','2011-09-16 07:45:28'),(0,1,'118.97.104.90','act_lists','report_student_attendance','POST','http://la.baukpoltek.net/act_lists/report_student_attendance/','/index.php?url=act_lists/report_student_attendance','Mozilla/5.0 (Windows NT 5.1; rv:6.0.2) Gecko/20100101 Firefox/6.0.2','2011-09-16 07:44:39'),(0,1,'118.97.104.90','act_lists','report_student_attendance','POST','http://la.baukpoltek.net/act_lists/report_student_attendance/','/index.php?url=act_lists/report_student_attendance','Mozilla/5.0 (Windows NT 5.1; rv:6.0.2) Gecko/20100101 Firefox/6.0.2','2011-09-16 07:44:17'),(0,1,'118.97.104.90','act_lists','report_student_attendance','POST','http://la.baukpoltek.net/act_lists/report_student_attendance/','/index.php?url=act_lists/report_student_attendance','Mozilla/5.0 (Windows NT 5.1; rv:6.0.2) Gecko/20100101 Firefox/6.0.2','2011-09-16 07:43:55'),(0,1,'118.97.104.90','act_lists','report_per_day','POST','http://la.baukpoltek.net/act_lists/report_per_day/teaching','/index.php?url=act_lists/report_per_day/teaching','Mozilla/5.0 (Windows NT 5.1; rv:6.0.2) Gecko/20100101 Firefox/6.0.2','2011-09-16 07:41:33'),(0,1,'118.97.104.90','act_lists','report_student_attendance','GET','http://la.baukpoltek.net/act_lists/report_per_day/teaching','/index.php?url=act_lists/report_student_attendance/','Mozilla/5.0 (Windows NT 5.1; rv:6.0.2) Gecko/20100101 Firefox/6.0.2','2011-09-16 07:43:41'),(0,1,'118.97.104.90','act_lists','report_per_day','GET','http://la.baukpoltek.net/','/index.php?url=act_lists/report_per_day/teaching','Mozilla/5.0 (Windows NT 5.1; rv:6.0.2) Gecko/20100101 Firefox/6.0.2','2011-09-16 07:41:27'),(0,1,'118.97.104.90','pages','display','GET','http://la.baukpoltek.net/users/login','/','Mozilla/5.0 (Windows NT 5.1; rv:6.0.2) Gecko/20100101 Firefox/6.0.2','2011-09-16 07:41:06'),(0,162,'120.166.3.220','users','logout','GET','http://la.baukpoltek.net/act_lists/report_per_day/teaching_monthly','/index.php?url=users/logout','Mozilla/5.0 (Windows NT 6.1; rv:6.0.2) Gecko/20100101 Firefox/6.0.2','2011-09-15 22:26:48'),(0,162,'120.166.3.220','act_lists','report_per_day','POST','http://la.baukpoltek.net/act_lists/report_per_day/teaching_monthly','/index.php?url=act_lists/report_per_day/teaching_monthly','Mozilla/5.0 (Windows NT 6.1; rv:6.0.2) Gecko/20100101 Firefox/6.0.2','2011-09-15 22:26:10'),(0,162,'120.166.3.220','act_lists','report_per_day','GET','http://la.baukpoltek.net/act_lists/report_student_attendance/per_course','/index.php?url=act_lists/report_per_day/teaching_monthly','Mozilla/5.0 (Windows NT 6.1; rv:6.0.2) Gecko/20100101 Firefox/6.0.2','2011-09-15 22:26:07'),(0,162,'120.166.3.220','act_lists','report_student_attendance','POST','http://la.baukpoltek.net/act_lists/report_student_attendance/per_course','/index.php?url=act_lists/report_student_attendance/per_course','Mozilla/5.0 (Windows NT 6.1; rv:6.0.2) Gecko/20100101 Firefox/6.0.2','2011-09-15 22:25:56'),(0,162,'120.166.3.220','act_lists','get_courses','GET','http://la.baukpoltek.net/act_lists/report_student_attendance/per_course','/index.php?url=act_lists/get_courses/55','Mozilla/5.0 (Windows NT 6.1; rv:6.0.2) Gecko/20100101 Firefox/6.0.2','2011-09-15 22:25:52'),(0,162,'120.166.3.220','act_lists','report_student_attendance','GET','http://la.baukpoltek.net/act_lists/report_student_attendance/','/index.php?url=act_lists/report_student_attendance/per_course','Mozilla/5.0 (Windows NT 6.1; rv:6.0.2) Gecko/20100101 Firefox/6.0.2','2011-09-15 22:25:50'),(0,162,'120.166.3.220','act_lists','report_student_attendance','POST','http://la.baukpoltek.net/act_lists/report_student_attendance/','/index.php?url=act_lists/report_student_attendance','Mozilla/5.0 (Windows NT 6.1; rv:6.0.2) Gecko/20100101 Firefox/6.0.2','2011-09-15 22:25:34'),(0,162,'120.166.3.220','act_lists','report_student_attendance','POST','http://la.baukpoltek.net/act_lists/report_student_attendance/','/index.php?url=act_lists/report_student_attendance','Mozilla/5.0 (Windows NT 6.1; rv:6.0.2) Gecko/20100101 Firefox/6.0.2','2011-09-15 22:24:58'),(0,162,'120.166.3.220','act_lists','report_student_attendance','GET','http://la.baukpoltek.net/act_lists/report_honor_per_month','/index.php?url=act_lists/report_student_attendance/','Mozilla/5.0 (Windows NT 6.1; rv:6.0.2) Gecko/20100101 Firefox/6.0.2','2011-09-15 22:24:49'),(0,162,'120.166.3.220','act_lists','report_honor_per_month','POST','http://la.baukpoltek.net/act_lists/report_honor_per_month','/index.php?url=act_lists/report_honor_per_month','Mozilla/5.0 (Windows NT 6.1; rv:6.0.2) Gecko/20100101 Firefox/6.0.2','2011-09-15 22:24:02'),(0,162,'120.166.3.220','act_lists','report_honor_per_month','GET','http://la.baukpoltek.net/act_lists/approval_list','/index.php?url=act_lists/report_honor_per_month','Mozilla/5.0 (Windows NT 6.1; rv:6.0.2) Gecko/20100101 Firefox/6.0.2','2011-09-15 22:23:56'),(0,162,'120.166.3.220','act_lists','approval_list','GET','http://la.baukpoltek.net/act_lists/approval_list','/index.php?url=act_lists/approval_list/page:2&ajax=1','Mozilla/5.0 (Windows NT 6.1; rv:6.0.2) Gecko/20100101 Firefox/6.0.2','2011-09-15 22:23:29'),(0,162,'120.166.3.220','act_lists','approval_list','GET','http://la.baukpoltek.net/act_lists/edit/248','/index.php?url=act_lists/approval_list','Mozilla/5.0 (Windows NT 6.1; rv:6.0.2) Gecko/20100101 Firefox/6.0.2','2011-09-15 22:23:12'),(0,162,'120.166.3.220','act_lists','edit','POST','http://la.baukpoltek.net/act_lists/edit/248','/index.php?url=act_lists/edit/248','Mozilla/5.0 (Windows NT 6.1; rv:6.0.2) Gecko/20100101 Firefox/6.0.2','2011-09-15 22:23:11'),(0,162,'120.166.3.220','act_lists','edit','GET','http://la.baukpoltek.net/act_lists/approval_list','/index.php?url=act_lists/edit/248','Mozilla/5.0 (Windows NT 6.1; rv:6.0.2) Gecko/20100101 Firefox/6.0.2','2011-09-15 22:23:03'),(0,162,'120.166.3.220','act_lists','approval_list','GET','http://la.baukpoltek.net/act_lists/approval_list','/index.php?url=act_lists/approval_list/page:2&ajax=1','Mozilla/5.0 (Windows NT 6.1; rv:6.0.2) Gecko/20100101 Firefox/6.0.2','2011-09-15 22:22:45'),(0,162,'120.166.3.220','act_lists','approval_list','GET','http://la.baukpoltek.net/act_lists/edit/249','/index.php?url=act_lists/approval_list','Mozilla/5.0 (Windows NT 6.1; rv:6.0.2) Gecko/20100101 Firefox/6.0.2','2011-09-15 22:22:30'),(0,162,'120.166.3.220','act_lists','edit','POST','http://la.baukpoltek.net/act_lists/edit/249','/index.php?url=act_lists/edit/249','Mozilla/5.0 (Windows NT 6.1; rv:6.0.2) Gecko/20100101 Firefox/6.0.2','2011-09-15 22:22:29'),(0,162,'120.166.3.220','act_lists','edit','GET','http://la.baukpoltek.net/act_lists/approval_list','/index.php?url=act_lists/edit/249','Mozilla/5.0 (Windows NT 6.1; rv:6.0.2) Gecko/20100101 Firefox/6.0.2','2011-09-15 22:22:17'),(0,162,'120.166.3.220','act_lists','approval_list','GET','http://la.baukpoltek.net/act_lists/approval_list','/index.php?url=act_lists/approval_list/page:2&ajax=1','Mozilla/5.0 (Windows NT 6.1; rv:6.0.2) Gecko/20100101 Firefox/6.0.2','2011-09-15 22:22:01'),(0,162,'120.166.3.220','act_lists','approval_list','GET','http://la.baukpoltek.net/act_lists/edit/250','/index.php?url=act_lists/approval_list','Mozilla/5.0 (Windows NT 6.1; rv:6.0.2) Gecko/20100101 Firefox/6.0.2','2011-09-15 22:21:45'),(0,162,'120.166.3.220','act_lists','edit','POST','http://la.baukpoltek.net/act_lists/edit/250','/index.php?url=act_lists/edit/250','Mozilla/5.0 (Windows NT 6.1; rv:6.0.2) Gecko/20100101 Firefox/6.0.2','2011-09-15 22:21:44'),(0,162,'120.166.3.220','act_lists','edit','GET','http://la.baukpoltek.net/act_lists/approval_list','/index.php?url=act_lists/edit/250','Mozilla/5.0 (Windows NT 6.1; rv:6.0.2) Gecko/20100101 Firefox/6.0.2','2011-09-15 22:21:36'),(0,162,'120.166.3.220','act_lists','approval_list','GET','http://la.baukpoltek.net/act_lists/approval_list','/index.php?url=act_lists/approval_list/page:2&ajax=1','Mozilla/5.0 (Windows NT 6.1; rv:6.0.2) Gecko/20100101 Firefox/6.0.2','2011-09-15 22:21:20'),(0,162,'120.166.3.220','act_lists','approval_list','GET','http://la.baukpoltek.net/act_lists/edit/251','/index.php?url=act_lists/approval_list','Mozilla/5.0 (Windows NT 6.1; rv:6.0.2) Gecko/20100101 Firefox/6.0.2','2011-09-15 22:20:38'),(0,162,'120.166.3.220','act_lists','edit','POST','http://la.baukpoltek.net/act_lists/edit/251','/index.php?url=act_lists/edit/251','Mozilla/5.0 (Windows NT 6.1; rv:6.0.2) Gecko/20100101 Firefox/6.0.2','2011-09-15 22:20:38'),(0,162,'120.166.3.220','act_lists','edit','GET','http://la.baukpoltek.net/act_lists/approval_list','/index.php?url=act_lists/edit/251','Mozilla/5.0 (Windows NT 6.1; rv:6.0.2) Gecko/20100101 Firefox/6.0.2','2011-09-15 22:20:29'),(0,162,'120.166.3.220','act_lists','approval_list','GET','http://la.baukpoltek.net/act_lists/edit/252','/index.php?url=act_lists/approval_list','Mozilla/5.0 (Windows NT 6.1; rv:6.0.2) Gecko/20100101 Firefox/6.0.2','2011-09-15 22:19:55'),(0,162,'120.166.3.220','act_lists','approval_list','GET','http://la.baukpoltek.net/act_lists/approval_list','/index.php?url=act_lists/approval_list/page:2&ajax=1','Mozilla/5.0 (Windows NT 6.1; rv:6.0.2) Gecko/20100101 Firefox/6.0.2','2011-09-15 22:20:12'),(0,162,'120.166.3.220','act_lists','approval_list','GET','http://la.baukpoltek.net/act_lists/approval_list','/index.php?url=act_lists/approval_list/page:2&ajax=1','Mozilla/5.0 (Windows NT 6.1; rv:6.0.2) Gecko/20100101 Firefox/6.0.2','2011-09-15 22:19:27'),(0,162,'120.166.3.220','act_lists','edit','GET','http://la.baukpoltek.net/act_lists/approval_list','/index.php?url=act_lists/edit/252','Mozilla/5.0 (Windows NT 6.1; rv:6.0.2) Gecko/20100101 Firefox/6.0.2','2011-09-15 22:19:44'),(0,162,'120.166.3.220','act_lists','edit','POST','http://la.baukpoltek.net/act_lists/edit/252','/index.php?url=act_lists/edit/252','Mozilla/5.0 (Windows NT 6.1; rv:6.0.2) Gecko/20100101 Firefox/6.0.2','2011-09-15 22:19:54'),(0,162,'120.166.3.220','act_lists','edit','GET','http://la.baukpoltek.net/act_lists/approval_list','/index.php?url=act_lists/edit/253','Mozilla/5.0 (Windows NT 6.1; rv:6.0.2) Gecko/20100101 Firefox/6.0.2','2011-09-15 22:19:02'),(0,162,'120.166.3.220','act_lists','edit','POST','http://la.baukpoltek.net/act_lists/edit/253','/index.php?url=act_lists/edit/253','Mozilla/5.0 (Windows NT 6.1; rv:6.0.2) Gecko/20100101 Firefox/6.0.2','2011-09-15 22:19:11'),(0,162,'120.166.3.220','act_lists','approval_list','GET','http://la.baukpoltek.net/act_lists/edit/253','/index.php?url=act_lists/approval_list','Mozilla/5.0 (Windows NT 6.1; rv:6.0.2) Gecko/20100101 Firefox/6.0.2','2011-09-15 22:19:11'),(0,162,'120.166.3.220','act_lists','edit','POST','http://la.baukpoltek.net/act_lists/edit/254','/index.php?url=act_lists/edit/254','Mozilla/5.0 (Windows NT 6.1; rv:6.0.2) Gecko/20100101 Firefox/6.0.2','2011-09-15 22:18:30'),(0,162,'120.166.3.220','act_lists','approval_list','GET','http://la.baukpoltek.net/act_lists/edit/254','/index.php?url=act_lists/approval_list','Mozilla/5.0 (Windows NT 6.1; rv:6.0.2) Gecko/20100101 Firefox/6.0.2','2011-09-15 22:18:30'),(0,162,'120.166.3.220','act_lists','approval_list','GET','http://la.baukpoltek.net/act_lists/approval_list','/index.php?url=act_lists/approval_list/page:2&ajax=1','Mozilla/5.0 (Windows NT 6.1; rv:6.0.2) Gecko/20100101 Firefox/6.0.2','2011-09-15 22:18:47'),(0,162,'120.166.3.220','act_lists','approval_list','GET','http://la.baukpoltek.net/act_lists/approval_list','/index.php?url=act_lists/approval_list/page:2&ajax=1','Mozilla/5.0 (Windows NT 6.1; rv:6.0.2) Gecko/20100101 Firefox/6.0.2','2011-09-15 22:18:00'),(0,162,'120.166.3.220','act_lists','edit','GET','http://la.baukpoltek.net/act_lists/approval_list','/index.php?url=act_lists/edit/254','Mozilla/5.0 (Windows NT 6.1; rv:6.0.2) Gecko/20100101 Firefox/6.0.2','2011-09-15 22:18:21'),(0,162,'120.166.3.220','act_lists','approval_list','GET','http://la.baukpoltek.net/act_lists/edit/255','/index.php?url=act_lists/approval_list','Mozilla/5.0 (Windows NT 6.1; rv:6.0.2) Gecko/20100101 Firefox/6.0.2','2011-09-15 22:17:43'),(0,162,'120.166.3.220','act_lists','edit','POST','http://la.baukpoltek.net/act_lists/edit/255','/index.php?url=act_lists/edit/255','Mozilla/5.0 (Windows NT 6.1; rv:6.0.2) Gecko/20100101 Firefox/6.0.2','2011-09-15 22:17:43'),(0,162,'120.166.3.220','act_lists','edit','GET','http://la.baukpoltek.net/act_lists/approval_list','/index.php?url=act_lists/edit/255','Mozilla/5.0 (Windows NT 6.1; rv:6.0.2) Gecko/20100101 Firefox/6.0.2','2011-09-15 22:17:34'),(0,162,'120.166.3.220','act_lists','approval_list','GET','http://la.baukpoltek.net/act_lists/edit/258','/index.php?url=act_lists/approval_list','Mozilla/5.0 (Windows NT 6.1; rv:6.0.2) Gecko/20100101 Firefox/6.0.2','2011-09-15 22:15:41'),(0,162,'120.166.3.220','act_lists','approval_list','GET','http://la.baukpoltek.net/act_lists/approval_list','/index.php?url=act_lists/approval_list/page:2&ajax=1','Mozilla/5.0 (Windows NT 6.1; rv:6.0.2) Gecko/20100101 Firefox/6.0.2','2011-09-15 22:17:17'),(0,162,'120.166.3.220','act_lists','approval_list','GET','http://la.baukpoltek.net/act_lists/edit/256','/index.php?url=act_lists/approval_list','Mozilla/5.0 (Windows NT 6.1; rv:6.0.2) Gecko/20100101 Firefox/6.0.2','2011-09-15 22:17:00'),(0,162,'120.166.3.220','act_lists','edit','POST','http://la.baukpoltek.net/act_lists/edit/256','/index.php?url=act_lists/edit/256','Mozilla/5.0 (Windows NT 6.1; rv:6.0.2) Gecko/20100101 Firefox/6.0.2','2011-09-15 22:16:59'),(0,162,'120.166.3.220','act_lists','edit','GET','http://la.baukpoltek.net/act_lists/approval_list','/index.php?url=act_lists/edit/256','Mozilla/5.0 (Windows NT 6.1; rv:6.0.2) Gecko/20100101 Firefox/6.0.2','2011-09-15 22:16:47'),(0,162,'120.166.3.220','act_lists','approval_list','GET','http://la.baukpoltek.net/act_lists/approval_list','/index.php?url=act_lists/approval_list/page:2&ajax=1','Mozilla/5.0 (Windows NT 6.1; rv:6.0.2) Gecko/20100101 Firefox/6.0.2','2011-09-15 22:16:24'),(0,162,'120.166.3.220','act_lists','approval_list','GET','http://la.baukpoltek.net/act_lists/edit/257','/index.php?url=act_lists/approval_list','Mozilla/5.0 (Windows NT 6.1; rv:6.0.2) Gecko/20100101 Firefox/6.0.2','2011-09-15 22:16:09'),(0,162,'120.166.3.220','act_lists','edit','POST','http://la.baukpoltek.net/act_lists/edit/257','/index.php?url=act_lists/edit/257','Mozilla/5.0 (Windows NT 6.1; rv:6.0.2) Gecko/20100101 Firefox/6.0.2','2011-09-15 22:16:08'),(0,162,'120.166.3.220','act_lists','edit','GET','http://la.baukpoltek.net/act_lists/approval_list','/index.php?url=act_lists/edit/257','Mozilla/5.0 (Windows NT 6.1; rv:6.0.2) Gecko/20100101 Firefox/6.0.2','2011-09-15 22:15:59'),(0,162,'120.166.3.220','act_lists','edit','POST','http://la.baukpoltek.net/act_lists/edit/258','/index.php?url=act_lists/edit/258','Mozilla/5.0 (Windows NT 6.1; rv:6.0.2) Gecko/20100101 Firefox/6.0.2','2011-09-15 22:15:41'),(0,162,'120.166.3.220','act_lists','edit','GET','http://la.baukpoltek.net/act_lists/approval_list','/index.php?url=act_lists/edit/258','Mozilla/5.0 (Windows NT 6.1; rv:6.0.2) Gecko/20100101 Firefox/6.0.2','2011-09-15 22:15:30'),(0,162,'120.166.3.220','act_lists','approval_list','GET','http://la.baukpoltek.net/act_lists/edit/259','/index.php?url=act_lists/approval_list','Mozilla/5.0 (Windows NT 6.1; rv:6.0.2) Gecko/20100101 Firefox/6.0.2','2011-09-15 22:15:16'),(0,162,'120.166.3.220','act_lists','edit','POST','http://la.baukpoltek.net/act_lists/edit/259','/index.php?url=act_lists/edit/259','Mozilla/5.0 (Windows NT 6.1; rv:6.0.2) Gecko/20100101 Firefox/6.0.2','2011-09-15 22:15:15'),(0,162,'120.166.3.220','act_lists','edit','GET','http://la.baukpoltek.net/act_lists/approval_list','/index.php?url=act_lists/edit/259','Mozilla/5.0 (Windows NT 6.1; rv:6.0.2) Gecko/20100101 Firefox/6.0.2','2011-09-15 22:15:07'),(0,162,'120.166.3.220','act_lists','edit','POST','http://la.baukpoltek.net/act_lists/edit/260','/index.php?url=act_lists/edit/260','Mozilla/5.0 (Windows NT 6.1; rv:6.0.2) Gecko/20100101 Firefox/6.0.2','2011-09-15 22:14:49'),(0,162,'120.166.3.220','act_lists','approval_list','GET','http://la.baukpoltek.net/act_lists/edit/260','/index.php?url=act_lists/approval_list','Mozilla/5.0 (Windows NT 6.1; rv:6.0.2) Gecko/20100101 Firefox/6.0.2','2011-09-15 22:14:50'),(0,162,'120.166.3.220','act_lists','approval_list','GET','http://la.baukpoltek.net/act_lists/edit/262','/index.php?url=act_lists/approval_list','Mozilla/5.0 (Windows NT 6.1; rv:6.0.2) Gecko/20100101 Firefox/6.0.2','2011-09-15 22:13:51'),(0,162,'120.166.3.220','act_lists','edit','GET','http://la.baukpoltek.net/act_lists/approval_list','/index.php?url=act_lists/edit/261','Mozilla/5.0 (Windows NT 6.1; rv:6.0.2) Gecko/20100101 Firefox/6.0.2','2011-09-15 22:14:08'),(0,162,'120.166.3.220','act_lists','edit','POST','http://la.baukpoltek.net/act_lists/edit/261','/index.php?url=act_lists/edit/261','Mozilla/5.0 (Windows NT 6.1; rv:6.0.2) Gecko/20100101 Firefox/6.0.2','2011-09-15 22:14:17'),(0,162,'120.166.3.220','act_lists','approval_list','GET','http://la.baukpoltek.net/act_lists/edit/261','/index.php?url=act_lists/approval_list','Mozilla/5.0 (Windows NT 6.1; rv:6.0.2) Gecko/20100101 Firefox/6.0.2','2011-09-15 22:14:17'),(0,162,'120.166.3.220','act_lists','edit','GET','http://la.baukpoltek.net/act_lists/approval_list','/index.php?url=act_lists/edit/260','Mozilla/5.0 (Windows NT 6.1; rv:6.0.2) Gecko/20100101 Firefox/6.0.2','2011-09-15 22:14:41'),(0,162,'120.166.3.220','act_lists','edit','POST','http://la.baukpoltek.net/act_lists/edit/262','/index.php?url=act_lists/edit/262','Mozilla/5.0 (Windows NT 6.1; rv:6.0.2) Gecko/20100101 Firefox/6.0.2','2011-09-15 22:13:50'),(0,162,'120.166.3.220','act_lists','edit','GET','http://la.baukpoltek.net/act_lists/approval_list','/index.php?url=act_lists/edit/262','Mozilla/5.0 (Windows NT 6.1; rv:6.0.2) Gecko/20100101 Firefox/6.0.2','2011-09-15 22:13:42'),(0,162,'120.166.3.220','act_lists','approval_list','GET','http://la.baukpoltek.net/act_lists/edit/263','/index.php?url=act_lists/approval_list','Mozilla/5.0 (Windows NT 6.1; rv:6.0.2) Gecko/20100101 Firefox/6.0.2','2011-09-15 22:13:28'),(0,162,'120.166.3.220','act_lists','edit','GET','http://la.baukpoltek.net/act_lists/approval_list','/index.php?url=act_lists/edit/264','Mozilla/5.0 (Windows NT 6.1; rv:6.0.2) Gecko/20100101 Firefox/6.0.2','2011-09-15 22:12:54'),(0,162,'120.166.3.220','act_lists','edit','POST','http://la.baukpoltek.net/act_lists/edit/264','/index.php?url=act_lists/edit/264','Mozilla/5.0 (Windows NT 6.1; rv:6.0.2) Gecko/20100101 Firefox/6.0.2','2011-09-15 22:13:03'),(0,162,'120.166.3.220','act_lists','approval_list','GET','http://la.baukpoltek.net/act_lists/edit/264','/index.php?url=act_lists/approval_list','Mozilla/5.0 (Windows NT 6.1; rv:6.0.2) Gecko/20100101 Firefox/6.0.2','2011-09-15 22:13:03'),(0,162,'120.166.3.220','act_lists','edit','GET','http://la.baukpoltek.net/act_lists/approval_list','/index.php?url=act_lists/edit/263','Mozilla/5.0 (Windows NT 6.1; rv:6.0.2) Gecko/20100101 Firefox/6.0.2','2011-09-15 22:13:19'),(0,162,'120.166.3.220','act_lists','edit','POST','http://la.baukpoltek.net/act_lists/edit/263','/index.php?url=act_lists/edit/263','Mozilla/5.0 (Windows NT 6.1; rv:6.0.2) Gecko/20100101 Firefox/6.0.2','2011-09-15 22:13:28'),(0,162,'120.166.3.220','act_lists','approval_list','GET','http://la.baukpoltek.net/act_lists/edit/265','/index.php?url=act_lists/approval_list','Mozilla/5.0 (Windows NT 6.1; rv:6.0.2) Gecko/20100101 Firefox/6.0.2','2011-09-15 22:12:40'),(0,162,'120.166.3.220','act_lists','edit','GET','http://la.baukpoltek.net/act_lists/approval_list','/index.php?url=act_lists/edit/266','Mozilla/5.0 (Windows NT 6.1; rv:6.0.2) Gecko/20100101 Firefox/6.0.2','2011-09-15 22:12:02'),(0,162,'120.166.3.220','act_lists','edit','POST','http://la.baukpoltek.net/act_lists/edit/266','/index.php?url=act_lists/edit/266','Mozilla/5.0 (Windows NT 6.1; rv:6.0.2) Gecko/20100101 Firefox/6.0.2','2011-09-15 22:12:13'),(0,162,'120.166.3.220','act_lists','approval_list','GET','http://la.baukpoltek.net/act_lists/edit/266','/index.php?url=act_lists/approval_list','Mozilla/5.0 (Windows NT 6.1; rv:6.0.2) Gecko/20100101 Firefox/6.0.2','2011-09-15 22:12:14'),(0,162,'120.166.3.220','act_lists','edit','GET','http://la.baukpoltek.net/act_lists/approval_list','/index.php?url=act_lists/edit/265','Mozilla/5.0 (Windows NT 6.1; rv:6.0.2) Gecko/20100101 Firefox/6.0.2','2011-09-15 22:12:30'),(0,162,'120.166.3.220','act_lists','edit','POST','http://la.baukpoltek.net/act_lists/edit/265','/index.php?url=act_lists/edit/265','Mozilla/5.0 (Windows NT 6.1; rv:6.0.2) Gecko/20100101 Firefox/6.0.2','2011-09-15 22:12:40'),(0,162,'120.166.3.220','act_lists','approval_list','GET','http://la.baukpoltek.net/act_lists/edit/267','/index.php?url=act_lists/approval_list','Mozilla/5.0 (Windows NT 6.1; rv:6.0.2) Gecko/20100101 Firefox/6.0.2','2011-09-15 22:11:47'),(0,162,'120.166.3.220','act_lists','approval_list','GET','http://la.baukpoltek.net/act_lists/edit/268','/index.php?url=act_lists/approval_list','Mozilla/5.0 (Windows NT 6.1; rv:6.0.2) Gecko/20100101 Firefox/6.0.2','2011-09-15 22:11:22'),(0,162,'120.166.3.220','act_lists','edit','GET','http://la.baukpoltek.net/act_lists/approval_list','/index.php?url=act_lists/edit/267','Mozilla/5.0 (Windows NT 6.1; rv:6.0.2) Gecko/20100101 Firefox/6.0.2','2011-09-15 22:11:37'),(0,162,'120.166.3.220','act_lists','edit','POST','http://la.baukpoltek.net/act_lists/edit/267','/index.php?url=act_lists/edit/267','Mozilla/5.0 (Windows NT 6.1; rv:6.0.2) Gecko/20100101 Firefox/6.0.2','2011-09-15 22:11:47'),(0,162,'120.166.3.220','act_lists','edit','GET','http://la.baukpoltek.net/act_lists/approval_list','/index.php?url=act_lists/edit/268','Mozilla/5.0 (Windows NT 6.1; rv:6.0.2) Gecko/20100101 Firefox/6.0.2','2011-09-15 22:11:12'),(0,162,'120.166.3.220','act_lists','edit','POST','http://la.baukpoltek.net/act_lists/edit/268','/index.php?url=act_lists/edit/268','Mozilla/5.0 (Windows NT 6.1; rv:6.0.2) Gecko/20100101 Firefox/6.0.2','2011-09-15 22:11:22'),(0,162,'120.166.3.220','act_lists','edit','POST','http://la.baukpoltek.net/act_lists/edit/269','/index.php?url=act_lists/edit/269','Mozilla/5.0 (Windows NT 6.1; rv:6.0.2) Gecko/20100101 Firefox/6.0.2','2011-09-15 22:10:57'),(0,162,'120.166.3.220','act_lists','approval_list','GET','http://la.baukpoltek.net/act_lists/edit/269','/index.php?url=act_lists/approval_list','Mozilla/5.0 (Windows NT 6.1; rv:6.0.2) Gecko/20100101 Firefox/6.0.2','2011-09-15 22:10:57'),(0,162,'120.166.3.220','act_lists','edit','GET','http://la.baukpoltek.net/act_lists/approval_list','/index.php?url=act_lists/edit/269','Mozilla/5.0 (Windows NT 6.1; rv:6.0.2) Gecko/20100101 Firefox/6.0.2','2011-09-15 22:10:49'),(0,162,'120.166.3.220','act_lists','approval_list','GET','http://la.baukpoltek.net/act_lists/edit/270','/index.php?url=act_lists/approval_list','Mozilla/5.0 (Windows NT 6.1; rv:6.0.2) Gecko/20100101 Firefox/6.0.2','2011-09-15 22:10:32'),(0,162,'120.166.3.220','act_lists','edit','POST','http://la.baukpoltek.net/act_lists/edit/270','/index.php?url=act_lists/edit/270','Mozilla/5.0 (Windows NT 6.1; rv:6.0.2) Gecko/20100101 Firefox/6.0.2','2011-09-15 22:10:31'),(0,162,'120.166.3.220','act_lists','edit','POST','http://la.baukpoltek.net/act_lists/edit/271','/index.php?url=act_lists/edit/271','Mozilla/5.0 (Windows NT 6.1; rv:6.0.2) Gecko/20100101 Firefox/6.0.2','2011-09-15 22:10:07'),(0,162,'120.166.3.220','act_lists','approval_list','GET','http://la.baukpoltek.net/act_lists/edit/271','/index.php?url=act_lists/approval_list','Mozilla/5.0 (Windows NT 6.1; rv:6.0.2) Gecko/20100101 Firefox/6.0.2','2011-09-15 22:10:07'),(0,162,'120.166.3.220','act_lists','edit','GET','http://la.baukpoltek.net/act_lists/approval_list','/index.php?url=act_lists/edit/270','Mozilla/5.0 (Windows NT 6.1; rv:6.0.2) Gecko/20100101 Firefox/6.0.2','2011-09-15 22:10:21'),(0,162,'120.166.3.220','act_lists','edit','GET','http://la.baukpoltek.net/act_lists/approval_list','/index.php?url=act_lists/edit/271','Mozilla/5.0 (Windows NT 6.1; rv:6.0.2) Gecko/20100101 Firefox/6.0.2','2011-09-15 22:09:55'),(0,162,'120.166.3.220','act_lists','edit','GET','http://la.baukpoltek.net/act_lists/approval_list','/index.php?url=act_lists/edit/272','Mozilla/5.0 (Windows NT 6.1; rv:6.0.2) Gecko/20100101 Firefox/6.0.2','2011-09-15 22:09:27'),(0,162,'120.166.3.220','act_lists','edit','POST','http://la.baukpoltek.net/act_lists/edit/272','/index.php?url=act_lists/edit/272','Mozilla/5.0 (Windows NT 6.1; rv:6.0.2) Gecko/20100101 Firefox/6.0.2','2011-09-15 22:09:40'),(0,162,'120.166.3.220','act_lists','approval_list','GET','http://la.baukpoltek.net/act_lists/edit/272','/index.php?url=act_lists/approval_list','Mozilla/5.0 (Windows NT 6.1; rv:6.0.2) Gecko/20100101 Firefox/6.0.2','2011-09-15 22:09:41'),(0,162,'120.166.3.220','act_lists','approval_list','GET','http://la.baukpoltek.net/act_lists/edit/273','/index.php?url=act_lists/approval_list','Mozilla/5.0 (Windows NT 6.1; rv:6.0.2) Gecko/20100101 Firefox/6.0.2','2011-09-15 22:09:12'),(0,162,'120.166.3.220','act_lists','edit','GET','http://la.baukpoltek.net/act_lists/approval_list','/index.php?url=act_lists/edit/273','Mozilla/5.0 (Windows NT 6.1; rv:6.0.2) Gecko/20100101 Firefox/6.0.2','2011-09-15 22:09:02'),(0,162,'120.166.3.220','act_lists','edit','POST','http://la.baukpoltek.net/act_lists/edit/273','/index.php?url=act_lists/edit/273','Mozilla/5.0 (Windows NT 6.1; rv:6.0.2) Gecko/20100101 Firefox/6.0.2','2011-09-15 22:09:11'),(0,162,'120.166.3.220','act_lists','edit','POST','http://la.baukpoltek.net/act_lists/edit/274','/index.php?url=act_lists/edit/274','Mozilla/5.0 (Windows NT 6.1; rv:6.0.2) Gecko/20100101 Firefox/6.0.2','2011-09-15 22:08:50'),(0,162,'120.166.3.220','act_lists','approval_list','GET','http://la.baukpoltek.net/act_lists/edit/274','/index.php?url=act_lists/approval_list','Mozilla/5.0 (Windows NT 6.1; rv:6.0.2) Gecko/20100101 Firefox/6.0.2','2011-09-15 22:08:50'),(0,162,'120.166.3.220','act_lists','edit','GET','http://la.baukpoltek.net/act_lists/approval_list','/index.php?url=act_lists/edit/274','Mozilla/5.0 (Windows NT 6.1; rv:6.0.2) Gecko/20100101 Firefox/6.0.2','2011-09-15 22:08:42'),(0,162,'120.166.3.220','act_lists','edit','GET','http://la.baukpoltek.net/act_lists/approval_list','/index.php?url=act_lists/edit/275','Mozilla/5.0 (Windows NT 6.1; rv:6.0.2) Gecko/20100101 Firefox/6.0.2','2011-09-15 22:08:20'),(0,162,'120.166.3.220','act_lists','edit','POST','http://la.baukpoltek.net/act_lists/edit/275','/index.php?url=act_lists/edit/275','Mozilla/5.0 (Windows NT 6.1; rv:6.0.2) Gecko/20100101 Firefox/6.0.2','2011-09-15 22:08:29'),(0,162,'120.166.3.220','act_lists','approval_list','GET','http://la.baukpoltek.net/act_lists/edit/275','/index.php?url=act_lists/approval_list','Mozilla/5.0 (Windows NT 6.1; rv:6.0.2) Gecko/20100101 Firefox/6.0.2','2011-09-15 22:08:29'),(0,162,'120.166.3.220','act_lists','approval_list','GET','http://la.baukpoltek.net/act_lists/report_student_attendance/per_course','/index.php?url=act_lists/approval_list','Mozilla/5.0 (Windows NT 6.1; rv:6.0.2) Gecko/20100101 Firefox/6.0.2','2011-09-15 22:08:04'),(0,162,'120.166.3.220','act_lists','report_student_attendance','POST','http://la.baukpoltek.net/act_lists/report_student_attendance/per_course','/index.php?url=act_lists/report_student_attendance/per_course','Mozilla/5.0 (Windows NT 6.1; rv:6.0.2) Gecko/20100101 Firefox/6.0.2','2011-09-15 22:07:55'),(0,162,'120.166.3.220','act_lists','get_courses','GET','http://la.baukpoltek.net/act_lists/report_student_attendance/per_course','/index.php?url=act_lists/get_courses/55','Mozilla/5.0 (Windows NT 6.1; rv:6.0.2) Gecko/20100101 Firefox/6.0.2','2011-09-15 22:07:43'),(0,162,'120.166.3.220','act_lists','get_courses','GET','http://la.baukpoltek.net/act_lists/report_student_attendance/per_course','/index.php?url=act_lists/get_courses/54','Mozilla/5.0 (Windows NT 6.1; rv:6.0.2) Gecko/20100101 Firefox/6.0.2','2011-09-15 22:07:49'),(0,162,'120.166.3.220','act_lists','report_student_attendance','GET','http://la.baukpoltek.net/act_lists/report_student_attendance/','/index.php?url=act_lists/report_student_attendance/per_course','Mozilla/5.0 (Windows NT 6.1; rv:6.0.2) Gecko/20100101 Firefox/6.0.2','2011-09-15 22:07:41'),(0,162,'120.166.3.220','act_lists','report_student_attendance','POST','http://la.baukpoltek.net/act_lists/report_student_attendance/','/index.php?url=act_lists/report_student_attendance','Mozilla/5.0 (Windows NT 6.1; rv:6.0.2) Gecko/20100101 Firefox/6.0.2','2011-09-15 22:07:22'),(0,162,'120.166.3.220','act_lists','edit','GET','http://la.baukpoltek.net/act_lists/approval_list','/index.php?url=act_lists/edit/276','Mozilla/5.0 (Windows NT 6.1; rv:6.0.2) Gecko/20100101 Firefox/6.0.2','2011-09-15 22:06:35'),(0,162,'120.166.3.220','act_lists','edit','POST','http://la.baukpoltek.net/act_lists/edit/276','/index.php?url=act_lists/edit/276','Mozilla/5.0 (Windows NT 6.1; rv:6.0.2) Gecko/20100101 Firefox/6.0.2','2011-09-15 22:06:50'),(0,162,'120.166.3.220','act_lists','report_student_attendance','GET','http://la.baukpoltek.net/act_lists/approval_list','/index.php?url=act_lists/report_student_attendance/','Mozilla/5.0 (Windows NT 6.1; rv:6.0.2) Gecko/20100101 Firefox/6.0.2','2011-09-15 22:07:09'),(0,162,'120.166.3.220','act_lists','approval_list','GET','http://la.baukpoltek.net/act_lists/edit/276','/index.php?url=act_lists/approval_list','Mozilla/5.0 (Windows NT 6.1; rv:6.0.2) Gecko/20100101 Firefox/6.0.2','2011-09-15 22:06:51');
/*!40000 ALTER TABLE `user_logs` ENABLE KEYS */;
UNLOCK TABLES;

--
-- Table structure for table `user_preferences`
--

DROP TABLE IF EXISTS `user_preferences`;
SET @saved_cs_client     = @@character_set_client;
SET character_set_client = utf8;
CREATE TABLE `user_preferences` (
  `id` int(10) NOT NULL auto_increment,
  `user_id` int(10) NOT NULL,
  `param` varchar(20) NOT NULL,
  `value` varchar(100) NOT NULL,
  PRIMARY KEY  (`id`),
  KEY `user_id` (`user_id`),
  KEY `param` (`param`)
) ENGINE=MyISAM DEFAULT CHARSET=latin1;
SET character_set_client = @saved_cs_client;

--
-- Dumping data for table `user_preferences`
--

LOCK TABLES `user_preferences` WRITE;
/*!40000 ALTER TABLE `user_preferences` DISABLE KEYS */;
/*!40000 ALTER TABLE `user_preferences` ENABLE KEYS */;
UNLOCK TABLES;

--
-- Table structure for table `users`
--

DROP TABLE IF EXISTS `users`;
SET @saved_cs_client     = @@character_set_client;
SET character_set_client = utf8;
CREATE TABLE `users` (
  `id` int(10) NOT NULL auto_increment,
  `group_id` int(5) NOT NULL,
  `unit_code_id` smallint(6) default NULL,
  `position_id` int(11) default NULL,
  `honor_per_hour` int(1) unsigned default '1',
  `honor_attendance` int(1) unsigned default '1',
  `username` varchar(10) NOT NULL,
  `name` varchar(50) NOT NULL,
  `nip` varchar(50) default NULL,
  `password_real` varchar(20) NOT NULL,
  `password` char(40) NOT NULL,
  `sex` char(1) default NULL,
  `pob` varchar(20) default NULL,
  `dob` date default NULL,
  `address1` varchar(100) default NULL,
  `address2` varchar(100) default NULL,
  `address3` varchar(100) default NULL,
  `zipcode` varchar(5) default NULL,
  `city_id` int(11) default NULL,
  `province_id` tinyint(3) default NULL,
  `handphone` varchar(20) default NULL,
  `homephone` varchar(20) default NULL,
  `email` varchar(50) default NULL,
  `active` tinyint(1) NOT NULL default '1',
  `last_login` datetime default NULL,
  `created` datetime NOT NULL,
  `created_by` int(10) NOT NULL,
  `modified` datetime NOT NULL,
  `modified_by` int(10) NOT NULL,
  PRIMARY KEY  (`id`),
  UNIQUE KEY `email` (`email`),
  KEY `group_id` (`group_id`),
  KEY `username` (`username`,`password`),
  KEY `sex` (`sex`),
  KEY `name` (`name`),
  KEY `active` (`active`),
  KEY `unit_code_id` (`unit_code_id`),
  KEY `last_login` (`last_login`),
  KEY `positon_id` (`position_id`)
) ENGINE=MyISAM AUTO_INCREMENT=217 DEFAULT CHARSET=latin1;
SET character_set_client = @saved_cs_client;

--
-- Dumping data for table `users`
--

LOCK TABLES `users` WRITE;
/*!40000 ALTER TABLE `users` DISABLE KEYS */;
INSERT INTO `users` VALUES (1,1,NULL,NULL,1,1,'admin','Administrator','','akeda123','979870abc75187d38d6dff3eae200279e729cd63','L','Bekasi','1984-07-13','JL Kepodang Blok C No. 7 RT003/RW004 Jaka Mulya Bekasi Selatan','','','17146',NULL,11,'081315528932','021-8226577','admin@gedex.web.id',1,'2011-09-17 20:34:54','2009-12-12 14:05:18',0,'2011-09-17 20:34:54',1),(2,13,NULL,170,1,1,'heru','Heru Triyanto','196203291986031001','heru2010','a51cacc4012f203867954a39d37e396e587fdea0','L','','1962-03-29','','','','',NULL,NULL,'','','heru@yahoo.com',1,'2011-08-18 20:47:40','2009-12-16 17:18:09',1,'2011-08-18 20:47:40',1),(115,12,6,172,0,0,'purnomo','Drs.Purnomo Ananto, MM.','196009191986021001','123','40bd001563085fc35165329ea1ff5c5ecbdbbeef','L','','1960-09-19','','','','',NULL,NULL,'','','purnomo@yahoo.co.id',1,'2011-09-16 16:18:07','2011-01-29 16:57:03',1,'2011-09-16 16:18:07',1),(116,12,9,172,0,0,'muin','Drs.Abdul Muin Kadir, M.Pd.','123134141','123','40bd001563085fc35165329ea1ff5c5ecbdbbeef','L','','2001-01-29','','','','',NULL,NULL,'','','muin@yahoo.co.id',1,'2011-09-16 16:34:01','2011-01-29 16:59:15',1,'2011-09-16 16:34:01',1),(117,13,7,173,0,0,'sugeng','Drs.Sugeng Indriyanto','12124124','123','40bd001563085fc35165329ea1ff5c5ecbdbbeef','L','','2001-01-29','','','','',NULL,NULL,'','','sugeng@yahoo.co.id',1,'2011-09-16 13:29:21','2011-01-29 17:00:36',1,'2011-09-16 13:29:21',1),(118,13,12,174,1,0,'hermanto','Drs.AM.Hermanto','124134','123','40bd001563085fc35165329ea1ff5c5ecbdbbeef','P','Jakarta','2001-01-29','','','','',NULL,NULL,'','','hermanto@yahoo.co.id',1,'2011-09-16 19:15:37','2011-01-29 17:17:50',2,'2011-09-16 19:15:37',1),(122,12,5,172,0,0,'sarmada','Sarmada, S.Sos., MM.','195902151986011001','123','40bd001563085fc35165329ea1ff5c5ecbdbbeef','L','Jakarta','1960-02-15','','','','',NULL,NULL,'','','sarmada@yahoo.co.id',1,'2011-09-16 16:19:26','2011-02-26 11:48:57',1,'2011-09-16 16:19:26',0),(121,12,6,172,0,0,'bwa','Bambang Wasito Adi, SH., M.Sc.','195709011978031001','123','40bd001563085fc35165329ea1ff5c5ecbdbbeef','L','Solo','1960-09-01','','','','',NULL,NULL,'','','bwa@yahoo.co.id',1,'2011-09-13 15:48:42','2011-02-26 11:47:47',1,'2011-09-13 15:48:42',0),(123,12,7,172,0,0,'noor','Drs.Noor Riyadhi','235252525','123','40bd001563085fc35165329ea1ff5c5ecbdbbeef','L','','2001-02-26','','','','',NULL,NULL,'','','noor@yahoo.co.id',1,'2011-09-13 14:56:21','2011-02-26 11:50:07',1,'2011-09-13 14:56:21',0),(124,12,6,172,0,0,'zul','Drs.Zalzulifa','12543423241','123','40bd001563085fc35165329ea1ff5c5ecbdbbeef','L','','2001-02-26','','','','',NULL,NULL,'','','zalzulifa@yahoo.co.id',1,'2011-09-16 13:09:33','2011-02-26 11:51:14',1,'2011-09-16 13:09:33',0),(125,12,5,172,0,0,'nurjalih','Nurjalih, S.Pd.','53212515','123','40bd001563085fc35165329ea1ff5c5ecbdbbeef','L','','2001-02-28','','','','',NULL,NULL,'','','nurjalih@yahoo.co.id',1,'2011-09-12 11:09:11','2011-02-28 19:22:06',1,'2011-09-12 11:09:11',1),(126,12,5,172,0,0,'efnyta','Efnyta Muchtar, S.Sos.','12413253252','123','40bd001563085fc35165329ea1ff5c5ecbdbbeef','P','','2001-02-28','','','','',NULL,NULL,'','','efnyta@yahoo.co.id',1,'2011-09-14 14:10:12','2011-02-28 19:23:13',1,'2011-09-14 14:10:12',0),(127,13,8,174,0,0,'ponadi','Ponadi, S.Pd.','214532532','123','40bd001563085fc35165329ea1ff5c5ecbdbbeef','L','','2001-02-28','','','','',NULL,NULL,'','','ponadi@yahoo.co.id',1,'2011-09-16 19:09:50','2011-02-28 19:27:20',1,'2011-09-16 19:09:50',0),(128,13,5,174,0,0,'djamara','M.Tabrani Djamara, ST., MM.','14151','123','40bd001563085fc35165329ea1ff5c5ecbdbbeef','L','','2001-02-28','','','','',NULL,NULL,'','','jamara@yahoo.co.id',1,'2011-09-16 18:58:03','2011-02-28 19:28:31',1,'2011-09-16 18:58:03',0),(129,12,5,172,0,0,'untung','Untung Basuki, S.Pd.','1215116','123','40bd001563085fc35165329ea1ff5c5ecbdbbeef','L','','2001-02-28','','','','',NULL,NULL,'','','untung@yahoo.co.id',1,NULL,'2011-02-28 19:29:45',1,'2011-02-28 19:29:45',0),(130,12,5,172,0,0,'sutiyo','Sutiyo, S.Pd.','14562363','123','40bd001563085fc35165329ea1ff5c5ecbdbbeef','L','','2001-02-28','','','','',NULL,NULL,'','','knsutiyo@yahoo.co.id',1,'2011-09-15 15:51:00','2011-02-28 19:30:42',1,'2011-09-15 15:51:00',0),(131,12,5,172,0,0,'johannes','Johannes Siwalette, S.Pd.','781848147','123','40bd001563085fc35165329ea1ff5c5ecbdbbeef','L','','2001-02-28','','','','',NULL,NULL,'','','johannes@yahoo.co.id',1,NULL,'2011-02-28 19:31:57',1,'2011-02-28 19:31:57',0),(132,12,5,173,0,0,'barita','Barita Siringoringo, S.Pd.','12532626','123','40bd001563085fc35165329ea1ff5c5ecbdbbeef','L','','2001-02-28','','','','',NULL,NULL,'','','barita@yahoo.co.id',1,'2011-09-15 15:07:38','2011-02-28 19:32:58',1,'2011-09-15 15:07:38',0),(133,12,5,173,0,0,'wayan','Drs.I Wayan Suarjana','125634762','123','40bd001563085fc35165329ea1ff5c5ecbdbbeef','L','','2001-02-28','','','','',NULL,NULL,'','','iwayan@yahoo.co.id',1,'2011-09-15 10:54:41','2011-02-28 19:33:45',1,'2011-09-15 10:54:41',0),(134,12,5,173,0,0,'majid','Abdul Majid AY, S.Pd.','814781641','123','40bd001563085fc35165329ea1ff5c5ecbdbbeef','L','','2001-02-28','','','','',NULL,NULL,'','','majid@yahoo.co.id',1,'2011-09-13 16:05:50','2011-02-28 19:35:29',1,'2011-09-13 16:05:50',0),(135,12,5,173,0,0,'tedy','Tedy Tapianto, S.Pd.','1415111','123','40bd001563085fc35165329ea1ff5c5ecbdbbeef','L','','2001-02-28','','','','',NULL,NULL,'','','tedy@yahoo.co.id',1,'2011-09-14 08:45:55','2011-02-28 19:37:30',1,'2011-09-14 08:45:55',0),(136,12,7,173,0,0,'mulyanudin','Mulyanuddin, S.Pd.','1347873','123','40bd001563085fc35165329ea1ff5c5ecbdbbeef','L','','2001-02-28','','','','',NULL,NULL,'','','mulyanudin@yahoo.co.id',1,'2011-09-16 13:15:43','2011-02-28 19:38:23',1,'2011-09-16 13:15:43',0),(137,13,7,174,0,0,'irfan','Moch.Irfan HS., S.Pd.','916416471','123','40bd001563085fc35165329ea1ff5c5ecbdbbeef','L','','2001-02-28','','','','',NULL,NULL,'','','irfan@yahoo.co.id',1,'2011-09-16 19:00:49','2011-02-28 19:39:15',1,'2011-09-16 19:00:49',0),(138,12,7,173,0,0,'dayu','Dayu Sri Herti, S.Pd.','9891471','123','40bd001563085fc35165329ea1ff5c5ecbdbbeef','P','','2001-02-28','','','','',NULL,NULL,'','','dayu@yahoo.co.id',1,'2011-09-14 14:30:27','2011-02-28 19:40:04',1,'2011-09-14 14:30:27',0),(139,12,6,172,0,0,'darji','Darji F Emran','7316341','123','40bd001563085fc35165329ea1ff5c5ecbdbbeef','L','','2001-02-28','','','','',NULL,NULL,'','','darji@yahoo.co.id',1,'2011-09-13 14:36:58','2011-02-28 19:41:47',1,'2011-09-13 14:36:58',0),(140,12,6,172,0,0,'benget','Drs.Benget Simamora, MM.','145151111','123','40bd001563085fc35165329ea1ff5c5ecbdbbeef','L','','2001-02-28','','','','',NULL,NULL,'','','benget@yahoo.co.id',1,'2011-09-16 13:32:56','2011-02-28 19:42:57',1,'2011-09-16 13:32:56',0),(141,12,6,172,0,0,'sentot','Sentot Mardjuki, S.Sos., M.Si.','14781481','123','40bd001563085fc35165329ea1ff5c5ecbdbbeef','L','','2001-02-28','','','','',NULL,NULL,'','','sentotmarjuki@yahoo.co.id',1,'2011-09-13 10:54:40','2011-02-28 19:44:12',1,'2011-09-13 10:54:40',0),(142,12,6,173,0,0,'hasan','Drs.Ahmad Hasan','18918414','123','40bd001563085fc35165329ea1ff5c5ecbdbbeef','L','','2001-02-28','','','','',NULL,NULL,'','','hasan@yahoo.co.id',1,'2011-09-14 16:00:43','2011-02-28 19:45:23',1,'2011-09-14 16:00:43',0),(143,13,6,174,0,0,'jimmy','Drs.Jimmy Paat, M.Si.','84321741','123','40bd001563085fc35165329ea1ff5c5ecbdbbeef','L','','2001-02-28','','','','',NULL,NULL,'','','jimmy@yahoo.co.id',1,'2011-09-16 19:06:21','2011-02-28 19:52:13',1,'2011-09-16 19:06:21',0),(144,12,6,172,0,0,'nova','Nova Darmanto, S.Sos.','18937412','123','40bd001563085fc35165329ea1ff5c5ecbdbbeef','L','','2001-02-28','','','','',NULL,NULL,'','','nova@yahoo.co.id',1,'2011-09-13 15:52:57','2011-02-28 19:54:08',1,'2011-09-13 15:52:57',0),(145,12,5,172,0,0,'mukhyidin','Drs.Mukhyidin Djaiz, M.Si.','18949174','123','40bd001563085fc35165329ea1ff5c5ecbdbbeef','L','','2001-02-28','','','','',NULL,NULL,'','','mukhyidin@yahoo.co.id',1,'2011-09-15 14:34:04','2011-02-28 19:55:34',1,'2011-09-15 14:34:04',0),(146,12,5,172,0,0,'sudiyamto','Drs.M.Sudiyamto','91781416','123','40bd001563085fc35165329ea1ff5c5ecbdbbeef','L','','2001-02-28','','','','',NULL,NULL,'','','sudiyamto@yahoo.co.id',1,'2011-09-14 16:06:17','2011-02-28 19:57:23',1,'2011-09-14 16:06:17',0),(147,12,7,173,0,0,'hari','Drs.Hari Purnomo','8123414','123','40bd001563085fc35165329ea1ff5c5ecbdbbeef','P','','2001-02-28','','','','',NULL,NULL,'','','hari@yahoo.co.id',1,'2011-09-13 14:25:55','2011-02-28 19:58:19',1,'2011-09-13 14:25:55',0),(148,12,5,173,0,0,'suratni','Suratni, M.Hum.','1784187416','123','40bd001563085fc35165329ea1ff5c5ecbdbbeef','P','','2001-02-28','','','','',NULL,NULL,'','','suratni@yahoo.co.id',1,'2011-09-16 16:16:35','2011-02-28 20:10:54',1,'2011-09-16 16:16:35',0),(149,12,5,173,0,0,'rudy','Rudy Cahyadi, MT.','1841741','123','40bd001563085fc35165329ea1ff5c5ecbdbbeef','L','','2001-02-28','','','','',NULL,NULL,'','','rudy@yahoo.co.id',1,'2011-08-23 22:59:11','2011-02-28 20:12:15',1,'2011-08-23 22:59:11',0),(150,12,5,173,0,0,'yunus','M.Yunus Fitriady, SE., MM.','13415151','123','40bd001563085fc35165329ea1ff5c5ecbdbbeef','L','','2001-02-28','','','','',NULL,NULL,'','','yunus@yahoo.co.id',1,'2011-09-15 10:48:49','2011-02-28 20:13:11',1,'2011-09-15 10:48:49',0),(151,12,5,173,0,0,'tipri','Tipri Rose Kartika, MM.','324522532','123','40bd001563085fc35165329ea1ff5c5ecbdbbeef','P','','2001-02-28','','','','',NULL,NULL,'','','tipri@yahoo.co.id',1,'2011-09-15 10:59:19','2011-02-28 20:14:04',1,'2011-09-15 10:59:19',0),(152,12,5,173,0,0,'riyon','Dwi Riyono, ST., M.Ak.','34174164','123','40bd001563085fc35165329ea1ff5c5ecbdbbeef','L','','2001-02-28','','','','',NULL,NULL,'','','dwiriyono@yahoo.co.id',1,NULL,'2011-02-28 20:15:40',1,'2011-02-28 20:15:40',0),(153,12,5,173,1,1,'effendy','Mohammad Effendy, ST., MT.','81347187431','123','40bd001563085fc35165329ea1ff5c5ecbdbbeef','L','','2001-02-28','','','','',NULL,NULL,'','','effendy@yahoo.co.id',1,NULL,'2011-02-28 20:17:06',1,'2011-02-28 20:17:06',0),(154,12,5,173,0,0,'bastari','A.Bastari Burhanuddin, S.Sos.','94313471297','123','40bd001563085fc35165329ea1ff5c5ecbdbbeef','L','','2001-02-28','','','','',NULL,NULL,'','','bastari@yahoo.co.id',1,NULL,'2011-02-28 20:19:02',1,'2011-02-28 20:19:02',0),(155,12,8,173,0,0,'agung','Agung Budi Prasetyo, MT.','1415151111','123','40bd001563085fc35165329ea1ff5c5ecbdbbeef','L','','2001-02-28','','','','',NULL,NULL,'','','agung@yahoo.co.id',1,'2011-09-13 10:11:03','2011-02-28 20:20:35',1,'2011-09-13 10:11:03',0),(156,12,8,172,1,1,'didik','Ir.HM.Didik M.S., B.Sc.Graf.','71843718347','123','40bd001563085fc35165329ea1ff5c5ecbdbbeef','L','','2001-02-28','','','','',NULL,NULL,'','','didik@yahoo.co.id',1,'2011-09-16 16:21:16','2011-02-28 20:22:12',1,'2011-09-16 16:21:16',0),(157,12,8,172,1,1,'jaswin','Ir.HM.Jaswin','7146146184','123','40bd001563085fc35165329ea1ff5c5ecbdbbeef','L','','2001-02-28','','','','',NULL,NULL,'','','jaswin@yahoo.co.id',1,'2011-09-13 16:38:43','2011-02-28 20:23:20',1,'2011-09-13 16:38:43',0),(158,12,7,173,0,0,'anin','Anindita Budi Astuti, MM.','891471417111','123','40bd001563085fc35165329ea1ff5c5ecbdbbeef','P','','2001-02-28','','','','',NULL,NULL,'','','anindita@yahoo.co.id',1,'2011-09-17 20:56:28','2011-02-28 20:24:36',1,'2011-09-17 20:56:28',0),(159,12,10,173,0,0,'erlan','Erlan Saefudin, M.Hum.','788146111','123','40bd001563085fc35165329ea1ff5c5ecbdbbeef','L','','2001-02-28','','','','',NULL,NULL,'','','erlan@yahoo.co.id',1,NULL,'2011-02-28 20:26:19',1,'2011-02-28 20:26:19',0),(160,12,10,173,0,0,'nurwahid','Dr.Muhammad Nurwahid, M.Si.','81437187431','123','40bd001563085fc35165329ea1ff5c5ecbdbbeef','L','','2001-02-28','','','','',NULL,NULL,'','','nurwahid@yahoo.co.id',1,'2011-09-15 11:01:00','2011-02-28 20:27:14',1,'2011-09-15 11:01:00',0),(161,12,6,173,0,0,'misbah','Misbah Fikrianto, MM., M.Si.','71481643613','123','40bd001563085fc35165329ea1ff5c5ecbdbbeef','L','','2001-02-28','','','','',NULL,NULL,'','','misbah@yahoo.co.id',1,'2011-09-14 15:59:14','2011-02-28 20:28:51',1,'2011-09-14 15:59:14',0),(162,15,NULL,175,0,0,'baak','Ka.BAAK','18471846141','123','40bd001563085fc35165329ea1ff5c5ecbdbbeef','L','','2001-02-28','','','','',NULL,NULL,'','','kabaak@yahoo.co.id',1,'2011-09-16 19:21:11','2011-02-28 20:31:52',1,'2011-09-16 19:21:11',1),(163,12,7,173,1,1,'sri','Sri Kusuma Ningsih, S.Pd.','241151155','123','40bd001563085fc35165329ea1ff5c5ecbdbbeef','P','','2001-03-01','','','','',NULL,NULL,'','','sri@yahoo.com',1,'2011-09-16 13:22:23','2011-03-01 08:03:08',1,'2011-09-16 13:22:23',0),(164,13,10,174,1,0,'harry','Drs.Harry Hudaya','91243874','123','40bd001563085fc35165329ea1ff5c5ecbdbbeef','L','','2001-03-01','','','','',NULL,NULL,'','','harry@yahoo.com',1,'2011-09-16 19:13:22','2011-03-01 08:04:08',1,'2011-09-16 19:13:22',1),(165,12,7,173,1,1,'ogie','Ogie Urvil RA., SE.','1471847184','123','40bd001563085fc35165329ea1ff5c5ecbdbbeef','L','','2001-03-01','','','','',NULL,NULL,'','','ogie@yahoo.co.id',1,NULL,'2011-03-01 08:06:59',1,'2011-03-01 08:06:59',0),(166,12,7,173,1,1,'sulist','Sulistiyono','891741741','123','40bd001563085fc35165329ea1ff5c5ecbdbbeef','L','','2001-03-01','','','','',NULL,NULL,'','','sulistiyono@yahoo.com',1,'2011-09-16 15:06:12','2011-03-01 08:08:20',1,'2011-09-16 15:06:12',0),(167,12,7,173,1,1,'nur','M.Nur, S.Kom., MM.','81481784714','123','40bd001563085fc35165329ea1ff5c5ecbdbbeef','L','','2001-03-01','','','','',NULL,NULL,'','','mnur@yahoo.co.id',1,'2011-09-15 11:43:58','2011-03-01 08:09:18',1,'2011-09-15 11:43:58',0),(168,12,7,173,1,1,'gozali','Drs.Rahmad Gozali','187481614','123','40bd001563085fc35165329ea1ff5c5ecbdbbeef','L','','2001-03-01','','','','',NULL,NULL,'','','rahmadgozali@yahoo.com',1,'2011-08-25 14:17:05','2011-03-01 08:10:13',1,'2011-08-25 14:17:05',0),(169,12,7,172,1,1,'chris','Chrisnadi Purnomo','7161611','123','40bd001563085fc35165329ea1ff5c5ecbdbbeef','L','','2001-03-01','','','','',NULL,NULL,'','','chrisnadi@yahoo.co.id',1,'2011-09-16 16:28:01','2011-03-01 08:11:12',1,'2011-09-16 16:28:01',0),(170,12,7,173,1,1,'susanto','Drs.Susanto','71461641864','123','40bd001563085fc35165329ea1ff5c5ecbdbbeef','L','','2001-03-01','','','','',NULL,NULL,'','','susanto@yahoo.co.id',1,NULL,'2011-03-01 08:12:07',1,'2011-03-01 08:12:07',0),(171,12,7,173,1,1,'rangga','Rangga Yudo Yuwono','099171741','123','40bd001563085fc35165329ea1ff5c5ecbdbbeef','L','','2001-03-01','','','','',NULL,NULL,'','','rangga@yahoo.com',1,NULL,'2011-03-01 08:13:22',1,'2011-03-01 08:13:22',0),(172,12,7,173,1,1,'rasuardie','Rasuardie, SE., S.Sn.','8273161145','123','40bd001563085fc35165329ea1ff5c5ecbdbbeef','L','','2001-03-01','','','','',NULL,NULL,'','','rasuardie@yahoo.com',1,'2011-09-14 13:02:56','2011-03-01 08:24:06',1,'2011-09-14 13:02:56',0),(173,12,7,173,0,0,'wahyu','Wahyu Edy Wibowo, ST.','19821107 201012 1 00 3','123','40bd001563085fc35165329ea1ff5c5ecbdbbeef','L','wonosobo','2001-03-01','','','','56362',180,29,'081327071731','','we_bowo@yahoo.co.id',1,'2011-09-15 15:40:53','2011-03-01 08:25:13',1,'2011-09-15 15:40:53',1),(174,13,11,174,0,0,'trifajar','Trifajar Yurmama S., S.Kom., MT.','17481741','123','40bd001563085fc35165329ea1ff5c5ecbdbbeef','P','','2001-03-01','','','','',NULL,NULL,'','','trifajar@yahoo.co.id',1,'2011-09-16 19:20:04','2011-03-01 08:26:23',1,'2011-09-16 19:20:04',1),(175,13,9,174,0,0,'rabernir','Rabernir, S.Sn.','143718341','123','40bd001563085fc35165329ea1ff5c5ecbdbbeef','L','Kebumen - Banyumas','1976-12-08','','','','',NULL,NULL,'','','rabernir@yahoo.com',1,'2011-09-16 19:18:14','2011-03-01 08:27:10',1,'2011-09-16 19:18:14',1),(176,12,7,173,0,0,'Kristyono','Kristyono Wahyu Adi, S.Sn.','781416414111','123','40bd001563085fc35165329ea1ff5c5ecbdbbeef','L','','2001-03-01','','','','',NULL,NULL,'','','kristyono@yahoo.com',1,'2011-09-16 15:38:04','2011-03-01 08:28:25',1,'2011-09-16 15:38:04',1),(177,12,10,173,1,1,'aditris','Adi Trisnanto','7814716431','123','40bd001563085fc35165329ea1ff5c5ecbdbbeef','L','','2001-03-01','','','','',NULL,NULL,'','','aditris@yahoo.com',1,NULL,'2011-03-01 08:30:15',1,'2011-03-01 08:30:15',0),(178,12,10,173,1,1,'suhardja','HM. Suhardja Soemadikarta, SH.','741761416841','123','40bd001563085fc35165329ea1ff5c5ecbdbbeef','L','','2001-03-01','','','','',NULL,NULL,'','','suhardja@yahoo.co.id',1,'2011-09-16 16:25:13','2011-03-01 08:31:27',1,'2011-09-16 16:25:13',0),(179,12,10,173,1,1,'omar','Omar Yusup','14155151','123','40bd001563085fc35165329ea1ff5c5ecbdbbeef','L','','2001-03-01','','','','',NULL,NULL,'','','omar@yahoo.co.id',1,'2011-09-15 14:23:01','2011-03-01 08:32:14',1,'2011-09-15 14:23:01',0),(180,12,10,173,1,1,'yayat','Yayat Duriat, S.Kom.','71471461641','123','40bd001563085fc35165329ea1ff5c5ecbdbbeef','L','','2001-03-01','','','','',NULL,NULL,'','','yayat@yahoo.co.id',1,NULL,'2011-03-01 08:33:11',1,'2011-03-01 08:33:11',0),(181,12,10,173,1,1,'eddy','Eddy Sarwono','8q9r7qq','123','40bd001563085fc35165329ea1ff5c5ecbdbbeef','L','','2001-03-01','','','','',NULL,NULL,'','','eddy@yahoo.co.id',1,NULL,'2011-03-01 08:34:16',1,'2011-03-01 08:34:16',0),(182,12,10,173,1,1,'utje','Ir. Utje Usman, S.MS., DMS.','1784817414','123','40bd001563085fc35165329ea1ff5c5ecbdbbeef','L','','2001-03-01','','','','',NULL,NULL,'','','utje@yahoo.co.id',1,'2011-09-12 15:07:48','2011-03-01 08:35:15',1,'2011-09-12 15:07:48',0),(183,12,10,173,0,0,'lambok','Lambok Risdianto Purba, S.Sn.','7134716414','123','40bd001563085fc35165329ea1ff5c5ecbdbbeef','L','','1985-05-18','kalapa dua','','','',NULL,30,'085861610592','022-72559002','lambok@yahoo.com',1,'2011-09-14 14:20:55','2011-03-01 08:36:10',1,'2011-09-14 14:20:55',1),(184,12,9,173,1,1,'mahatma','Mahatma Simamora, S.Pd.','19841747141','123','40bd001563085fc35165329ea1ff5c5ecbdbbeef','L','','2001-03-01','','','','',NULL,NULL,'','','mahatma@yahoo.co.id',1,'2011-09-13 11:11:11','2011-03-01 08:37:58',1,'2011-09-13 11:11:11',0),(185,12,9,172,1,1,'bambangpur','Bambang Purwanto, S.Sn.','1874164164','123','40bd001563085fc35165329ea1ff5c5ecbdbbeef','L','','2001-03-01','','','','',NULL,NULL,'','','bambangpur@yahoo.co.id',1,'2011-09-16 15:41:40','2011-03-01 08:38:59',1,'2011-09-16 15:41:40',0),(186,12,9,173,0,0,'jati','Jati Rahardjo, S.Sn., M.Sn.','82275275275','123','40bd001563085fc35165329ea1ff5c5ecbdbbeef','L','','2001-03-01','','','','',NULL,NULL,'','','jati@yahoo.co.id',1,'2011-09-16 15:09:06','2011-03-01 08:43:16',1,'2011-09-16 15:09:06',1),(187,12,6,172,1,1,'frans','Drs.Frans M.Parera','7184716414','123','40bd001563085fc35165329ea1ff5c5ecbdbbeef','L','','2001-03-01','','','','',NULL,NULL,'','','frans@yahoo.co.id',1,'2011-09-13 14:29:28','2011-03-01 08:49:04',1,'2011-09-13 14:29:28',0),(188,12,6,173,1,1,'akhmad','Akhmad Guntawan, SS.','718416414114','123','40bd001563085fc35165329ea1ff5c5ecbdbbeef','L','','2001-03-01','','','','',NULL,NULL,'','','akhmadgun@yahoo.co.id',1,'2011-08-19 16:46:09','2011-03-01 08:50:20',1,'2011-08-19 16:46:09',0),(189,12,6,173,1,1,'lanang','Achmad Lanang, SS., M.Si.','1874716414','123','40bd001563085fc35165329ea1ff5c5ecbdbbeef','L','','2001-03-01','','','','',NULL,NULL,'','','lanang@yahoo.co.id',1,NULL,'2011-03-01 08:51:25',1,'2011-03-01 08:51:25',0),(190,12,6,173,1,1,'ingrid','Ingrid Veronica K., SS.','7184781741','123','40bd001563085fc35165329ea1ff5c5ecbdbbeef','P','','2001-03-01','','','','',NULL,NULL,'','','ingrid@yahoo.co.id',1,'2011-09-15 10:57:08','2011-03-01 08:52:25',1,'2011-09-15 10:57:08',0),(191,12,6,173,1,1,'arifatun','Arifatun Nisak Nur A., S.Si.','81717814313','123','40bd001563085fc35165329ea1ff5c5ecbdbbeef','P','','2001-03-01','','','','',NULL,NULL,'','','arifatun@yahoo.co.id',1,NULL,'2011-03-01 08:54:12',1,'2011-03-01 08:54:12',0),(192,12,6,173,1,1,'christina','Dra.Christina Tulalessy, M.Pd.','71741414141','123','40bd001563085fc35165329ea1ff5c5ecbdbbeef','P','','2001-03-01','','','','',NULL,NULL,'','','christina@yahoo.co.id',1,'2011-09-12 14:39:34','2011-03-01 08:55:26',1,'2011-09-12 14:39:34',0),(193,12,6,173,1,1,'irene','Ir. Irene Maria Juli Astuti, M.Pd.','1741841414','123','40bd001563085fc35165329ea1ff5c5ecbdbbeef','P','','2001-03-01','','','','',NULL,NULL,'','','irene@yahoo.co.id',1,'2011-09-16 16:31:56','2011-03-01 08:58:50',1,'2011-09-16 16:31:56',0),(194,14,NULL,NULL,0,0,'bibit','bibit','12341431341','123','40bd001563085fc35165329ea1ff5c5ecbdbbeef','P','Kebumen','2001-04-02','','','','',NULL,NULL,'','','bibit@yahoo.co.id',1,'2011-09-12 13:20:59','2011-04-02 12:33:23',1,'2011-09-12 13:20:59',0),(195,16,NULL,NULL,0,0,'tabingin','tabingin','1412412512521','123','40bd001563085fc35165329ea1ff5c5ecbdbbeef','L','Kebumen','2001-04-02','','','','',NULL,NULL,'','','tabingin@yahoo.co.id',1,'2011-08-22 05:30:04','2011-04-02 19:35:13',1,'2011-08-22 05:30:04',0),(196,16,NULL,NULL,0,0,'suprihatin','suprihatin','14124141256456','123','40bd001563085fc35165329ea1ff5c5ecbdbbeef','P','','2001-04-02','','','','',NULL,NULL,'','','suprihatin@yahoo.co.id',1,'2011-08-24 08:38:41','2011-04-02 19:36:05',1,'2011-08-24 08:38:41',0),(197,16,NULL,NULL,0,0,'dewi','dewi','3652452525','123','40bd001563085fc35165329ea1ff5c5ecbdbbeef','P','Jakarta','2001-04-02','','','','',NULL,NULL,'','','dewi@yahoo.co.id',1,'2011-09-12 11:48:46','2011-04-02 19:37:09',1,'2011-09-12 11:48:46',0),(198,12,6,173,1,1,'seni','Dra.Seni Asiati','14214342422','123','40bd001563085fc35165329ea1ff5c5ecbdbbeef','P','','2001-08-18','','','','',NULL,NULL,'','','seni@yahoo.co.id',1,'2011-09-15 11:46:24','2011-08-18 16:13:12',1,'2011-09-15 11:46:24',0),(199,12,7,173,0,0,'aji','T.I.Kuncoroaji','34151515','123','40bd001563085fc35165329ea1ff5c5ecbdbbeef','L','','2001-08-18','','','','',NULL,NULL,'','','aji@yahoo.co.id',1,'2011-09-16 16:11:01','2011-08-18 16:19:03',1,'2011-09-16 16:11:01',0),(200,12,7,173,0,0,'yusuf','Yusuf Nurrachman','14452326326','123','40bd001563085fc35165329ea1ff5c5ecbdbbeef','L','','2001-08-18','','','','',NULL,NULL,'','','yusuf@yahoo.co.id',1,'2011-09-16 16:13:35','2011-08-18 16:20:36',1,'2011-09-16 16:13:35',0),(201,12,10,173,1,1,'hilwan','Drs.Hilwan Arif','1415151616','123','40bd001563085fc35165329ea1ff5c5ecbdbbeef','L','','2001-08-18','','','','',NULL,NULL,'','','hilwan@yahoo.co.id',1,'2011-09-15 15:03:04','2011-08-18 16:23:37',1,'2011-09-15 15:03:04',0),(202,12,11,173,1,1,'lukas','Lukas Sugiyanto','14151515151','123','40bd001563085fc35165329ea1ff5c5ecbdbbeef','L','','2001-08-18','','','','',NULL,NULL,'','','lukas@yahoo.co.id',1,'2011-09-15 10:55:57','2011-08-18 16:25:13',1,'2011-09-15 10:55:57',1),(203,14,NULL,NULL,0,0,'esti','Dra.Esti Winahyu','14314141431','123','40bd001563085fc35165329ea1ff5c5ecbdbbeef','P','','2001-08-19','','','','',NULL,NULL,'','','esti@yahoo.co.id',1,'2011-09-12 16:48:05','2011-08-19 07:40:27',1,'2011-09-12 16:48:05',0),(204,12,12,173,1,1,'menuk','Dra.Menuk Hardaniwati','241515515','123','40bd001563085fc35165329ea1ff5c5ecbdbbeef','P','','2001-08-19','','','','',NULL,NULL,'','','menuk@yahoo.co.id',1,'2011-09-16 13:13:16','2011-08-19 15:51:24',1,'2011-09-16 13:13:16',0),(205,12,8,173,1,1,'yoga','Yoga Rahadian Agah','1412515151','123','40bd001563085fc35165329ea1ff5c5ecbdbbeef','L','','2001-08-22','','','','',NULL,NULL,'','','yoga@yahoo.co.id',1,'2011-09-12 13:23:53','2011-08-22 16:02:14',1,'2011-09-12 13:23:53',0),(206,12,5,173,1,1,'sutiawan','Sutiawan','14124141541','123','40bd001563085fc35165329ea1ff5c5ecbdbbeef','L','','2001-08-23','','','','',NULL,NULL,'','','sutiawan@yahoo.co.id',1,'2011-09-14 16:04:32','2011-08-23 16:16:27',1,'2011-09-14 16:04:32',0),(207,12,9,173,0,0,'dodik','Dodik Catur P','89923457275','123','40bd001563085fc35165329ea1ff5c5ecbdbbeef','L','','2001-08-23','','','','',NULL,NULL,'','','dodik@yahoo.co.id',1,'2011-09-06 10:50:30','2011-08-23 22:51:00',1,'2011-09-06 10:50:30',0),(208,14,5,NULL,0,0,'arif','Ahmad Sarif Hidayah Tullah','12341413241','123','40bd001563085fc35165329ea1ff5c5ecbdbbeef','L','','2001-08-24','','','','',NULL,NULL,'','','arif@yahoo.co.id',1,'2011-08-26 07:47:30','2011-08-24 08:44:08',1,'2011-08-26 07:47:30',0),(209,12,5,173,1,1,'clay','Clay Wala','14141414124','123','40bd001563085fc35165329ea1ff5c5ecbdbbeef','L','','2001-08-24','','','','',NULL,NULL,'','','clay@yahoo.co.id',1,'2011-09-14 16:20:08','2011-08-24 15:26:32',1,'2011-09-14 16:20:08',0),(210,12,12,173,1,1,'adi','adi Segara','873418478172','123','40bd001563085fc35165329ea1ff5c5ecbdbbeef','L','','2001-08-24','','','','',NULL,NULL,'','','adisegara@yahoo.co.id',1,'2011-09-14 16:16:02','2011-08-24 16:05:54',1,'2011-09-14 16:16:02',0),(211,12,5,173,1,1,'herman','Herman Pratomo','1241241341','123','40bd001563085fc35165329ea1ff5c5ecbdbbeef','L','','2001-09-12','','','','',NULL,NULL,'','','herman@yahoo.co.id',1,'2011-09-13 14:34:04','2011-09-12 13:35:17',1,'2011-09-13 14:34:04',0),(212,12,6,173,1,1,'suwardi','Suwardi Edhitomo, SE.,MM.','12412412412','123','40bd001563085fc35165329ea1ff5c5ecbdbbeef','L','','2001-09-13','','','','',NULL,NULL,'','','suwardi@yahoo.co.id',1,NULL,'2011-09-13 09:07:48',1,'2011-09-13 09:07:48',0),(213,12,6,173,0,0,'iis','Iis Kandar','738912741643716','123','40bd001563085fc35165329ea1ff5c5ecbdbbeef','L','','2001-09-13','','','','',NULL,NULL,'','','iis@yahoo.co.id',1,'2011-09-13 18:13:08','2011-09-13 18:11:30',1,'2011-09-13 18:13:08',0),(214,12,11,173,1,1,'alfan','Alfan Setiawan, S.Sn.','12414141','123','40bd001563085fc35165329ea1ff5c5ecbdbbeef','L','','2001-09-14','','','','',NULL,NULL,'','','alfan@yahoo.co.id',1,'2011-09-16 16:23:17','2011-09-14 15:31:16',1,'2011-09-16 16:23:17',0),(215,12,5,173,0,0,'sudrajat','Drs.Sudrajat','41151515153','123','40bd001563085fc35165329ea1ff5c5ecbdbbeef','L','','2001-09-15','','','','',NULL,NULL,'','','sudrajat@yahoo.co.id',1,NULL,'2011-09-15 14:08:14',1,'2011-09-15 14:08:14',0),(216,12,8,173,1,1,'wiwi','Wiwi DA','132412431431','123','40bd001563085fc35165329ea1ff5c5ecbdbbeef','P','','2001-09-15','','','','',NULL,NULL,'','','wiwi@yahoo.co.id',1,'2011-09-15 14:46:42','2011-09-15 14:41:42',1,'2011-09-15 14:46:42',0);
/*!40000 ALTER TABLE `users` ENABLE KEYS */;
UNLOCK TABLES;

--
-- Table structure for table `verificators`
--

DROP TABLE IF EXISTS `verificators`;
SET @saved_cs_client     = @@character_set_client;
SET character_set_client = utf8;
CREATE TABLE `verificators` (
  `id` int(11) NOT NULL auto_increment,
  `verificator` int(11) NOT NULL,
  `position_id` int(11) NOT NULL,
  `created` datetime NOT NULL,
  `created_by` int(10) NOT NULL,
  PRIMARY KEY  (`id`),
  KEY `position_id` (`position_id`),
  KEY `created_by` (`created_by`),
  KEY `verificator` (`verificator`)
) ENGINE=MyISAM DEFAULT CHARSET=latin1;
SET character_set_client = @saved_cs_client;

--
-- Dumping data for table `verificators`
--

LOCK TABLES `verificators` WRITE;
/*!40000 ALTER TABLE `verificators` DISABLE KEYS */;
/*!40000 ALTER TABLE `verificators` ENABLE KEYS */;
UNLOCK TABLES;

--
-- Dumping routines for database 't38891_la'
--
DELIMITER ;;
DELIMITER ;
/*!40103 SET TIME_ZONE=@OLD_TIME_ZONE */;

/*!40101 SET SQL_MODE=@OLD_SQL_MODE */;
/*!40014 SET FOREIGN_KEY_CHECKS=@OLD_FOREIGN_KEY_CHECKS */;
/*!40014 SET UNIQUE_CHECKS=@OLD_UNIQUE_CHECKS */;
/*!40101 SET CHARACTER_SET_CLIENT=@OLD_CHARACTER_SET_CLIENT */;
/*!40101 SET CHARACTER_SET_RESULTS=@OLD_CHARACTER_SET_RESULTS */;
/*!40101 SET COLLATION_CONNECTION=@OLD_COLLATION_CONNECTION */;
/*!40111 SET SQL_NOTES=@OLD_SQL_NOTES */;

-- Dump completed on 2011-09-17 14:15:20
