-- MySQL dump 10.11
--
-- Host: localhost    Database: t38891_la
-- ------------------------------------------------------
-- Server version	5.0.51a-24+lenny5

/*!40101 SET @OLD_CHARACTER_SET_CLIENT=@@CHARACTER_SET_CLIENT */;
/*!40101 SET @OLD_CHARACTER_SET_RESULTS=@@CHARACTER_SET_RESULTS */;
/*!40101 SET @OLD_COLLATION_CONNECTION=@@COLLATION_CONNECTION */;
/*!40101 SET NAMES utf8 */;
/*!40103 SET @OLD_TIME_ZONE=@@TIME_ZONE */;
/*!40103 SET TIME_ZONE='+00:00' */;
/*!40014 SET @OLD_UNIQUE_CHECKS=@@UNIQUE_CHECKS, UNIQUE_CHECKS=0 */;
/*!40014 SET @OLD_FOREIGN_KEY_CHECKS=@@FOREIGN_KEY_CHECKS, FOREIGN_KEY_CHECKS=0 */;
/*!40101 SET @OLD_SQL_MODE=@@SQL_MODE, SQL_MODE='NO_AUTO_VALUE_ON_ZERO' */;
/*!40111 SET @OLD_SQL_NOTES=@@SQL_NOTES, SQL_NOTES=0 */;

--
-- Table structure for table `act_list_activities`
--

DROP TABLE IF EXISTS `act_list_activities`;
SET @saved_cs_client     = @@character_set_client;
SET character_set_client = utf8;
CREATE TABLE `act_list_activities` (
  `id` int(11) NOT NULL auto_increment,
  `act_list_id` int(11) NOT NULL,
  `activity_id` int(11) NOT NULL,
  PRIMARY KEY  (`id`),
  KEY `activity_id` (`activity_id`),
  KEY `act_list_id` (`act_list_id`)
) ENGINE=MyISAM AUTO_INCREMENT=2599 DEFAULT CHARSET=latin1;
SET character_set_client = @saved_cs_client;

--
-- Dumping data for table `act_list_activities`
--

LOCK TABLES `act_list_activities` WRITE;
/*!40000 ALTER TABLE `act_list_activities` DISABLE KEYS */;
INSERT INTO `act_list_activities` VALUES (1889,563,823),(1890,562,824),(1885,567,823),(1883,569,824),(1884,568,880),(1881,571,823),(1882,570,824),(1880,572,824),(1879,573,824),(1878,574,824),(1877,575,823),(1876,576,880),(1873,577,824),(1785,579,824),(1875,578,824),(1872,580,824),(1928,581,824),(1871,582,824),(1731,561,824),(1159,30,880),(184,17,824),(181,18,824),(180,19,824),(179,20,824),(178,21,824),(177,22,824),(176,23,824),(175,24,823),(188,25,824),(173,26,824),(191,27,824),(171,28,824),(1160,29,880),(253,31,824),(252,32,824),(251,33,823),(250,34,823),(249,35,824),(248,36,823),(247,37,824),(246,38,824),(245,39,824),(244,40,824),(1158,41,880),(1157,42,880),(241,43,880),(240,44,818),(239,44,824),(236,45,824),(423,46,824),(234,47,824),(233,48,823),(578,49,824),(1156,50,880),(330,51,824),(328,52,824),(329,53,824),(1155,54,880),(307,55,824),(323,56,823),(324,57,823),(325,58,824),(322,59,824),(321,60,824),(320,61,824),(319,62,823),(318,63,824),(317,64,824),(316,65,823),(315,66,823),(1153,67,880),(313,68,824),(312,69,824),(311,70,824),(310,71,824),(309,72,824),(308,73,824),(335,74,824),(336,75,823),(1154,76,880),(418,77,824),(419,78,824),(416,79,824),(415,80,823),(414,81,824),(412,82,824),(411,83,824),(1151,84,880),(409,85,824),(408,86,823),(407,87,824),(1150,88,880),(405,89,824),(1149,90,880),(403,91,823),(402,92,824),(401,93,824),(400,94,824),(399,95,824),(398,96,824),(397,97,824),(396,98,824),(395,99,824),(394,100,824),(393,101,824),(566,102,824),(1148,103,824),(1147,104,824),(1146,105,824),(1145,106,880),(1144,107,824),(429,108,824),(1143,109,880),(1142,110,824),(570,111,824),(569,112,824),(1141,113,824),(1140,114,824),(1139,115,824),(564,116,823),(563,117,823),(1138,118,824),(1137,119,823),(560,120,824),(1136,121,824),(558,122,824),(1135,123,823),(556,124,823),(1134,125,880),(1133,126,880),(553,127,824),(552,128,824),(551,129,824),(550,130,824),(549,131,823),(548,132,824),(547,133,824),(546,134,824),(545,135,824),(544,136,824),(543,137,824),(542,138,824),(1132,139,880),(540,140,824),(539,141,824),(538,142,824),(537,143,823),(536,144,823),(535,145,824),(534,146,824),(533,147,824),(532,148,824),(531,149,824),(530,150,824),(529,151,824),(1131,152,880),(524,153,824),(523,154,823),(527,155,880),(1282,156,824),(593,157,824),(1102,158,824),(596,159,823),(1162,160,824),(1161,161,824),(601,162,824),(605,163,824),(650,164,824),(651,165,824),(1130,166,880),(653,167,824),(654,168,824),(1104,169,824),(656,170,823),(1129,171,880),(658,172,824),(659,173,824),(1128,174,880),(661,175,824),(663,176,824),(664,177,824),(665,178,824),(666,179,824),(667,180,824),(668,181,824),(1093,182,880),(791,183,824),(790,184,824),(1127,185,880),(788,186,823),(787,187,824),(1082,188,824),(1165,189,824),(784,190,824),(1126,191,880),(782,192,824),(1164,193,824),(779,194,824),(778,195,823),(777,196,824),(776,197,823),(1280,198,824),(774,199,824),(773,200,824),(772,201,824),(771,202,823),(770,203,823),(1125,204,880),(1397,205,824),(1398,206,823),(766,207,823),(1124,208,880),(764,209,824),(763,210,823),(762,211,824),(761,212,824),(760,213,824),(759,214,824),(758,215,823),(757,216,823),(756,217,824),(755,218,824),(884,219,824),(883,220,824),(882,221,824),(881,222,824),(880,223,823),(879,224,824),(878,225,824),(876,226,824),(875,227,823),(874,228,824),(1108,308,824),(1123,230,880),(871,231,824),(1122,232,880),(869,233,823),(1279,234,824),(866,235,824),(865,236,824),(864,237,824),(863,238,824),(1098,239,824),(861,240,824),(860,241,824),(859,242,824),(858,243,824),(857,244,824),(888,245,823),(1090,246,880),(1808,247,824),(992,248,824),(1091,249,880),(990,250,823),(989,251,824),(988,252,824),(987,253,824),(986,254,824),(985,255,824),(984,256,824),(983,257,824),(982,258,824),(981,259,824),(980,260,824),(979,261,824),(978,262,824),(977,263,823),(976,264,824),(975,265,824),(974,266,823),(973,267,824),(972,268,823),(971,269,824),(1077,270,824),(969,271,824),(968,272,824),(967,273,824),(966,274,824),(965,275,823),(1089,276,880),(1069,277,823),(1070,278,824),(1071,279,823),(1088,280,880),(1073,281,824),(1074,282,824),(1068,283,824),(1087,284,880),(1066,285,824),(1086,286,880),(1064,287,824),(1063,288,823),(1062,289,823),(1061,290,824),(1060,291,824),(1276,292,824),(1058,293,824),(1057,294,824),(1056,295,823),(1085,296,880),(1054,297,824),(1084,298,880),(1052,299,824),(1051,300,823),(1050,301,823),(1049,302,824),(1048,303,823),(1081,304,824),(1094,305,824),(1096,306,824),(1101,307,823),(1110,309,823),(1112,310,823),(1273,311,824),(1272,312,824),(1271,313,824),(1270,314,824),(1269,315,824),(1268,316,824),(1267,317,823),(1266,318,824),(1265,319,824),(1264,320,824),(1263,321,824),(1278,322,823),(1275,323,823),(1274,324,823),(1262,325,824),(1277,326,824),(1395,327,824),(1260,328,824),(1251,329,823),(1259,330,823),(1281,331,823),(1258,332,824),(1257,333,824),(1256,334,824),(1255,335,823),(1254,336,823),(1253,337,880),(1252,338,824),(1250,339,823),(1249,340,824),(1248,341,824),(1299,342,824),(1246,343,824),(1283,344,824),(1244,345,824),(1915,346,880),(1242,347,824),(1241,348,824),(1240,349,824),(1239,350,880),(1393,351,824),(1392,352,824),(1391,353,824),(1390,354,824),(1389,355,880),(1388,356,824),(1387,357,880),(1386,358,824),(1385,359,823),(1384,360,824),(1382,361,880),(1934,362,880),(1380,363,823),(1379,364,824),(1378,365,824),(1375,368,824),(1376,367,824),(1374,369,824),(1373,370,824),(1372,371,824),(1371,372,824),(1370,373,823),(1369,374,824),(1368,375,880),(1367,376,824),(1366,377,823),(1365,378,824),(1364,379,824),(1363,380,824),(1394,381,824),(1396,382,824),(1361,383,824),(1360,384,824),(1359,385,824),(1501,386,823),(1496,387,823),(1495,388,824),(1494,389,823),(1493,390,824),(1492,391,823),(1491,392,824),(1490,393,824),(1489,394,824),(1488,395,824),(1487,396,824),(1486,397,823),(1867,586,824),(1416,399,823),(1484,400,824),(1417,401,824),(1483,402,824),(1482,403,824),(1481,404,824),(1480,405,824),(1479,406,880),(1912,407,824),(1477,408,824),(1476,409,824),(1475,410,824),(1474,411,880),(2353,412,824),(1472,413,824),(1471,414,824),(1504,415,880),(1469,418,824),(1468,419,823),(1467,420,824),(1456,421,824),(1455,422,823),(1503,423,823),(1500,424,823),(1499,425,824),(1498,426,824),(1502,427,823),(1497,428,823),(1582,429,824),(1581,430,824),(1580,431,824),(1579,432,824),(1578,433,880),(1566,434,824),(1577,435,824),(1576,436,880),(1575,437,824),(1574,438,823),(1909,439,824),(1572,440,824),(1571,441,824),(1570,442,824),(1569,443,824),(1568,444,824),(1565,445,823),(1564,446,824),(1563,447,824),(1562,448,824),(1561,449,824),(1560,450,824),(1559,451,823),(1567,452,824),(1558,453,824),(1557,454,880),(1556,455,824),(1555,456,880),(1554,457,824),(1553,458,823),(1552,459,824),(1551,460,824),(1550,461,824),(1549,462,824),(1548,463,824),(1547,464,823),(1546,465,823),(1913,466,824),(1783,467,823),(1781,468,823),(1780,469,824),(1778,470,824),(1777,471,824),(1774,472,824),(1773,473,824),(1771,474,824),(1770,475,880),(1768,476,824),(1767,477,824),(1766,478,824),(1914,479,823),(1765,480,823),(1764,481,824),(1763,482,824),(1762,483,824),(1760,484,824),(1759,485,823),(1758,486,880),(1757,487,824),(1756,488,824),(1755,489,823),(1749,490,824),(1748,491,823),(1747,492,824),(1911,493,880),(2051,494,823),(1700,495,823),(1699,496,824),(1696,497,824),(1695,498,823),(1694,499,824),(1693,500,824),(1692,501,823),(1691,502,824),(1690,503,824),(1689,504,824),(1688,505,824),(1687,506,824),(1686,507,824),(1685,508,824),(1684,509,824),(1683,510,824),(1682,511,824),(1681,512,823),(1680,513,824),(1679,514,824),(1678,515,824),(1698,516,823),(1677,517,824),(1676,518,824),(1868,585,823),(1795,398,880),(1675,519,880),(1674,520,824),(1673,521,823),(1672,522,824),(1671,523,824),(1670,524,880),(1669,525,824),(1668,526,824),(1667,527,824),(1666,528,824),(1665,529,824),(1664,530,823),(1663,531,824),(1802,532,824),(1908,533,824),(1907,534,823),(1906,535,824),(1905,536,824),(1903,537,823),(1902,538,824),(1901,539,880),(1900,540,824),(1899,541,824),(1898,542,824),(1797,543,880),(1897,544,824),(1896,545,824),(1895,546,824),(1894,547,880),(1893,548,824),(1892,549,824),(1891,550,823),(1726,551,824),(1887,565,824),(1888,564,824),(1727,551,824),(1886,566,824),(1870,583,824),(1869,584,823),(1866,587,824),(1865,588,824),(1864,589,823),(1918,590,824),(1935,591,824),(1861,592,824),(1860,593,823),(1859,594,824),(1858,595,824),(1857,596,880),(1856,597,824),(1855,598,824),(1924,599,824),(1853,600,824),(1852,601,824),(1904,602,824),(1851,603,880),(1850,604,824),(1849,605,824),(1848,606,823),(1847,607,823),(1846,608,824),(1845,609,824),(1844,610,824),(1843,611,880),(1842,612,824),(1841,613,823),(1910,614,823),(1840,615,823),(1839,616,824),(1838,617,824),(1981,618,824),(1953,619,824),(1950,620,824),(1954,621,824),(1955,622,824),(1956,623,824),(1957,624,824),(1958,625,824),(1959,626,824),(1951,627,824),(1960,628,824),(1930,629,824),(1961,630,823),(1962,631,824),(1963,632,880),(1964,633,824),(1965,634,823),(1976,635,824),(1978,636,824),(1980,637,824),(1979,638,824),(1977,639,880),(1975,640,824),(1974,641,824),(1973,642,824),(1972,643,823),(1971,644,824),(1968,645,823),(1970,646,824),(2049,647,824),(2043,648,823),(2048,649,824),(2047,650,824),(2046,651,824),(2045,652,824),(2044,653,823),(2032,654,880),(2033,655,823),(2034,656,880),(2039,657,824),(2042,658,824),(2040,659,823),(2041,660,824),(2038,661,823),(2055,662,823),(2057,663,823),(2056,664,824),(2054,665,824),(2037,666,824),(2036,667,824),(2107,668,824),(2031,669,824),(2050,670,824),(2030,671,823),(2029,672,824),(2028,673,880),(2027,674,823),(2026,675,824),(2025,676,880),(2024,677,824),(2023,678,824),(2058,679,824),(2059,680,880),(2061,681,823),(2065,682,824),(2064,683,824),(2078,688,824),(2080,689,824),(2076,687,824),(2145,690,824),(2146,691,823),(2147,692,824),(2148,693,880),(2149,694,824),(2150,695,824),(2151,696,824),(2152,697,824),(2153,698,823),(2154,699,824),(2155,700,824),(2133,701,824),(2134,702,823),(2135,703,824),(2136,704,824),(2138,705,823),(2144,706,824),(2143,707,824),(2142,708,824),(2141,709,824),(2140,710,824),(2139,711,824),(2239,712,824),(2132,713,823),(2240,714,824),(2130,715,880),(2129,716,824),(2128,717,823),(2127,718,824),(2126,719,824),(2125,720,824),(2118,721,824),(2123,722,823),(2124,724,823),(2237,725,880),(2202,726,824),(2236,727,824),(2235,728,824),(2234,729,880),(2233,730,824),(2232,731,824),(2231,732,824),(2207,733,824),(2193,734,824),(2238,735,824),(2197,736,880),(2195,737,823),(2196,738,823),(2203,739,824),(2205,740,880),(2208,741,824),(2210,742,823),(2211,743,824),(2212,744,824),(2213,745,824),(2215,746,824),(2217,747,824),(2218,748,823),(2199,749,824),(2219,750,824),(2230,751,824),(2229,752,824),(2228,753,824),(2227,754,823),(2226,755,824),(2225,756,824),(2224,757,823),(2223,758,824),(2222,759,823),(2221,760,824),(2315,761,824),(2314,762,824),(2313,763,824),(2312,764,824),(2252,765,824),(2311,766,880),(2310,767,823),(2413,768,823),(2317,769,824),(2299,770,824),(2298,771,824),(2297,772,824),(2334,773,824),(2282,774,824),(2256,775,824),(2293,776,824),(2292,777,824),(2291,778,880),(2290,779,824),(2289,780,880),(2288,781,824),(2287,782,824),(2285,783,824),(2284,784,824),(2316,785,824),(2281,786,824),(2280,787,824),(2279,788,824),(2278,789,823),(2277,790,824),(2308,791,823),(2307,792,823),(2306,793,824),(2384,794,824),(2380,795,824),(2378,796,824),(2369,797,824),(2363,798,824),(2383,799,824),(2364,800,824),(2361,801,824),(2360,802,823),(2359,803,824),(2358,804,824),(2354,805,824),(2347,806,824),(2346,807,824),(2395,808,824),(2385,809,823),(2366,810,824),(2377,811,880),(2342,812,824),(2386,813,824),(2357,814,880),(2381,815,824),(2355,816,824),(2373,817,824),(2372,818,823),(2370,819,824),(2376,820,823),(2375,821,824),(2382,822,824),(2392,823,823),(2391,824,824),(2390,825,823),(2394,826,880),(2431,827,824),(2429,828,824),(2428,829,824),(2460,830,824),(2451,831,823),(2456,832,824),(2424,833,824),(2459,834,824),(2422,835,823),(2452,836,824),(2435,837,823),(2419,838,824),(2418,839,880),(2417,840,824),(2502,841,823),(2430,842,823),(2415,843,824),(2457,844,824),(2439,845,824),(2438,846,824),(2437,847,823),(2444,848,823),(2464,849,824),(2446,850,824),(2492,851,880),(2471,852,824),(2470,853,880),(2468,854,880),(2466,855,823),(2465,856,824),(2463,857,823),(2469,858,823),(2476,859,823),(2490,860,824),(2487,861,823),(2558,862,824),(2483,863,824),(2534,864,880),(2486,865,824),(2491,866,823),(2516,867,824),(2515,868,824),(2514,869,824),(2513,870,824),(2512,871,824),(2511,872,824),(2521,873,824),(2509,874,824),(2508,875,823),(2507,876,880),(2504,877,880),(2506,878,880),(2529,879,824),(2531,880,824),(2524,881,824),(2526,882,824),(2532,883,824),(2533,884,824),(2535,885,824),(2537,886,824),(2538,887,824),(2551,888,824),(2546,889,824),(2545,890,824),(2543,891,823),(2552,892,824),(2553,893,880),(2554,894,824),(2555,895,824),(2556,896,880),(2557,897,824),(2559,898,824),(2560,899,823),(2561,900,824),(2589,901,880),(2563,902,824),(2587,903,824),(2565,904,824),(2566,905,824),(2567,906,824),(2568,907,824),(2570,908,823),(2571,909,823),(2572,910,824),(2573,911,824),(2574,912,824),(2576,913,823),(2577,914,824),(2578,915,824),(2579,916,824),(2580,917,824),(2581,918,824),(2582,919,824),(2583,920,823),(2584,921,824),(2585,922,824),(2586,923,824),(2588,924,824),(2590,925,824),(2591,926,824),(2592,927,823),(2593,928,823),(2594,929,824),(2595,930,824),(2596,931,824),(2597,932,824),(2598,933,824);
/*!40000 ALTER TABLE `act_list_activities` ENABLE KEYS */;
UNLOCK TABLES;

--
-- Table structure for table `act_list_activity_description_students`
--

DROP TABLE IF EXISTS `act_list_activity_description_students`;
SET @saved_cs_client     = @@character_set_client;
SET character_set_client = utf8;
CREATE TABLE `act_list_activity_description_students` (
  `id` int(11) NOT NULL auto_increment,
  `act_list_activity_description_id` int(11) NOT NULL,
  `student_id` int(11) NOT NULL,
  PRIMARY KEY  (`id`),
  KEY `act_list_activity_description_id` (`act_list_activity_description_id`),
  KEY `student_id` (`student_id`)
) ENGINE=MyISAM AUTO_INCREMENT=7750 DEFAULT CHARSET=latin1 COMMENT='mahasiswa yang absen';
SET character_set_client = @saved_cs_client;

--
-- Dumping data for table `act_list_activity_description_students`
--

LOCK TABLES `act_list_activity_description_students` WRITE;
/*!40000 ALTER TABLE `act_list_activity_description_students` DISABLE KEYS */;
INSERT INTO `act_list_activity_description_students` VALUES (4469,2324,1400),(4468,2324,1399),(4467,2324,1394),(4466,2324,1390),(5032,2542,1501),(4471,2325,2053),(4470,2325,2051),(5031,2542,1504),(5146,2589,1812),(5026,2541,1787),(5145,2589,1790),(5144,2589,1811),(5143,2589,1791),(4974,2517,1498),(5053,2550,1470),(5052,2550,1468),(5051,2550,1460),(4973,2517,1487),(4972,2517,1492),(5022,2537,1775),(4980,2518,1865),(5030,2542,1509),(5029,2542,1510),(5028,2542,1511),(5027,2542,1515),(4979,2518,1837),(4978,2518,1841),(4977,2518,1843),(4976,2518,1845),(5142,2589,1792),(5141,2589,1793),(5140,2589,1794),(5139,2589,1796),(5138,2589,1795),(5137,2589,1798),(4465,2324,1387),(4464,2324,1380),(568,328,743),(3136,1729,1953),(301,247,937),(300,247,938),(299,247,951),(298,239,717),(297,239,703),(296,239,707),(295,239,709),(294,239,711),(293,239,714),(315,256,717),(314,256,703),(313,256,707),(312,256,708),(311,256,709),(310,256,711),(309,256,714),(567,328,742),(566,328,741),(565,328,740),(564,328,739),(563,328,738),(562,328,737),(561,328,736),(560,328,735),(559,328,734),(558,328,733),(557,328,729),(556,328,730),(555,328,731),(554,328,732),(553,328,718),(552,328,719),(551,328,720),(550,328,721),(549,328,722),(548,328,723),(547,328,724),(546,328,725),(545,328,726),(544,328,727),(543,328,728),(598,329,838),(597,329,837),(596,329,836),(595,329,835),(594,329,813),(593,329,814),(592,329,815),(591,329,816),(590,329,817),(589,329,818),(588,329,819),(587,329,820),(586,329,821),(585,329,822),(584,329,823),(583,329,825),(582,329,824),(581,329,826),(580,329,827),(579,329,828),(578,329,829),(577,329,830),(576,329,831),(575,329,832),(574,329,833),(573,329,834),(572,328,747),(571,328,746),(570,328,745),(569,328,744),(928,892,1150),(927,892,1152),(679,832,1665),(678,832,1666),(677,832,1679),(676,832,1670),(675,832,1671),(674,832,1676),(673,832,1681),(672,832,1683),(671,832,1684),(2737,1589,1342),(2740,1591,1952),(659,827,1756),(658,827,1762),(2629,1507,1468),(2628,1507,1460),(646,824,1865),(645,824,1864),(644,824,1861),(643,824,1860),(642,824,1845),(3234,1755,1731),(3233,1755,1733),(3232,1755,1736),(3231,1755,1739),(3230,1755,1745),(3229,1754,2010),(926,892,1161),(3240,1756,1666),(3239,1756,1668),(3238,1756,1675),(3237,1756,1676),(3236,1756,1680),(3235,1755,1730),(932,893,1730),(931,893,1742),(930,893,1744),(929,893,1745),(2627,1506,1451),(2626,1506,1440),(2734,1543,1229),(2733,1543,1226),(2732,1543,1224),(2731,1543,1222),(2730,1543,1212),(2729,1543,1210),(940,896,1169),(939,896,1178),(2643,1511,1498),(2642,1511,1478),(2641,1511,1483),(2640,1510,1518),(2739,1591,1945),(2738,1590,1830),(957,898,1209),(956,898,1207),(955,898,1189),(954,898,1190),(953,898,1191),(952,898,1193),(951,898,1196),(950,898,1199),(949,898,1201),(948,898,1202),(947,898,1203),(946,898,1204),(945,898,1205),(2719,1541,1922),(2718,1541,1923),(2728,1542,2036),(2727,1542,2048),(2726,1541,1927),(2725,1541,1900),(2724,1541,1901),(2723,1541,1906),(2722,1541,1912),(2721,1541,1914),(2720,1541,1920),(972,902,1399),(971,902,1386),(970,902,1382),(969,901,1371),(2736,1589,1336),(2735,1588,1788),(975,903,1730),(974,903,1744),(973,903,1745),(982,905,1812),(981,905,1791),(980,905,1792),(979,905,1798),(978,905,1801),(977,905,1804),(976,905,1806),(998,909,1897),(997,909,1896),(993,908,1798),(992,908,1806),(991,908,1808),(996,909,1867),(995,909,1878),(994,909,1885),(1003,910,1342),(1002,910,1337),(1001,910,1336),(1000,910,1333),(999,910,1322),(1008,911,1229),(1007,911,1226),(1006,911,1222),(1005,911,1212),(1004,911,1210),(1013,912,1229),(1012,912,1226),(1011,912,1224),(1010,912,1222),(1009,912,1210),(1030,913,1711),(1029,913,1710),(1028,913,1686),(1027,913,1687),(1026,913,1690),(1025,913,1691),(1024,913,1692),(1023,913,1694),(1022,913,1695),(1021,913,1696),(1020,913,1697),(1019,913,1699),(1018,913,1700),(1017,913,1704),(1016,913,1705),(1015,913,1708),(1014,913,1709),(1032,914,1460),(1031,914,1459),(1036,915,1451),(1035,915,1439),(1034,914,1473),(1033,914,1468),(2599,1495,1040),(2598,1495,1033),(2597,1495,1022),(2596,1495,1021),(1429,1078,1229),(1428,1078,1226),(1427,1078,1224),(1426,1078,1222),(1425,1078,1212),(1424,1078,1210),(1423,1077,2013),(1422,1077,2028),(1421,1073,1345),(1420,1073,1342),(1419,1073,1341),(1418,1073,1340),(1417,1073,1337),(1416,1073,1336),(1415,1073,1334),(1414,1073,1333),(1413,1073,1332),(1412,1073,1322),(2572,1482,1952),(2571,1482,1951),(2570,1482,1929),(2569,1482,1943),(2568,1482,1945),(2567,1482,1948),(2566,1482,1949),(1404,1069,1502),(1403,1069,1501),(1402,1069,1503),(1401,1069,1504),(1400,1069,1514),(1399,1069,1513),(1398,1069,1515),(2716,1537,2016),(1394,1066,1841),(2759,1595,1712),(2758,1595,1717),(2757,1595,1725),(2755,1594,1773),(1379,1061,1865),(1378,1061,1841),(1377,1060,1495),(1376,1060,1496),(1375,1059,1712),(1374,1059,1717),(1373,1059,1727),(1372,1058,1478),(1371,1058,1495),(1370,1058,1496),(3219,1752,1688),(3218,1752,1689),(3217,1752,1691),(3216,1752,1702),(3215,1752,1703),(1358,1053,1150),(1354,1052,1730),(1353,1052,1733),(1351,1051,1033),(1350,1050,1345),(1349,1050,1344),(1348,1050,1342),(1347,1050,1336),(1346,1050,1333),(1345,1050,1332),(1344,1050,1322),(2714,1535,1033),(2713,1535,1020),(1341,1044,1182),(1340,1044,1178),(2712,1533,1399),(2711,1533,1382),(2710,1533,1380),(2754,1594,1776),(2753,1594,1783),(2756,1594,1787),(1336,1041,1812),(1335,1041,1791),(1334,1041,1792),(1333,1041,1800),(1332,1041,1806),(1331,1041,1808),(1330,1039,1665),(1329,1039,1670),(1328,1039,1672),(1327,1039,1676),(1352,1052,1745),(1357,1053,1152),(1356,1053,1160),(1355,1053,1161),(1326,1037,1399),(1325,1037,1382),(1324,1037,1380),(2715,1536,1356),(2717,1537,2015),(1323,1036,1182),(1322,1036,1178),(1364,1055,1953),(1363,1055,1952),(1362,1055,1942),(1361,1055,1941),(1360,1055,1945),(1359,1055,1949),(1314,1034,1880),(1313,1034,1895),(1321,1035,1189),(1320,1035,1203),(1319,1034,1899),(1318,1034,1898),(1317,1034,1897),(1316,1034,1896),(1315,1034,1870),(1312,1033,1787),(1311,1033,1776),(1807,1207,1865),(1796,1203,1498),(1795,1203,1478),(1794,1203,1487),(1793,1203,1495),(1792,1202,1336),(1791,1202,1333),(1790,1202,1322),(1789,1200,1038),(1788,1200,1033),(1785,1196,1402),(1773,1193,1204),(1772,1193,1206),(1780,1194,1178),(1779,1194,1179),(1778,1193,1209),(1777,1193,1189),(1776,1193,1196),(1771,1192,1865),(1770,1192,1851),(1806,1207,1842),(1804,1206,2036),(1805,1207,1851),(2709,1532,1899),(2708,1532,1898),(2707,1532,1897),(2706,1532,1896),(2705,1532,1880),(2704,1532,1888),(2703,1532,1895),(1758,1188,1234),(1757,1188,1229),(2702,1531,1399),(2701,1531,1382),(1746,1184,1725),(3208,1749,1711),(3207,1749,1687),(3206,1749,1688),(3205,1749,1702),(3204,1749,1703),(3203,1749,1706),(3202,1748,1665),(3201,1748,1666),(3200,1748,1679),(3199,1748,1668),(3198,1748,1670),(3197,1748,1671),(1729,1181,1805),(1728,1181,1807),(1727,1181,1808),(1769,1191,863),(1768,1191,849),(1726,1179,2036),(1725,1179,2053),(1724,1179,2051),(1723,1178,2014),(1722,1178,2028),(1756,1188,1226),(1755,1188,1225),(1754,1188,1217),(1753,1188,1215),(1752,1188,1212),(1751,1188,1210),(1760,1188,1237),(1759,1188,1235),(1750,1187,1038),(1749,1187,1033),(1721,1177,1665),(1720,1177,1668),(1719,1177,1670),(1718,1177,1671),(1717,1177,1672),(1775,1193,1200),(1774,1193,1202),(2613,1502,1189),(2612,1501,1517),(2611,1501,1504),(2610,1501,1509),(1712,1175,1235),(1711,1175,1234),(1710,1175,1229),(1709,1175,1228),(1708,1175,1226),(1707,1175,1221),(1706,1175,1220),(1705,1175,1215),(1704,1175,1214),(1703,1175,1212),(1702,1175,1211),(1803,1205,1899),(1802,1205,1898),(1801,1205,1897),(1800,1205,1896),(1799,1205,1880),(1798,1205,1888),(1797,1205,1895),(1701,1173,1517),(1700,1173,1504),(1699,1173,1509),(1698,1173,1515),(1784,1196,1399),(1783,1196,1388),(1782,1196,1382),(1781,1195,1364),(1831,1212,1741),(1830,1212,1745),(2591,1491,1787),(2590,1491,1773),(2589,1491,1775),(2588,1491,1781),(4725,2433,1439),(4724,2433,1432),(3196,1748,1672),(3195,1748,1673),(3194,1748,1675),(3193,1748,1680),(3192,1748,1681),(3191,1748,1682),(2207,1349,1710),(2206,1349,1691),(2205,1349,1695),(2204,1349,1706),(2203,1349,1707),(2593,1492,1468),(2592,1492,1460),(2198,1346,1187),(2197,1346,1186),(2196,1346,1182),(2195,1346,1167),(2194,1346,1170),(2193,1346,1178),(2192,1346,1180),(2191,1344,1279),(2190,1343,1504),(2189,1343,1514),(2188,1342,1152),(2187,1342,1160),(2186,1340,1399),(2185,1340,1382),(2184,1339,1374),(2183,1338,1812),(2182,1338,1791),(2181,1338,1792),(2180,1338,1798),(2179,1338,1799),(2178,1338,1800),(2177,1338,1801),(2176,1338,1803),(2175,1338,1805),(2171,1337,1865),(2170,1336,1342),(2169,1336,1337),(2168,1336,1336),(2167,1336,1333),(2162,1335,1333),(2161,1335,1322),(2160,1334,1451),(2157,1330,1822),(2156,1329,1754),(2155,1329,1757),(2154,1328,1887),(2153,1328,1888),(2152,1328,1895),(2174,1338,1804),(2173,1338,1806),(2172,1338,1808),(2151,1327,1477),(2150,1327,1478),(2149,1326,1372),(2148,1326,1361),(2147,1325,1787),(2146,1325,1773),(2145,1325,1783),(2144,1323,1754),(2143,1323,1757),(2142,1323,1765),(2141,1323,1766),(2140,1321,1773),(2139,1321,1783),(2549,1473,2014),(2548,1472,2036),(2547,1472,2038),(2546,1472,2046),(2545,1472,2049),(2544,1472,2053),(2132,1319,847),(2131,1319,857),(2130,1318,1686),(2166,1336,1322),(2129,1317,1237),(2128,1317,1234),(2127,1317,1226),(2126,1317,1225),(2125,1317,1222),(2124,1317,1214),(2123,1317,1212),(2122,1315,1470),(2121,1315,1468),(2120,1315,1460),(2159,1334,1439),(2158,1334,1432),(2165,1335,1342),(2164,1335,1337),(2163,1335,1336),(2119,1314,1399),(2118,1314,1382),(2595,1493,1439),(2594,1493,1432),(2117,1313,1670),(2116,1313,1671),(2115,1313,1675),(2114,1313,1678),(2587,1490,1237),(2586,1490,1234),(2585,1490,1226),(2584,1490,1225),(2583,1490,1222),(2582,1490,1214),(2581,1490,1212),(2510,1458,1039),(2509,1458,1033),(2513,1460,1402),(2512,1460,1399),(2511,1460,1388),(2516,1462,847),(2515,1462,849),(2514,1462,857),(2580,1489,1953),(2579,1489,1952),(2578,1489,1929),(2577,1489,1937),(2576,1489,1945),(2575,1489,1948),(2574,1489,1949),(2527,1465,1470),(2526,1465,1468),(2525,1465,1460),(2524,1464,1439),(2528,1465,1473),(2500,1456,1910),(2499,1456,1911),(2498,1456,1913),(2497,1456,1921),(2508,1457,1929),(2507,1457,1934),(2506,1457,1948),(2505,1457,1950),(2573,1488,2046),(2495,1454,2014),(2494,1454,2026),(2493,1454,2028),(2492,1452,1342),(2491,1452,1334),(2490,1452,1333),(2489,1452,1322),(2488,1450,1756),(2487,1450,1757),(2486,1450,1758),(2485,1449,1189),(2484,1449,1195),(2483,1449,1196),(2482,1449,1204),(2481,1449,1206),(2477,1446,1926),(2476,1446,1925),(2475,1446,1909),(2474,1446,1910),(2473,1446,1921),(3188,1745,1801),(3189,1745,1800),(3187,1744,1439),(2465,1443,1206),(2464,1442,1504),(2463,1442,1509),(2462,1442,1514),(2460,1440,1182),(2459,1440,1178),(2458,1440,1179),(2457,1439,1182),(2456,1439,1178),(2455,1439,1179),(2454,1437,847),(2453,1437,849),(2452,1437,857),(2451,1436,1898),(2450,1436,1897),(2449,1436,1896),(2448,1436,1868),(2447,1436,1871),(2446,1436,1872),(2445,1436,1874),(2444,1436,1881),(2443,1436,1890),(2504,1456,1926),(2503,1456,1925),(2502,1456,1901),(2501,1456,1909),(2442,1434,1504),(2441,1434,1509),(2440,1434,1514),(2439,1434,1513),(2438,1432,1164),(2437,1432,1152),(2436,1432,1158),(2435,1432,1160),(2434,1432,1162),(2480,1448,1402),(2479,1448,1399),(2478,1448,1387),(2432,1430,1342),(2431,1430,1338),(2430,1430,1336),(2429,1430,1334),(2428,1430,1333),(2427,1430,1322),(2426,1429,1864),(2433,1430,1349),(2461,1442,1513),(2469,1443,1209),(2468,1443,1189),(2467,1443,1195),(2466,1443,1196),(2543,1472,2051),(2565,1481,1399),(2564,1481,1397),(2562,1480,1371),(2563,1481,1382),(2603,1498,1752),(2602,1498,1756),(2609,1501,1515),(2625,1505,1787),(2624,1505,1773),(2623,1505,1775),(2622,1505,1782),(2639,1510,1503),(2638,1510,1505),(2637,1510,1513),(2651,1518,1518),(2650,1518,1503),(2649,1518,1505),(2648,1518,1513),(3181,1738,1451),(3180,1738,1442),(3179,1738,1440),(3178,1738,1439),(3177,1738,1429),(3176,1737,863),(3175,1737,847),(3174,1737,849),(3173,1737,854),(3162,1735,1805),(3161,1735,1806),(3172,1736,1896),(3171,1736,1867),(3170,1735,1812),(3169,1735,1792),(3168,1735,1794),(3167,1735,1798),(3166,1735,1800),(3165,1735,1802),(3160,1734,1346),(3159,1734,1344),(3158,1734,1340),(3157,1734,1336),(3156,1734,1333),(3155,1734,1322),(3154,1733,1775),(3153,1733,1776),(3152,1733,1778),(3151,1733,1781),(3150,1733,1782),(3149,1733,1783),(3148,1732,1668),(3147,1732,1669),(3146,1732,1670),(3145,1732,1671),(3144,1732,1673),(3143,1732,1675),(3142,1732,1676),(3141,1732,1681),(3140,1732,1682),(3139,1732,1683),(3138,1731,1769),(3137,1730,1865),(3135,1729,1952),(3127,1727,1738),(3126,1727,1741),(3125,1727,1745),(3124,1726,1342),(3123,1726,1337),(3122,1726,1336),(3121,1726,1333),(3120,1726,1322),(3190,1747,1741),(3184,1741,1038),(3183,1741,1033),(3182,1741,1020),(3119,1725,1745),(3214,1752,1704),(3213,1751,1712),(3212,1751,1717),(3211,1750,1927),(3210,1750,1903),(3209,1750,1912),(3228,1754,2011),(3227,1754,2014),(3226,1754,2015),(3225,1754,2018),(3224,1754,2021),(3118,1723,1476),(3117,1723,1475),(3116,1723,1470),(3115,1723,1468),(3114,1723,1460),(3113,1723,1454),(3072,1713,1517),(3071,1713,1509),(3112,1722,1517),(3111,1722,1509),(3223,1753,1518),(3222,1753,1503),(3221,1753,1505),(3220,1753,1513),(3110,1721,1152),(3109,1721,1160),(3108,1720,1292),(3107,1720,1291),(3106,1720,1287),(3105,1720,1285),(3104,1720,1281),(3103,1720,1280),(3102,1720,1279),(3101,1720,1278),(3100,1720,1274),(3099,1720,1272),(3098,1720,1271),(3097,1720,1270),(3096,1720,1264),(3095,1720,1263),(3094,1720,1262),(3093,1719,1710),(3092,1719,1688),(3091,1719,1704),(3090,1718,1721),(3089,1717,1715),(3088,1717,1717),(3087,1716,1901),(3086,1716,1913),(3085,1716,1914),(3084,1715,2051),(3083,1714,1235),(3082,1714,1232),(3081,1714,1228),(3080,1714,1227),(3079,1714,1225),(3078,1714,1222),(3077,1714,1219),(3076,1714,1218),(3075,1714,1213),(3074,1714,1212),(3073,1714,1211),(3134,1729,1951),(3133,1729,1941),(3132,1729,1945),(3131,1729,1948),(3130,1729,1949),(3129,1728,1829),(3128,1728,1830),(3068,1711,1470),(3067,1711,1468),(3066,1711,1460),(3065,1711,1454),(3064,1710,1439),(3063,1709,1263),(3070,1711,1476),(3069,1711,1475),(3164,1735,1801),(3163,1735,1803),(3186,1743,1470),(3185,1743,1468),(3062,1708,1787),(3061,1708,1786),(3060,1708,1782),(3059,1706,1399),(3058,1705,1376),(3242,1757,1376),(3243,1758,1399),(3241,1757,1362),(5105,2572,866),(5104,2572,863),(5103,2572,847),(5102,2572,852),(5101,2572,855),(5100,2572,858),(3048,1698,1952),(3047,1698,1945),(3046,1698,1948),(3045,1698,1950),(3044,1697,1865),(3043,1696,1033),(3562,1888,1952),(3561,1888,1951),(3560,1888,1941),(3559,1888,1945),(3558,1888,1948),(3557,1887,1865),(3556,1887,1845),(3555,1882,1342),(3554,1882,1337),(3553,1882,1336),(3552,1882,1333),(3551,1882,1322),(3550,1881,1376),(3549,1881,1371),(3548,1881,1367),(3547,1881,1364),(3546,1881,1363),(3545,1880,841),(3544,1880,849),(3543,1879,1478),(3542,1879,1486),(3541,1879,1490),(3540,1879,1492),(3539,1879,1494),(3538,1879,1495),(3536,1878,1389),(3533,1875,1451),(3532,1875,1446),(3531,1875,1439),(5190,2598,1399),(3529,1873,1478),(3528,1873,1486),(3527,1873,1490),(3526,1873,1492),(3525,1873,1494),(3524,1873,1495),(3519,1868,1899),(3518,1868,1898),(3517,1868,1896),(3516,1868,1888),(3523,1869,1209),(3522,1869,1189),(3521,1869,1195),(3520,1869,1200),(3515,1868,1895),(3514,1867,1164),(3513,1867,1160),(3512,1865,1234),(3511,1865,1231),(3510,1865,1230),(3509,1865,1227),(3508,1865,1226),(3507,1865,1225),(3506,1864,1865),(3505,1863,1476),(3504,1863,1470),(3503,1863,1468),(3502,1863,1460),(3501,1863,1454),(3500,1862,1478),(3499,1862,1486),(3498,1862,1490),(3497,1862,1491),(3496,1862,1494),(3495,1862,1495),(3494,1861,1039),(3493,1861,1033),(3492,1861,1022),(3491,1860,1039),(3490,1860,1033),(3489,1859,1741),(3488,1859,1745),(3487,1859,1748),(3486,1857,1792),(3485,1857,1797),(3484,1857,1800),(3483,1857,1801),(3482,1857,1805),(3481,1857,1810),(3480,1854,1924),(3479,1854,1902),(3564,1889,1165),(3563,1889,1178),(3566,1893,2037),(3565,1893,2053),(3535,1877,2037),(3537,1878,1399),(3472,1850,1460),(3471,1850,1454),(3476,1851,1439),(3475,1851,1429),(3474,1850,1476),(3473,1850,1470),(3470,1848,1668),(3469,1848,1669),(3468,1848,1670),(3467,1848,1675),(3466,1848,1682),(3804,2021,1337),(3803,2021,1336),(3802,2021,1333),(3801,2021,1322),(3784,2015,1022),(3783,2014,1173),(3782,2013,1209),(3781,2013,1188),(3780,2013,1189),(3779,2013,1195),(3778,2013,1196),(3776,2010,1342),(3775,2010,1337),(3774,2010,1336),(3773,2010,1333),(3772,2010,1322),(3771,2009,1865),(3770,2009,1864),(3769,2008,1231),(3768,2008,1229),(3767,2008,1228),(3766,2008,1226),(3765,2008,1224),(3764,2008,1214),(3763,2008,1212),(3762,2007,1865),(3761,2007,1864),(3757,2004,1402),(3753,1996,1209),(3752,1996,1188),(3751,1994,1342),(3750,1994,1337),(3749,1994,1336),(3748,1994,1334),(3747,1994,1333),(3746,1994,1322),(3745,1993,1924),(3744,1993,1901),(3743,1993,1912),(3742,1993,1915),(3741,1993,1922),(3740,1992,1752),(3739,1992,1757),(3760,2007,1843),(3759,2006,2035),(3758,2006,2038),(5099,2569,1453),(5098,2569,1451),(5097,2569,1439),(5096,2569,1432),(3734,1990,1509),(3733,1990,1511),(3732,1990,1514),(3731,1990,1513),(3730,1989,2027),(3729,1989,2028),(3728,1988,2043),(3727,1988,2053),(3726,1988,2051),(3725,1987,1865),(3724,1987,1851),(3723,1987,1852),(3722,1985,1402),(3721,1985,1399),(3720,1985,1389),(3719,1983,1468),(3718,1983,1460),(3717,1982,1439),(3716,1982,1432),(3810,2025,1788),(3809,2025,1787),(3808,2025,1785),(3710,1978,1745),(3712,1979,1366),(3711,1979,1364),(3708,1977,1668),(3707,1977,1669),(3709,1978,1748),(3807,2024,1788),(3806,2024,1787),(3805,2024,1785),(3800,2020,1710),(3799,2020,1692),(3798,2020,1693),(3797,2020,1706),(3796,2020,1707),(3795,2019,1899),(3794,2019,1898),(3793,2019,1896),(3792,2019,1874),(3791,2019,1880),(3790,2019,1888),(3789,2019,1895),(3788,2018,1752),(3787,2018,1757),(3786,2018,1767),(3777,2013,1202),(3756,2004,1399),(3755,2004,1389),(3754,2003,1364),(3785,2017,1782),(4024,2119,1279),(4023,2118,1504),(4022,2118,1509),(4021,2118,1511),(4020,2117,1822),(4018,2112,1945),(4017,2111,1340),(4012,2109,1184),(4011,2109,1183),(4010,2109,1182),(5085,2565,1865),(5084,2565,1862),(5083,2565,1843),(5082,2565,1845),(5081,2564,1342),(4004,2107,1402),(4003,2107,1399),(4002,2107,1395),(4001,2107,1380),(4000,2106,1373),(3999,2106,1370),(3998,2106,1359),(3997,2106,1356),(3996,2105,1812),(3995,2105,1792),(3994,2105,1794),(3993,2105,1796),(3992,2105,1798),(4019,2115,1439),(3982,2102,863),(3981,2102,842),(3980,2102,848),(3979,2102,857),(3978,2100,1934),(3977,2100,1945),(3976,2100,1948),(4016,2111,1337),(4015,2111,1336),(4014,2111,1322),(4013,2110,1439),(3975,2097,1788),(3974,2097,1787),(3973,2097,1773),(3972,2096,1862),(3971,2096,1843),(3970,2096,1845),(3969,2096,1852),(3968,2095,1362),(3967,2094,1788),(3966,2094,1787),(3965,2094,1773),(3964,2094,1783),(3963,2091,1733),(3962,2091,1738),(3961,2091,1739),(3960,2091,1741),(3959,2091,1745),(3958,2090,1710),(3957,2090,1688),(3956,2090,1689),(3955,2090,1690),(3954,2090,1691),(3953,2090,1695),(3952,2090,1700),(3951,2090,1702),(3950,2090,1703),(3949,2090,1706),(3948,2090,1707),(3947,2087,2030),(3946,2086,2053),(3945,2086,2051),(3944,2085,1710),(3943,2085,1689),(3942,2085,1696),(3941,2085,1700),(3940,2085,1703),(3939,2085,1706),(3991,2105,1799),(3990,2105,1800),(3989,2105,1801),(3988,2105,1803),(3987,2105,1805),(3986,2105,1806),(3985,2105,1807),(3984,2105,1808),(3938,2084,1717),(3937,2084,1723),(3936,2083,1682),(3935,2081,1470),(3934,2081,1468),(3933,2081,1460),(3983,2104,1152),(3932,2079,2053),(3931,2079,2051),(3930,2076,1897),(3929,2076,1896),(3928,2075,1196),(3927,2075,1200),(3926,2075,1204),(3925,2075,1205),(4674,2404,1189),(4673,2404,1191),(4672,2404,1196),(4645,2399,2014),(4644,2399,2029),(4643,2399,2028),(4642,2399,2030),(4641,2397,1291),(4640,2397,1279),(4639,2393,1372),(4638,2392,1491),(4633,2389,1811),(4632,2389,1794),(4631,2389,1800),(4630,2389,1803),(5080,2564,1337),(5079,2564,1336),(5078,2564,1333),(5077,2564,1322),(4618,2386,864),(4617,2386,848),(4616,2386,849),(4615,2386,859),(4614,2382,1930),(4613,2382,1935),(4612,2382,1945),(4611,2382,1948),(4610,2382,1950),(4609,2381,1927),(4608,2381,1926),(4607,2381,1925),(4606,2381,1924),(4605,2381,1901),(4604,2381,1903),(4603,2381,1913),(4597,2379,1470),(4596,2379,1468),(4595,2379,1467),(4594,2379,1460),(4593,2378,1897),(4592,2378,1896),(4591,2378,1868),(4590,2378,1874),(4589,2378,1879),(4588,2377,1897),(4587,2377,1896),(4586,2377,1868),(4585,2377,1874),(4584,2377,1879),(4583,2376,1774),(4582,2376,1780),(4581,2375,1038),(4580,2375,1033),(4579,2375,1029),(4578,2375,1020),(4577,2370,865),(4576,2370,841),(4575,2370,844),(4574,2370,848),(4573,2370,849),(4572,2370,852),(4571,2370,857),(4570,2369,1898),(4569,2369,1897),(4568,2369,1868),(4567,2369,1874),(4566,2369,1879),(4565,2369,1893),(4558,2365,1509),(4557,2365,1511),(4556,2363,1038),(4555,2363,1033),(4554,2363,1029),(4553,2362,2010),(4552,2362,2016),(4551,2362,2027),(4550,2362,2030),(4549,2361,1930),(4548,2361,1933),(4547,2361,1936),(4546,2361,1950),(4545,2360,1926),(4544,2360,1925),(4543,2360,1924),(4542,2360,1910),(4541,2360,1913),(4540,2360,1914),(4539,2360,1921),(4629,2389,1805),(4628,2389,1807),(4627,2389,1808),(4538,2359,1741),(4537,2359,1748),(4532,2351,1400),(4531,2351,1399),(4530,2351,1387),(4529,2350,1160),(4528,2350,1162),(4527,2349,1400),(4526,2349,1399),(4525,2349,1387),(5090,2567,1291),(5089,2567,1279),(4602,2381,1914),(4601,2381,1915),(4600,2381,1917),(4599,2381,1922),(4598,2381,1921),(4366,2285,1344),(4365,2285,1337),(4364,2285,1336),(4363,2285,1333),(4362,2284,1865),(4361,2284,1841),(4360,2284,1843),(4359,2284,1845),(4358,2280,1666),(4357,2280,1668),(4356,2280,1673),(4355,2280,1675),(4354,2280,1680),(4353,2280,1682),(4352,2280,1683),(4351,2279,1752),(4350,2278,1874),(4349,2278,1878),(4348,2278,1877),(4347,2278,1890),(4346,2277,1773),(4345,2277,1782),(4344,2276,1346),(4343,2276,1342),(4342,2276,1337),(4341,2276,1336),(4340,2276,1334),(4339,2276,1333),(4338,2276,1322),(4337,2273,1865),(4336,2272,1453),(4335,2272,1451),(4334,2272,1439),(4333,2272,1432),(4332,2271,1773),(4329,2269,1152),(4328,2268,1237),(4327,2268,1231),(4326,2268,1224),(4325,2268,1215),(4324,2268,1212),(4323,2268,1211),(4322,2267,1470),(4321,2267,1468),(4320,2267,1460),(4319,2266,1924),(4317,2264,1733),(4316,2264,1738),(4315,2264,1742),(4314,2264,1745),(4313,2264,1748),(4312,2263,844),(4311,2261,1501),(4310,2261,1511),(4309,2258,1342),(4308,2258,1337),(4307,2258,1336),(4306,2258,1333),(4305,2258,1322),(4304,2257,1945),(4303,2255,1745),(4302,2254,2018),(4301,2254,2022),(4300,2253,1362),(4299,2252,1511),(4298,2251,1487),(4297,2251,1495),(4296,2250,1927),(4295,2250,1902),(4294,2250,1910),(4286,2248,1400),(4285,2248,1387),(4284,2247,1363),(4331,2271,1782),(4330,2270,1022),(4283,2243,844),(4282,2242,1865),(4318,2265,1945),(4281,2240,1400),(4280,2240,1399),(4279,2240,1387),(4278,2238,1711),(4277,2238,1691),(4276,2236,1453),(4275,2236,1439),(4274,2236,1432),(4273,2235,1475),(4272,2235,1470),(4271,2235,1468),(4270,2235,1466),(4269,2235,1460),(4268,2234,1751),(4267,2234,1752),(4266,2233,1039),(4265,2233,1020),(4293,2250,1911),(4292,2250,1913),(4291,2250,1921),(4290,2250,1923),(4289,2249,2039),(4288,2249,2046),(4287,2249,2053),(4707,2426,1953),(4706,2426,1930),(4705,2426,1931),(4704,2426,1936),(4703,2426,1945),(4702,2426,1948),(5076,2563,1290),(4626,2389,1810),(4625,2388,1470),(4624,2388,1468),(4623,2388,1460),(4622,2387,1443),(4621,2387,1438),(4620,2387,1434),(4619,2387,1432),(5075,2562,1483),(5074,2562,1487),(5071,2557,1750),(5070,2557,1756),(5069,2557,1759),(5068,2557,1767),(5067,2556,1439),(5066,2555,1342),(5065,2555,1340),(5064,2555,1337),(5063,2555,1336),(5062,2555,1334),(5061,2555,1333),(5060,2555,1322),(5059,2554,1865),(5058,2554,1864),(5057,2554,1841),(5054,2551,1020),(5050,2548,1509),(5049,2547,1362),(5048,2547,1350),(5047,2546,844),(5046,2546,847),(5045,2545,1899),(5044,2545,1896),(5043,2545,1867),(5042,2545,1880),(5041,2545,1881),(5040,2545,1888),(5039,2545,1895),(5038,2544,1209),(5037,2543,1342),(5036,2543,1340),(5035,2543,1336),(5034,2543,1333),(5033,2543,1322),(5012,2530,1171),(5018,2535,1387),(5011,2530,1173),(5014,2531,1717),(5013,2531,1722),(5017,2535,1380),(5056,2553,2053),(5020,2535,1399),(5055,2553,2051),(5019,2535,1391),(5021,2536,1487),(5016,2534,1376),(5025,2538,1722),(5015,2534,1363),(5024,2537,1787),(5023,2537,1786),(4975,2518,1851),(5004,2524,1020),(5005,2525,1703),(5006,2526,1669),(5007,2527,1746),(5009,2529,1165),(5008,2529,1178),(5010,2530,1177),(5136,2589,1797),(5135,2589,1799),(5134,2589,1800),(5133,2589,1802),(5132,2589,1801),(5131,2589,1803),(5130,2589,1805),(5129,2589,1804),(5128,2589,1806),(5127,2589,1807),(5126,2589,1808),(5125,2589,1809),(5124,2589,1810),(4971,2516,1033),(4970,2516,1022),(4969,2511,1234),(4968,2511,1231),(4967,2511,1228),(4966,2511,1226),(4965,2511,1224),(4964,2511,1223),(4963,2511,1222),(4962,2511,1219),(4961,2511,1218),(4960,2511,1215),(4959,2511,1210),(4958,2510,1403),(4957,2510,1399),(4956,2510,1388),(4955,2509,1372),(4954,2509,1371),(4950,2508,1440),(4949,2508,1439),(4948,2507,1468),(4947,2507,1460),(4946,2506,1189),(4945,2506,1196),(5195,2600,1710),(5194,2600,1696),(5193,2600,1706),(4939,2501,1473),(4938,2501,1462),(4937,2500,1926),(4936,2500,1925),(4935,2500,1924),(4934,2500,1910),(4933,2500,1921),(5095,2569,1429),(5094,2568,1470),(5093,2568,1468),(5092,2568,1462),(5091,2568,1460),(4726,2434,1460),(4727,2434,1470),(4927,2496,1802),(4926,2496,1805),(4925,2496,1807),(5116,2584,862),(4923,2493,1865),(4922,2493,1837),(4921,2493,1845),(4920,2493,1851),(4919,2491,1209),(4918,2491,1194),(4917,2490,1503),(4916,2490,1509),(5073,2559,1184),(5072,2559,1176),(4913,2489,1399),(4912,2488,1276),(4911,2487,1706),(4910,2486,1666),(4909,2486,1679),(4908,2486,1668),(4907,2486,1671),(4906,2486,1673),(4905,2486,1675),(4904,2486,1678),(4903,2486,1681),(4902,2486,1682),(4901,2486,1683),(4900,2485,1787),(4899,2485,1773),(4898,2485,1785),(4897,2484,1236),(4896,2484,1235),(4895,2484,1234),(4894,2484,1233),(4893,2484,1232),(4892,2484,1231),(4891,2484,1230),(4890,2484,1228),(4889,2484,1226),(4888,2484,1225),(4887,2484,1224),(4886,2484,1223),(4885,2484,1218),(4884,2484,1217),(4883,2484,1215),(4882,2484,1213),(4881,2484,1212),(4880,2484,1211),(4879,2484,1210),(4878,2482,1290),(4877,2482,1276),(4876,2478,1787),(4875,2478,1773),(4874,2478,1785),(4873,2477,2025),(4953,2509,1367),(4952,2509,1366),(4951,2509,1355),(4941,2503,2053),(4940,2503,2051),(5088,2566,1152),(5087,2566,1160),(5086,2566,1162),(4872,2475,1731),(4871,2475,1734),(4870,2475,1738),(4869,2475,1745),(4932,2499,1470),(4931,2499,1469),(4930,2499,1468),(4929,2499,1465),(4928,2499,1460),(4868,2474,1668),(4867,2474,1671),(4866,2474,1673),(4865,2473,1237),(4864,2473,1236),(4863,2473,1235),(4862,2473,1234),(4861,2473,1233),(4860,2473,1232),(4859,2473,1231),(4858,2473,1230),(4857,2473,1229),(4856,2473,1228),(4855,2473,1227),(4854,2473,1226),(4853,2473,1225),(4852,2473,1224),(4851,2473,1223),(4850,2473,1220),(4849,2473,1219),(4848,2473,1218),(4847,2473,1217),(4846,2473,1215),(4845,2473,1213),(4844,2473,1212),(4843,2473,1211),(4842,2473,1210),(4915,2490,1511),(4914,2490,1514),(5268,2627,1279),(5267,2626,1841),(5108,2577,1879),(5109,2577,1898),(5265,2623,1337),(5264,2623,1336),(5263,2623,1333),(5269,2629,1276),(5270,2630,1038),(5271,2632,1487),(5117,2585,1851),(5118,2585,1865),(5277,2634,1865),(5276,2634,1851),(5275,2633,1336),(5274,2633,1335),(5278,2635,1399),(5147,2590,1921),(5148,2590,1922),(5149,2590,1914),(5150,2590,1912),(5151,2590,1910),(5152,2590,1906),(5153,2590,1902),(5154,2590,1901),(5155,2590,1925),(5156,2590,1926),(5157,2590,1927),(5282,2636,1927),(5281,2636,1902),(5280,2636,1907),(5279,2636,1914),(5162,2592,1864),(5163,2592,1865),(5300,2640,1812),(5299,2640,1793),(5298,2640,1794),(5297,2640,1796),(5296,2640,1800),(5295,2640,1802),(5294,2640,1803),(5293,2640,1805),(5292,2640,1807),(5291,2639,1402),(5290,2639,1399),(5289,2639,1394),(5288,2639,1388),(5287,2639,1378),(5286,2639,1377),(5285,2638,1376),(5284,2638,1372),(5283,2638,1363),(5313,2642,1793),(5312,2642,1800),(5311,2642,1802),(5310,2642,1809),(5309,2642,1810),(5308,2641,1234),(5307,2641,1231),(5306,2641,1226),(5191,2599,1364),(5192,2599,1376),(5196,2601,1924),(5318,2643,1712),(5317,2643,1717),(5316,2643,1723),(5315,2643,1727),(5314,2643,1725),(5321,2644,1159),(5320,2644,1160),(5319,2644,1161),(5346,2659,1710),(5345,2659,1689),(5344,2659,1691),(5343,2659,1700),(5342,2659,1702),(5341,2659,1703),(5340,2659,1704),(5339,2659,1706),(5338,2659,1707),(5354,2662,1878),(5353,2662,1877),(5352,2662,1886),(5351,2662,1893),(5305,2641,1225),(5304,2641,1224),(5303,2641,1221),(5302,2641,1215),(5301,2641,1214),(5367,2664,1337),(5366,2664,1336),(5365,2664,1335),(5364,2664,1322),(5363,2663,1453),(5362,2663,1451),(5361,2663,1445),(5360,2663,1441),(5359,2663,1439),(5358,2663,1436),(5357,2663,1432),(5356,2663,1430),(5355,2663,1429),(5350,2661,1474),(5349,2661,1460),(5348,2660,1450),(5347,2660,1439),(5337,2657,849),(5336,2657,857),(5273,2633,1333),(5272,2633,1322),(5335,2655,1929),(5334,2654,1183),(5333,2654,1182),(5332,2653,1182),(5266,2626,1851),(5322,2648,1204),(5323,2648,1203),(5324,2648,1197),(5325,2648,1194),(5326,2648,1195),(5327,2648,1209),(5331,2650,2053),(5330,2650,2051),(5700,2762,2024),(5699,2762,2028),(5670,2753,1337),(5698,2761,1402),(5697,2761,1386),(5696,2761,1379),(5692,2759,1470),(5691,2759,1468),(5690,2759,1466),(5689,2759,1462),(5688,2759,1460),(5687,2758,1453),(5686,2758,1451),(5685,2758,1440),(5684,2758,1439),(5683,2758,1434),(5682,2758,1432),(5681,2758,1429),(5680,2757,1851),(5679,2756,1286),(5678,2756,1279),(5676,2754,1189),(5675,2754,1190),(5674,2754,1195),(5673,2754,1194),(5672,2754,1196),(5671,2754,1203),(5601,2732,1952),(5600,2732,1928),(5599,2732,1929),(5598,2732,1930),(5597,2732,1939),(5596,2732,1941),(5595,2732,1946),(5594,2732,1948),(5607,2735,1749),(5606,2735,1759),(5605,2734,1039),(5604,2734,1038),(5610,2736,866),(5609,2736,861),(5608,2736,849),(5628,2744,1897),(5627,2743,1897),(5665,2751,1236),(5664,2751,1232),(5663,2751,1231),(5662,2751,1224),(5661,2751,1214),(5660,2751,1213),(5638,2747,1470),(5637,2747,1468),(5636,2747,1460),(5635,2746,1453),(5634,2746,1451),(5633,2746,1440),(5632,2746,1439),(5631,2746,1434),(5630,2746,1432),(5629,2746,1429),(5626,2742,1782),(5625,2742,1783),(5624,2741,1038),(5719,2772,1666),(5718,2772,1668),(5717,2772,1673),(5716,2772,1675),(5715,2769,1475),(5714,2769,1473),(5713,2769,1470),(5712,2769,1468),(5711,2769,1460),(5621,2739,1509),(5620,2739,1511),(5619,2739,1514),(5618,2739,1515),(5854,2833,1509),(5853,2833,1511),(5852,2833,1514),(5593,2731,1812),(5592,2731,1811),(5591,2731,1793),(5590,2731,1796),(5589,2731,1803),(5588,2731,1805),(5587,2731,1808),(5586,2731,1810),(5617,2738,1195),(5616,2738,1194),(5615,2738,1203),(5614,2738,1206),(5659,2751,1212),(5658,2751,1211),(5657,2750,1772),(5656,2750,1771),(5655,2750,1769),(5654,2750,1752),(5653,2750,1757),(5652,2749,1813),(5651,2749,1814),(5650,2749,1823),(5649,2749,1826),(5648,2749,1827),(5647,2749,1832),(5646,2749,1834),(5645,2749,1835),(5644,2748,1730),(5643,2748,1733),(5642,2748,1738),(5641,2748,1741),(5640,2748,1742),(5639,2748,1745),(5585,2729,1901),(5584,2729,1910),(5583,2729,1921),(5603,2734,1022),(5602,2734,1020),(5623,2741,1022),(5622,2741,1020),(5582,2728,2053),(5581,2728,2051),(5677,2756,1263),(5580,2727,1146),(5579,2727,1164),(5578,2727,1147),(5577,2727,1150),(5576,2727,1152),(5575,2727,1155),(5574,2727,1154),(5573,2727,1157),(5572,2727,1160),(5695,2760,1376),(5694,2760,1362),(5693,2760,1350),(5571,2724,1402),(5570,2724,1399),(5569,2723,1953),(5568,2723,1952),(5567,2723,1941),(5566,2723,1945),(5565,2723,1946),(5564,2723,1948),(5563,2722,1927),(5562,2722,1924),(5561,2722,1901),(5560,2722,1902),(5559,2722,1905),(5558,2722,1912),(5557,2722,1914),(5556,2722,1922),(5555,2722,1923),(5669,2753,1336),(5668,2753,1335),(5667,2753,1322),(5666,2752,1865),(5729,2774,1898),(5728,2774,1897),(5727,2774,1867),(5726,2774,1871),(5725,2774,1874),(5724,2774,1879),(5723,2774,1889),(5722,2773,866),(5721,2773,849),(5720,2773,857),(5731,2780,1152),(5746,2797,1511),(5744,2795,1372),(5743,2795,1366),(5951,2879,1231),(5950,2879,1229),(5949,2879,1215),(5948,2879,1211),(5955,2880,1501),(5954,2880,1504),(5953,2880,1511),(5952,2880,1513),(5960,2881,1898),(5959,2881,1897),(5958,2881,1867),(5957,2881,1869),(5956,2881,1890),(5969,2883,2053),(5968,2882,1927),(5967,2882,1901),(5966,2882,1902),(5965,2882,1904),(5964,2882,1906),(5963,2882,1915),(5962,2882,1920),(5976,2885,1399),(5975,2885,1379),(5974,2885,1378),(5973,2884,1366),(5972,2884,1363),(5971,2884,1358),(5970,2884,1355),(5978,2886,1734),(5977,2886,1742),(5990,2888,1773),(5989,2887,1346),(5988,2887,1342),(5987,2887,1340),(5986,2887,1338),(5985,2887,1337),(5984,2887,1336),(5983,2887,1335),(5982,2887,1334),(5981,2887,1333),(5980,2887,1326),(5979,2887,1322),(5992,2889,1820),(5991,2889,1827),(5995,2890,1501),(5994,2890,1511),(5993,2890,1513),(5998,2892,1788),(6002,2894,1897),(5907,2866,1838),(5906,2866,1843),(5909,2867,1756),(5908,2867,1759),(5913,2868,1665),(5912,2868,1666),(5911,2868,1672),(5910,2868,1676),(5914,2869,863),(5947,2878,1498),(5946,2878,1487),(5945,2878,1489),(5944,2877,1165),(5943,2876,2020),(5942,2876,2023),(5941,2876,2024),(5940,2876,2027),(5939,2876,2028),(5961,2882,1922),(5938,2875,1901),(5937,2875,1906),(5936,2875,1913),(5935,2875,1914),(5934,2875,1915),(5933,2875,1920),(5932,2875,1922),(5931,2874,1954),(5930,2874,1951),(5929,2874,1928),(5928,2874,1929),(5927,2874,1947),(5926,2874,1950),(5925,2873,1790),(5924,2873,1793),(5923,2873,1795),(5922,2873,1798),(5921,2873,1797),(5920,2873,1799),(5919,2873,1800),(5918,2873,1805),(5917,2873,1809),(5916,2873,1810),(5915,2872,1160),(5905,2865,1724),(5904,2865,1728),(5997,2892,1773),(5996,2891,1020),(5903,2862,1342),(5902,2862,1332),(5901,2862,1322),(6001,2894,1867),(6000,2894,1870),(5999,2893,1808),(5900,2861,1756),(5899,2861,1759),(5898,2859,1928),(5897,2859,1943),(5896,2859,1948),(5895,2858,1279),(5894,2858,1276),(5893,2857,1475),(5892,2857,1470),(5891,2857,1468),(5890,2857,1460),(5889,2856,1450),(5888,2856,1447),(5887,2856,1446),(5886,2856,1443),(5885,2856,1439),(5884,2856,1432),(5883,2856,1431),(6224,3002,1359),(6223,3001,1402),(6222,3001,1400),(6220,3000,1953),(6219,3000,1928),(6218,3000,1929),(6217,3000,1931),(6216,3000,1933),(6215,3000,1941),(6214,3000,1950),(6213,2999,1285),(6212,2998,1451),(6211,2998,1439),(6210,2998,1432),(6209,2996,1860),(6208,2996,1841),(6148,2963,1812),(6147,2963,1790),(6098,2945,863),(6097,2945,852),(6227,3003,1498),(6226,3003,1487),(6225,3003,1490),(6233,3008,2042),(6232,3008,2053),(6231,3007,2024),(6230,3007,2025),(6229,3007,2029),(6228,3007,2028),(6102,2947,1038),(6127,2957,2039),(6126,2957,2046),(6125,2957,2053),(6138,2960,1372),(6137,2960,1359),(6136,2960,1351),(6150,2964,1898),(6149,2964,1874),(6154,2968,1509),(6153,2968,1511),(6152,2968,1514),(6164,2973,1723),(6166,2975,1723),(6165,2975,1727),(6175,2979,2039),(6174,2979,2053),(6173,2979,2051),(6172,2978,1400),(6171,2978,1399),(6170,2978,1387),(6178,2980,1787),(6177,2980,1782),(6176,2980,1785),(6108,2951,1691),(6107,2951,1693),(6106,2951,1695),(6105,2951,1706),(6185,2981,1731),(6184,2981,1733),(6183,2981,1737),(6182,2981,1741),(6181,2981,1742),(6180,2981,1745),(6179,2981,1748),(6124,2957,2051),(6123,2956,2012),(6122,2956,2015),(6121,2956,2028),(6207,2991,1498),(6206,2991,1486),(6205,2991,1490),(6204,2991,1492),(6120,2955,1470),(6119,2955,1468),(6118,2955,1466),(6117,2955,1462),(6116,2955,1460),(6203,2990,1787),(6202,2990,1782),(6201,2990,1785),(6200,2989,1723),(6199,2989,1725),(6163,2971,2039),(6162,2971,2053),(6161,2971,2051),(6160,2970,2010),(6159,2970,2012),(6158,2970,2015),(6157,2970,2022),(6156,2970,2024),(6155,2970,2028),(6198,2988,1665),(6197,2988,1668),(6196,2987,1711),(6195,2987,1692),(6194,2987,1698),(6193,2987,1704),(6146,2963,1791),(6145,2963,1800),(6144,2963,1801),(6143,2963,1810),(6142,2962,1901),(6141,2962,1923),(6192,2986,1473),(6191,2986,1467),(6190,2985,1165),(6221,3001,1399),(6560,3110,1234),(6559,3110,1232),(6558,3110,1231),(6557,3110,1229),(6556,3110,1228),(6555,3110,1227),(6554,3110,1226),(6553,3110,1225),(6552,3110,1219),(6551,3110,1218),(6550,3109,1498),(6549,3109,1492),(6548,3109,1495),(6546,3105,1514),(6264,3024,1769),(6263,3024,1758),(6545,3104,1898),(6544,3104,1869),(6543,3103,1769),(6542,3103,1749),(6966,3232,1191),(6965,3232,1195),(6580,3114,1475),(6579,3114,1470),(6578,3114,1466),(6500,3088,1475),(6499,3088,1468),(6498,3088,1460),(6497,3087,1432),(6490,3085,1374),(6489,3085,1372),(6488,3085,1371),(6487,3085,1367),(6486,3085,1364),(6485,3085,1363),(6496,3086,1402),(6495,3086,1400),(6494,3086,1399),(6660,3132,1706),(6275,3028,1865),(6547,3108,1869),(6450,3079,1341),(6449,3079,1337),(6448,3079,1336),(6447,3079,1333),(6446,3079,1329),(6445,3078,1263),(6444,3077,1402),(6443,3077,1399),(6442,3077,1393),(6441,3077,1391),(6440,3077,1390),(6439,3077,1387),(6438,3075,1769),(6437,3074,1374),(6436,3074,1367),(6435,3074,1364),(6434,3074,1363),(6433,3074,1362),(6426,3073,1228),(6493,3086,1395),(6492,3086,1393),(6491,3086,1387),(6484,3085,1362),(6483,3085,1351),(6482,3085,1350),(6392,3067,2015),(6391,3067,2024),(6390,3067,2028),(6389,3066,2039),(6388,3066,2053),(6387,3066,2051),(6386,3065,1929),(6573,3112,1866),(6572,3112,1865),(6571,3112,1863),(6382,3062,1038),(6425,3073,1227),(6424,3073,1226),(6423,3073,1225),(6422,3073,1216),(6421,3073,1214),(6420,3073,1212),(6419,3073,1211),(6418,3072,1290),(6417,3072,1286),(6416,3072,1279),(6415,3072,1276),(6414,3072,1263),(6413,3071,1038),(6432,3073,1237),(6431,3073,1235),(6430,3073,1234),(6429,3073,1232),(6428,3073,1230),(6427,3073,1229),(6381,3059,1731),(6380,3059,1741),(6379,3059,1745),(6371,3057,1717),(6370,3057,1723),(6369,3057,1727),(6368,3057,1725),(6378,3058,1501),(6377,3058,1511),(6376,3058,1514),(6375,3058,1513),(6374,3057,1712),(6373,3057,1713),(6372,3057,1716),(6539,3101,1788),(6538,3101,1787),(6537,3101,1773),(6536,3101,1775),(6535,3101,1785),(6577,3114,1462),(6576,3113,1451),(6575,3113,1432),(6574,3113,1429),(6570,3112,1857),(6569,3112,1838),(6568,3112,1839),(6567,3112,1841),(6566,3112,1843),(6565,3112,1851),(6564,3112,1852),(6563,3111,866),(6562,3111,863),(6561,3111,848),(6534,3099,2015),(6533,3099,2024),(6532,3099,2028),(6886,3196,1038),(6885,3196,1022),(6884,3196,1021),(6883,3196,1020),(6882,3195,1769),(6881,3195,1752),(6880,3195,1766),(6860,3188,1813),(6859,3188,1820),(6858,3188,1822),(6857,3188,1832),(6834,3177,1263),(6833,3177,1262),(6819,3169,1866),(6817,3166,1710),(6816,3166,1688),(6815,3166,1691),(6814,3166,1695),(6813,3166,1700),(6812,3166,1701),(6811,3166,1702),(6810,3166,1703),(6809,3166,1704),(6808,3166,1706),(6807,3166,1707),(6806,3166,1708),(6805,3165,1729),(6804,3165,1712),(6803,3165,1717),(6802,3165,1723),(6801,3165,1725),(6800,3164,1713),(6799,3164,1716),(6798,3164,1717),(6797,3164,1720),(6796,3164,1723),(6795,3164,1727),(6794,3164,1725),(6793,3163,1402),(6792,3163,1400),(6791,3163,1399),(6790,3163,1391),(6789,3163,1387),(6788,3162,2081),(6787,3162,2079),(6786,3162,2062),(6785,3161,1812),(6784,3161,1790),(6783,3161,1792),(6782,3161,1794),(6781,3161,1798),(6763,3157,1498),(6762,3157,1479),(6761,3157,1484),(6760,3157,1485),(6759,3157,1488),(6758,3157,1487),(6757,3157,1494),(6718,3146,1453),(6717,3146,1451),(6716,3146,1440),(6715,3146,1439),(6714,3146,1432),(6713,3146,1431),(6712,3146,1429),(6711,3145,1898),(6710,3145,1867),(6709,3145,1874),(6708,3145,1893),(6661,3133,1912),(6662,3133,1907),(6663,3133,1924),(6888,3197,1209),(6887,3197,1195),(6828,3172,1345),(6827,3172,1342),(6826,3172,1340),(6825,3172,1337),(6824,3172,1336),(6823,3172,1333),(6822,3172,1329),(6821,3172,1322),(6850,3186,1473),(6849,3186,1465),(6848,3186,1460),(6694,3141,2081),(6693,3141,2077),(6692,3141,2055),(6691,3141,2056),(6893,3198,1402),(6892,3198,1400),(6891,3198,1399),(6890,3198,1391),(6889,3198,1387),(6772,3160,1038),(6771,3160,1033),(6770,3160,1021),(6769,3160,1020),(6780,3161,1799),(6779,3161,1802),(6778,3161,1801),(6777,3161,1803),(6776,3161,1805),(6775,3161,1804),(6774,3161,1806),(6773,3161,1809),(6868,3191,849),(6767,3158,1907),(6766,3158,1909),(6765,3158,1917),(6764,3158,1918),(6756,3156,1693),(6755,3156,1701),(6754,3156,1706),(6753,3156,1707),(6820,3170,1263),(6829,3173,1865),(6840,3181,1668),(6839,3181,1682),(6835,3179,1160),(6847,3185,1787),(6846,3185,1773),(6845,3185,1775),(6844,3184,2053),(6843,3184,2051),(6851,3187,1429),(6852,3187,1432),(6853,3187,1434),(6854,3187,1439),(6855,3187,1440),(6856,3187,1451),(6879,3193,1498),(6878,3193,1477),(6877,3193,1481),(6876,3193,1483),(6875,3193,1485),(6874,3193,1488),(6873,3193,1487),(6869,3192,1706),(6870,3192,1704),(6871,3192,1695),(6872,3192,1691),(6894,3199,1460),(6895,3199,1462),(6896,3199,1466),(6897,3199,1468),(6898,3199,1470),(6904,3205,1187),(6903,3205,1184),(6902,3205,1178),(7046,3256,1160),(7197,3299,1768),(7196,3299,1749),(7195,3299,1753),(7194,3299,1757),(7193,3299,1764),(7123,3282,1865),(7122,3282,1860),(7121,3282,1843),(7159,3290,2077),(7158,3290,2055),(7157,3290,2068),(7030,3249,1453),(7029,3249,1445),(7028,3249,1440),(7027,3249,1434),(7026,3249,1432),(7025,3249,1430),(7024,3249,1429),(7178,3296,1476),(7177,3296,1474),(7176,3296,1471),(7175,3296,1470),(7174,3296,1468),(7173,3296,1460),(7172,3295,1453),(7171,3295,1445),(7170,3295,1439),(7169,3295,1432),(7168,3295,1430),(7167,3295,1429),(7137,3284,1901),(7136,3284,1902),(7135,3284,1905),(7134,3284,1906),(7133,3284,1912),(7132,3284,1913),(7131,3284,1914),(7130,3284,1915),(7129,3284,1917),(7065,3261,1775),(7067,3262,1038),(7066,3261,1788),(6999,3242,1188),(6998,3242,1189),(6997,3242,1200),(6996,3241,1500),(6995,3241,1503),(6994,3241,1505),(6993,3241,1511),(6992,3241,1513),(6991,3240,2043),(6990,3240,2052),(6989,3240,2053),(7380,3349,1038),(7379,3349,1020),(7045,3255,1733),(7044,3255,1738),(7043,3255,1745),(7042,3255,1748),(6986,3236,1714),(6985,3236,1720),(6984,3236,1721),(6983,3236,1726),(6982,3235,1730),(6981,3235,1733),(6980,3235,1737),(6979,3235,1738),(6978,3235,1739),(6977,3235,1745),(7164,3292,1402),(7163,3292,1399),(7162,3292,1391),(7161,3292,1386),(7090,3268,1348),(7089,3268,1342),(7088,3268,1337),(7087,3268,1336),(7086,3267,862),(7085,3267,843),(7084,3267,847),(7083,3267,848),(7082,3267,858),(7081,3266,1898),(7080,3266,1897),(7079,3266,1874),(7078,3266,1883),(7077,3266,1893),(7068,3263,1211),(7076,3265,1209),(7075,3265,1196),(7074,3265,1200),(7073,3265,1205),(7218,3304,1277),(7217,3304,1263),(7216,3304,1262),(7192,3298,1730),(7191,3298,1733),(7190,3298,1737),(7189,3298,1739),(7188,3298,1742),(7124,3283,1322),(7125,3283,1333),(7126,3283,1334),(7127,3283,1336),(7128,3283,1337),(7138,3285,1950),(7139,3285,1948),(7140,3285,1946),(7141,3285,1942),(7142,3285,1940),(7143,3285,1935),(7144,3285,1934),(7145,3285,1931),(7146,3285,1929),(7147,3285,1928),(7148,3285,1951),(7149,3285,1952),(7230,3312,2015),(7229,3311,1942),(7228,3309,1277),(7227,3309,1263),(7160,3291,1387),(7165,3293,2071),(7166,3293,2068),(7179,3297,1810),(7180,3297,1807),(7181,3297,1806),(7182,3297,1801),(7183,3297,1802),(7184,3297,1800),(7185,3297,1793),(7186,3297,1811),(7187,3297,1812),(7226,3306,1511),(7225,3306,1513),(7215,3303,1146),(7214,3303,1164),(7213,3303,1150),(7212,3303,1152),(7211,3303,1155),(7210,3303,1154),(7209,3303,1160),(7208,3303,1161),(7219,3305,1855),(7220,3305,1851),(7221,3305,1846),(7222,3305,1860),(7223,3305,1864),(7224,3305,1865),(7259,3318,1500),(7258,3318,1501),(7257,3318,1503),(7256,3318,1511),(7255,3318,1514),(7254,3318,1515),(7326,3336,1736),(7325,3336,1738),(7324,3336,1739),(7323,3336,1741),(7322,3336,1745),(7312,3333,1500),(7311,3333,1501),(7310,3333,1503),(7309,3333,1509),(7308,3333,1511),(7307,3333,1514),(7652,3416,1813),(7651,3416,1815),(7650,3416,1820),(7649,3416,1822),(7648,3416,1823),(7647,3416,1835),(7291,3328,2033),(7290,3328,2045),(7293,3329,2010),(7292,3329,2011),(7289,3328,2053),(7553,3388,1901),(7552,3388,1904),(7551,3388,1906),(7550,3388,1911),(7549,3388,1914),(7306,3332,1898),(7305,3332,1877),(7304,3332,1887),(7303,3332,1893),(7330,3337,1752),(7329,3337,1761),(7328,3337,1765),(7327,3337,1767),(7429,3365,1164),(7428,3365,1154),(7427,3365,1158),(7426,3365,1159),(7425,3365,1161),(7424,3365,1162),(7423,3364,1453),(7422,3364,1451),(7421,3364,1446),(7420,3364,1443),(7419,3364,1442),(7418,3364,1440),(7417,3364,1439),(7416,3364,1436),(7415,3364,1432),(7414,3364,1429),(7413,3363,1467),(7412,3363,1463),(7411,3363,1462),(7410,3363,1456),(7409,3362,1266),(7408,3362,1265),(7407,3362,1263),(7406,3362,1262),(7405,3361,1231),(7404,3361,1230),(7403,3361,1226),(7402,3361,1219),(7401,3361,1213),(7400,3360,2066),(7399,3360,2067),(7398,3360,2068),(7397,3360,2069),(7396,3360,2071),(7395,3360,2072),(7394,3359,1685),(7393,3359,1666),(7392,3359,1668),(7391,3359,1669),(7390,3359,1671),(7389,3359,1672),(7388,3359,1673),(7387,3359,1675),(7386,3359,1680),(7385,3359,1681),(7384,3357,1490),(7383,3357,1491),(7382,3357,1492),(7381,3350,1769),(7513,3381,1186),(7512,3381,1184),(7511,3381,1182),(7510,3381,1174),(7540,3385,1336),(7539,3385,1334),(7538,3385,1333),(7537,3385,1332),(7536,3385,1326),(7535,3385,1322),(7534,3384,1789),(7533,3384,1788),(7532,3384,1773),(7531,3384,1775),(7530,3384,1783),(7545,3385,1349),(7544,3385,1345),(7543,3385,1342),(7542,3385,1340),(7541,3385,1337),(7482,3376,1497),(7481,3376,1490),(7480,3376,1491),(7479,3376,1492),(7478,3376,1495),(7460,3373,1898),(7459,3373,1867),(7458,3373,1874),(7506,3378,1812),(7505,3378,1790),(7504,3378,1811),(7503,3378,1791),(7502,3378,1793),(7501,3378,1799),(7500,3378,1800),(7499,3378,1801),(7498,3378,1803),(7497,3378,1804),(7496,3378,1808),(7495,3378,1810),(7547,3386,1736),(7546,3386,1739),(7548,3387,2013),(7554,3389,2053),(7555,3389,2033),(7563,3392,1691),(7562,3392,1692),(7561,3392,1706),(7560,3392,1707),(7564,3393,1856),(7565,3393,1855),(7566,3393,1847),(7567,3393,1846),(7568,3393,1840),(7569,3393,1859),(7570,3393,1863),(7571,3393,1864),(7637,3409,1342),(7636,3409,1337),(7635,3409,1336),(7634,3409,1333),(7633,3409,1332),(7632,3409,1326),(7631,3409,1322),(7602,3404,858),(7601,3403,1451),(7600,3403,1446),(7599,3403,1443),(7598,3403,1439),(7597,3403,1432),(7596,3403,1429),(7589,3399,1721),(7588,3399,1727),(7638,3410,1726),(7639,3410,1727),(7640,3410,1723),(7641,3410,1721),(7642,3411,2071),(7643,3411,2078),(7644,3412,1492),(7645,3412,1491),(7646,3412,1490),(7653,3417,1948),(7654,3417,1952),(7655,3418,1326),(7656,3418,1334),(7657,3418,1335),(7658,3418,1340),(7659,3420,1160),(7660,3420,1154),(7661,3422,849),(7662,3424,1265),(7663,3425,1182),(7664,3425,1183),(7665,3425,1184),(7666,3426,1867),(7667,3428,1509),(7668,3428,1500),(7723,3456,1399),(7670,3431,1742),(7671,3431,1741),(7672,3432,1492),(7673,3432,1491),(7674,3432,1490),(7675,3432,1486),(7676,3432,1477),(7677,3433,1840),(7678,3433,1860),(7679,3433,1862),(7680,3433,1864),(7681,3433,1865),(7682,3435,1721),(7683,3436,1949),(7684,3436,1952),(7690,3438,1769),(7689,3438,1752),(7688,3438,1767),(7691,3439,1809),(7692,3439,1808),(7693,3439,1804),(7694,3439,1805),(7695,3439,1801),(7696,3439,1800),(7697,3439,1793),(7698,3439,1792),(7699,3439,1791),(7700,3439,1811),(7701,3439,1790),(7702,3439,1812),(7703,3440,1509),(7704,3440,1501),(7705,3440,1500),(7706,3441,1736),(7707,3444,1470),(7708,3444,1473),(7709,3445,2053),(7710,3447,1775),(7711,3447,1786),(7712,3447,1787),(7713,3451,1669),(7714,3451,1668),(7715,3453,1460),(7716,3453,1465),(7717,3453,1468),(7718,3453,1470),(7719,3453,1473),(7720,3454,1745),(7721,3454,1741),(7722,3454,1738),(7724,3459,1495),(7725,3461,1206),(7726,3461,1204),(7727,3461,1200),(7728,3461,1197),(7729,3462,1703),(7730,3463,1515),(7731,3463,1513),(7732,3463,1504),(7733,3464,2051),(7734,3464,2053),(7735,3464,2045),(7736,3464,2041),(7737,3464,2038),(7738,3465,1845),(7739,3465,1843),(7740,3465,1841),(7741,3465,1860),(7742,3465,1865),(7743,3466,1322),(7744,3466,1333),(7745,3466,1334),(7746,3466,1336),(7747,3466,1339),(7748,3466,1340),(7749,3466,1345);
/*!40000 ALTER TABLE `act_list_activity_description_students` ENABLE KEYS */;
UNLOCK TABLES;

--
-- Table structure for table `act_list_activity_descriptions`
--

DROP TABLE IF EXISTS `act_list_activity_descriptions`;
SET @saved_cs_client     = @@character_set_client;
SET character_set_client = utf8;
CREATE TABLE `act_list_activity_descriptions` (
  `id` int(11) NOT NULL auto_increment,
  `act_list_activity_id` int(11) NOT NULL,
  `student_class_id` int(11) default NULL,
  `course_id` int(11) default NULL,
  `start_class` int(2) default NULL,
  `end_class` int(2) default NULL,
  `description` varchar(150) NOT NULL,
  `assignment_no` varchar(50) default NULL,
  `verified` int(1) default '0',
  `approved` int(1) default '0',
  PRIMARY KEY  (`id`),
  KEY `verified` (`verified`),
  KEY `act_list_activity_id` (`act_list_activity_id`),
  KEY `student_class_id` (`student_class_id`),
  KEY `course_id` (`course_id`)
) ENGINE=MyISAM AUTO_INCREMENT=3468 DEFAULT CHARSET=latin1;
SET character_set_client = @saved_cs_client;

--
-- Dumping data for table `act_list_activity_descriptions`
--

LOCK TABLES `act_list_activity_descriptions` WRITE;
/*!40000 ALTER TABLE `act_list_activity_descriptions` DISABLE KEYS */;
INSERT INTO `act_list_activity_descriptions` VALUES (2325,1731,23,114,1,6,'Klasifikasi produk','',1,1),(2542,1890,12,30,8,12,'Image, resolution, format','',1,1),(2533,1883,48,198,5,12,'Key Success factor for entepreuner','',1,1),(2553,1898,23,112,6,12,'Diskusi strategi komunikasi','',1,1),(2535,1884,61,98,1,6,'diafragma & Speed (DF, panning & freeze)','',1,1),(2541,1889,50,184,5,12,'Kimia Plastik','',1,1),(2532,1883,14,74,6,12,'Bussines Plan','',1,1),(2531,1883,19,162,5,7,'','',1,1),(2530,1882,8,46,6,9,'Persiapan tugas reportase','',1,1),(2529,1881,8,291,1,9,'Fungsi-fungsi dalam penerbitan','',1,1),(2528,1880,11,47,1,3,'Lokasi tempat produksi','',1,1),(2527,1879,6,151,5,12,'Praktek','',1,1),(2526,1878,2,173,1,12,'Mesin jahit, menjilid ','',1,1),(2525,1877,5,172,1,12,'','',1,1),(2524,1876,52,151,8,12,'Pra produksi','',1,1),(181,0,NULL,NULL,NULL,NULL,'','',0,0),(2324,1731,61,97,8,12,'Klasifikasi produk','',1,1),(246,181,23,118,1,6,'','',1,1),(245,180,53,9,1,4,'','',1,1),(244,179,59,58,6,12,'','',1,1),(257,188,51,138,1,4,'','',1,1),(263,191,58,54,1,6,'','',1,1),(247,181,24,118,6,12,'','',1,1),(242,178,55,NULL,6,12,'','',1,1),(243,179,58,58,1,6,'','',1,1),(233,171,18,75,6,12,'','',1,1),(262,191,47,54,6,12,'','',1,1),(256,188,12,11,9,12,'','',1,1),(239,176,12,21,1,9,'','',1,1),(238,175,50,182,6,12,'','',1,1),(235,173,21,225,1,6,'','',1,1),(240,177,54,227,9,12,'','',1,1),(241,178,61,99,1,6,'','',1,1),(1585,1159,60,116,1,6,'','',1,1),(1587,1160,56,282,6,12,'','',1,1),(250,184,55,274,1,4,'','',1,1),(1586,1160,57,282,1,6,'','',1,1),(355,253,57,280,1,3,'','',1,1),(352,251,11,8,1,3,'','',1,1),(347,248,52,140,5,6,'','',1,1),(1583,1157,23,115,1,6,'','',1,1),(337,241,55,274,1,6,'','',0,1),(335,239,47,78,1,4,'','',1,1),(332,236,60,281,6,12,'','',1,1),(584,423,8,47,1,4,'','',1,1),(329,234,17,89,6,9,'','',1,1),(327,233,59,56,1,4,'','',1,1),(809,578,18,78,8,12,'','',1,1),(348,248,52,140,9,12,'','',1,1),(346,248,51,140,1,4,'','',1,1),(326,233,58,56,1,4,'','',1,1),(328,234,14,89,1,3,'','',1,1),(341,244,53,8,9,12,'','',1,1),(349,249,9,28,1,6,'','',1,1),(351,251,8,43,1,6,'','',1,1),(343,246,57,287,3,6,'','',1,1),(345,247,54,221,1,4,'','',1,1),(353,252,21,239,1,4,'','',1,1),(344,246,21,242,6,11,'','',1,1),(354,253,56,280,3,6,'','',1,1),(331,236,61,101,1,6,'','',1,1),(342,245,24,111,1,4,'','',1,1),(350,250,50,179,1,4,'','',1,1),(336,240,NULL,80,NULL,NULL,'','',0,1),(1582,1157,24,115,6,12,'','',1,1),(1584,1158,53,15,1,6,'','',1,1),(457,329,17,78,6,12,'','',1,1),(429,307,11,36,5,6,'','',1,1),(445,318,60,99,6,12,'','',1,1),(443,317,24,113,6,12,'','',1,1),(442,317,23,113,1,6,'','',1,1),(444,318,61,99,1,6,'','',1,1),(435,310,56,283,1,4,'','',1,1),(434,310,57,283,9,11,'','',1,1),(458,329,53,10,1,6,'','',1,1),(453,325,6,153,8,12,'','',1,1),(447,320,2,170,1,6,'','',1,1),(446,319,51,142,1,6,'','',1,1),(456,328,47,73,1,6,'','',1,1),(450,323,11,36,1,4,'','',1,1),(451,324,56,284,5,7,'','',1,1),(441,316,12,29,1,3,'','',1,1),(440,315,12,29,3,6,'','',1,1),(436,311,12,9,6,12,'','',1,1),(430,307,21,244,1,3,'','',1,1),(438,313,54,228,6,9,'','',1,1),(437,312,54,228,9,12,'','',1,1),(431,308,21,241,8,12,'','',1,1),(452,324,8,41,1,4,'','',1,1),(433,310,57,283,5,7,'','',1,1),(432,309,56,286,1,4,'','',1,1),(449,322,50,177,1,4,'','',1,1),(448,321,48,188,1,7,'','',1,1),(1580,1155,18,71,6,12,'','',1,1),(1577,1153,54,228,1,6,'','',1,1),(1581,1156,53,14,6,12,'','',1,1),(459,330,59,58,6,7,'','',1,1),(464,335,8,36,1,6,'','',1,1),(465,336,9,29,1,3,'','',1,1),(1578,1154,62,116,6,12,'Basic IMC','',1,1),(566,409,14,85,6,12,'','',1,1),(562,407,17,89,6,12,'','',1,1),(1572,1150,61,98,1,6,'','',1,1),(1571,1150,60,NULL,6,12,'','',1,1),(1574,1151,56,281,1,6,'','',1,1),(550,396,21,245,1,3,'','',1,1),(548,395,21,245,3,6,'','',1,1),(545,393,56,282,6,12,'','',1,1),(576,416,18,75,6,12,'','',1,1),(564,408,11,41,8,12,'','',1,1),(553,399,58,50,1,3,'','',1,1),(552,398,17,88,1,6,'','',1,1),(570,411,51,143,1,7,'','',1,1),(567,409,19,169,5,7,'','',1,1),(555,401,52,142,1,6,'','',1,1),(554,400,2,173,1,9,'','',1,1),(573,414,54,227,6,12,'','',1,1),(565,408,59,55,5,7,'','',1,1),(559,405,11,47,5,7,'','',1,1),(557,403,9,29,3,6,'','',1,1),(574,414,12,28,1,6,'','',1,1),(563,407,21,245,1,6,'','',1,1),(549,396,21,247,6,12,'','',1,1),(547,395,21,247,9,12,'','',1,1),(546,394,54,223,1,6,'','',1,1),(551,397,55,276,1,6,'','',1,1),(544,393,57,282,1,6,'','',1,1),(571,412,61,97,6,12,'','',1,1),(575,415,50,184,5,12,'','',1,1),(556,402,50,180,1,4,'','',1,1),(1579,1154,23,116,1,6,'','',1,1),(1570,1149,52,141,6,12,'','',1,1),(1573,1151,57,281,6,12,'','',1,1),(578,418,59,53,1,4,'','',1,1),(579,419,18,73,1,6,'','',1,1),(790,566,23,111,1,4,'','',1,1),(789,566,58,53,5,9,'','',0,1),(590,429,59,51,3,6,'','',1,1),(1562,1142,2,171,1,6,'','',1,1),(1567,1146,47,75,6,12,'','',1,1),(799,570,59,59,6,12,'','',1,1),(796,569,52,138,5,9,'','',1,1),(1560,1141,23,117,6,12,'','',1,1),(1558,1140,61,289,6,9,'','',1,1),(786,564,6,149,8,12,'','',1,1),(784,563,11,43,1,6,'','',1,1),(1554,1138,57,285,8,12,'','',1,1),(1556,1139,55,274,9,12,'','',1,1),(779,560,47,79,9,11,'','',1,1),(769,552,5,169,1,6,'Introduction','',1,1),(762,546,51,136,5,9,'Pengantar Bahasa Indonesia','',1,1),(754,539,60,93,6,11,'','',1,1),(753,539,61,93,6,11,'','',1,1),(1547,1132,54,225,1,6,'','',1,1),(746,535,56,281,1,4,'Introduction','',1,1),(742,533,58,54,1,6,'Penggalian ekpresi','',1,1),(743,533,59,294,6,12,'Komposisi','',1,1),(741,532,23,106,1,6,'','',1,1),(747,535,59,58,6,12,'Lab (membuat bentuk dasar)','',1,1),(745,534,57,281,6,12,'Introduction','',1,1),(734,527,47,84,1,12,'','',1,1),(795,569,54,220,8,12,'','',0,1),(785,564,6,154,1,4,'','',1,1),(776,558,52,135,1,4,'','',1,1),(774,556,6,152,1,12,'pelat cetak','',1,1),(770,552,14,88,6,9,'Introduction','',1,1),(768,551,6,159,5,12,'','',1,1),(763,546,52,136,1,4,'Pengantar Bahasa Indonesia','',1,1),(755,540,19,163,1,4,'Orientasi','',1,1),(750,538,48,195,8,12,'Introcuction','',1,1),(749,537,6,165,1,12,'Pengantra pre press','',1,1),(739,531,5,167,6,12,'Bagian bagian manajemen produksi','',1,1),(731,524,5,170,1,6,'','',1,1),(1545,1131,56,282,6,12,'Keyword dalam java','',1,1),(761,545,55,274,1,4,'Jenis-Jenis Animasi','',1,1),(760,544,18,75,1,6,'','',1,1),(758,542,17,293,8,12,'Pengantar infografik','',1,1),(798,570,59,59,1,3,'','',1,1),(778,560,47,79,6,7,'','',1,1),(748,536,9,27,1,4,'Komunikasi intra pribadi','',1,1),(730,523,8,43,1,6,'','',1,1),(783,563,8,44,8,11,'','',1,1),(771,553,12,36,5,7,'Pengantar','',1,1),(767,550,53,9,1,4,'Kedudukan dan ragam bahasa Indonesia','',1,1),(766,549,11,292,1,9,'','',1,1),(765,548,12,288,1,9,'Ketatabahasaan(syarat editor)','',1,1),(764,547,21,236,6,9,'Perencanaan tugas','',1,1),(744,534,56,281,1,4,'Introduction','',1,1),(752,539,21,243,1,6,'','',1,1),(740,532,24,106,6,12,'','',1,1),(738,530,61,289,1,6,'Pengantar highlight adobe photoshop','',1,1),(759,543,60,97,1,6,'Dasar-Dasar Pemasaran','',1,1),(751,538,51,138,1,4,'Class mapping','',1,1),(737,529,48,211,5,7,'Introduction','',1,1),(1544,1131,57,282,1,6,'Keyword dalam java','',1,1),(1546,1132,21,236,6,12,'','',1,1),(1548,1133,51,143,5,11,'','',1,1),(1549,1134,50,185,1,4,'Ruang lingkup ilmu kemasan','',1,1),(1550,1135,54,224,5,7,'Komunikasi langsung dan tidak langsung','',1,1),(1551,1136,21,248,6,12,'','',1,1),(1552,1137,57,284,3,6,'','',1,1),(1553,1138,56,285,3,7,'','',1,1),(1555,1139,60,101,6,9,'','',1,1),(1557,1140,60,289,1,4,'','',1,1),(1559,1141,24,117,1,6,'','',1,1),(797,569,55,290,1,4,'','',0,1),(1561,1142,5,171,6,12,'','',1,1),(1563,1143,61,96,1,4,'','',1,1),(1564,1144,54,219,1,4,'','',1,1),(1565,1145,21,248,1,6,'','',1,1),(1566,1146,8,47,1,4,'','',1,1),(1568,1147,9,288,1,9,'','',1,1),(1569,1148,14,90,1,6,'','',1,1),(1756,1282,2,298,7,12,'Praktek kewierausahan','',1,1),(1591,1162,17,85,6,11,'Proyek atau penjelasan praktek kewirausahaan','',1,1),(824,593,58,57,1,6,'Evolusi Harga Cetak','',1,1),(827,596,51,142,1,6,'Pengenalan warna dan jenis-jenisnya','',1,1),(1507,1102,57,283,5,9,'What is multimudia (Vocab and Reading) + Present Tense','',1,1),(1589,1161,59,50,5,7,'Agama dan Manusia','',1,1),(832,601,2,170,1,6,'Konsep TPL Dan Jenis/ragam TPL','',1,1),(836,605,18,76,1,6,'Desain Majalah','',1,1),(1755,1282,6,162,5,7,'Introduction','',1,1),(1506,1102,56,283,1,4,'What is multimudia (Vocab and Reading)','',1,1),(1511,1104,9,25,1,4,'mengenal selera bahasa di berbagai media','',1,1),(1590,1162,53,10,1,6,'Pendidikan Kewarganegaraan','',1,1),(1542,1129,23,116,6,12,'dasar dasar imc','',1,1),(901,658,60,95,1,6,'pendahuluan, ruang lingkup, unsur-unsur komunikasi','',1,1),(902,658,61,95,6,12,'Pentingnya / kebutuhan komunikasi dan definisi2','',1,1),(1588,1161,50,177,1,4,'Agama dan Manusia','',1,1),(908,663,21,241,1,4,'Masa Prasejarah di Indonesia','',1,0),(909,663,47,76,6,12,'Media cetak Komersial','',1,1),(893,651,6,155,1,4,'Review Colorymetri dan definisi','',1,1),(903,659,6,153,8,12,'Class mapping, Presentation Skills','',1,1),(910,664,59,58,6,12,'ilustrator adobe , text-shape-path','',1,1),(896,654,8,46,6,12,'Pengantar Penulisan','',1,1),(898,656,11,42,1,6,'uji Kelayakan Proposal Bisnis','',1,1),(905,661,21,244,5,7,'Definisi, mental, usaha, networking','',1,1),(911,665,54,227,6,9,'Sejarah Fotografi, Teknis fotografi','',1,1),(912,666,54,227,9,12,'Sejarah Perkembangan Fotografi','',1,1),(895,653,62,114,3,7,'Analisa Situasi & SWOT, Tugas','',1,1),(892,650,48,199,1,7,'pengenalan tentang desain kemasan','',1,1),(915,668,56,286,8,12,'Visual Vocabulary 1','',1,1),(1495,1093,52,143,1,6,'','',1,1),(914,668,57,286,1,4,'Visual Vocabulary 1','',1,1),(913,667,5,173,1,12,'Silabi dan Penjabarannya','',1,1),(1543,1130,54,228,1,6,'Elemen Teknik','',1,1),(1541,1129,14,86,1,6,'Apa itu kreatif','',1,1),(1540,1128,53,14,6,12,'Pengertian dan Sejarah Grafika','',1,1),(1595,1164,19,153,8,12,'Introduction','',1,1),(1539,1127,57,282,6,12,'java programming','',1,1),(1751,1280,19,162,5,7,'Characteristic of entrepreuner','',1,1),(1055,774,17,89,6,12,'Power Point (Desain)','',1,1),(1052,773,6,151,5,12,'Orientasi & Kontrak Kuliah, teknologi Tinta Cetak','',1,1),(1895,1397,8,42,1,7,'Uji proposal','',1,1),(1896,1398,62,36,5,7,'Pengantar kewirausahaan','',1,1),(1534,1124,60,109,6,12,'Pengenalan kamera fotografi','',1,1),(1594,1164,50,180,1,4,'A life is achievement','',1,1),(1038,761,62,114,1,6,'','',1,1),(1537,1126,62,116,6,12,'Komunikasi Pemasaran (Basic)','',1,1),(1054,774,21,245,1,6,'HTML dasar (Text), Format XML','',1,1),(1034,759,47,75,1,6,'Grid & Guide','',1,1),(1032,757,59,52,8,11,'','',1,1),(1074,788,6,154,1,4,'kalkulasi grafika','',1,1),(1059,777,19,155,1,4,'review','',1,1),(1051,772,52,142,1,6,'Fungsi Warna','',1,1),(1040,763,5,172,1,12,'Review','',1,1),(1039,762,2,173,1,12,'Silabi dan Penjabaran , mesin potong','',1,1),(1058,776,9,29,1,3,'Organisasi Penerbitan','',1,1),(1049,770,9,26,8,12,'','',1,1),(1044,766,8,46,9,12,'Creative Writing','',1,1),(1036,760,8,46,6,9,'Menulis Semudah Berbicara','',1,1),(1035,759,11,47,1,4,'Sistem Editorial','',1,1),(1030,756,11,47,1,3,'','',1,1),(1029,755,53,12,1,11,'','',1,1),(1069,784,12,28,1,6,'Foto texture dan Foto Ekspresi','',1,1),(1060,778,9,29,3,6,'Kompetensi dalam organisasi penerbitan','',1,1),(1031,757,58,52,8,11,'','',1,1),(1050,771,59,55,5,7,'','',1,1),(1061,779,58,59,3,7,'Black Square, circle, Tangle','',1,1),(1066,782,58,50,1,3,'Agama, manusia, dan alam semesta','',1,1),(1482,1082,17,88,1,6,'Sistem Kompensasi (MSDM)','',1,1),(1073,787,59,53,1,4,'What Is Graphic Design?','',1,1),(1041,764,21,247,6,12,'Cropping','',1,1),(1078,791,54,223,1,6,'Sejarah Fotografi, Teknis Fotografi','',1,1),(1037,761,61,97,6,12,'','',1,1),(1077,790,62,112,1,6,'Devoding, encoding dan pengarahan Komunikasi','',1,1),(1053,773,48,193,5,12,'','',1,1),(1033,758,50,184,5,12,'Kemasan plastik','',1,1),(1533,1124,61,98,1,6,'Pengenalan kamera fotografi','',1,1),(1894,1397,23,36,6,9,'Pengantar kewirausahaan','',1,1),(1535,1125,52,151,6,12,'Perkembangan Huruf/ model/ide','',1,1),(1536,1126,60,96,1,6,'Periklanan Sebagai alat Komunikasi Pemasaran','',1,1),(1596,1165,55,276,6,12,'Menggambar Mata','',1,1),(1483,1082,55,270,6,9,'Pendidikan Kewarganegaraan','',1,1),(1538,1127,56,282,1,6,'java programming','',1,1),(1206,884,23,94,1,4,'Introduction To Marketing And Advertising','',1,1),(1199,878,57,287,5,7,'Elemen Dasar Seni Rupa','',1,1),(1195,876,60,289,1,6,'Adobe Photoshop, Layer, Toolbox','',1,1),(1192,874,58,55,8,11,'Perkenalan - pra sejarah','',1,1),(1516,1108,14,90,6,12,'Portofolio Logo','',1,1),(1186,871,55,290,1,4,'lesson 1,2','',1,1),(1749,1279,5,171,6,12,'dasar-dasar QC Teknik Cetak Offset','',1,1),(1191,874,18,76,1,6,'Pra Desain Majalah','',1,1),(1178,864,62,117,1,6,'Gaya dan Jenis Kata Copywriting','',1,1),(1188,871,54,220,8,12,'lesson 1,2','',1,1),(1194,875,8,44,8,11,'Laporan dan teknik penulisan','',1,1),(1177,863,2,174,6,12,'menghitung jumlah pemakaian bahan buku cetak','',1,1),(1184,869,19,151,5,12,'Sifat-sifat kertas & Praktek','',1,1),(1187,871,52,138,5,9,'Lesson 1,2','',1,1),(1200,879,52,135,1,4,'Agama, Alam semesta dan manusia','',1,1),(1201,880,51,137,1,4,'Filsafat Pancasila','',1,1),(1180,865,17,297,8,12,'','',1,1),(1514,0,NULL,NULL,NULL,NULL,'',NULL,1,1),(1202,881,59,51,1,3,'Bahasa Indonesia Untuk Mahasiswa','',1,1),(1204,883,8,47,1,4,'DTP & Editorial System','',1,1),(1193,875,11,43,1,6,'Analisa permintaan dan peluang pasar','',1,1),(1203,882,9,31,1,9,'Tataran kebahasaan','',1,1),(1205,883,47,58,6,12,'membuat halaman master','',1,1),(1175,861,54,219,1,4,'Fungsi bahasa Indonesia','',1,1),(1181,866,21,248,1,12,'pemahaman dan pengasaan dasar fotografi produk','',1,1),(1174,860,55,277,5,11,'Pemahaman digital texturing dan  painting','',1,1),(1198,878,56,287,1,3,'Elemen Dasar Seni Rupa','',1,1),(1179,864,23,117,7,12,'gaya dan jenis kata copywriting','',1,1),(1207,884,58,53,3,7,'What is Graphic Design','',1,1),(1196,876,61,289,6,12,'Adobe Photoshop, Layer, Toolbox','',1,1),(1173,859,12,27,8,12,'Esensi komunikasi sebagai ilmu','',1,1),(1172,858,12,36,5,7,'pengertian kewirausahaan, jiwa kewirausahaan','',1,1),(1171,857,8,47,5,7,'Jadual Produksi','',1,1),(1502,1098,11,46,6,12,'pengantar','',1,1),(1531,1122,61,96,1,6,'periklanan adalah komunikasi','',1,1),(1532,1123,47,71,1,6,'Tekstur dan arti fotografi','',1,1),(1748,1279,2,171,1,6,'dasar-dasar QC Teknik Cetak Offset','',1,1),(1212,888,6,160,1,12,'Pengenalan mesin','',1,1),(1491,1090,50,185,1,4,'','',1,1),(2433,1808,56,285,3,7,'Hystory of Multimedia','',1,1),(1340,984,61,93,6,11,'pendidiksn kewarganegaraan','',1,1),(1335,982,59,58,6,12,'Ilustrator','',1,1),(1332,980,55,272,6,12,'pipeline project 3D max','',1,1),(1329,978,51,136,5,9,'Sejarah Bahasa Indonesia','',1,1),(1341,985,19,163,1,4,'','',1,1),(1349,992,5,170,1,6,'Konsep dan Ragam TPL','',1,1),(1333,981,18,75,1,6,'','',1,1),(1337,983,58,54,1,6,'komposisi garis ruang','',1,1),(1330,979,53,9,1,4,'Ejaan Bahasa Indonesia','',1,1),(1343,987,12,31,1,9,'Tataran kebahasaan','',1,1),(1345,989,9,27,1,4,'Esensi komunikasi bagi manusia','',1,1),(1346,990,8,43,1,6,'','',1,1),(1334,982,56,281,1,6,'Ilustrator','',1,1),(1344,988,55,300,1,4,'merencana proyek arsitektur','',1,1),(1342,986,48,205,1,4,'Introduction of entrepreuner','',1,1),(1331,980,58,58,1,6,'Pengenalan program vektor dan dasar','',1,1),(1338,984,21,243,1,4,'Teknik Presentasi','',1,1),(1323,973,51,138,1,4,'lesson 1,2','',1,1),(1473,1077,62,118,6,12,'produksi iklan surat kabar','',1,1),(1318,969,5,174,5,7,'Pengantar teknik pemasaran','',1,1),(1336,983,59,54,1,6,'Eksplorasi pensil','',1,1),(1316,968,54,226,6,12,'','',1,1),(1493,1091,56,282,6,12,'Class in java','',1,1),(1313,965,2,172,1,12,'review','',1,1),(1324,973,48,195,8,12,'','',1,1),(1327,976,9,32,5,12,'Pengantar dn pokok pikiran paragraf','',1,1),(1319,969,18,72,8,12,'menghitung bahan kerja','',1,1),(1322,972,14,87,1,6,'','',1,1),(1328,977,47,69,5,7,'english skill','',1,1),(1321,971,50,178,1,4,'Pengantar perkuliahan','',1,1),(1325,974,50,182,5,12,'Besaran dan Satuan','',1,1),(1317,968,54,225,3,6,'praktek membuat komposisi','',1,1),(1339,984,60,93,6,11,'pendidikan kewaranegaraan','',1,1),(1314,966,61,289,1,6,'Digital Imaging','',1,1),(1472,1077,23,118,1,6,'produksi iklan surat kabar','',1,1),(1326,975,60,97,1,6,'dasar2 pemasaran,keinginan, dan kebutuhan','',1,1),(1315,967,57,281,6,12,'Bentuk Gambar Digitl 9Bitmap & Vector)','',1,1),(1490,1089,54,225,1,3,'komposisi','',1,1),(1492,1091,57,282,1,6,'Class in java','',1,1),(1460,1070,61,101,1,6,'Proportion, concept, construction, contour','',1,1),(1465,1073,57,280,1,3,'Sejarah bahasa Indonesia','',1,1),(1467,1074,47,72,1,3,'','',1,1),(1447,1061,60,94,1,4,'Introduction to advertising in english','',1,1),(1744,1276,56,287,1,3,'Komposisi Garis Potong Korek Api','',1,1),(1745,1276,21,242,6,11,'','',1,1),(1439,1056,8,291,1,7,'Kegiatan umum di penerbitan dan editing','',1,1),(1440,1056,8,291,11,12,'Kegiatan umum di penerbitan dan editing','',1,1),(1436,1054,47,74,8,12,'konsep dasar kewirausahaan','',1,1),(1461,1070,60,289,8,12,'Stamp tool, layer, saving format','',1,1),(1485,1084,53,295,6,9,'Pengantar agama','',1,1),(1457,1068,17,89,6,12,'web','',1,1),(1459,1069,52,137,1,4,'Filsafat pancasila','',1,1),(1448,1061,61,109,5,12,'Introduction to advertising in english','',1,1),(1430,1048,59,56,5,12,'The Ultimate wave','',1,1),(1443,1058,11,46,3,6,'jenis tulisan nonfiksi','',1,1),(1451,1063,52,140,5,12,'Besaran dan Satuan','',1,1),(1450,1063,51,140,1,4,'Besaran dan Satuan','',1,1),(1458,1069,52,137,1,4,'Filsafat pancasila','',1,1),(1429,1048,58,56,1,7,'The Ultimate wave','',1,1),(1437,1054,18,74,8,12,'konsep dasar kewirausahaan','',1,1),(1446,1060,14,293,6,11,'Dasar Infografik','',1,1),(1452,1064,59,57,1,6,'pengantar Tipogafi','',1,1),(1456,1068,14,89,1,6,'Power Point','',1,1),(1466,1074,47,70,3,7,'','',1,1),(1462,1071,18,69,3,7,'Student Mapping skill','',1,1),(1434,1052,12,26,6,12,'Class Mapping, presentation skills','',1,1),(1441,1057,9,28,1,6,'Foto ekspresi','',1,1),(1442,1058,12,32,1,3,'menentukan pokok pikiran paragraf','',1,1),(1449,1062,11,44,1,3,'Proposal Laporan','',1,1),(1432,1050,48,201,1,12,'ilmu manajemen dan peran manajer','',1,1),(1454,1066,62,94,1,4,'Introduction to marketing and advertising','',1,1),(1433,1051,56,279,1,3,'','',1,1),(1464,1073,56,280,3,6,'Sejarah bahasa Indonesia','',1,1),(1431,1049,55,272,1,6,'Tool dasar 3D max','',1,1),(1486,1085,55,269,6,12,'perkenalan materi audio dan video','',1,1),(1487,1086,18,72,1,3,'Macam-macam masalah cetak','',1,1),(1488,1087,23,115,1,6,'Import & Position','',1,1),(1489,1088,17,86,1,6,'Perencanaan kreatif periklanan','',1,1),(1481,1081,61,99,1,6,'','',1,1),(1480,1081,60,99,6,12,'','',1,1),(1496,1094,53,11,5,9,'The Present Tense','',1,1),(1498,1096,51,143,6,12,'','',1,1),(1501,1098,12,32,1,4,'pengantar','',1,1),(1505,1101,50,183,5,12,'Teknologi kertas dan karton','',1,1),(1510,1104,12,25,6,11,'mengenal selera bahasa di berbagai media','',1,1),(1518,1110,12,29,3,6,'Komposisi Editor Dalam Organisasi Penerbitan','',1,1),(1520,1112,53,295,6,9,'Pengantar Agama','',1,1),(1734,1269,59,50,3,7,'Manusia, alam semesta dan Agama','',1,1),(1733,1269,50,177,1,4,'Manusia, alam semesta dan Agama','',1,1),(1747,1278,6,165,1,12,'Workflow ctf & ctp / pre tes','',1,1),(1741,1274,52,140,8,12,'Besaran','',1,1),(1750,1280,14,88,8,12,'','',1,1),(1754,1282,62,113,1,4,'Definisi dan Karakteristik','',1,1),(1746,1277,53,13,8,9,'ilmu, karakteristik dan sharing','',1,1),(1753,1281,12,29,1,3,'Organisasi penerbitan','',1,1),(1716,1253,14,86,1,6,'Praktek melalui aplikasi teoritis','',1,1),(1715,1253,23,116,6,12,'','',1,1),(1728,1265,53,10,1,6,'Negara','',1,1),(1710,1249,56,286,8,12,'SP dan SC','',1,1),(1736,1270,47,76,6,12,'Media Digital cetak','',1,1),(1743,1276,57,287,5,7,'Komposisi Garis Potong Korek Api','',1,1),(1705,1246,60,99,6,12,'iklan media cetak : surat kabar dan tabloid','',1,1),(1706,1246,61,99,1,6,'iklan media cetak : surat kabar dan tabloid','',1,1),(1757,1283,60,112,1,6,'Pengantar ilmu komunikasi','',1,1),(1758,1283,61,112,6,12,'Tipe/bentuk komunikasi','',1,1),(1699,1242,14,90,6,12,'','',1,1),(1695,1239,52,143,1,6,'','',1,1),(1696,1240,52,143,6,12,'silinder making','',1,1),(1712,1250,51,141,6,12,'Industri grafika dan karakteristiknya','',1,1),(1717,1254,19,152,1,7,'Pengenalan mesin rolland','',1,1),(1718,1255,19,160,1,12,'Kain Karet dan tekanan celah','',1,1),(1719,1256,5,173,1,12,'Teknik memotong unit program','',1,1),(1725,1262,6,162,5,7,'','',1,1),(1727,1264,6,155,1,4,'','',1,1),(1731,1267,51,142,1,6,'jenis warna','',1,1),(1732,1268,2,170,1,4,'Konsep anatomi/bagian proposal/laporan','',1,1),(1740,1274,51,140,1,4,'Besaran dan satuan','',1,1),(1742,1275,19,165,1,12,'workflow ctf & ctp, pre tes','',1,1),(1697,1241,58,59,6,11,'less is more','',1,1),(1698,1242,17,90,1,6,'','',1,1),(1726,1263,59,58,6,12,'','',1,1),(1729,1265,17,74,6,12,'proposal usaha praktik','',1,1),(1730,1266,58,57,1,6,'Gambar huruf','',1,1),(1735,1270,21,241,1,4,'Sejarah dan Seni Indonesia','',1,1),(1737,1271,18,76,1,6,'Analisa majalah','',1,1),(1739,1273,18,73,1,6,'Cerpen','',1,1),(1722,1259,12,29,1,3,'Tanda terima naskah dan kelangkaan naskah','',1,1),(1713,1251,12,29,1,6,'','',1,1),(1708,1248,50,181,5,12,'Bilangan real','',1,1),(1721,1258,48,199,1,7,'Pemilihan tugas 1','',1,1),(1702,1244,62,114,8,12,'strategi pemasaran','',1,1),(1709,1249,55,274,1,6,'12 Prinsip animasi','',1,1),(1723,1260,57,280,5,9,'Grammar and writing','',1,1),(1738,1272,56,283,1,4,'Grammar & Writing','',1,1),(1720,1257,55,271,6,9,'Materi Bhs Indonesia untuk mahasiswa','',1,1),(1714,1252,54,223,6,9,'pengenalan beberapa istilah penting dalam tata cahaya','',1,1),(2572,1915,18,71,6,12,'Presentasi fotografi dasar','',1,1),(1774,1299,54,227,1,6,'Jenis kamera- body kamera','',1,1),(1711,1249,57,286,8,12,'SP dan SC','',1,1),(1752,1280,5,162,1,6,'','',1,1),(1886,1391,23,112,9,12,'strategi komunikasi dalam mengemas pesan','',1,1),(1883,1389,53,14,6,12,'','',1,1),(1881,1387,60,96,1,6,'pemasaran - kebutuhan hidup manusia','',1,1),(1875,1382,56,281,1,6,'Tools adobe ilustrator','',1,1),(2598,1934,61,98,1,6,'Presentasi foto dasar (latihan 1)','',1,1),(1871,1378,12,21,1,6,'','',1,1),(1868,1376,47,75,1,6,'Strukrur halaman master','',1,1),(1890,1395,11,42,1,6,'Uji Proposal usaha','',1,1),(1860,1368,52,141,6,12,'Tiga mata rantai, pra cetak - cetak - pasca cetak','',1,1),(1854,1363,14,42,6,12,'Bisnis Plan','',1,1),(1878,1384,61,114,6,12,'','',1,1),(1851,1361,56,282,6,12,'Algorythm basic','',1,1),(1885,1391,62,112,1,6,'','',1,1),(1848,1359,2,173,1,12,'Pengoperasian mesi potong + lipat','',1,1),(1855,1363,19,162,5,9,'Success Factor','',1,1),(1856,1364,19,155,1,4,'','',1,1),(1858,1366,6,154,1,4,'Tipologi jasa, produk dan poros grafika','',1,1),(1859,1367,6,151,5,12,'','',1,1),(1861,1369,52,142,1,6,'Jenis warna dan maknanya','',1,1),(1862,1370,9,26,8,12,'','',1,1),(1889,1394,8,46,6,12,'Jenis Tulisan non fiksi','',1,1),(1869,1376,11,47,3,7,'','',1,1),(1873,1380,9,29,1,3,'Administrasi naskah','',1,1),(1879,1385,9,29,3,6,'Kelengkapan naskah + action plan','',1,1),(1884,1390,11,47,5,7,'jadwal kegiatan poduksi','',1,1),(1849,1360,18,75,6,12,'','',1,1),(1864,1372,58,59,3,7,'less is more','',1,1),(1880,1386,18,73,1,6,'Ilustrasi untuk cerpen','',1,1),(1888,1393,17,88,1,6,'mempertahankan karyawan','',1,1),(1887,1392,58,50,1,3,'Iman, Islam, Ihsan','',1,1),(1882,1388,59,53,1,4,'what is graphic design?','',1,1),(1850,1361,57,282,1,6,'Algorythm basic','',1,1),(1863,1371,57,281,6,12,'Ilustrator','',1,1),(1867,1375,48,197,1,4,'Pengenalan teknologi pengemasan pangan','',1,1),(1892,1396,62,36,6,9,'Dasar2 kewirausahaan','',1,1),(1877,1384,23,114,1,6,'','',1,1),(1857,1365,21,247,5,12,'Color Correction','',1,1),(1865,1373,54,228,1,12,'Perbedaan digital dan analog','',1,1),(1872,1379,21,245,1,6,'HTML (Fout, Lia, gambar)','',1,1),(1866,1374,55,276,1,6,'Menggambar bibir dan hidung','',1,1),(2022,1501,11,41,8,12,'Hystory of graphic design','',1,1),(1893,1396,23,42,6,9,'Dasar-dasar kewirausahaan','',1,1),(1891,1395,54,244,5,7,'','',1,1),(2016,1496,57,284,1,3,'','',1,1),(2014,1494,8,44,8,11,'Aspek bahasa proposal','',1,1),(2012,1493,17,297,1,4,'Pengantar','',1,1),(2010,1491,59,51,1,3,'Pengimbuhan dalam bahasa Indonesia','',1,1),(2009,1491,58,51,1,3,'Pengimbuhan dalam bahasa Indonesia','',1,1),(2008,1490,54,219,1,4,'Ejaan Bahasa Indonesia','',1,1),(2005,1488,8,47,1,4,'Dokumen & Grid Guide','',1,1),(1998,1484,9,36,9,12,'Ide Usaha','',1,1),(1915,1416,8,46,9,12,'','',1,1),(1916,1417,8,46,6,9,'jenis Tulisan Nonfiksi (Diskusi)','',1,1),(1995,1482,62,115,6,12,'','',1,1),(1994,1481,59,59,1,12,'Black Square Problem','',1,1),(1993,1480,14,90,1,6,'Portofolio logo','',1,1),(1992,1479,51,143,5,9,'Acuan cetak tinggi','',1,1),(2006,1489,23,94,1,4,'Finding The Customer','',1,1),(1988,1476,23,117,6,12,'Konsep ide kreatif','',1,1),(1986,1475,18,76,1,6,'Desain majalah komersial','',1,1),(1985,1474,61,96,1,6,'','',1,1),(3156,2353,5,171,6,12,'Kwalitas barang cetakan','',1,1),(1982,1472,56,287,1,3,'Komposisi garis lurus bervariasi','',1,1),(1981,1471,55,277,5,11,'Dasar tool texturing photoshop','',1,1),(1979,1469,60,101,6,12,'Construction drawing','',1,1),(1997,1484,8,42,1,4,'Uji Proposal Usaha kelompok 3,4,5 ','',1,1),(2002,1486,12,27,8,12,'','',1,1),(2019,1499,47,75,6,12,'Text frame','',1,1),(2023,1502,8,41,1,4,'Desain media','',1,1),(2021,1501,59,55,5,7,'Hystory of graphic design','',1,1),(2013,1494,11,43,1,6,'','',1,1),(2003,1487,60,289,1,6,'Adobe Photoshop','',1,1),(2017,1497,50,184,5,12,'Pengetahuan plastik','',1,1),(2024,1503,50,183,5,12,'Proses pembuatan kertas dan karton','',1,1),(1964,1455,19,151,5,12,'Praktek Lanjutan','',1,1),(1965,1456,5,169,1,6,'Praktek kewirausahaan dan PMK','',1,1),(1977,1467,2,167,6,12,'Sistem informasi manajemen percetakan','',1,1),(1978,1468,6,160,1,12,'Kain kaus dan tekanan cetak','',1,1),(2015,1495,52,135,1,4,'Iman, Islam, Ihsan','',1,1),(2018,1498,51,143,6,12,'Silinder making','',1,1),(2001,1486,19,154,1,4,'','',1,1),(2011,1492,51,137,1,4,'','',1,1),(2020,1500,5,172,1,12,'','',1,1),(1990,1477,12,32,1,4,'menentukan pokok pikiran ; diskusi','',1,1),(1996,1483,11,46,6,12,'Jenis tulisan nonfiksi : diksi','',1,1),(2025,1504,50,185,1,4,'Teknologi kemasan','',1,1),(1983,1472,57,287,3,6,'Komposisi garis lurus bervariasi','',1,1),(1987,1475,58,55,8,11,'sejarah awal','',1,1),(1989,1476,62,117,6,12,'Konsep ide kreatif','',1,1),(2569,1912,56,285,2,7,'Multimedia Tools','',1,1),(1999,1484,12,296,5,7,'Ide Usaha','',1,1),(2203,0,47,71,1,6,'Tekstur, abstrak, digital BG','',1,1),(2004,1487,61,289,6,12,'Adobe Photoshop','',1,1),(2007,1489,58,53,3,7,'Grammar & Writing','',1,1),(2119,1582,55,300,1,4,'Planning Project','',1,1),(2118,1581,12,31,1,9,'Menulis dan mengedit','',1,1),(2117,1580,53,9,1,4,'Kalimat','',1,1),(2116,1579,18,75,1,6,'Kolom, pengolahan, master','',1,1),(2098,1566,17,92,1,6,'Oral Presentation (Introduction)','',1,1),(2113,1577,47,76,1,6,'Master Head Analysis','',1,1),(2112,1576,17,90,1,6,'Bentuk-bentuk atau macam macam desain','',1,1),(2111,1575,59,58,6,12,'Ilustrator, mengenal teks','',1,1),(2109,1574,8,43,1,6,'Ratio Rantai','',1,1),(2106,1572,60,301,6,9,'Negara','',1,1),(2104,1571,48,195,8,12,'Presentation skills Class mapping','',1,1),(2114,1578,57,282,1,6,'Mengenal Class','',1,1),(2102,1570,18,70,6,9,'Mengenal SWOT pada Pemasaran','',1,1),(2101,1569,61,289,1,6,'Selection 1','',1,1),(2100,1568,17,293,6,11,'Strategic mapping','',1,1),(2110,1575,56,281,1,6,'Ilustrator','',1,1),(2097,1565,50,182,5,12,'Vektor','',1,1),(2096,1564,58,58,1,6,'Unsur dasar grafis (Desain Pictogram)','',1,1),(2095,1563,60,97,1,6,'5 Konsep Pemasaran','',1,1),(2094,1562,50,178,1,4,'','',1,1),(2093,1561,19,163,1,4,'','',1,1),(2092,1560,14,87,1,6,'Introduction oral presentation','',1,1),(2091,1559,6,165,1,12,'Pengantar pra cetak dan CTF - Proses CTF','',1,1),(2099,1567,14,88,6,12,'Penjelasan SWOT','',1,1),(2090,1558,5,170,1,6,'Konsep dan anatomi karya ilmiah','',1,1),(2088,1557,54,225,1,6,'Presentasi foto komposisi','',1,1),(2086,1556,23,118,1,6,'','',1,1),(2085,1555,5,174,6,12,'Sistem manajemen percetakan','',1,1),(2105,1572,21,243,1,6,'Persiapan Teknis','',1,1),(2084,1554,19,156,5,12,'Merancang kartu undangan pernikahan','',1,1),(2083,1553,2,172,1,12,'','',1,1),(2082,1552,53,13,9,12,'Ilmu pengetahuan, teknologi dan seni','',1,1),(2081,1551,57,281,6,12,'Shape & Path finder','',1,1),(2103,1571,51,138,1,4,'Lesson 3 Hurricane','',1,1),(2080,1550,55,272,6,12,'Poligonal Modelling','',1,1),(2079,1549,23,115,6,12,'','',1,1),(2078,1548,54,226,6,12,'garis yang ditemukan jadi bidang','',1,1),(2077,1548,54,225,3,6,'Presentasi','',1,1),(2076,1547,47,69,8,12,'','',1,1),(2075,1546,11,291,1,9,'Penerbitan dan Editing secara ringkas','',1,1),(2087,1556,62,118,6,12,'','',1,1),(2089,1557,21,236,6,12,'','',1,1),(2107,1572,61,301,6,9,'Negara','',1,1),(2565,1909,58,54,6,12,'Menggambar Stilaus','',1,1),(2115,1578,56,282,6,12,'Mengenal Class','',1,1),(2570,1913,53,12,1,12,'Organisasi PDE/IT','',1,1),(2404,1783,11,44,1,3,'Menyusun proposal pelatihan','',1,1),(2402,1781,9,27,1,4,'','',1,1),(2401,1780,59,57,1,6,'','',1,1),(2399,1778,62,94,1,4,'Find and Fill Target Customer Profile Sheet','',1,1),(2393,1774,60,94,1,4,'','',1,1),(2392,1773,9,32,5,12,'Pokok pikiran','',1,1),(2564,1909,59,54,1,6,'Menggambar Stilaus','',1,1),(2386,1770,18,72,1,3,'Digital Printing','',1,1),(2380,1767,56,280,3,6,'Imbuhan dalam bahasa Indonesia','',1,1),(2379,1767,57,280,1,3,'Imbuhan dalam bahasa Indonesia','',1,1),(2377,1766,47,70,1,3,'','',1,1),(2571,1914,56,280,5,7,'','',1,1),(2375,1765,52,137,1,4,'Pengertian karakter','',1,1),(2372,1764,54,222,5,7,'Orientasi Kuliah','',1,1),(2369,1763,47,74,8,12,'Proses Kewirausahaan','',1,1),(2368,1762,9,28,1,6,'Fotografi people','',1,1),(2365,1760,12,26,6,12,'How To Write Narrative Paragraph','',1,1),(2363,1759,52,140,5,10,'Satuan, Vektor','',1,1),(2361,1758,17,86,1,6,'','',1,1),(2360,1757,14,293,8,12,'Pencarian Data/Mengorganisasikan data','',1,1),(2388,1771,57,287,3,6,'Komposisi garis lengkung bervariasi','',1,1),(2371,1764,51,135,5,10,'Orientasi Kuliah','',1,1),(2359,1756,6,156,5,12,'Aplikasi vector','',1,1),(2358,1755,11,46,9,12,'','',1,1),(2352,1749,60,289,8,12,'Selection Tools Lasso','',1,1),(2351,1749,61,101,1,6,'Perspektif','',1,1),(2350,1748,48,201,1,12,'Manajer dan Aplikasinya','',1,1),(2349,1747,61,94,8,12,'','',1,1),(2397,1777,55,272,1,6,'Polygonal Modelling II','',1,1),(2567,1911,55,269,6,12,'Pra produksi','',1,1),(2764,2051,53,295,6,9,'','',1,1),(2381,1768,14,89,1,6,'HTML','',1,1),(2284,1700,58,56,1,6,'Elemen dan Prinsip desain','',1,1),(2283,1699,53,11,5,9,'The Past Tense','',1,1),(2280,1696,2,170,1,6,'Menyususn proposal dan konsep','',1,1),(2279,1695,51,142,1,6,'proses pencampuran warna','',1,1),(2278,1694,47,73,1,6,'Cerpen','',1,1),(2276,1693,59,50,1,4,'','',1,1),(2273,1691,58,57,1,6,'Inisial A/Sans Serif dan aplikasinya','',1,1),(2272,1690,56,283,1,4,'Pre-reading & reading lesson 2, writing lesson 1&2','',1,1),(2269,1688,48,199,1,7,'Pemilihan judul','',1,1),(2268,1687,54,227,1,6,'','',1,1),(2267,1686,57,283,5,9,'Pre reading & reading lesson 2 writing.','',1,1),(2264,1684,6,155,1,4,'','',1,1),(2263,1683,18,76,1,6,'Praktikum','',1,1),(2262,1682,53,10,1,6,'Nasionalisme dan Identitas nasional','',1,1),(2274,1692,8,41,1,4,'Desain cover buku','',1,1),(2261,1681,12,29,1,3,'rapat pra seleksi naskah','',1,1),(2258,1679,59,58,6,12,'Ilustrator','',1,1),(2257,1678,17,74,6,12,'Bimbingan proposal usaha praktik KWH','',1,1),(2254,1677,62,113,1,6,'The Impact of Digital revolution on CB','',1,1),(2253,1677,60,113,1,6,'The Impact of Digital revolutin on CB','',1,1),(2251,1676,9,25,1,4,'Kalimat Efektif','',1,1),(2204,0,21,225,1,6,'pack shoot','',0,0),(2248,1674,61,95,6,11,'Model2 komunikasi','',1,1),(2247,1674,60,95,1,6,'','',1,1),(2246,1673,19,160,1,12,'','',1,1),(2270,1689,52,181,1,4,'Bilangan Real dan pertidaksamaan','',1,1),(2245,1672,54,223,6,12,'Praktek Basic Lighting','',1,1),(2244,1671,62,111,8,12,'Part 2 Probation','',1,1),(2243,1670,18,71,6,12,'Presentasi model fotografi','',1,1),(2259,1680,11,36,1,6,'Uji proposal usaha','',1,1),(2242,1669,58,59,6,12,'less is more','',1,1),(2241,1668,55,271,5,7,'','',1,1),(2265,1685,17,90,1,6,'mood board & logo','',1,1),(2240,1667,61,99,1,6,'Penjelasan media cetak dan majalah','',1,1),(2239,1667,60,99,6,12,'Penjelasan media cetak : tabloid dan majalah','',1,1),(2238,1666,5,173,1,12,'Mesin lipat, potong, jahit, jilid, karbon','',1,1),(2236,1665,56,286,8,12,'stilasi, deformasi, transformasi, distorsi','',1,1),(2235,1665,57,286,8,12,'','',1,1),(2234,1664,51,141,6,12,'Karekteristik, terminologi, produk dan sifat mutu produk','',1,1),(2233,1663,52,143,6,12,'Proses workshop cylinder','',1,1),(2249,1675,23,116,6,12,'Proposal BAB 1','',1,1),(2237,1665,55,274,1,6,'Story stelling','',1,1),(2250,1675,14,86,6,12,'Kerangka karya tulis','',1,1),(2252,1676,12,25,6,11,'Kalimat efektif','',1,1),(2255,1677,6,162,5,7,'','',1,1),(2256,1677,2,162,6,12,'Praktek Kewirausahaan','',1,1),(2260,1680,21,244,6,9,'ide dan modal','',1,1),(2266,1685,14,90,6,12,'asistensi logo','',1,1),(2271,1689,50,181,5,12,'Fungsi','',1,1),(2275,1692,11,41,6,12,'','',1,1),(2277,1693,50,177,1,4,'','',1,1),(2282,1698,19,165,1,12,'Manajemen pracetak','',1,1),(2285,1700,59,56,6,12,'Elemen dan Prinsip Desain','',1,1),(2765,2051,53,15,1,6,'Sejarah Penerbitan','',1,1),(2426,1802,17,88,1,6,'membina hubungan pelanggan','',1,1),(2563,1908,55,276,1,6,'menggambar rambut','',1,1),(2387,1771,56,287,1,3,'Komposisi garis lengkung bervariasi','',1,1),(2562,1907,9,29,1,6,'Rapat pra seleksi naskah','',1,1),(2561,1906,19,155,1,4,'','',1,1),(2560,1905,48,197,1,4,'Komposisi Bahan Pangan','',1,1),(2558,1903,6,154,1,4,'Saran pokok produksi grafika','',1,1),(2557,1902,51,139,1,4,'Pengantar dan bilangan real, pertidaksamaan','',1,1),(2556,1901,56,281,1,6,'Cara membuat bentuk dasar','',1,1),(2555,1900,59,53,1,4,'Career in graphic design','',1,1),(2554,1899,58,50,1,3,'Sumber dan Ajaran Agama Islam','',1,1),(2552,1898,62,112,1,6,'','',1,1),(2420,1797,53,14,6,12,'Pengantar teknik cetak','',1,1),(2551,1897,52,142,1,6,'Warna Primer/sekunder','',1,1),(2549,1896,21,245,1,6,'Tabel dan link HTML','',1,1),(2548,1895,12,28,1,6,'Fotografi people ( Child & Old )','',1,1),(2547,1894,60,96,1,6,'Test Tertulis','',1,1),(2546,1893,18,73,1,6,'cerpen','',1,1),(2544,1892,11,47,3,7,'Struktur halaman master','',1,1),(2543,1891,59,55,5,7,'','',1,1),(2315,1726,18,75,6,12,'','',1,1),(2540,1888,53,12,1,12,'SIM','',1,1),(2316,1727,18,75,6,12,'','',1,1),(2534,1884,60,98,6,12,'diafragma & Speed (DF, panning & freeze)','',1,1),(2539,1887,54,228,1,12,'Praktek & Basic Digital','',1,1),(2536,1885,9,26,6,12,'','',1,1),(2362,1758,62,116,6,12,'','',1,1),(2364,1759,51,146,1,4,'Vektor dan Kinematik','',1,1),(2519,1873,59,51,1,3,'bentuk imbuhan dalam bahasa Indonesia','',1,1),(2518,1873,58,51,1,3,'Bentuk imbuhan dalam bahasa Indonesia','',1,1),(2370,1763,18,74,8,12,'Proses Kewirausahaan','',1,1),(2373,1764,6,163,1,4,'Orientasi Kuliah','',1,1),(2374,1764,53,8,9,12,'manusia & agama','',1,1),(2376,1765,50,179,1,4,'Pengertian karakter','',1,1),(2378,1766,47,72,3,6,'','',1,1),(2382,1768,17,89,6,12,'HTML Text','',1,1),(2522,1875,62,132,6,9,'','',1,1),(2521,1875,23,132,6,9,'','',1,1),(2389,1771,21,242,5,9,'Komposisi garis lengkung bervariasi','',1,1),(2537,1886,50,180,1,4,'Lesson 2,3','',1,1),(2406,1785,9,31,1,9,'Menulis Artikel','',1,1),(2398,1777,58,58,6,12,'pictogram','',1,1),(2517,1872,9,31,1,9,'Syarat, tugas editor','',1,1),(2516,1871,52,135,1,4,'Aplikasi Iman, islam dan ihsan dalam kehidupan','',1,1),(2515,1870,17,87,1,6,'Organisasi presentasi','',1,1),(2418,1795,21,248,1,6,'Pack Shot','',1,1),(2512,1868,51,137,1,4,'','',1,1),(2514,1869,12,27,8,12,'Memahami konsep komunikasi terapan','',1,1),(2511,1867,54,219,1,4,'Unsur serapan dan kaidah penggunaanya','',1,1),(2417,1795,47,71,1,6,'Tekstur, abstrak, digital BG','',1,1),(2508,1865,56,287,1,3,'Komposisi garis lurus dan lengkung vertikal','',1,1),(2507,1865,57,287,3,6,'Komposisi garis lurus dan lengkung horizontal','',1,1),(2506,1864,11,35,1,6,'ramalan permintaan dengan deret berkala','',1,1),(2501,1860,57,284,1,3,'','',1,1),(2500,1859,14,90,1,5,'Portofolio','',1,1),(2568,1912,57,285,8,12,'Multimedia Tools','',1,1),(2434,1808,57,285,8,12,'Hystory of Multimedia','',0,0),(2497,1857,47,71,1,6,'Packshoot & elemen teknik','',1,1),(2496,1856,21,248,1,12,'Praktek Studio','',1,1),(2495,1855,17,297,8,12,'Mendesain booth/stand','',1,1),(2492,1853,23,94,1,4,'Describing target customer of certain product','',1,1),(2491,1852,11,46,6,12,'Jenis tulisan nonfiksi : diskusi','',1,1),(2559,1904,8,46,6,12,'Diskusi jenis tulisan nonfiksi','',1,1),(2489,1851,61,96,1,6,'','',1,1),(2488,1850,55,277,5,11,'Stamp, Color Selection','',1,1),(2487,1849,5,171,6,12,'Quality Control','',1,1),(2486,1849,2,171,1,6,'','',1,1),(2485,1848,50,183,5,12,'Kotak Karton Gelombang (KKG)','',1,1),(2484,1847,54,224,5,7,'','',1,1),(2482,1846,55,290,1,4,'Lesson 3','',1,1),(2481,1845,9,36,8,12,'Sumber ide, ilmu, modal','',1,1),(2479,1844,8,47,5,7,'','',1,1),(2513,1869,19,154,1,4,'','',1,1),(2478,1843,50,185,1,4,'Bahan-bahan kemasan','',1,1),(2477,1842,62,115,6,12,'','',1,1),(2509,1866,60,289,1,6,'Photoshop','',1,1),(2502,1861,62,117,1,6,'Konsep Ide kreatif (presentasi)','',1,1),(2476,1841,19,151,5,12,'Praktek','',1,1),(2566,1910,48,193,1,7,'Gramatus/berat kertas/karton','',1,1),(2475,1840,6,172,1,12,'Cetak blok (Hitam putih)','',1,1),(2498,1858,56,285,3,7,'Vector & Bipmap','',1,1),(2474,1839,2,174,6,12,'','',1,1),(2480,1845,12,36,5,7,'Sumber ide, modal','',1,1),(2473,1838,54,220,8,12,'lesson 3','',1,1),(2490,1852,12,32,1,4,'Paragraf : pengertian dan jenisnya','',1,1),(2483,1846,52,138,5,9,'lesson 3','',1,1),(2493,1853,58,53,3,7,'A Career in graphic desain','',1,1),(2584,1924,18,59,1,6,'Analisa majalah','',1,1),(2499,1858,57,285,8,12,'Vector & Bipmap','',1,1),(2503,1861,23,117,6,12,'Konsep Ide kreatif (presentasi)','',1,1),(2600,1935,5,162,1,6,'Pemantapan bussines plan','',1,1),(2576,1918,8,47,1,4,'Halaman master dan struktur halaman','',1,1),(2510,1866,61,289,6,12,'Photoshop','',1,1),(2589,1928,21,247,8,12,'Seluruh mahasiswa tidak hadir karena rapat MAKRAB (Kegiatan Mahasiswa)','',1,1),(2523,1875,8,296,1,6,'uji proposal usaha','',1,1),(2538,1886,19,153,8,12,'Graphic arts','',1,1),(2545,1892,47,75,1,6,'Text frame & picture frame','',1,1),(2550,1896,57,281,6,12,'Ilustrator','',1,1),(2573,1915,18,71,NULL,NULL,'','',1,1),(2577,1918,47,75,6,12,'Anatomi teks pada majalah','',0,0),(2623,1950,59,59,3,12,'Less is more','',1,1),(2628,1954,50,178,1,4,'Diksi','',1,1),(2629,1955,55,300,1,4,'merencana proyek arsitektur 3D','',1,1),(2631,1956,51,136,5,9,'Pengimbuhan dalam Bahasa indonesia','',1,1),(2630,1956,52,136,1,4,'Pengimbuhan (me)','',1,1),(2632,1957,9,32,5,12,'jenis-jenis paragraf','',1,1),(2585,1924,58,55,8,11,'Masa Prasejarah','',0,0),(2635,1959,61,289,1,6,'Selection 1','',1,1),(2624,1951,60,101,6,12,'Perspektif','',1,1),(2590,1928,14,89,1,6,'Pengantar MD 5 ( Digital Presentation )','',0,0),(2636,1960,14,297,5,9,'','',1,1),(2592,1930,58,59,3,7,'','',0,0),(2637,1961,47,69,8,12,'','',1,1),(2639,1962,61,301,6,9,'Presentasi kelompok','',1,1),(2638,1962,60,93,6,9,'Presentasi kelompok','',1,1),(2642,1963,21,246,6,12,'Evaluasi foto jurnalistik','',1,1),(2599,1934,60,98,6,12,'Presentasi hasil karya foto basic','',0,0),(2601,1935,14,88,6,11,'Bisnis plan','',0,0),(2643,1964,19,135,1,4,'','',1,1),(2644,1965,48,196,1,7,'Sifat2/syarat kertas dan karton untuk kemasan','',1,1),(2659,1976,5,170,1,6,'Menyusun proposal ilmiah','',1,1),(2662,1978,47,76,1,6,'Desain Sampul','',1,1),(2665,1980,48,195,8,12,'Packaging of Aqua','',1,1),(2641,1963,54,225,1,6,'Presentasi tugas','',1,1),(2663,1979,56,281,1,6,'Ilustrator','',1,1),(2661,1977,57,282,1,6,'perintah-perintah untuk situasi dan kondisi','',1,1),(2660,1977,56,282,6,12,'perintah-perintah untuk situasi dan kondisi','',1,1),(2658,1975,9,27,1,4,'Prinsip-prinsip komunikasi penerbitan','',1,1),(2657,1974,18,70,6,9,'Tugas Strategi analisis SWOT','',1,1),(2656,1974,5,167,5,12,'','',1,1),(2633,1958,59,54,8,12,'Menggambar tabung','',1,1),(2655,1973,17,293,6,11,'Strategic mapping','',1,1),(2653,1972,8,44,6,9,'Proposal Pelatihan Editor','',1,1),(2626,1953,58,58,1,6,'Bezier, Power elipt, dasar tracing','',1,1),(2666,1981,53,280,1,4,'Unsur Serapan','',1,1),(2627,1953,55,272,5,12,'Line / Shape Modelling','',1,1),(2634,1958,58,54,6,12,'Menggambar tabung','',1,1),(2640,1962,21,243,1,6,'Pengenalan Audience','',1,1),(2652,1971,54,225,3,6,'Komposisi reference dan presentasi','',1,1),(2651,1971,54,226,6,12,'SSC dan lingkaran warna','',1,1),(2648,1968,11,291,1,9,'Penyimpanan, penggunaan informasi','',0,0),(2650,1970,23,115,6,12,'Modelling','',1,1),(2654,1972,8,35,1,6,'Ramalan permintaan','',1,1),(2664,1979,59,58,6,12,'Ilustrator','',1,1),(2762,2049,62,111,1,4,'Describing target customer of certain product','',1,1),(2759,2047,57,280,1,3,'Kesimpulan dari variasi awalan me','',1,1),(2758,2047,56,280,3,6,'Makna Awalan me','',1,1),(2757,2046,58,58,6,12,'Desain Logo (Manual Graphic)','',1,1),(2755,2045,59,50,1,6,'Estetika huruf','',1,1),(2754,2044,11,44,1,3,'','',1,1),(2733,2032,62,127,6,12,'Membahas Proposal','',1,1),(2736,2034,18,72,1,3,'','',1,1),(2743,2039,47,72,5,7,'proses cetak digital','',1,1),(2745,2040,8,291,1,7,'Kesalahan umum dalam menangani ilustrasi','',1,1),(2747,2041,57,287,3,6,'Komposisi gars lurus & lengkung dalam bidang','',1,1),(2746,2041,56,287,1,3,'Komposisi Garis dalam bidang vertikal','',1,1),(2770,2055,6,165,1,12,'Sparasi-Imposisi','',1,1),(2772,2057,2,172,1,12,'','',1,1),(2771,2056,53,13,9,12,'Kerangka berfikir ilmiah','',1,1),(2769,2054,57,281,6,12,'Tipografi dan Text Tools','',1,1),(2740,2037,21,220,1,4,'Reviewing','',1,1),(2731,2031,21,242,6,11,'Pengalaman estetika','',1,1),(2763,2050,53,11,5,9,'The Future Tense + Debate','',1,1),(2738,2036,11,46,3,6,'Jenis tulisan nonfiksi : diskusi','',1,1),(2730,2030,53,295,8,11,'','',1,1),(2749,2042,53,8,9,12,'Ruang lingkup islam','',1,1),(2748,2042,6,163,1,4,'Selintas tentang psikologi','',1,1),(2729,2029,14,293,6,11,'Time line','',1,1),(2734,2033,52,146,5,11,'Vektor','',1,1),(2741,2038,52,137,1,4,'','',1,1),(2728,2028,23,115,1,6,'Membuat bentuk objek/ruang','',1,1),(2756,2046,55,272,1,6,'','',1,1),(2732,2032,17,86,1,6,'','',1,1),(2727,2027,48,201,1,12,'Peran Manajer Produksi','',1,1),(2760,2048,60,94,1,4,'','',1,1),(2726,2026,9,28,1,6,'Fotografi People','',1,1),(2725,2025,53,15,1,6,'Asosiasi Penerbitan / Jenis Penerbitan','',1,1),(2724,2024,61,101,1,6,'Thumbnail - Product','',1,1),(2722,2023,14,89,1,6,'web','',1,1),(2752,2043,58,56,1,6,'Bentuk Pengertiannya','',1,1),(2723,2023,17,89,6,12,'HTML','',1,1),(2735,2033,51,146,1,4,'','',1,1),(2834,2107,6,153,8,12,'A Foundation of Flexography','',0,0),(2739,2036,12,32,1,3,'Membuat Paragraf','',1,1),(2742,2038,50,179,1,4,'','',1,1),(2744,2039,47,70,1,3,'','',1,1),(2750,2042,51,135,5,9,'Agama, semesta dan manusia','',1,1),(2751,2042,54,222,5,7,'','',1,1),(2753,2043,59,56,8,12,'Bentuk Pengertiannya','',1,1),(2761,2048,61,94,8,12,'','',1,1),(2773,2058,18,74,8,12,'Profil Sukses Wirausaha','',1,1),(2775,2059,55,269,6,12,'Pro Produksi','',1,1),(2774,2058,47,74,8,12,'Profil Sukses Wirausaha','',1,1),(2777,2061,18,69,3,7,'','',1,1),(2781,2065,6,145,5,12,'','',1,1),(2780,2064,48,187,1,12,'Pengantar Autocad','',1,1),(2797,2078,12,31,1,9,'Tugas dan syarat editor','',1,1),(2801,2080,12,25,8,12,'Reportase hasil observasi penggunaan ragam bahasa + menulis argumentatif','',1,1),(2800,2080,9,25,1,4,'Reportase hasil observasi penggunaan ragam bahasa + menulis argumentatif','',1,1),(2795,2076,60,97,1,6,'Orientasi evolusi marketing perusahaan','',1,1),(2879,2145,54,227,1,6,'Exposure (FIS)','',1,1),(2880,2146,12,29,3,6,'Konsep Komunitas Bibliophilia','',1,1),(2881,2147,47,73,1,6,'Ilustrasi Opini','',1,1),(2884,2149,60,95,1,6,'','',1,1),(2886,2150,6,155,1,4,'Consistency, Calibration, Characterize','',1,1),(2887,2151,59,50,1,3,'','',1,1),(2889,2152,53,10,1,6,'Hak dan Kewajiban WN','',1,1),(2890,2153,12,29,1,3,'Naskah Co Publishing','',1,1),(2866,2133,58,57,1,6,'','',1,1),(2867,2134,51,142,1,6,'','',1,1),(2868,2135,2,170,1,6,'Konsep Kebahasaaan','',1,1),(2869,2136,18,76,1,6,'Tugas Harian, Tugas UTS','',1,1),(2871,2138,8,41,1,4,'Asistensi','',1,1),(2878,2144,9,30,5,12,'','',1,1),(2877,2143,8,46,6,12,'Reportase','',1,1),(2876,2142,62,114,1,6,'','',1,1),(2882,2148,14,86,1,6,'Pemasaran','',1,1),(2874,2141,17,90,1,6,'Portofolio Logo','',1,1),(2873,2140,21,240,8,12,'Editing foto pada buku teks pelajaran','',1,1),(2872,2139,48,199,1,12,'Kunjungan ke deperindag','',1,1),(2865,2132,19,160,1,12,'','',1,1),(2833,2107,12,26,6,12,'Sharing ebook by tarrent','',1,1),(2891,2154,52,139,1,4,'Fungsi','',1,1),(3009,2240,11,36,1,6,'Bimbingan Teknis Praktik Kewirausahaan','',1,1),(2863,2130,47,63,6,12,'Foto Model','',1,1),(2862,2129,59,58,6,12,'Ilustrator','',1,1),(2893,2155,21,241,1,4,'','',1,1),(2861,2128,51,151,5,9,'Prospek bisnis','',1,1),(2860,2127,54,223,6,12,'Praktek Main light & fill light','',1,1),(2859,2126,17,74,5,11,'Bimbingan Konselling','',1,1),(2857,2125,57,286,8,12,'countour wajah','',1,1),(2856,2125,56,286,8,12,'countour wajah','',1,1),(2849,2118,18,75,1,6,'Step & Repeat','',1,1),(2854,2123,8,46,9,12,'','',1,1),(2855,2124,19,165,1,12,'','',1,1),(2858,2125,55,274,1,6,'Story Telling/presentasi','',1,1),(3008,2239,23,113,1,6,'Kepribadian merk , konseptual , perilaku konsumen','',1,1),(2875,2141,14,90,6,12,'Portofolio - Magazine','',1,1),(2883,2148,23,116,6,12,'','',1,1),(2885,2149,61,95,6,12,'','',1,1),(2888,2151,50,177,1,4,'','',1,1),(2892,2154,50,181,5,12,'Quiz 1','',1,1),(2894,2155,47,76,6,12,'','',1,1),(3000,2236,17,88,1,6,'Siklus Hidup Produk','',1,1),(2999,2235,55,276,1,6,'Karakter Wajah ','',1,1),(2998,2234,56,281,1,6,'Mentranformasi + mengkombinasikan Bentuk','',1,1),(2997,2233,11,47,1,3,'Proses Produksi Penerbitan','',1,1),(2996,2232,58,50,1,3,'Kerangka dasar Islam','',1,1),(2995,2231,48,197,1,4,'Teknologi Bahan Pangan','',1,1),(2945,2193,18,73,1,6,'Ilustrasi Untuk Opini','',1,1),(3010,2240,21,244,5,7,'Sumber-sumber ide','',1,1),(3007,2239,62,113,1,6,'Kepribadian merk , konseptual , perilaku konsumen','',1,1),(3006,2239,6,162,5,7,'Key Success Factor of Entepreuner','',1,1),(3005,2239,2,298,8,12,'Praktek Kewirausahaan','',1,1),(2949,2197,53,14,6,12,'','',1,1),(2947,2195,52,141,1,6,'Pengantar Ilmu Grafika','',1,1),(2948,2196,9,29,1,3,'Naskah Co Publishing','',1,1),(2960,2205,60,96,1,6,'Esistensi Perbaikan Karya Tulis','',1,1),(2964,2208,47,75,1,6,'Layout Majalah','',1,1),(2967,2210,9,29,3,6,'Komunitas Bibliophilia','',1,1),(2968,2211,12,28,1,6,'Praktek','',1,1),(2972,2213,48,198,5,12,'Key Success Story of Entrepreuner','',1,1),(2975,2215,19,155,1,4,'Konsep 4C pada ICC Profile','',1,1),(2979,2217,23,114,1,6,'Tugas Strategi Pemasaran','',1,1),(2978,2217,61,97,8,12,'','',1,1),(2980,2218,50,184,5,12,'Aditif For Plastic','',1,1),(2951,2199,5,173,1,12,'Menjahit dan Menjilid di karton','',1,1),(2981,2219,6,154,1,4,'Tes Kalkulasi Harga Pokok','',1,1),(2956,2203,62,112,1,6,'Strategi eksekusi simbol','',1,1),(2994,2230,6,151,5,12,'Praktek','',1,1),(2993,2229,6,151,5,12,'Praktek','',1,1),(2992,2228,12,30,8,12,'Adobe Photoshop','',1,1),(2991,2227,9,26,8,12,'Presentation Skill','',1,1),(2954,2202,21,224,1,6,'Bisnis Web (15 orang absen tdk masuk)','',1,1),(2989,2226,19,153,8,12,'Same NAme, New Diversity (speedmaster 52)','',1,1),(2970,2212,62,132,6,9,'Bentuk Badan Usaha dan Jenis Usaha','',1,1),(2969,2212,8,36,1,6,'Bimbingan Teknis','',1,1),(3004,2238,12,9,6,11,'Jenis Paragraf','',1,1),(2988,2225,2,173,1,12,'Melanjutkan jilid buku','',1,1),(3002,2237,60,98,6,12,'Photo Exam','',1,1),(2987,2224,5,172,1,12,'Percetakan 4 warna','',1,1),(2955,2202,57,281,8,12,'Ilustrator','',1,1),(2957,2203,23,112,9,12,'Simbol Alegori-Metafora','',1,1),(2962,2207,14,89,1,6,'Symbol (MC + Graphic)','',1,1),(2986,2223,57,282,6,12,'Looping & Branching','',1,1),(2963,2207,21,247,6,12,'Channel','',1,1),(2965,2208,11,47,3,7,'','',1,1),(2985,2222,8,46,9,12,'Creative Writer','',1,1),(2971,2212,23,132,6,9,'Badan Usaha, Jenis Usaha','',1,1),(2973,2213,19,162,5,7,'Key Success Story of Entrepreuner','',1,1),(2984,2221,54,228,1,12,'','',1,1),(3003,2238,9,25,1,4,'Jenis Paragraf','',1,1),(3001,2237,61,98,1,6,'Photo Exam','',1,1),(2990,2226,50,180,1,4,'Lesson 4 Possessions we hate','',1,1),(3110,2315,54,219,1,4,'Kata dan Pengimbuhan','',1,1),(3109,2314,9,31,1,9,'Mechanical Editing','',1,1),(3024,2252,51,143,6,12,'Galvano Electro Plating','',1,1),(3104,2311,47,71,1,6,'Pack Shot / Product Shot','',1,1),(3103,2310,51,137,1,4,'Demokrasi','',1,1),(3114,2317,57,285,8,12,'Vector & Bitmap Implementation','',1,1),(3089,2299,5,171,6,12,'','',1,1),(3087,2298,56,287,1,3,'Garis lurus dlm spiral','',1,1),(3063,2282,58,59,3,7,'Type in design','',1,1),(3028,2256,58,59,6,11,'Type in design','',0,0),(3107,2313,8,47,1,4,'Text Frame','',1,1),(3079,2293,59,59,3,12,'Tipografi','',1,1),(3078,2292,55,277,5,11,'Path Selection & Skew','',1,1),(3105,2312,12,32,1,4,'Mengidentifikasi jenis-jenis paragraf','',1,1),(3077,2291,61,96,1,6,'Bentuk/jenis periklanan','',1,1),(3076,2290,2,167,6,12,'','',1,1),(3075,2289,51,143,5,9,'Bahan acuan cetak saring','',1,1),(3074,2288,60,101,6,12,'Human','',1,1),(3086,2297,61,289,6,12,'Photoshop','',1,1),(3066,2285,23,117,5,9,'Teknik Penulisan ad Headline','',1,1),(3065,2284,17,297,8,12,'','',1,1),(3062,2281,52,135,1,4,'','',1,1),(3061,2280,21,248,1,12,'Stop Action Splash Colour','',1,1),(3060,2279,12,36,5,7,'Badan Usaha','',1,1),(3072,2287,55,290,1,4,'Lesson 4 Possession','',1,1),(3073,2287,54,220,8,12,'Lesson 4 Possession','',1,1),(3059,2278,6,160,1,12,'','',1,1),(3058,2277,12,27,8,12,'Tes Komunikasi Penerbitan','',1,1),(3057,2277,19,154,1,4,'Tes Kalkulasi harga pokok','',1,1),(3112,2316,58,55,8,11,'Materi Prasejarah','',1,1),(3067,2285,62,117,1,4,'Teknik Penulisan ad Headline','',1,1),(3071,2287,52,138,5,9,'Lesson 4 Possession','',1,1),(3132,2334,5,298,1,4,'Praktek Kewirausahaan','',1,1),(3085,2297,60,289,1,6,'Photoshop','',1,1),(3088,2298,57,287,3,6,'Garis lurus dlm spiral','',1,1),(3090,2299,2,171,1,6,'','',1,1),(3101,2308,50,183,5,12,'','',1,1),(3113,2317,56,285,3,7,'Vector & bitmap Implementation','',1,1),(3100,2307,57,284,1,4,'Asistensi','',1,1),(3111,2316,18,76,1,6,'Majalah Komersial','',1,1),(3099,2306,62,115,6,12,'','',1,1),(3232,2413,11,35,1,6,'Riset pemasaran sederhana','',1,1),(3106,2312,11,46,6,12,'Reportase tugas','',1,1),(3108,2313,47,75,6,12,'Picture Frame','',1,1),(3196,2384,52,136,1,3,'Variasi me- & makna awalan me-','',1,1),(3195,2384,51,136,3,6,'Variasi me- & makna awalan me-','',1,1),(3190,2380,12,31,1,9,'','',1,1),(3188,2378,53,9,1,4,'Kata & Pengimbuhan','',1,1),(3177,2369,55,300,1,4,'Skema Prosedur kerja studio animasi','',1,1),(3168,2363,18,75,1,6,'Teknik Pembuatan formulir, brosur, kuitansi','',1,1),(3194,2383,18,75,6,12,'','',1,1),(3166,2361,5,170,1,6,'Kebahasaan','',1,1),(3165,2360,19,151,5,12,'','',1,1),(3164,2359,19,163,1,4,'Pelatihan & Pengembangan Tenaga Kerja','',1,1),(3162,2358,60,301,6,9,'Identitas Nasional','',1,1),(3157,2354,9,27,1,4,'Tes Komunikasi Penerbitan','',1,1),(3146,2347,56,281,1,6,'Ilustrator','',1,1),(3145,2346,47,76,1,6,'Desain Sampel','',1,1),(3133,2334,14,74,8,12,'Praktek Kewirausahaan','',0,0),(3210,2395,8,47,5,7,'Proses produksi dalam penerbitan','',1,1),(3141,2342,60,97,1,6,'4P-4C','',1,1),(3198,2386,61,289,1,6,'Channels','',1,1),(3186,2377,57,282,1,6,'For and If nested','',1,1),(3172,2366,59,54,1,6,'','',1,1),(3197,2385,11,291,1,9,'Melatih bagaimana mengedit gambar','',1,1),(3160,2357,52,143,5,9,'Peralatan Cetak Saring','',1,1),(3161,2358,21,243,1,6,'Persiapan Slide','',1,1),(3158,2355,14,297,6,9,'Proposal Pameran','',1,1),(3155,2353,2,171,1,6,'The seven management tools','',1,1),(3191,2381,18,70,5,7,'Analisis Strategi SWOT','',1,1),(3163,2358,61,93,6,9,'Identitas Nasional','',1,1),(3169,2364,58,58,1,6,'Pengaturan Task Menu','',1,1),(3170,2364,55,272,6,12,'Modelling produk teknik meinsmooth','',0,0),(3182,2373,17,293,6,11,'Strategic mapping','',1,1),(3173,2366,58,54,6,12,'','',0,0),(3181,2372,2,172,1,12,'','',1,1),(3178,2370,51,138,1,4,'Lesson 4 : Possession we have','',1,1),(3179,2370,48,195,8,12,'Packaging of cigarete','',1,1),(3185,2376,50,182,5,12,'Kinematika','',1,1),(3184,2375,23,115,6,12,'','',1,1),(3187,2377,56,282,6,12,'For and If nested','',0,0),(3193,2382,9,32,5,12,'Menentukan jenis paragraf - creative writing','',1,1),(3192,2381,5,167,6,12,'Mengenal Pemasaran','',0,0),(3199,2386,57,286,8,12,'Iconographic','',0,0),(3205,2392,8,35,1,6,'Riset Pemasaran Sederhana','',1,1),(3204,2391,54,226,6,12,'Warna panas dingin, COI, Balance','',1,1),(3203,2390,14,87,1,6,'','',1,1),(3208,2394,54,225,1,3,'Foto komposisi exam','',1,1),(3209,2394,21,246,9,12,'','',1,1),(3256,2431,48,207,1,7,'Praktek','',1,1),(3254,2429,53,13,9,12,'Filsafat Ilmu','',1,1),(3253,2428,21,239,1,4,'Nominal & Verbal Sentence','',1,1),(3298,2460,6,163,1,4,'Seleksi & Penempatan Tenaga Kerja','',1,1),(3249,2424,56,280,3,6,'Bentuk terikat','',1,1),(3295,2459,56,287,1,3,'Kombinasi Garis Lurus dalam spiral','',1,1),(3296,2459,57,287,3,6,'Kombinasi Garis Lurus dalam spiral','',1,1),(3246,2422,47,69,1,4,'Presentation Skills','',1,1),(3262,2435,52,137,1,4,'Demokrasi di Indonesia','',1,1),(3263,2435,54,222,5,7,'Ciri-ciri/Sifat Manusia','',0,0),(3242,2419,11,46,3,6,'Presentasi tugas reportase','',1,1),(3241,2419,12,32,1,3,'Creative Writing','',1,1),(3240,2418,23,115,1,7,'Membuat Object, kulkas, botol','',1,1),(3238,2417,47,72,1,3,'Digital printing','',1,1),(3255,2430,6,165,1,4,'Membuat File/Image untuk output','',1,1),(3235,2415,6,145,1,7,'Format dan Ukuran','',1,1),(3236,2415,19,145,1,7,'Format dan Ukuran','',1,1),(3349,2502,52,146,5,9,'Kinetika Partikel','',1,1),(3239,2417,47,70,3,6,'Promosi','',1,1),(3261,2435,50,179,1,4,'Demokrasi di Indonesia','',1,1),(3284,2452,14,89,1,6,'HTML','',1,1),(3290,2456,60,94,1,4,'Review','',1,1),(3282,2451,58,56,1,6,'Digital Colors Management','',1,1),(3300,2460,53,8,9,12,'Sumber Agama Islam','',0,0),(3268,2439,59,57,1,6,'','',1,1),(3266,2438,47,74,5,9,'Profil Sukses Wirausaha','',1,1),(3265,2437,11,44,1,3,'Karangan Ilmiah','',1,1),(3267,2438,18,74,5,9,'Profil Sukses Wirausaha','',1,1),(3292,2457,61,101,1,6,'Human','',1,1),(3273,2444,8,291,1,11,'Persyaratan/standar naskah','',1,1),(3304,2464,55,272,1,6,'Material editor','',1,1),(3275,2446,9,28,1,6,'Presentase Foto People','',1,1),(3338,2492,53,15,1,6,'','',1,1),(3299,2460,51,102,1,4,'','',0,0),(3313,2471,14,293,6,11,'Illustrative Diagram : Symbol & Pictorial','',1,1),(3283,2451,59,56,8,12,'Digital Colors Management','',0,0),(3285,2452,17,89,6,12,'HTML','',0,0),(3311,2470,17,86,1,6,'Marketing Strategi','',1,1),(3309,2468,55,269,6,12,'Pengantar Audio','',1,1),(3291,2456,61,94,8,12,'Review','',0,0),(3293,2457,60,289,6,12,'','',0,0),(3307,2466,11,46,9,12,'Creative Writing','',1,1),(3297,2459,21,242,6,11,'Estetika Klasik','',0,0),(3306,2465,12,26,6,12,'How To Be a Journalist','',1,1),(3303,2463,48,201,1,12,'ISO dan SNI','',1,1),(3305,2464,58,58,6,12,'Corel Draw bidang bertingkat','',0,0),(3310,2469,19,165,1,12,'Impasisi dengan aplikasi digital','',1,1),(3312,2470,62,116,6,12,'Goal Setting','',1,1),(3318,2476,12,8,3,6,'Jenjang Editor','',1,1),(3333,2487,12,29,1,3,'Perjanjian Penerbitan','',1,1),(3416,2558,53,10,1,6,'HAM','',1,1),(3329,2483,62,113,1,6,'Presentasi','',1,1),(3328,2483,23,113,1,6,'Presentasi','',1,1),(3332,2486,47,73,1,6,'Ilustrasi Opini','',1,1),(3388,2534,14,86,1,6,'','',1,1),(3336,2490,6,155,1,4,'ICC Konsep','',1,1),(3337,2491,51,142,1,6,'','',1,1),(3365,2516,48,199,1,7,'Penentuan Bahan Kemasan','',1,1),(3363,2515,57,283,5,9,'Grammar','',1,1),(3362,2514,55,271,6,9,'Bentuk awalan me-','',1,1),(3361,2513,54,227,1,6,'Dof sempit, dof luas, selective fokus','',1,1),(3360,2512,60,99,6,12,'Media Buing Estimate TV','',1,1),(3359,2511,2,170,1,6,'Menulis Kebahasaan','',1,1),(3357,2509,9,30,5,12,'Capturing Image and Text','',1,1),(3356,2508,21,244,5,7,'','',1,1),(3350,2502,51,146,1,4,'','',0,0),(3355,2507,18,63,1,6,'Foto Model','',1,1),(3352,2504,17,90,1,6,'Merencana 5','',0,0),(3354,2506,47,72,1,3,'Kesalahan Digital Printing','',1,1),(3373,2521,47,76,6,12,'','',0,0),(3364,2515,56,283,1,4,'','',1,1),(3381,2529,8,46,6,12,'Presentasi : Reportasi','',1,1),(3385,2531,59,50,1,4,'Aqidah Islam','',1,1),(3372,2521,21,241,1,4,'Akar Pra Sejarah','',1,1),(3376,2524,9,9,1,4,'Pola Pengembangan Paragraf','',1,1),(3378,2526,21,240,8,12,'Tuntutan teknis yang perlu diperhatikan oleh penyunting gambar','',1,1),(3386,2532,6,153,8,12,'Revolutioning Printing','',1,1),(3387,2533,62,114,6,12,'Tes Presentasi Tugas','',1,1),(3384,2531,50,177,1,4,'Aqidah Islam','',1,1),(3389,2534,23,116,6,12,'','',0,0),(3390,2535,58,57,1,6,'','',0,0),(3392,2537,5,173,1,12,'Teknik Menjilid Buku','',0,0),(3393,2538,58,59,6,11,'Sound Problem','',0,0),(3409,2551,59,58,6,12,'Ilustrator','',1,1),(3404,2546,18,76,1,6,'Desain Cover Majalah Komersial','',1,1),(3403,2545,56,286,8,12,'Head','',1,1),(3399,2543,19,160,1,12,'Praktik Cetak Garis','',1,1),(3402,2545,55,274,1,6,'Sound','',1,1),(3410,2552,19,155,1,4,'Why Color Management','',0,0),(3411,2553,60,96,1,6,'Esistensi 2 - Produk Pesaing','',0,0),(3412,2554,9,26,6,12,'Individual Assignment','',0,0),(3413,2555,52,142,1,6,'Model model warna','',0,0),(3414,2556,53,14,6,12,'','',0,0),(3415,2557,11,47,5,7,'','',0,0),(3417,2558,17,74,6,9,'Bimbingan & Konselling','',0,0),(3418,2559,59,53,1,4,'Grammar','',0,0),(3419,2560,53,295,8,9,'4 Pilar Penggerak Peradaban Orang Kristen','',0,0),(3420,2561,48,197,1,4,'Bahan Tambahan Pangan','',0,0),(3456,2589,61,98,1,6,'Membuat Rangkuman (Paper) tentang fotografi','',0,0),(3422,2563,18,73,1,6,'Ilustrasi untuk Opini','',0,0),(3452,2587,21,245,1,4,'Tidak Hadir semua','',0,0),(3424,2565,55,276,1,6,'Menggambar wajah tampak samping','',0,0),(3425,2566,8,46,6,9,'Menulis Cerpen','',0,0),(3426,2567,47,75,1,6,'Picture Frame','',0,0),(3427,2567,11,47,3,7,'Type','',0,0),(3428,2568,12,28,1,6,'F. Still Life','',0,0),(3455,2589,54,225,1,6,'Distortion','',0,0),(3431,2570,6,154,1,4,'Modal, Prinsip2 ekonomi, pengorbanan, karakter, biaya','',0,0),(3432,2571,9,29,1,3,'Perjanjian Penerbitan','',0,0),(3433,2572,58,50,1,3,'','',0,0),(3434,2573,48,198,5,12,'Key Success Factor','',0,0),(3435,2573,19,162,5,9,'Key Success Story','',0,0),(3436,2574,17,88,1,6,'Mendistribusikan produk dengan cepat','',0,0),(3438,2576,51,151,6,12,'Prospek Bisnis & Sosial & Proses naskah','',0,0),(3439,2577,21,247,8,12,'Lighting','',0,0),(3440,2578,12,30,8,12,'Image capturing and text','',0,0),(3441,2579,6,162,5,7,'Presentasi','',0,0),(3442,2580,58,59,3,7,'Soud Problem','',0,0),(3443,2581,56,282,6,12,'Array','',0,0),(3444,2581,57,282,1,6,'Array','',0,0),(3445,2582,23,114,1,6,'','',0,0),(3446,2582,61,97,6,12,'Test Tugas Presentasi','',0,0),(3447,2583,50,184,5,12,'','',0,0),(3448,2584,18,75,6,12,'Create Outline','',0,0),(3449,2585,17,58,6,12,'Flash','',0,0),(3450,2585,14,58,1,6,'Flash','',0,0),(3451,2586,2,173,1,12,'','',0,0),(3453,2587,57,281,6,12,'Ilustrator','',0,0),(3454,2588,6,151,5,12,'Praktek','',0,0),(3457,2589,60,98,6,12,'Paper Development','',0,0),(3458,2590,8,47,5,7,'','',0,0),(3459,2591,9,31,1,9,'Mengedit Naskah Biografi','',0,0),(3460,2592,19,154,1,4,'','',0,0),(3461,2593,11,35,1,6,'','',0,0),(3462,2594,5,162,1,4,'Praktek Kewirausahaan','',0,0),(3463,2595,12,32,1,4,'Menggali Inspirasi','',0,0),(3464,2596,23,94,1,4,'Exercises Lesson 1,2,3','',0,0),(3465,2597,58,51,1,3,'Alomorf me-','',0,0),(3466,2597,59,51,1,3,'Alomorf me-','',0,0),(3467,2598,8,47,1,4,'Prinsip Tipografi','',0,0);
/*!40000 ALTER TABLE `act_list_activity_descriptions` ENABLE KEYS */;
UNLOCK TABLES;

--
-- Table structure for table `act_lists`
--

DROP TABLE IF EXISTS `act_lists`;
SET @saved_cs_client     = @@character_set_client;
SET character_set_client = utf8;
CREATE TABLE `act_lists` (
  `id` int(11) NOT NULL auto_increment,
  `activity_date` date NOT NULL,
  `absent` int(1) default '4' COMMENT '// default = 4 atau tidak masuk kerja',
  `verified` datetime default NULL,
  `verified_by` int(10) default NULL,
  `approved` datetime default NULL,
  `approved_by` int(11) default NULL,
  `created` datetime NOT NULL,
  `created_by` int(10) NOT NULL,
  `modified` datetime NOT NULL,
  `modified_by` int(10) NOT NULL,
  PRIMARY KEY  (`id`),
  KEY `absent` (`absent`),
  KEY `verified_by` (`verified_by`),
  KEY `created_by` (`created_by`)
) ENGINE=MyISAM AUTO_INCREMENT=934 DEFAULT CHARSET=latin1;
SET character_set_client = @saved_cs_client;

--
-- Dumping data for table `act_lists`
--

LOCK TABLES `act_lists` WRITE;
/*!40000 ALTER TABLE `act_lists` DISABLE KEYS */;
INSERT INTO `act_lists` VALUES (562,'2011-09-27',6,NULL,174,'2011-09-28 22:11:29',175,'2011-09-27 00:00:00',154,'2011-09-28 22:11:29',162),(563,'2011-09-27',6,NULL,174,'2011-09-28 22:07:46',175,'2011-09-27 00:00:00',157,'2011-09-28 22:07:46',162),(573,'2011-09-27',6,NULL,174,'2011-09-28 21:50:20',175,'2011-09-27 00:00:00',135,'2011-09-28 21:50:20',162),(574,'2011-09-27',6,NULL,174,'2011-09-28 21:49:05',175,'2011-09-27 00:00:00',134,'2011-09-28 21:49:05',162),(575,'2011-09-27',6,NULL,174,'2011-09-28 21:47:17',175,'2011-09-27 00:00:00',130,'2011-09-28 21:47:17',162),(576,'2011-09-27',6,NULL,NULL,'2011-09-28 21:45:46',175,'2011-09-27 00:00:00',128,'2011-09-28 21:45:46',162),(577,'2011-09-28',6,NULL,174,'2011-09-28 21:41:16',175,'2011-09-28 00:00:00',204,'2011-09-28 21:41:16',162),(578,'2011-09-27',6,NULL,174,'2011-09-28 21:44:40',175,'2011-09-27 00:00:00',161,'2011-09-28 21:44:40',162),(579,'2011-09-21',6,NULL,174,'2011-09-28 11:40:37',175,'2011-09-21 00:00:00',190,'2011-09-28 11:40:37',162),(580,'2011-09-28',6,NULL,174,'2011-09-28 21:39:17',175,'2011-09-28 00:00:00',190,'2011-09-28 21:39:17',162),(581,'2011-09-27',6,NULL,174,'2011-09-28 21:43:02',175,'2011-09-27 00:00:00',199,'2011-09-29 14:35:24',199),(582,'2011-09-28',6,NULL,174,'2011-09-28 21:37:50',175,'2011-09-28 00:00:00',160,'2011-09-28 21:37:50',162),(583,'2011-09-28',6,NULL,174,'2011-09-28 21:34:55',175,'2011-09-28 00:00:00',218,'2011-09-28 21:34:55',162),(584,'2011-09-28',6,NULL,174,'2011-09-28 21:32:32',175,'2011-09-28 00:00:00',141,'2011-09-28 21:32:32',162),(561,'2011-09-27',6,NULL,174,'2011-09-28 09:55:49',175,'2011-09-27 00:00:00',179,'2011-09-28 09:55:49',162),(30,'2011-08-18',6,NULL,NULL,'2011-09-19 14:40:40',175,'2011-08-18 00:00:00',164,'2011-09-19 14:40:40',162),(17,'2011-08-18',6,'2011-08-18 20:21:47',174,'2011-08-18 20:27:06',175,'2011-08-18 18:47:46',202,'2011-08-19 07:24:15',202),(18,'2011-08-18',6,'2011-08-18 20:07:35',174,'2011-08-18 20:26:48',175,'2011-08-18 18:53:22',201,'2011-08-18 20:26:48',162),(19,'2011-08-18',6,'2011-08-18 20:11:55',174,'2011-08-18 20:26:27',175,'2011-08-18 18:55:55',198,'2011-08-18 20:26:27',162),(20,'2011-08-18',6,'2011-08-18 20:08:50',174,'2011-08-18 20:26:11',175,'2011-08-18 18:59:54',200,'2011-08-18 20:26:11',162),(21,'2011-08-18',6,'2011-08-18 20:21:28',174,'2011-08-18 20:25:41',175,'2011-08-18 19:02:22',199,'2011-08-18 20:25:41',162),(22,'2011-08-18',6,'2011-08-18 20:20:48',174,'2011-08-18 20:25:18',175,'2011-08-18 19:04:29',184,'2011-08-18 20:25:18',162),(23,'2011-08-18',6,'2011-08-18 20:11:34',174,'2011-08-18 20:25:03',175,'2011-08-18 19:08:28',190,'2011-08-18 20:25:03',162),(24,'2011-08-18',6,'2011-08-18 20:13:43',174,'2011-08-18 20:24:48',175,'2011-08-18 19:09:44',116,'2011-08-18 20:24:48',162),(25,'2011-08-18',6,'2011-08-19 13:50:38',174,'2011-08-18 20:24:29',175,'2011-08-18 19:13:23',148,'2011-08-19 13:50:38',128),(26,'2011-08-18',6,'2011-08-18 20:20:27',174,'2011-08-18 20:24:04',175,'2011-08-18 19:20:11',176,'2011-08-18 20:24:04',162),(27,'2011-08-18',6,'2011-08-19 15:28:39',174,'2011-08-19 15:29:23',175,'2011-08-18 19:22:47',186,'2011-08-19 15:29:23',162),(28,'2011-08-18',6,'2011-08-18 20:09:08',174,'2011-08-18 20:23:27',175,'2011-08-18 19:28:15',168,'2011-08-18 20:23:27',162),(29,'2011-08-18',6,NULL,174,'2011-09-19 14:41:34',175,'2011-08-18 00:00:00',174,'2011-09-19 14:41:34',162),(31,'2011-08-19',6,'2011-08-20 10:37:08',174,'2011-08-20 10:50:40',175,'2011-08-19 16:07:39',204,'2011-08-20 10:50:40',162),(32,'2011-08-19',6,'2011-08-20 10:36:07',174,'2011-08-20 10:50:26',175,'2011-08-19 16:48:28',188,'2011-08-20 10:50:26',162),(33,'2011-08-19',6,'2011-08-20 10:34:25',174,'2011-08-20 10:50:16',175,'2011-08-19 16:50:47',140,'2011-08-20 10:50:16',162),(34,'2011-08-19',6,'2011-08-20 10:39:47',174,'2011-08-20 10:50:03',175,'2011-08-19 16:53:35',122,'2011-08-20 10:50:03',162),(35,'2011-08-19',6,'2011-08-20 10:34:11',174,'2011-08-20 10:49:53',175,'2011-08-19 16:55:10',176,'2011-08-20 10:49:53',162),(36,'2011-08-19',6,'2011-08-20 10:33:24',174,'2011-08-20 10:49:43',175,'2011-08-19 16:57:30',116,'2011-08-20 10:49:43',162),(37,'2011-08-19',6,'2011-08-20 10:35:55',174,'2011-08-20 10:49:28',175,'2011-08-19 16:58:37',173,'2011-08-20 10:49:28',162),(38,'2011-08-19',6,'2011-08-20 10:36:53',174,'2011-08-20 10:49:17',175,'2011-08-19 17:00:30',186,'2011-08-20 10:49:17',162),(39,'2011-08-19',6,'2011-08-20 10:38:57',174,'2011-08-20 10:49:05',175,'2011-08-19 17:01:38',163,'2011-08-20 10:49:05',162),(40,'2011-08-19',6,'2011-08-20 10:33:59',174,'2011-08-20 10:48:54',175,'2011-08-19 17:03:01',160,'2011-08-20 10:48:54',162),(41,'2011-08-19',6,NULL,NULL,'2011-09-19 14:39:32',175,'2011-08-19 00:00:00',143,'2011-09-19 14:39:32',162),(42,'2011-08-19',6,NULL,NULL,'2011-09-19 14:38:27',175,'2011-08-19 00:00:00',174,'2011-09-19 14:38:27',162),(43,'2011-08-19',6,'2011-08-19 17:32:04',NULL,'2011-08-20 10:47:59',175,'2011-08-19 17:09:10',118,'2011-08-20 10:47:59',162),(44,'2011-08-19',6,'2011-08-20 10:47:24',174,'2011-08-20 10:42:20',175,'2011-08-19 17:11:59',151,'2011-08-20 10:47:24',137),(45,'2011-08-19',6,'2011-08-20 10:38:40',174,'2011-08-20 10:42:07',175,'2011-08-19 17:15:15',199,'2011-08-20 10:42:07',162),(46,'2011-08-19',6,'2011-08-20 10:32:55',174,'2011-08-20 10:41:56',175,'2011-08-19 17:17:20',166,'2011-08-24 15:10:40',166),(47,'2011-08-19',6,'2011-08-20 10:32:41',174,'2011-08-20 10:41:46',175,'2011-08-19 17:20:53',200,'2011-08-20 10:41:46',162),(48,'2011-08-19',6,'2011-08-20 10:32:23',174,'2011-08-20 10:41:29',175,'2011-08-19 17:25:11',169,'2011-08-20 10:41:29',162),(49,'2011-08-19',6,'2011-08-20 10:32:08',174,'2011-08-20 10:41:17',175,'2011-08-19 17:27:16',158,'2011-09-02 14:17:37',158),(50,'2011-08-22',6,NULL,NULL,'2011-09-19 14:37:01',175,'2011-08-22 00:00:00',143,'2011-09-19 14:37:01',162),(51,'2011-08-22',6,'2011-08-22 16:56:56',174,'2011-08-22 16:53:47',175,'2011-08-22 15:40:22',200,'2011-08-22 16:56:56',137),(52,'2011-08-22',6,'2011-08-22 16:42:12',174,'2011-08-22 16:54:06',175,'2011-08-22 15:41:53',168,'2011-08-22 16:54:06',162),(53,'2011-08-22',6,'2011-08-22 16:42:57',174,'2011-08-22 16:54:25',175,'2011-08-22 15:44:05',158,'2011-08-22 16:54:25',162),(54,'2011-08-22',6,NULL,NULL,'2011-09-19 14:36:01',175,'2011-08-22 00:00:00',175,'2011-09-19 14:36:01',162),(55,'2011-08-22',6,'2011-08-22 16:44:39',174,'2011-08-22 16:49:18',175,'2011-08-22 15:49:59',161,'2011-08-22 16:49:18',162),(56,'2011-08-22',6,'2011-08-22 16:43:26',174,'2011-08-22 16:52:22',175,'2011-08-22 15:51:01',121,'2011-08-22 16:52:22',162),(57,'2011-08-22',6,'2011-08-22 16:45:41',174,'2011-08-22 16:52:36',175,'2011-08-22 15:55:43',123,'2011-08-22 16:52:36',162),(58,'2011-08-22',6,'2011-08-22 16:41:10',174,'2011-08-22 16:52:48',175,'2011-08-22 15:56:58',148,'2011-08-22 16:52:48',162),(59,'2011-08-22',6,'2011-08-22 16:48:09',174,'2011-08-22 16:52:10',175,'2011-08-22 15:59:20',160,'2011-08-22 16:52:10',162),(60,'2011-08-22',6,'2011-08-22 16:48:21',174,'2011-08-22 16:51:57',175,'2011-08-22 16:05:11',205,'2011-08-22 16:51:57',162),(61,'2011-08-22',6,'2011-08-22 16:41:24',174,'2011-08-22 16:51:46',175,'2011-08-22 16:06:17',150,'2011-08-22 16:51:46',162),(62,'2011-08-22',6,'2011-08-22 16:41:38',174,'2011-08-22 16:51:35',175,'2011-08-22 16:07:47',125,'2011-08-22 16:51:35',162),(63,'2011-08-22',6,'2011-08-22 16:47:29',174,'2011-08-22 16:51:24',175,'2011-08-22 16:09:35',201,'2011-08-22 16:51:24',162),(64,'2011-08-22',6,'2011-08-22 16:47:38',174,'2011-08-22 16:51:12',175,'2011-08-22 16:15:28',151,'2011-08-22 16:51:12',162),(65,'2011-08-22',6,'2011-08-22 16:43:47',174,'2011-08-22 16:50:56',175,'2011-08-22 16:17:36',187,'2011-08-22 16:50:56',162),(66,'2011-08-22',6,'2011-08-22 16:43:59',174,'2011-08-22 16:50:46',175,'2011-08-22 16:18:41',139,'2011-08-22 16:50:46',162),(67,'2011-08-22',6,NULL,NULL,'2011-09-19 14:28:15',175,'2011-08-22 00:00:00',118,'2011-09-19 14:28:15',162),(68,'2011-08-22',6,'2011-08-22 16:44:50',174,'2011-08-22 16:50:22',175,'2011-08-22 16:20:54',173,'2011-08-22 16:50:22',162),(69,'2011-08-22',6,'2011-08-22 16:45:00',174,'2011-08-22 16:50:11',175,'2011-08-22 16:22:03',184,'2011-08-22 16:50:11',162),(70,'2011-08-22',6,'2011-08-22 16:44:15',174,'2011-08-22 16:49:59',175,'2011-08-22 16:23:47',192,'2011-08-22 16:49:59',162),(71,'2011-08-22',6,'2011-08-22 16:46:06',174,'2011-08-22 16:49:50',175,'2011-08-22 16:25:46',163,'2011-08-22 16:49:50',162),(72,'2011-08-22',6,'2011-08-22 16:46:19',174,'2011-08-22 16:49:36',175,'2011-08-22 16:29:12',199,'2011-08-22 16:49:36',162),(73,'2011-08-22',6,'2011-08-22 16:45:11',174,'2011-08-22 16:49:27',175,'2011-08-22 16:31:48',186,'2011-08-22 16:49:27',162),(74,'2011-08-23',6,'2011-08-23 15:13:47',174,'2011-08-23 15:14:29',175,'2011-08-23 15:12:04',161,'2011-08-23 15:14:29',162),(75,'2011-08-23',6,'2011-08-23 15:13:58',174,'2011-08-23 15:14:38',175,'2011-08-23 15:13:09',187,'2011-08-23 15:14:38',162),(76,'2011-08-23',6,NULL,NULL,'2011-09-19 14:27:16',175,'2011-08-23 00:00:00',164,'2011-09-19 14:32:26',164),(77,'2011-08-23',6,'2011-08-23 23:27:28',174,'2011-08-23 23:23:11',175,'2011-08-23 15:21:29',163,'2011-08-23 23:27:28',137),(78,'2011-08-23',6,'2011-08-23 23:27:51',174,'2011-08-23 23:25:43',175,'2011-08-23 15:22:44',168,'2011-08-23 23:27:51',137),(79,'2011-08-23',6,'2011-08-23 23:02:54',174,'2011-08-23 23:25:13',175,'2011-08-23 15:24:21',167,'2011-08-23 23:25:13',162),(80,'2011-08-23',6,'2011-08-23 23:14:06',174,'2011-08-23 23:24:44',175,'2011-08-23 16:10:32',157,'2011-08-23 23:24:44',162),(81,'2011-08-23',6,'2011-08-23 23:09:00',174,'2011-08-23 23:24:10',175,'2011-08-23 16:12:40',184,'2011-08-23 23:24:10',162),(82,'2011-08-23',6,'2011-08-23 23:13:23',174,'2011-08-23 23:22:28',175,'2011-08-23 16:14:00',179,'2011-08-23 23:22:28',162),(83,'2011-08-23',6,'2011-08-23 23:05:28',174,'2011-08-23 23:22:09',175,'2011-08-23 16:17:43',206,'2011-08-23 23:22:09',162),(84,'2011-08-23',6,NULL,NULL,'2011-09-19 14:26:14',175,'2011-08-23 00:00:00',174,'2011-09-19 14:26:14',162),(85,'2011-08-23',6,'2011-08-23 23:05:47',174,'2011-08-23 23:21:25',175,'2011-08-23 22:12:30',151,'2011-08-23 23:21:25',162),(86,'2011-08-23',6,'2011-08-23 23:07:29',174,'2011-08-23 23:21:05',175,'2011-08-23 22:14:36',123,'2011-08-23 23:21:05',162),(87,'2011-08-23',6,'2011-08-23 23:09:28',174,'2011-08-23 23:20:45',175,'2011-08-23 22:18:03',200,'2011-08-23 23:20:45',162),(88,'2011-08-23',6,NULL,NULL,'2011-09-19 14:14:01',175,'2011-08-23 00:00:00',175,'2011-09-19 14:14:01',162),(89,'2011-08-23',6,'2011-08-23 23:07:47',174,'2011-08-23 23:19:30',175,'2011-08-23 22:25:15',142,'2011-08-23 23:19:30',162),(90,'2011-08-23',6,NULL,NULL,'2011-09-19 14:12:40',175,'2011-08-23 00:00:00',128,'2011-09-19 14:12:40',162),(91,'2011-08-23',6,'2011-08-23 23:08:19',174,'2011-08-23 23:18:40',175,'2011-08-23 22:28:34',139,'2011-08-23 23:18:40',162),(92,'2011-08-23',6,'2011-08-23 23:14:21',174,'2011-08-23 23:18:24',175,'2011-08-23 22:30:13',148,'2011-08-23 23:18:24',162),(93,'2011-08-23',6,'2011-08-23 23:06:06',174,'2011-08-23 23:18:02',175,'2011-08-23 22:36:25',136,'2011-08-23 23:18:02',162),(94,'2011-08-23',6,'2011-08-23 23:06:27',174,'2011-08-23 23:17:43',175,'2011-08-23 22:38:19',134,'2011-08-23 23:17:43',162),(95,'2011-08-23',6,'2011-08-23 23:04:25',174,'2011-08-23 23:17:27',175,'2011-08-23 22:39:50',160,'2011-08-23 23:17:27',162),(96,'2011-08-23',6,'2011-08-23 23:04:44',174,'2011-08-23 23:17:09',175,'2011-08-23 22:41:02',158,'2011-08-23 23:17:09',162),(97,'2011-08-23',6,'2011-08-23 23:11:52',174,'2011-08-23 23:16:51',175,'2011-08-23 22:47:07',186,'2011-08-23 23:16:51',162),(98,'2011-08-23',6,'2011-08-23 23:09:50',174,'2011-08-23 23:16:34',175,'2011-08-23 22:54:06',207,'2011-08-23 23:16:34',162),(99,'2011-08-23',6,'2011-08-23 23:10:10',174,'2011-08-23 23:16:16',175,'2011-08-23 22:56:18',173,'2011-08-23 23:16:16',162),(100,'2011-08-23',6,'2011-08-23 23:10:27',174,'2011-08-23 23:15:59',175,'2011-08-23 22:58:44',183,'2011-08-23 23:15:59',162),(101,'2011-08-23',6,'2011-08-23 23:12:40',174,'2011-08-23 23:15:46',175,'2011-08-23 23:00:12',149,'2011-08-23 23:15:46',162),(102,'2011-08-24',6,'2011-08-24 15:20:28',174,'2011-08-25 16:31:32',175,'2011-08-24 15:01:01',163,'2011-08-25 16:31:32',162),(103,'2011-08-24',6,NULL,174,'2011-09-19 14:11:34',175,'2011-08-24 00:00:00',172,'2011-09-19 14:11:34',162),(104,'2011-08-24',6,NULL,174,'2011-09-19 14:10:45',175,'2011-08-24 00:00:00',190,'2011-09-19 14:10:45',162),(105,'2011-08-24',6,NULL,174,'2011-09-19 14:09:49',175,'2011-08-24 00:00:00',166,'2011-09-19 14:09:49',162),(106,'2011-08-24',6,NULL,NULL,'2011-09-19 14:08:43',175,'2011-08-24 00:00:00',118,'2011-09-19 14:08:43',162),(107,'2011-08-24',6,NULL,174,'2011-09-19 13:30:29',175,'2011-08-24 00:00:00',198,'2011-09-19 13:30:29',162),(108,'2011-08-24',6,'2011-08-24 15:16:10',174,'2011-08-24 15:16:38',175,'2011-08-24 15:15:04',204,'2011-08-24 15:16:38',162),(109,'2011-08-24',6,NULL,NULL,'2011-09-19 13:29:01',175,'2011-08-24 00:00:00',164,'2011-09-19 13:29:01',162),(110,'2011-08-24',6,NULL,174,'2011-09-19 13:27:47',175,'2011-08-24 00:00:00',209,'2011-09-19 13:27:47',162),(111,'2011-08-24',6,'2011-08-25 15:55:59',174,'2011-08-25 16:33:23',175,'2011-08-24 15:33:46',168,'2011-08-25 16:33:23',162),(112,'2011-08-24',6,'2011-08-25 15:48:13',174,'2011-08-25 16:32:56',175,'2011-08-24 15:38:37',148,'2011-08-25 16:32:56',162),(113,'2011-08-24',6,NULL,174,'2011-09-19 13:18:17',175,'2011-08-24 00:00:00',158,'2011-09-19 13:18:17',162),(114,'2011-08-24',6,NULL,174,'2011-09-19 13:16:51',175,'2011-08-24 00:00:00',200,'2011-09-19 13:16:51',162),(115,'2011-08-24',6,NULL,174,'2011-09-19 12:14:28',175,'2011-08-24 00:00:00',199,'2011-09-19 12:14:28',162),(116,'2011-08-24',6,'2011-08-25 15:48:35',174,'2011-08-25 16:30:01',175,'2011-08-24 16:00:07',141,'2011-08-25 16:30:01',162),(117,'2011-08-24',6,'2011-08-25 16:01:06',174,'2011-08-25 16:29:31',175,'2011-08-24 16:02:20',140,'2011-08-25 16:29:31',162),(118,'2011-08-24',6,NULL,174,'2011-09-19 12:13:21',175,'2011-08-24 00:00:00',210,'2011-09-19 12:13:21',162),(119,'2011-08-24',6,NULL,174,'2011-09-19 12:12:17',175,'2011-08-24 00:00:00',123,'2011-09-19 12:12:17',162),(120,'2011-08-24',6,'2011-08-25 15:59:27',174,'2011-08-25 16:28:15',175,'2011-08-24 16:16:01',132,'2011-08-25 16:28:15',162),(121,'2011-08-24',6,NULL,174,'2011-09-19 12:11:07',175,'2011-08-24 00:00:00',183,'2011-09-19 12:11:07',162),(122,'2011-08-24',6,'2011-08-25 15:49:02',174,'2011-08-25 16:23:07',175,'2011-08-24 16:19:03',160,'2011-08-25 16:23:07',162),(123,'2011-08-24',6,NULL,174,'2011-09-19 12:09:49',175,'2011-08-24 00:00:00',139,'2011-09-19 12:09:49',162),(124,'2011-08-24',6,'2011-08-25 15:49:28',174,'2011-08-25 16:22:04',175,'2011-08-24 16:22:08',146,'2011-08-25 16:22:04',162),(125,'2011-08-24',6,NULL,NULL,'2011-09-19 12:08:47',175,'2011-08-24 00:00:00',128,'2011-09-19 12:08:47',162),(126,'2011-08-24',6,NULL,NULL,'2011-09-19 12:05:50',175,'2011-08-24 00:00:00',127,'2011-09-19 12:05:50',162),(127,'2011-08-24',6,'2011-08-25 16:01:27',174,'2011-08-25 16:20:51',175,'2011-08-24 16:27:05',161,'2011-08-25 16:20:51',162),(128,'2011-08-24',6,'2011-08-25 15:59:50',174,'2011-08-25 16:20:30',175,'2011-08-24 16:29:39',151,'2011-08-25 16:20:30',162),(129,'2011-08-24',6,'2011-08-25 15:50:23',174,'2011-08-25 16:20:07',175,'2011-08-24 16:30:40',135,'2011-08-25 16:20:07',162),(130,'2011-08-25',6,'2011-08-25 16:01:50',174,'2011-08-25 16:19:45',175,'2011-08-25 13:56:36',198,'2011-08-25 16:19:45',162),(131,'2011-08-25',6,'2011-08-25 16:02:12',174,'2011-08-25 16:19:22',175,'2011-08-25 14:03:14',185,'2011-08-25 16:19:22',162),(132,'2011-08-25',6,'2011-08-25 16:02:34',174,'2011-08-25 16:18:58',175,'2011-08-25 14:04:34',190,'2011-08-25 16:18:58',162),(133,'2011-08-25',6,'2011-08-25 16:03:35',174,'2011-08-25 16:18:36',175,'2011-08-25 14:06:11',184,'2011-08-25 16:18:36',162),(134,'2011-08-25',6,'2011-08-25 15:50:37',174,'2011-08-25 16:18:14',175,'2011-08-25 14:08:28',204,'2011-08-25 16:18:14',162),(135,'2011-08-25',6,'2011-08-25 15:53:26',174,'2011-08-25 16:17:52',175,'2011-08-25 14:10:21',202,'2011-08-25 16:17:52',162),(136,'2011-08-25',6,'2011-08-25 15:54:36',174,'2011-08-25 16:17:28',175,'2011-08-25 14:11:35',167,'2011-08-25 16:17:28',162),(137,'2011-08-25',6,'2011-08-25 16:06:30',174,'2011-08-25 16:17:14',175,'2011-08-25 14:13:13',179,'2011-08-25 16:17:14',162),(138,'2011-08-25',6,'2011-08-25 15:54:47',174,'2011-08-25 16:17:00',175,'2011-08-25 14:17:51',168,'2011-08-25 16:17:00',162),(139,'2011-08-25',6,NULL,NULL,'2011-09-19 12:04:39',175,'2011-08-25 00:00:00',175,'2011-09-19 12:04:39',162),(140,'2011-08-25',6,'2011-08-25 15:50:52',174,'2011-08-25 16:16:29',175,'2011-08-25 14:33:10',160,'2011-08-25 16:16:29',162),(141,'2011-08-25',6,'2011-08-25 16:05:50',174,'2011-08-25 16:16:10',175,'2011-08-25 14:37:24',158,'2011-08-25 16:16:10',162),(142,'2011-08-25',6,'2011-08-25 16:07:21',174,'2011-08-25 16:15:52',175,'2011-08-25 14:41:29',148,'2011-08-25 16:15:52',162),(143,'2011-08-25',6,'2011-08-25 15:51:24',174,'2011-08-25 16:15:36',175,'2011-08-25 14:42:51',125,'2011-08-25 16:15:36',162),(144,'2011-08-25',6,'2011-08-25 16:00:30',174,'2011-08-25 16:15:19',175,'2011-08-25 14:44:11',141,'2011-08-25 16:15:19',162),(145,'2011-08-25',6,'2011-08-25 16:04:50',174,'2011-08-25 16:15:03',175,'2011-08-25 14:45:23',200,'2011-08-25 16:15:03',162),(146,'2011-08-25',6,'2011-08-25 16:05:05',174,'2011-08-25 16:14:49',175,'2011-08-25 14:46:33',173,'2011-08-25 16:14:49',162),(147,'2011-08-25',6,'2011-08-25 15:55:23',174,'2011-08-25 16:14:31',175,'2011-08-25 14:49:53',186,'2011-08-25 16:14:31',162),(148,'2011-08-25',6,'2011-08-25 16:06:04',174,'2011-08-25 16:14:14',175,'2011-08-25 14:57:15',201,'2011-08-25 16:14:14',162),(149,'2011-08-25',6,'2011-08-25 15:51:36',174,'2011-08-25 16:13:57',175,'2011-08-25 15:38:28',132,'2011-08-25 16:13:57',162),(150,'2011-08-25',6,'2011-08-25 16:06:16',174,'2011-08-25 16:13:42',175,'2011-08-25 15:40:39',199,'2011-08-25 16:13:42',162),(151,'2011-08-25',6,'2011-08-25 16:07:33',174,'2011-08-25 16:13:29',175,'2011-08-25 15:42:11',151,'2011-08-25 16:13:29',162),(152,'2011-08-25',6,NULL,NULL,'2011-09-19 12:04:00',175,'2011-08-25 00:00:00',174,'2011-09-19 12:04:00',162),(153,'2011-08-25',6,'2011-08-25 15:51:52',174,'2011-08-25 16:08:19',175,'2011-08-25 15:44:16',150,'2011-08-25 16:08:19',162),(154,'2011-08-25',6,'2011-08-25 16:00:42',174,'2011-08-25 16:08:07',175,'2011-08-25 15:45:23',140,'2011-08-25 16:08:07',162),(155,'2011-08-25',6,'2011-08-25 16:12:40',174,'2011-08-25 16:08:33',175,'2011-08-25 15:46:30',117,'2011-08-25 16:12:40',137),(156,'2011-09-12',6,'2011-09-12 10:44:27',174,'2011-09-20 00:55:30',175,'2011-09-12 00:00:00',151,'2011-09-20 00:55:30',162),(157,'2011-09-12',6,'2011-09-12 11:30:11',174,'2011-09-12 11:34:33',175,'2011-09-12 10:54:23',117,'2011-09-12 11:34:33',162),(158,'2011-09-12',6,'2011-09-12 11:32:27',174,'2011-09-19 08:29:13',175,'2011-09-12 00:00:00',163,'2011-09-19 08:29:13',162),(159,'2011-09-12',6,'2011-09-12 11:31:46',174,'2011-09-12 11:37:07',175,'2011-09-12 11:11:40',125,'2011-09-12 11:37:07',162),(160,'2011-09-12',6,'2011-09-12 11:31:15',174,'2011-09-19 14:48:05',175,'2011-09-12 00:00:00',158,'2011-09-19 14:48:05',162),(161,'2011-09-12',6,'2011-09-12 11:33:01',174,'2011-09-19 14:47:30',175,'2011-09-12 00:00:00',160,'2011-09-19 14:47:30',162),(162,'2011-09-12',6,'2011-09-12 11:38:15',174,'2011-09-12 11:38:51',175,'2011-09-12 11:35:07',150,'2011-09-12 11:38:51',162),(163,'2011-09-12',6,'2011-09-12 13:23:15',174,'2011-09-12 13:26:48',175,'2011-09-12 11:38:26',138,'2011-09-12 13:26:48',162),(164,'2011-09-12',6,'2011-09-12 16:07:02',174,'2011-09-12 16:24:24',175,'2011-09-12 13:29:52',205,'2011-09-12 16:24:24',162),(165,'2011-09-12',6,'2011-09-12 15:58:30',174,'2011-09-12 16:24:38',175,'2011-09-12 13:38:00',211,'2011-09-12 16:24:38',162),(166,'2011-09-12',6,NULL,NULL,'2011-09-19 12:03:21',175,'2011-09-12 00:00:00',118,'2011-09-19 12:03:21',162),(167,'2011-09-12',6,'2011-09-12 16:06:10',174,'2011-09-12 16:26:18',175,'2011-09-12 14:20:02',179,'2011-09-12 16:26:18',162),(168,'2011-09-12',6,'2011-09-12 16:00:06',174,'2011-09-12 16:26:35',175,'2011-09-12 14:34:36',193,'2011-09-12 16:26:35',162),(169,'2011-09-12',6,'2011-09-12 16:00:21',174,'2011-09-19 08:39:44',175,'2011-09-12 00:00:00',192,'2011-09-19 08:39:44',162),(170,'2011-09-12',6,'2011-09-12 16:00:37',174,'2011-09-12 16:27:08',175,'2011-09-12 14:56:04',121,'2011-09-12 16:27:08',162),(171,'2011-09-12',6,NULL,NULL,'2011-09-19 12:02:39',175,'2011-09-12 00:00:00',164,'2011-09-19 12:02:39',162),(172,'2011-09-12',6,'2011-09-12 16:06:25',174,'2011-09-12 16:27:52',175,'2011-09-12 15:09:05',182,'2011-09-12 16:27:52',162),(173,'2011-09-12',6,'2011-09-12 15:58:43',174,'2011-09-12 16:28:08',175,'2011-09-12 15:32:23',148,'2011-09-12 16:28:08',162),(174,'2011-09-12',6,NULL,NULL,'2011-09-19 12:01:55',175,'2011-09-12 00:00:00',143,'2011-09-19 12:01:55',162),(175,'2011-09-12',6,'2011-09-12 16:01:16',174,'2011-09-12 16:28:42',175,'2011-09-12 15:37:15',161,'2011-09-12 16:28:42',162),(176,'2011-09-12',6,'2011-09-12 16:29:43',174,'2011-09-12 16:29:08',175,'2011-09-12 15:41:38',186,'2011-09-12 16:29:43',175),(177,'2011-09-12',6,'2011-09-12 15:59:40',174,'2011-09-12 16:30:18',175,'2011-09-12 15:55:37',200,'2011-09-12 16:30:18',162),(178,'2011-09-12',6,'2011-09-12 16:01:46',174,'2011-09-12 16:30:33',175,'2011-09-12 15:57:11',183,'2011-09-12 16:30:33',162),(179,'2011-09-12',6,'2011-09-12 16:02:01',174,'2011-09-12 16:30:47',175,'2011-09-12 15:59:22',184,'2011-09-12 16:30:47',162),(180,'2011-09-12',6,'2011-09-12 16:23:01',174,'2011-09-12 16:31:00',175,'2011-09-12 16:03:12',134,'2011-09-12 16:31:00',162),(181,'2011-09-12',6,'2011-09-12 16:21:34',174,'2011-09-12 16:31:20',175,'2011-09-12 16:07:06',199,'2011-09-12 16:31:20',162),(182,'2011-09-12',6,NULL,NULL,'2011-09-19 07:40:59',175,'2011-09-12 00:00:00',127,'2011-09-19 07:40:59',162),(183,'2011-09-13',6,'2011-09-13 18:47:02',174,'2011-09-13 19:35:33',175,'2011-09-13 10:49:23',183,'2011-09-13 19:35:33',162),(184,'2011-09-13',6,'2011-09-13 18:52:10',174,'2011-09-13 19:34:50',175,'2011-09-13 10:51:43',117,'2011-09-13 19:34:50',162),(185,'2011-09-13',6,NULL,NULL,'2011-09-19 11:59:35',175,'2011-09-13 00:00:00',174,'2011-09-19 11:59:35',162),(186,'2011-09-13',6,'2011-09-13 18:18:03',174,'2011-09-13 19:32:52',175,'2011-09-13 10:55:35',141,'2011-09-13 19:32:52',162),(187,'2011-09-13',6,'2011-09-13 18:35:10',174,'2011-09-13 19:32:17',175,'2011-09-13 10:58:07',163,'2011-09-13 19:32:17',162),(188,'2011-09-13',6,'2011-09-17 22:36:10',174,'2011-09-13 19:30:34',175,'2011-09-13 11:00:47',158,'2011-09-17 22:36:10',174),(189,'2011-09-13',6,'2011-09-13 19:03:27',NULL,'2011-09-19 14:55:09',175,'2011-09-13 00:00:00',186,'2011-09-19 14:55:09',162),(190,'2011-09-13',6,'2011-09-13 18:29:03',174,'2011-09-13 19:28:52',175,'2011-09-13 11:12:50',184,'2011-09-13 19:28:52',162),(191,'2011-09-13',6,NULL,NULL,'2011-09-19 11:58:46',175,'2011-09-13 00:00:00',164,'2011-09-19 11:58:46',162),(192,'2011-09-13',6,'2011-09-13 18:34:01',174,'2011-09-13 19:27:28',175,'2011-09-13 11:18:35',160,'2011-09-13 19:27:28',162),(193,'2011-09-13',6,'2011-09-13 18:18:40',174,'2011-09-19 14:54:28',175,'2011-09-13 00:00:00',148,'2011-09-19 14:54:28',162),(194,'2011-09-13',6,'2011-09-13 18:33:15',174,'2011-09-13 19:20:03',175,'2011-09-13 14:28:48',147,'2011-09-13 19:20:03',162),(195,'2011-09-13',6,'2011-09-13 18:29:37',174,'2011-09-13 19:18:58',175,'2011-09-13 14:33:19',187,'2011-09-13 19:18:58',162),(196,'2011-09-13',6,'2011-09-13 18:19:19',174,'2011-09-13 19:18:17',175,'2011-09-13 14:35:30',211,'2011-09-13 19:18:17',162),(197,'2011-09-13',6,'2011-09-13 18:25:24',174,'2011-09-13 19:17:09',175,'2011-09-13 14:39:20',139,'2011-09-13 19:17:09',162),(198,'2011-09-13',6,'2011-09-13 18:32:40',174,'2011-09-20 00:51:55',175,'2011-09-13 00:00:00',151,'2011-09-20 00:51:55',162),(199,'2011-09-13',6,'2011-09-13 18:45:29',174,'2011-09-13 19:15:00',175,'2011-09-13 14:47:35',200,'2011-09-13 19:15:00',162),(200,'2011-09-13',6,'2011-09-13 18:53:51',174,'2011-09-13 19:14:32',175,'2011-09-13 14:51:06',135,'2011-09-13 19:14:32',162),(201,'2011-09-13',6,'2011-09-13 18:21:41',174,'2011-09-13 19:14:06',175,'2011-09-13 14:53:21',136,'2011-09-13 19:14:06',162),(202,'2011-09-13',6,'2011-09-13 18:31:45',174,'2011-09-13 19:13:43',175,'2011-09-13 15:06:51',123,'2011-09-13 19:13:43',162),(203,'2011-09-13',6,'2011-09-13 18:25:47',174,'2011-09-13 19:13:20',175,'2011-09-13 15:09:47',124,'2011-09-13 19:13:20',162),(204,'2011-09-13',6,NULL,NULL,'2011-09-19 11:57:47',175,'2011-09-13 00:00:00',128,'2011-09-19 11:57:47',162),(205,'2011-09-13',6,'2011-09-13 18:50:46',174,'2011-09-13 19:12:21',175,'2011-09-13 00:00:00',161,'2011-09-21 08:10:09',161),(206,'2011-09-13',6,'2011-09-13 18:51:07',174,'2011-09-13 19:11:54',175,'2011-09-13 00:00:00',121,'2011-09-21 08:11:30',121),(207,'2011-09-13',6,'2011-09-13 18:26:52',174,'2011-09-13 19:11:09',175,'2011-09-13 15:54:24',144,'2011-09-13 19:11:09',162),(208,'2011-09-13',6,NULL,NULL,'2011-09-19 11:56:49',175,'2011-09-13 00:00:00',175,'2011-09-19 11:56:49',162),(209,'2011-09-13',6,'2011-09-13 18:46:01',174,'2011-09-13 19:10:15',175,'2011-09-13 16:03:29',199,'2011-09-13 19:10:15',162),(210,'2011-09-13',6,'2011-09-13 18:22:09',174,'2011-09-13 19:09:51',175,'2011-09-13 16:05:11',130,'2011-09-13 19:09:51',162),(211,'2011-09-13',6,'2011-09-13 18:22:30',174,'2011-09-13 19:09:16',175,'2011-09-13 16:08:33',134,'2011-09-13 19:09:16',162),(212,'2011-09-13',6,'2011-09-13 18:51:35',174,'2011-09-13 19:08:50',175,'2011-09-13 16:13:24',179,'2011-09-13 19:08:50',162),(213,'2011-09-13',6,'2011-09-13 18:27:14',174,'2011-09-13 19:08:10',175,'2011-09-13 16:22:04',193,'2011-09-13 19:08:10',162),(214,'2011-09-13',6,'2011-09-13 18:31:18',174,'2011-09-13 19:07:26',175,'2011-09-13 16:38:15',166,'2011-09-13 19:07:26',162),(215,'2011-09-13',6,'2011-09-13 18:54:14',174,'2011-09-13 19:06:00',175,'2011-09-13 16:40:11',157,'2011-09-13 19:06:00',162),(216,'2011-09-13',6,'2011-09-13 18:30:54',174,'2011-09-13 19:05:38',175,'2011-09-13 16:43:42',115,'2011-09-13 19:05:38',162),(217,'2011-09-13',6,'2011-09-13 18:28:05',174,'2011-09-13 19:05:17',175,'2011-09-13 18:09:35',142,'2011-09-13 19:05:17',162),(218,'2011-09-13',6,'2011-09-13 18:28:28',174,'2011-09-13 19:04:59',175,'2011-09-13 18:15:37',213,'2011-09-13 19:04:59',162),(219,'2011-09-14',6,'2011-09-14 16:02:45',174,'2011-09-14 16:22:13',175,'2011-09-14 10:20:49',163,'2011-09-14 16:22:13',162),(220,'2011-09-14',6,'2011-09-14 15:56:40',174,'2011-09-14 16:21:39',175,'2011-09-14 10:23:08',166,'2011-09-14 16:21:39',162),(221,'2011-09-14',6,'2011-09-14 15:56:16',174,'2011-09-14 16:21:07',175,'2011-09-14 10:26:30',190,'2011-09-14 16:21:07',162),(222,'2011-09-14',6,'2011-09-14 15:54:11',174,'2011-09-14 16:20:34',175,'2011-09-14 10:29:49',204,'2011-09-14 16:20:34',162),(223,'2011-09-14',6,'2011-09-14 15:50:50',174,'2011-09-14 16:20:04',175,'2011-09-14 10:33:42',122,'2011-09-14 16:20:04',162),(224,'2011-09-14',6,'2011-09-14 15:50:31',174,'2011-09-14 16:19:32',175,'2011-09-14 10:36:42',160,'2011-09-14 16:19:32',162),(225,'2011-09-14',6,'2011-09-14 16:00:53',174,'2011-09-14 16:18:57',175,'2011-09-14 10:39:13',186,'2011-09-14 16:18:57',162),(226,'2011-09-14',6,'2011-09-14 16:09:25',174,'2011-09-14 16:18:21',175,'2011-09-14 11:04:39',200,'2011-09-14 16:18:21',162),(227,'2011-09-14',6,'2011-09-14 15:56:00',174,'2011-09-14 16:17:46',175,'2011-09-14 11:08:26',140,'2011-09-14 16:17:46',162),(228,'2011-09-14',6,'2011-09-14 15:53:50',174,'2011-09-14 16:17:28',175,'2011-09-14 11:13:06',138,'2011-09-14 16:17:28',162),(308,'2011-09-12',6,NULL,174,'2011-09-19 10:29:29',175,'2011-09-12 00:00:00',172,'2011-09-19 10:29:29',162),(230,'2011-09-14',6,NULL,NULL,'2011-09-19 11:55:28',175,'2011-09-14 00:00:00',118,'2011-09-19 11:55:28',162),(231,'2011-09-14',6,'2011-09-14 15:59:35',174,'2011-09-14 16:16:31',175,'2011-09-14 13:19:24',148,'2011-09-14 16:16:31',162),(232,'2011-09-14',4,NULL,NULL,'2011-09-19 11:54:40',175,'2011-09-14 00:00:00',164,'2011-09-19 11:54:40',162),(233,'2011-09-14',6,'2011-09-14 15:49:47',174,'2011-09-14 16:15:51',175,'2011-09-14 14:13:32',126,'2011-09-14 16:15:51',162),(234,'2011-09-14',6,'2011-09-14 15:49:27',174,'2011-09-20 00:49:21',175,'2011-09-14 00:00:00',209,'2011-09-20 00:49:21',162),(235,'2011-09-14',6,'2011-09-14 15:57:55',174,'2011-09-14 16:15:18',175,'2011-09-14 14:24:18',183,'2011-09-14 16:15:18',162),(236,'2011-09-14',6,'2011-09-14 15:53:13',174,'2011-09-14 16:15:00',175,'2011-09-14 14:35:47',117,'2011-09-14 16:15:00',162),(237,'2011-09-14',6,'2011-09-14 16:02:02',174,'2011-09-14 16:14:42',175,'2011-09-14 14:38:06',158,'2011-09-14 16:14:42',162),(238,'2011-09-14',6,'2011-09-14 15:49:08',174,'2011-09-14 16:14:25',175,'2011-09-14 15:13:01',132,'2011-09-14 16:14:25',162),(239,'2011-09-14',6,'2011-09-14 15:55:38',174,'2011-09-19 08:07:07',175,'2011-09-14 00:00:00',193,'2011-09-19 08:07:07',162),(240,'2011-09-14',6,'2011-09-14 15:57:34',174,'2011-09-14 16:13:54',175,'2011-09-14 15:24:17',198,'2011-09-14 16:13:54',162),(241,'2011-09-14',6,'2011-09-14 15:59:09',174,'2011-09-14 16:12:53',175,'2011-09-14 15:32:57',214,'2011-09-14 16:12:53',162),(242,'2011-09-14',6,'2011-09-14 16:10:31',174,'2011-09-14 16:12:33',175,'2011-09-14 15:58:48',133,'2011-09-14 16:12:33',162),(243,'2011-09-14',6,'2011-09-14 16:11:04',174,'2011-09-14 16:12:19',175,'2011-09-14 16:00:24',161,'2011-09-14 16:12:19',162),(244,'2011-09-14',6,'2011-09-14 16:11:20',174,'2011-09-14 16:12:03',175,'2011-09-14 16:01:40',142,'2011-09-14 16:12:03',162),(245,'2011-09-14',6,'2011-09-14 16:25:03',174,'2011-09-14 16:25:38',175,'2011-09-14 16:07:48',146,'2011-09-14 16:25:38',162),(246,'2011-09-14',6,NULL,NULL,'2011-09-17 23:08:38',175,'2011-09-14 16:15:29',127,'2011-09-17 23:08:38',162),(247,'2011-09-14',6,'2011-09-14 16:23:54',174,'2011-09-14 16:26:10',175,'2011-09-14 00:00:00',210,'2011-09-28 13:20:15',210),(248,'2011-09-15',6,'2011-09-15 13:52:38',174,'2011-09-15 22:23:11',175,'2011-09-15 10:50:51',150,'2011-09-15 22:23:11',162),(249,'2011-09-15',6,NULL,NULL,'2011-09-17 23:16:03',175,'2011-09-15 00:00:00',174,'2011-09-17 23:16:03',162),(250,'2011-09-15',6,'2011-09-15 13:56:18',174,'2011-09-15 22:21:44',175,'2011-09-15 10:54:19',140,'2011-09-15 22:21:44',162),(251,'2011-09-15',6,'2011-09-15 13:55:54',174,'2011-09-15 22:20:38',175,'2011-09-15 10:55:37',133,'2011-09-15 22:20:38',162),(252,'2011-09-15',6,'2011-09-15 13:58:57',174,'2011-09-15 22:19:54',175,'2011-09-15 10:56:44',202,'2011-09-15 22:19:54',162),(253,'2011-09-15',6,'2011-09-15 13:55:37',174,'2011-09-15 22:19:11',175,'2011-09-15 10:58:45',190,'2011-09-15 22:19:11',162),(254,'2011-09-15',6,'2011-09-15 14:00:16',174,'2011-09-15 22:18:30',175,'2011-09-15 11:00:43',151,'2011-09-15 22:18:30',162),(255,'2011-09-15',6,'2011-09-15 13:52:21',174,'2011-09-15 22:17:43',175,'2011-09-15 11:04:14',160,'2011-09-15 22:17:43',162),(256,'2011-09-15',6,'2011-09-15 22:02:35',174,'2011-09-15 22:16:59',175,'2011-09-15 11:14:02',158,'2011-09-15 22:16:59',162),(257,'2011-09-15',6,'2011-09-15 21:55:24',174,'2011-09-15 22:16:08',175,'2011-09-15 11:16:37',186,'2011-09-15 22:16:08',162),(258,'2011-09-15',6,'2011-09-15 22:04:40',174,'2011-09-15 22:15:41',175,'2011-09-15 11:43:35',200,'2011-09-15 22:15:41',162),(259,'2011-09-15',6,'2011-09-15 13:53:56',174,'2011-09-15 22:15:15',175,'2011-09-15 11:44:48',167,'2011-09-15 22:15:15',162),(260,'2011-09-15',6,'2011-09-15 21:58:43',174,'2011-09-15 22:14:49',175,'2011-09-15 11:46:07',214,'2011-09-15 22:14:49',162),(261,'2011-09-15',6,'2011-09-15 13:55:21',174,'2011-09-15 22:14:17',175,'2011-09-15 11:47:15',198,'2011-09-15 22:14:17',162),(262,'2011-09-15',6,'2011-09-15 13:51:58',174,'2011-09-15 22:13:50',175,'2011-09-15 13:11:11',204,'2011-09-15 22:13:50',162),(263,'2011-09-15',6,'2011-09-15 21:53:27',174,'2011-09-15 22:13:28',175,'2011-09-15 14:14:13',124,'2011-09-15 22:13:28',162),(264,'2011-09-15',6,'2011-09-15 21:48:46',174,'2011-09-15 22:13:03',175,'2011-09-15 14:20:38',193,'2011-09-15 22:13:03',162),(265,'2011-09-15',6,'2011-09-15 22:02:02',174,'2011-09-15 22:12:40',175,'2011-09-15 14:24:57',179,'2011-09-15 22:12:40',162),(266,'2011-09-15',6,'2011-09-15 21:57:33',174,'2011-09-15 22:12:14',175,'2011-09-15 14:27:27',116,'2011-09-15 22:12:14',162),(267,'2011-09-15',6,'2011-09-15 21:57:07',174,'2011-09-15 22:11:47',175,'2011-09-15 14:32:52',148,'2011-09-15 22:11:47',162),(268,'2011-09-15',6,'2011-09-15 21:53:03',174,'2011-09-15 22:11:22',175,'2011-09-15 14:40:04',145,'2011-09-15 22:11:22',162),(269,'2011-09-15',6,'2011-09-15 21:56:38',174,'2011-09-15 22:10:57',175,'2011-09-15 14:51:37',216,'2011-09-15 22:10:57',162),(270,'2011-09-15',6,'2011-09-17 22:12:33',174,'2011-09-17 22:14:11',175,'2011-09-15 15:05:10',201,'2011-09-17 22:14:11',162),(271,'2011-09-15',6,'2011-09-15 21:52:38',174,'2011-09-15 22:10:07',175,'2011-09-15 15:13:36',132,'2011-09-15 22:10:07',162),(272,'2011-09-15',6,'2011-09-15 21:59:42',174,'2011-09-15 22:09:40',175,'2011-09-15 15:40:34',176,'2011-09-15 22:09:40',162),(273,'2011-09-15',6,'2011-09-15 22:04:20',174,'2011-09-15 22:09:11',175,'2011-09-15 15:42:17',173,'2011-09-15 22:09:11',162),(274,'2011-09-15',6,'2011-09-15 22:01:16',174,'2011-09-15 22:08:50',175,'2011-09-15 15:48:49',199,'2011-09-15 22:08:50',162),(275,'2011-09-15',6,'2011-09-15 21:45:03',174,'2011-09-15 22:08:29',175,'2011-09-15 15:53:02',130,'2011-09-15 22:08:29',162),(276,'2011-09-15',6,NULL,NULL,'2011-09-17 23:04:03',175,'2011-09-15 15:55:07',175,'2011-09-17 23:04:03',162),(277,'2011-09-16',6,'2011-09-16 18:59:34',174,'2011-09-16 19:36:01',175,'2011-09-16 13:07:46',122,'2011-09-16 19:36:01',162),(278,'2011-09-16',6,'2011-09-16 19:15:08',174,'2011-09-16 19:37:03',175,'2011-09-16 13:09:20',199,'2011-09-16 19:37:03',162),(279,'2011-09-16',6,'2011-09-16 19:05:27',174,'2011-09-16 19:38:00',175,'2011-09-16 13:11:05',124,'2011-09-16 19:38:00',162),(280,'2011-09-16',6,NULL,NULL,'2011-09-17 23:02:27',175,'2011-09-16 13:12:56',164,'2011-09-17 23:02:27',162),(281,'2011-09-16',6,'2011-09-16 19:17:06',174,'2011-09-16 19:40:18',175,'2011-09-16 13:15:06',204,'2011-09-16 19:40:18',162),(282,'2011-09-16',6,'2011-09-16 19:04:55',174,'2011-09-16 19:41:22',175,'2011-09-16 13:17:52',136,'2011-09-16 19:41:22',162),(283,'2011-09-16',6,'2011-09-16 19:04:11',174,'2011-09-16 19:34:47',175,'2011-09-16 13:20:30',200,'2011-09-16 19:34:47',162),(284,'2011-09-16',6,NULL,NULL,'2011-09-17 23:01:43',175,'2011-09-16 13:22:03',174,'2011-09-17 23:01:43',162),(285,'2011-09-16',6,'2011-09-16 19:14:22',174,'2011-09-16 19:32:56',175,'2011-09-16 13:26:43',163,'2011-09-16 19:32:56',162),(286,'2011-09-16',6,NULL,NULL,'2011-09-17 23:01:13',175,'2011-09-16 13:29:00',137,'2011-09-17 23:01:13',162),(287,'2011-09-16',6,'2011-09-16 19:03:27',174,'2011-09-16 19:31:38',175,'2011-09-16 13:31:06',117,'2011-09-16 19:31:38',162),(288,'2011-09-16',6,'2011-09-16 18:58:41',174,'2011-09-16 19:30:48',175,'2011-09-16 13:32:41',116,'2011-09-16 19:30:48',162),(289,'2011-09-16',6,'2011-09-16 19:09:03',174,'2011-09-16 19:30:09',175,'2011-09-16 13:34:46',140,'2011-09-16 19:30:09',162),(290,'2011-09-16',6,'2011-09-16 19:13:52',174,'2011-09-16 19:29:36',175,'2011-09-16 13:36:56',178,'2011-09-16 19:29:36',162),(291,'2011-09-16',6,'2011-09-16 19:02:52',174,'2011-09-16 19:29:00',175,'2011-09-16 15:08:49',166,'2011-09-16 19:29:00',162),(292,'2011-09-16',6,'2011-09-16 19:16:37',174,'2011-09-20 00:44:16',175,'2011-09-16 00:00:00',186,'2011-09-20 00:44:16',162),(293,'2011-09-16',6,'2011-09-16 19:08:33',174,'2011-09-16 19:27:50',175,'2011-09-16 15:35:14',193,'2011-09-16 19:27:50',162),(294,'2011-09-16',6,'2011-09-16 19:07:56',174,'2011-09-16 19:27:05',175,'2011-09-16 15:39:49',176,'2011-09-16 19:27:05',162),(295,'2011-09-16',6,'2011-09-16 19:07:20',174,'2011-09-16 19:26:26',175,'2011-09-16 15:48:09',185,'2011-09-16 19:26:26',162),(296,'2011-09-16',6,NULL,NULL,'2011-09-17 23:00:45',175,'2011-09-16 16:07:18',175,'2011-09-17 23:00:45',162),(297,'2011-09-16',6,'2011-09-16 19:02:18',174,'2011-09-16 19:25:10',175,'2011-09-16 16:10:33',158,'2011-09-16 19:25:10',162),(298,'2011-09-16',6,NULL,NULL,'2011-09-17 23:00:14',175,'2011-09-16 16:13:12',143,'2011-09-17 23:00:14',162),(299,'2011-09-16',6,'2011-09-16 19:06:48',174,'2011-09-16 19:24:00',175,'2011-09-16 16:17:46',148,'2011-09-16 19:24:00',162),(300,'2011-09-16',6,'2011-09-16 19:16:09',174,'2011-09-16 19:23:18',175,'2011-09-16 16:18:46',115,'2011-09-16 19:23:18',162),(301,'2011-09-16',6,'2011-09-16 19:10:20',174,'2011-09-16 19:22:48',175,'2011-09-16 16:23:01',156,'2011-09-16 19:22:48',162),(302,'2011-09-16',6,'2011-09-16 19:20:44',174,'2011-09-16 19:22:20',175,'2011-09-16 16:24:38',214,'2011-09-16 19:22:20',162),(303,'2011-09-16',6,'2011-09-16 19:01:41',174,'2011-09-16 19:21:52',175,'2011-09-16 16:31:34',169,'2011-09-16 19:21:52',162),(304,'2011-09-12',6,'2011-09-17 22:31:54',174,'2011-09-17 22:33:49',175,'2011-09-12 00:00:00',201,'2011-09-17 22:33:49',162),(305,'2011-09-15',6,NULL,174,'2011-09-19 07:46:07',175,'2011-09-15 00:00:00',188,'2011-09-19 07:46:07',162),(306,'2011-09-13',6,NULL,174,'2011-09-19 08:00:32',175,'2011-09-13 00:00:00',206,'2011-09-19 08:00:32',162),(307,'2011-09-14',6,NULL,174,'2011-09-19 08:13:02',175,'2011-09-14 00:00:00',156,'2011-09-19 08:13:02',162),(309,'2011-09-12',6,NULL,174,'2011-09-19 10:59:50',175,'2011-09-12 00:00:00',187,'2011-09-19 10:59:50',162),(310,'2011-09-16',6,NULL,174,'2011-09-19 11:04:24',175,'2011-09-16 00:00:00',187,'2011-09-19 11:04:24',162),(311,'2011-09-19',6,'2011-09-19 23:46:20',174,'2011-09-20 00:36:06',175,'2011-09-19 00:00:00',168,'2011-09-20 00:36:06',162),(312,'2011-09-19',6,'2011-09-20 00:06:28',174,'2011-09-20 00:35:18',175,'2011-09-19 00:00:00',163,'2011-09-20 00:35:18',162),(313,'2011-09-19',6,'2011-09-19 23:43:40',174,'2011-09-20 00:34:31',175,'2011-09-19 00:00:00',138,'2011-09-20 00:34:31',162),(314,'2011-09-19',6,'2011-09-19 23:42:48',174,'2011-09-20 00:33:48',175,'2011-09-19 00:00:00',186,'2011-09-20 00:33:48',162),(315,'2011-09-19',6,'2011-09-19 23:45:20',174,'2011-09-20 00:32:54',175,'2011-09-19 00:00:00',160,'2011-09-20 00:32:54',162),(316,'2011-09-19',6,'2011-09-19 23:27:08',174,'2011-09-20 00:32:04',175,'2011-09-19 00:00:00',150,'2011-09-20 00:32:04',162),(317,'2011-09-19',6,'2011-09-19 23:26:17',174,'2011-09-20 00:31:05',175,'2011-09-19 00:00:00',125,'2011-09-20 00:31:05',162),(318,'2011-09-19',6,'2011-09-19 23:38:44',174,'2011-09-20 00:30:16',175,'2011-09-19 00:00:00',117,'2011-09-20 00:30:16',162),(319,'2011-09-19',6,'2011-09-19 23:37:57',174,'2011-09-20 00:29:33',175,'2011-09-19 00:00:00',158,'2011-09-20 00:29:33',162),(320,'2011-09-19',6,'2011-09-19 23:25:16',174,'2011-09-20 00:28:45',175,'2011-09-19 00:00:00',211,'2011-09-20 00:28:45',162),(321,'2011-09-19',6,'2011-09-19 23:36:15',174,'2011-09-20 00:27:58',175,'2011-09-19 00:00:00',200,'2011-09-20 00:27:58',162),(322,'2011-09-15',6,NULL,174,'2011-09-20 00:47:10',175,'2011-09-15 00:00:00',129,'2011-09-20 00:47:10',162),(323,'2011-09-16',6,'2011-09-19 23:30:12',174,'2011-09-20 00:37:43',175,'2011-09-16 00:00:00',129,'2011-09-20 00:37:43',162),(324,'2011-09-16',6,'2011-09-19 23:29:05',174,'2011-09-20 00:36:53',175,'2011-09-16 00:00:00',116,'2011-09-20 00:36:53',162),(325,'2011-09-19',6,'2011-09-19 23:24:21',174,'2011-09-20 00:27:11',175,'2011-09-19 00:00:00',151,'2011-09-20 00:27:11',162),(326,'2011-09-15',6,NULL,174,'2011-09-20 00:46:16',175,'2011-09-15 00:00:00',161,'2011-09-20 00:46:16',162),(327,'2011-09-19',6,'2011-09-19 23:52:18',174,'2011-09-21 06:42:13',175,'2011-09-19 00:00:00',161,'2011-09-21 06:42:13',162),(328,'2011-09-19',6,'2011-09-20 00:05:20',174,'2011-09-20 00:25:21',175,'2011-09-19 00:00:00',163,'2011-09-20 00:25:21',162),(329,'2011-09-19',6,'2011-09-19 23:51:12',174,'2011-09-20 00:20:14',175,'2011-09-19 00:00:00',187,'2011-09-20 00:20:14',162),(330,'2011-09-19',6,'2011-09-19 23:50:21',174,'2011-09-20 00:24:32',175,'2011-09-19 00:00:00',139,'2011-09-20 00:24:32',162),(331,'2011-09-12',6,NULL,174,'2011-09-20 00:54:05',175,'2011-09-12 00:00:00',139,'2011-09-20 00:54:05',162),(332,'2011-09-19',6,'2011-09-19 23:56:55',174,'2011-09-20 00:23:57',175,'2011-09-19 00:00:00',205,'2011-09-20 00:23:57',162),(333,'2011-09-19',6,'2011-09-20 00:08:23',174,'2011-09-20 00:23:27',175,'2011-09-19 00:00:00',204,'2011-09-20 00:23:27',162),(334,'2011-09-19',6,'2011-09-19 23:23:08',174,'2011-09-20 00:22:55',175,'2011-09-19 00:00:00',134,'2011-09-20 00:22:55',162),(335,'2011-09-19',6,'2011-09-19 23:22:34',174,'2011-09-20 00:22:30',175,'2011-09-19 00:00:00',146,'2011-09-20 00:22:30',162),(336,'2011-09-19',6,'2011-09-19 23:21:56',174,'2011-09-20 00:21:58',175,'2011-09-19 00:00:00',146,'2011-09-20 00:21:58',162),(337,'2011-09-19',6,NULL,NULL,'2011-09-20 00:21:31',175,'2011-09-19 00:00:00',164,'2011-09-20 00:21:31',162),(338,'2011-09-19',6,'2011-09-20 00:12:11',174,'2011-09-20 00:20:51',175,'2011-09-19 00:00:00',183,'2011-09-20 00:20:51',162),(339,'2011-09-19',6,'2011-09-19 23:20:58',174,'2011-09-20 00:19:22',175,'2011-09-19 00:00:00',145,'2011-09-20 00:19:22',162),(340,'2011-09-19',6,'2011-09-20 00:04:11',174,'2011-09-20 00:18:47',175,'2011-09-19 00:00:00',199,'2011-09-20 00:18:47',162),(341,'2011-09-19',6,'2011-09-19 23:55:36',174,'2011-09-20 00:18:04',175,'2011-09-19 00:00:00',153,'2011-09-20 00:18:04',162),(342,'2011-09-19',6,'2011-09-20 00:11:19',174,'2011-09-20 00:17:34',175,'2011-09-19 00:00:00',184,'2011-09-20 13:18:00',184),(343,'2011-09-19',6,'2011-09-20 00:00:57',174,'2011-09-20 00:17:03',175,'2011-09-19 00:00:00',201,'2011-09-20 00:17:03',162),(344,'2011-09-19',6,'2011-09-19 23:59:42',174,'2011-09-20 00:16:34',175,'2011-09-19 00:00:00',182,'2011-09-20 09:47:32',182),(345,'2011-09-19',6,'2011-09-19 23:58:43',174,'2011-09-20 00:16:05',175,'2011-09-19 00:00:00',179,'2011-09-20 00:16:05',162),(346,'2011-09-19',6,NULL,NULL,'2011-09-28 23:20:47',175,'2011-09-19 00:00:00',175,'2011-09-28 23:20:47',162),(347,'2011-09-19',6,'2011-09-19 23:34:07',174,'2011-09-20 00:15:02',175,'2011-09-19 00:00:00',172,'2011-09-20 00:15:02',162),(348,'2011-09-19',6,'2011-09-19 23:33:31',174,'2011-09-20 00:14:33',175,'2011-09-19 00:00:00',147,'2011-09-20 00:14:33',162),(349,'2011-09-19',6,'2011-09-19 23:19:30',174,'2011-09-20 00:14:10',175,'2011-09-19 00:00:00',206,'2011-09-20 00:14:10',162),(350,'2011-09-19',6,NULL,NULL,'2011-09-20 00:13:48',175,'2011-09-19 00:00:00',127,'2011-09-20 00:13:48',162),(351,'2011-09-20',6,'2011-09-21 05:18:03',174,'2011-09-21 06:37:30',175,'2011-09-20 00:00:00',158,'2011-09-21 06:37:30',162),(352,'2011-09-20',6,'2011-09-21 05:19:14',174,'2011-09-21 06:36:32',175,'2011-09-20 00:00:00',160,'2011-09-21 06:36:32',162),(353,'2011-09-20',6,NULL,174,'2011-09-21 06:35:28',175,'2011-09-20 00:00:00',117,'2011-09-21 06:35:28',162),(354,'2011-09-20',6,'2011-09-21 05:04:02',174,'2011-09-21 06:34:20',175,'2011-09-20 00:00:00',142,'2011-09-21 06:34:20',162),(355,'2011-09-20',6,NULL,NULL,'2011-09-21 06:33:14',175,'2011-09-20 00:00:00',143,'2011-09-21 06:33:14',162),(356,'2011-09-20',6,'2011-09-21 05:21:00',174,'2011-09-21 06:32:17',175,'2011-09-20 00:00:00',163,'2011-09-21 06:32:17',162),(357,'2011-09-20',6,NULL,NULL,'2011-09-21 06:31:25',175,'2011-09-20 00:00:00',164,'2011-09-21 06:31:25',162),(358,'2011-09-20',6,'2011-09-21 05:15:11',174,'2011-09-21 06:30:18',175,'2011-09-20 00:00:00',168,'2011-09-21 06:30:18',162),(359,'2011-09-20',6,'2011-09-21 05:02:22',174,'2011-09-21 06:29:21',175,'2011-09-20 00:00:00',187,'2011-09-21 06:29:21',162),(360,'2011-09-20',6,'2011-09-21 05:34:04',174,'2011-09-21 06:28:16',175,'2011-09-20 00:00:00',179,'2011-09-21 06:28:16',162),(361,'2011-09-20',6,NULL,NULL,'2011-09-21 06:26:22',175,'2011-09-20 00:00:00',174,'2011-09-21 06:26:22',162),(362,'2011-09-20',6,NULL,NULL,'2011-09-21 06:27:18',175,'2011-09-20 00:00:00',175,'2011-09-29 14:55:03',175),(363,'2011-09-20',6,'2011-09-21 05:00:47',174,'2011-09-21 06:24:22',175,'2011-09-20 00:00:00',139,'2011-09-21 06:24:22',162),(364,'2011-09-20',6,'2011-09-21 05:44:12',174,'2011-09-21 06:23:29',175,'2011-09-20 00:00:00',200,'2011-09-21 06:23:29',162),(365,'2011-09-20',6,'2011-09-20 19:31:13',174,'2011-09-21 06:22:12',175,'2011-09-20 00:00:00',184,'2011-09-21 06:22:12',162),(368,'2011-09-20',6,'2011-09-21 05:29:10',174,'2011-09-21 06:20:47',175,'2011-09-20 00:00:00',217,'2011-09-21 06:20:47',162),(367,'2011-09-20',6,'2011-09-21 05:12:48',174,'2011-09-21 06:21:23',175,'2011-09-20 00:00:00',166,'2011-09-21 06:21:23',162),(369,'2011-09-20',6,'2011-09-21 05:47:23',174,'2011-09-21 06:20:18',175,'2011-09-20 00:00:00',186,'2011-09-21 06:20:18',162),(370,'2011-09-20',6,'2011-09-21 05:42:54',174,'2011-09-21 06:19:43',175,'2011-09-20 00:00:00',183,'2011-09-21 06:19:43',162),(371,'2011-09-20',6,'2011-09-21 05:10:24',174,'2011-09-21 06:19:07',175,'2011-09-20 00:00:00',147,'2011-09-21 06:19:07',162),(372,'2011-09-20',6,'2011-09-21 05:23:47',174,'2011-09-21 06:18:27',175,'2011-09-20 00:00:00',200,'2011-09-21 06:18:27',162),(373,'2011-09-20',6,'2011-09-20 19:25:50',174,'2011-09-21 06:17:55',175,'2011-09-20 00:00:00',124,'2011-09-21 06:17:55',162),(374,'2011-09-20',6,'2011-09-20 19:22:16',174,'2011-09-21 06:17:22',175,'2011-09-20 00:00:00',136,'2011-09-21 06:17:22',162),(375,'2011-09-20',6,NULL,NULL,'2011-09-21 06:16:46',175,'2011-09-20 00:00:00',128,'2011-09-21 06:16:46',162),(376,'2011-09-20',6,'2011-09-20 19:20:38',174,'2011-09-21 06:13:26',175,'2011-09-20 00:00:00',135,'2011-09-21 06:13:26',162),(377,'2011-09-20',6,'2011-09-20 19:19:50',174,'2011-09-21 06:12:47',175,'2011-09-20 00:00:00',141,'2011-09-21 06:12:47',162),(378,'2011-09-20',6,'2011-09-21 05:41:04',174,'2011-09-21 05:54:39',175,'2011-09-20 00:00:00',199,'2011-09-21 05:54:39',162),(379,'2011-09-20',6,'2011-09-20 19:19:03',174,'2011-09-21 05:54:08',175,'2011-09-20 00:00:00',211,'2011-09-21 05:54:08',162),(380,'2011-09-20',6,'2011-09-21 05:08:04',174,'2011-09-21 05:53:34',175,'2011-09-20 00:00:00',151,'2011-09-21 05:53:34',162),(381,'2011-09-19',6,'2011-09-20 19:28:47',174,'2011-09-21 06:38:30',175,'2011-09-19 00:00:00',193,'2011-09-21 06:38:30',162),(382,'2011-09-20',6,'2011-09-21 05:32:13',174,'2011-09-21 05:53:00',175,'2011-09-20 00:00:00',161,'2011-09-21 08:09:34',161),(383,'2011-09-20',6,'2011-09-21 05:22:58',174,'2011-09-21 05:52:26',175,'2011-09-20 00:00:00',149,'2011-09-21 05:52:26',162),(384,'2011-09-20',6,'2011-09-21 05:07:09',174,'2011-09-21 05:51:47',175,'2011-09-20 00:00:00',167,'2011-09-21 05:51:47',162),(385,'2011-09-20',6,'2011-09-20 19:12:53',174,'2011-09-21 05:50:58',175,'2011-09-20 00:00:00',134,'2011-09-21 05:50:58',162),(386,'2011-09-20',6,'2011-09-21 05:06:17',174,'2011-09-21 19:30:40',175,'2011-09-20 00:00:00',123,'2011-09-21 19:30:40',162),(387,'2011-09-21',6,NULL,174,'2011-09-21 19:19:35',175,'2011-09-21 00:00:00',123,'2011-09-21 19:19:35',162),(388,'2011-09-21',6,'2011-09-21 17:42:20',174,'2011-09-21 19:18:33',175,'2011-09-21 00:00:00',160,'2011-09-21 19:18:33',162),(389,'2011-09-21',6,NULL,174,'2011-09-21 19:17:29',175,'2011-09-21 00:00:00',140,'2011-09-21 19:17:29',162),(390,'2011-09-21',6,NULL,174,'2011-09-21 19:16:02',175,'2011-09-21 00:00:00',117,'2011-09-21 19:16:02',162),(391,'2011-09-21',6,'2011-09-21 17:46:39',174,'2011-09-21 19:14:48',175,'2011-09-21 00:00:00',122,'2011-09-21 19:14:48',162),(392,'2011-09-21',6,NULL,174,'2011-09-21 19:13:37',175,'2011-09-21 00:00:00',204,'2011-09-21 19:13:37',162),(393,'2011-09-21',6,NULL,174,'2011-09-21 19:12:19',175,'2011-09-21 00:00:00',198,'2011-09-21 19:12:19',162),(394,'2011-09-21',6,NULL,174,'2011-09-21 19:10:29',175,'2011-09-21 00:00:00',163,'2011-09-21 19:10:29',162),(395,'2011-09-21',6,NULL,174,'2011-09-21 19:09:17',175,'2011-09-21 00:00:00',166,'2011-09-21 19:09:17',162),(396,'2011-09-21',6,NULL,174,'2011-09-21 19:08:05',175,'2011-09-21 00:00:00',200,'2011-09-21 19:08:05',162),(397,'2011-09-21',6,'2011-09-21 17:45:05',174,'2011-09-21 19:06:40',175,'2011-09-21 00:00:00',141,'2011-09-21 19:06:40',162),(398,'2011-09-21',6,NULL,NULL,'2011-09-28 11:52:02',175,'2011-09-21 00:00:00',118,'2011-09-28 11:52:02',162),(399,'2011-09-20',6,'2011-09-21 12:40:22',174,'2011-09-21 12:42:07',175,'2011-09-20 00:00:00',144,'2011-09-21 12:42:07',162),(400,'2011-09-21',6,NULL,174,'2011-09-21 19:04:25',175,'2011-09-21 00:00:00',161,'2011-09-21 19:04:25',162),(401,'2011-09-20',6,'2011-09-21 12:41:17',174,'2011-09-21 12:42:29',175,'2011-09-20 00:00:00',193,'2011-09-21 12:42:29',162),(402,'2011-09-21',6,'2011-09-21 18:22:37',174,'2011-09-21 18:59:42',175,'2011-09-21 00:00:00',193,'2011-09-21 18:59:42',162),(403,'2011-09-21',6,NULL,174,'2011-09-21 18:58:33',175,'2011-09-21 00:00:00',180,'2011-09-21 18:58:33',162),(404,'2011-09-21',6,NULL,174,'2011-09-21 18:57:47',175,'2011-09-21 00:00:00',168,'2011-09-21 18:57:47',162),(405,'2011-09-21',6,NULL,174,'2011-09-21 18:57:03',175,'2011-09-21 00:00:00',172,'2011-09-21 18:57:03',162),(406,'2011-09-21',6,NULL,NULL,'2011-09-21 18:56:22',175,'2011-09-21 00:00:00',127,'2011-09-21 18:56:22',162),(407,'2011-09-21',6,NULL,174,'2011-09-28 22:58:21',175,'2011-09-21 00:00:00',210,'2011-09-28 22:58:21',162),(408,'2011-09-21',6,'2011-09-21 17:55:46',174,'2011-09-21 18:30:51',175,'2011-09-21 00:00:00',193,'2011-09-21 18:30:51',162),(409,'2011-09-21',6,NULL,174,'2011-09-21 18:30:16',175,'2011-09-21 00:00:00',158,'2011-09-21 18:30:16',162),(410,'2011-09-21',6,NULL,174,'2011-09-21 18:29:35',175,'2011-09-21 00:00:00',138,'2011-09-21 18:29:35',162),(411,'2011-09-21',6,NULL,NULL,'2011-09-21 18:28:20',175,'2011-09-21 00:00:00',164,'2011-09-21 18:28:20',162),(412,'2011-09-21',6,'2011-09-21 17:40:37',174,'2011-10-06 15:17:19',175,'2011-09-21 00:00:00',209,'2011-10-06 15:17:19',162),(413,'2011-09-21',6,NULL,174,'2011-09-21 18:26:53',175,'2011-09-21 00:00:00',186,'2011-09-21 18:26:53',162),(414,'2011-09-21',6,NULL,174,'2011-09-21 18:26:16',175,'2011-09-21 00:00:00',214,'2011-09-21 18:26:16',162),(415,'2011-09-21',6,NULL,NULL,'2011-09-21 18:25:31',175,'2011-09-21 00:00:00',128,'2011-09-22 09:33:29',127),(418,'2011-09-21',6,NULL,174,'2011-09-21 18:24:56',175,'2011-09-21 00:00:00',199,'2011-09-21 18:24:56',162),(419,'2011-09-21',6,'2011-09-21 17:39:03',174,'2011-09-21 18:24:20',175,'2011-09-21 00:00:00',146,'2011-09-21 18:24:20',162),(420,'2011-09-21',6,'2011-09-21 17:38:28',174,'2011-09-21 18:23:46',175,'2011-09-21 00:00:00',132,'2011-09-21 18:23:46',162),(421,'2011-09-21',6,'2011-09-21 17:37:27',174,'2011-09-21 17:35:50',175,'2011-09-21 00:00:00',151,'2011-09-21 17:37:27',128),(422,'2011-09-21',6,'2011-09-21 17:36:57',174,'2011-09-21 17:35:12',175,'2011-09-21 00:00:00',126,'2011-09-21 17:36:57',128),(423,'2011-09-21',6,'2011-09-22 09:32:54',174,'2011-09-21 17:34:32',175,'2011-09-21 00:00:00',156,'2011-09-22 09:32:54',127),(424,'2011-09-20',6,'2011-09-21 17:48:34',174,'2011-09-21 19:24:52',175,'2011-09-20 00:00:00',130,'2011-09-21 19:24:52',162),(425,'2011-09-20',6,NULL,174,'2011-09-21 19:23:16',175,'2011-09-20 00:00:00',166,'2011-09-21 19:23:16',162),(426,'2011-09-20',6,'2011-09-21 17:43:50',174,'2011-09-21 19:21:56',175,'2011-09-20 00:00:00',206,'2011-09-21 19:21:56',162),(427,'2011-09-19',6,NULL,174,'2011-09-21 19:33:52',175,'2011-09-19 00:00:00',123,'2011-09-21 19:33:52',162),(428,'2011-09-20',6,NULL,174,'2011-09-21 19:20:36',175,'2011-09-20 00:00:00',157,'2011-09-21 19:20:36',162),(429,'2011-09-22',6,NULL,174,'2011-09-23 06:00:14',175,'2011-09-22 00:00:00',202,'2011-09-23 06:00:14',162),(430,'2011-09-22',6,NULL,174,'2011-09-23 05:59:22',175,'2011-09-22 00:00:00',190,'2011-09-23 05:59:22',162),(431,'2011-09-22',6,NULL,174,'2011-09-23 05:58:27',175,'2011-09-22 00:00:00',198,'2011-09-23 05:58:27',162),(432,'2011-09-22',6,NULL,174,'2011-09-23 05:57:36',175,'2011-09-22 00:00:00',167,'2011-09-23 05:57:36',162),(433,'2011-09-22',6,NULL,NULL,'2011-09-23 05:56:43',175,'2011-09-22 00:00:00',174,'2011-09-23 05:56:43',162),(434,'2011-09-21',6,NULL,174,'2011-09-23 05:45:00',175,'2011-09-21 00:00:00',218,'2011-09-23 05:45:00',162),(435,'2011-09-22',6,NULL,174,'2011-09-23 05:55:47',175,'2011-09-22 00:00:00',117,'2011-09-23 05:55:47',162),(436,'2011-09-22',6,NULL,NULL,'2011-09-23 05:54:50',175,'2011-09-22 00:00:00',137,'2011-09-23 05:54:50',162),(437,'2011-09-22',6,NULL,174,'2011-09-23 05:53:48',175,'2011-09-22 00:00:00',200,'2011-09-23 05:53:48',162),(438,'2011-09-22',6,NULL,174,'2011-09-23 05:52:53',175,'2011-09-22 00:00:00',140,'2011-09-23 05:52:53',162),(439,'2011-09-22',6,NULL,174,'2011-09-28 22:51:38',175,'2011-09-22 00:00:00',186,'2011-09-28 22:51:38',162),(440,'2011-09-22',6,NULL,174,'2011-09-23 05:50:55',175,'2011-09-22 00:00:00',158,'2011-09-23 05:50:55',162),(441,'2011-09-22',6,NULL,174,'2011-09-23 05:49:51',175,'2011-09-22 00:00:00',148,'2011-09-23 05:49:51',162),(442,'2011-09-22',6,NULL,174,'2011-09-23 05:48:52',175,'2011-09-22 00:00:00',132,'2011-09-23 05:48:52',162),(443,'2011-09-22',6,NULL,174,'2011-09-23 05:47:58',175,'2011-09-22 00:00:00',199,'2011-09-23 05:47:58',162),(444,'2011-09-22',6,NULL,174,'2011-09-23 05:46:54',175,'2011-09-22 00:00:00',168,'2011-09-23 05:46:54',162),(445,'2011-09-22',6,NULL,174,'2011-09-23 05:43:42',175,'2011-09-22 00:00:00',116,'2011-09-23 05:43:42',162),(446,'2011-09-22',6,NULL,174,'2011-09-23 05:43:09',175,'2011-09-22 00:00:00',214,'2011-09-23 05:43:09',162),(447,'2011-09-22',6,NULL,174,'2011-09-23 05:42:30',175,'2011-09-22 00:00:00',179,'2011-09-23 05:42:30',162),(448,'2011-09-22',6,NULL,174,'2011-09-23 05:41:57',175,'2011-09-22 00:00:00',216,'2011-09-23 05:41:57',162),(449,'2011-09-22',6,NULL,174,'2011-09-23 05:41:23',175,'2011-09-22 00:00:00',160,'2011-09-23 05:41:23',162),(450,'2011-09-22',6,NULL,174,'2011-09-23 05:40:51',175,'2011-09-22 00:00:00',218,'2011-09-23 05:40:51',162),(451,'2011-09-22',6,NULL,174,'2011-09-23 05:40:19',175,'2011-09-22 00:00:00',129,'2011-09-23 05:40:19',162),(452,'2011-09-21',6,NULL,174,'2011-09-23 05:45:56',175,'2011-09-21 00:00:00',151,'2011-09-23 05:45:56',162),(453,'2011-09-22',6,NULL,174,'2011-09-23 05:39:45',175,'2011-09-22 00:00:00',150,'2011-09-23 05:39:45',162),(454,'2011-09-22',6,NULL,NULL,'2011-09-23 05:39:12',175,'2011-09-22 00:00:00',175,'2011-09-23 05:39:12',162),(455,'2011-09-22',6,NULL,174,'2011-09-23 05:38:35',175,'2011-09-22 00:00:00',201,'2011-09-23 05:38:35',162),(456,'2011-09-22',6,NULL,NULL,'2011-09-23 05:37:57',175,'2011-09-22 00:00:00',128,'2011-09-23 05:37:57',162),(457,'2011-09-22',6,NULL,174,'2011-09-23 05:37:24',175,'2011-09-22 00:00:00',154,'2011-09-23 05:37:24',162),(458,'2011-09-22',6,NULL,174,'2011-09-23 05:36:45',175,'2011-09-22 00:00:00',130,'2011-09-23 05:36:45',162),(459,'2011-09-22',6,NULL,174,'2011-09-23 05:36:14',175,'2011-09-22 00:00:00',161,'2011-09-23 05:36:14',162),(460,'2011-09-22',6,NULL,174,'2011-09-23 05:35:39',175,'2011-09-22 00:00:00',173,'2011-09-23 05:35:39',162),(461,'2011-09-22',6,NULL,174,'2011-09-23 05:35:05',175,'2011-09-22 00:00:00',214,'2011-09-23 05:35:05',162),(462,'2011-09-22',6,NULL,174,'2011-09-23 05:34:28',175,'2011-09-22 00:00:00',180,'2011-09-23 05:34:28',162),(463,'2011-09-22',6,NULL,174,'2011-09-23 05:33:47',175,'2011-09-22 00:00:00',176,'2011-09-23 05:33:47',162),(464,'2011-09-22',6,NULL,174,'2011-09-23 05:33:13',175,'2011-09-22 00:00:00',124,'2011-09-23 05:33:13',162),(465,'2011-09-22',6,NULL,174,'2011-09-23 05:32:41',175,'2011-09-22 00:00:00',185,'2011-09-23 05:32:41',162),(466,'2011-09-20',6,NULL,174,'2011-09-28 23:02:04',175,'2011-09-20 00:00:00',213,'2011-09-28 23:02:04',162),(467,'2011-09-23',6,NULL,174,'2011-09-28 11:37:49',175,'2011-09-23 00:00:00',140,'2011-09-28 11:37:49',162),(468,'2011-09-23',6,NULL,174,'2011-09-28 11:36:50',175,'2011-09-23 00:00:00',141,'2011-09-28 11:36:50',162),(469,'2011-09-23',6,NULL,174,'2011-09-28 11:35:48',175,'2011-09-23 00:00:00',117,'2011-09-28 11:35:48',162),(470,'2011-09-23',6,NULL,174,'2011-09-28 11:34:00',175,'2011-09-23 00:00:00',163,'2011-09-28 11:34:00',162),(471,'2011-09-23',6,NULL,174,'2011-09-28 11:33:03',175,'2011-09-23 00:00:00',214,'2011-09-28 11:33:03',162),(472,'2011-09-23',6,NULL,174,'2011-09-28 11:31:25',175,'2011-09-23 00:00:00',178,'2011-09-28 11:31:25',162),(473,'2011-09-23',6,NULL,174,'2011-09-28 11:30:25',175,'2011-09-23 00:00:00',193,'2011-09-28 11:30:25',162),(474,'2011-09-23',6,NULL,174,'2011-09-28 11:29:13',175,'2011-09-23 00:00:00',186,'2011-09-28 11:29:13',162),(475,'2011-09-23',6,NULL,NULL,'2011-09-28 11:27:51',175,'2011-09-23 00:00:00',137,'2011-09-28 11:27:51',162),(476,'2011-09-23',6,NULL,174,'2011-09-28 11:26:08',175,'2011-09-23 00:00:00',200,'2011-09-28 11:26:08',162),(477,'2011-09-23',6,NULL,174,'2011-09-28 11:24:39',175,'2011-09-23 00:00:00',204,'2011-09-28 11:24:39',162),(478,'2011-09-23',6,NULL,174,'2011-09-28 11:23:34',175,'2011-09-23 00:00:00',136,'2011-09-28 11:23:34',162),(479,'2011-09-19',6,NULL,174,'2011-09-28 23:13:40',175,'2011-09-19 00:00:00',123,'2011-09-28 23:13:40',162),(480,'2011-09-23',6,NULL,174,'2011-09-28 11:22:29',175,'2011-09-23 00:00:00',122,'2011-09-28 11:22:29',162),(481,'2011-09-23',6,NULL,174,'2011-09-28 11:21:18',175,'2011-09-23 00:00:00',160,'2011-09-28 11:21:18',162),(482,'2011-09-23',6,NULL,174,'2011-09-28 11:20:02',175,'2011-09-23 00:00:00',158,'2011-09-28 11:20:02',162),(483,'2011-09-23',6,NULL,174,'2011-09-28 11:14:47',175,'2011-09-23 00:00:00',176,'2011-09-28 11:14:47',162),(484,'2011-09-23',6,NULL,174,'2011-09-28 11:13:37',175,'2011-09-23 00:00:00',148,'2011-09-28 11:13:37',162),(485,'2011-09-23',6,NULL,174,'2011-09-28 11:12:28',175,'2011-09-23 00:00:00',116,'2011-09-28 11:12:28',162),(486,'2011-09-23',6,NULL,NULL,'2011-09-28 11:10:48',175,'2011-09-23 00:00:00',164,'2011-09-28 11:10:48',162),(487,'2011-09-23',6,NULL,174,'2011-09-28 11:08:27',175,'2011-09-23 00:00:00',166,'2011-09-28 11:08:27',162),(488,'2011-09-23',6,NULL,174,'2011-09-28 11:05:25',175,'2011-09-23 00:00:00',154,'2011-09-28 11:05:25',162),(489,'2011-09-23',6,NULL,174,'2011-09-28 11:04:17',175,'2011-09-23 00:00:00',144,'2011-09-28 11:04:17',162),(490,'2011-09-23',6,NULL,174,'2011-09-28 10:47:53',175,'2011-09-23 00:00:00',199,'2011-09-28 10:47:53',162),(491,'2011-09-23',6,NULL,174,'2011-09-28 10:46:31',175,'2011-09-23 00:00:00',156,'2011-09-28 10:46:31',162),(492,'2011-09-23',6,NULL,174,'2011-09-28 10:45:13',175,'2011-09-23 00:00:00',178,'2011-09-28 10:45:13',162),(493,'2011-09-23',6,NULL,NULL,'2011-09-28 22:55:21',175,'2011-09-23 00:00:00',175,'2011-09-28 22:55:21',162),(494,'2011-09-23',6,NULL,174,'2011-09-30 16:26:44',175,'2011-09-23 00:00:00',187,'2011-09-30 16:26:44',162),(495,'2011-09-23',6,NULL,174,'2011-09-27 10:14:21',175,'2011-09-23 00:00:00',169,'2011-09-27 10:14:21',162),(496,'2011-09-23',6,NULL,174,'2011-09-27 10:12:38',175,'2011-09-23 00:00:00',188,'2011-09-27 10:12:38',162),(497,'2011-09-26',6,NULL,174,'2011-09-27 10:06:11',175,'2011-09-26 00:00:00',150,'2011-09-27 10:06:11',162),(498,'2011-09-26',6,NULL,174,'2011-09-27 10:04:44',175,'2011-09-26 00:00:00',125,'2011-09-27 10:04:44',162),(499,'2011-09-26',6,NULL,174,'2011-09-27 10:03:31',175,'2011-09-26 00:00:00',168,'2011-09-27 10:03:31',162),(500,'2011-09-26',6,NULL,174,'2011-09-27 10:02:04',175,'2011-09-26 00:00:00',160,'2011-09-27 10:02:04',162),(501,'2011-09-26',6,NULL,174,'2011-09-27 10:00:43',175,'2011-09-26 00:00:00',123,'2011-09-27 10:00:43',162),(502,'2011-09-26',6,NULL,174,'2011-09-27 09:58:55',175,'2011-09-26 00:00:00',117,'2011-09-27 09:58:55',162),(503,'2011-09-26',6,NULL,174,'2011-09-27 09:57:02',175,'2011-09-26 00:00:00',163,'2011-09-27 09:57:02',162),(504,'2011-09-26',6,NULL,174,'2011-09-27 09:55:46',175,'2011-09-26 00:00:00',153,'2011-09-27 09:55:46',162),(505,'2011-09-26',6,NULL,174,'2011-09-27 09:54:26',175,'2011-09-26 00:00:00',205,'2011-09-27 09:54:26',162),(506,'2011-09-26',6,NULL,174,'2011-09-27 09:53:05',175,'2011-09-26 00:00:00',184,'2011-09-27 09:53:05',162),(507,'2011-09-26',6,NULL,174,'2011-09-27 09:49:44',175,'2011-09-26 00:00:00',163,'2011-09-27 09:49:44',162),(508,'2011-09-26',6,NULL,174,'2011-09-27 09:48:30',175,'2011-09-26 00:00:00',172,'2011-09-27 09:48:30',162),(509,'2011-09-26',6,NULL,174,'2011-09-27 09:46:32',175,'2011-09-26 00:00:00',211,'2011-09-27 09:46:32',162),(510,'2011-09-26',6,NULL,174,'2011-09-27 09:15:41',175,'2011-09-26 00:00:00',138,'2011-09-27 09:15:41',162),(511,'2011-09-26',6,NULL,174,'2011-09-27 09:13:34',175,'2011-09-26 00:00:00',158,'2011-09-27 09:13:34',162),(512,'2011-09-26',6,NULL,174,'2011-09-27 09:12:38',175,'2011-09-26 00:00:00',139,'2011-09-27 09:12:38',162),(513,'2011-09-26',6,NULL,174,'2011-09-27 09:11:11',175,'2011-09-26 00:00:00',161,'2011-09-27 09:11:11',162),(514,'2011-09-26',6,NULL,174,'2011-09-27 09:09:50',175,'2011-09-26 00:00:00',200,'2011-09-27 09:09:50',162),(515,'2011-09-26',6,NULL,174,'2011-09-27 09:08:25',175,'2011-09-26 00:00:00',158,'2011-09-27 09:08:25',162),(516,'2011-09-23',6,NULL,174,'2011-09-27 10:11:22',175,'2011-09-23 00:00:00',129,'2011-09-27 10:11:22',162),(517,'2011-09-26',6,NULL,174,'2011-09-27 09:07:32',175,'2011-09-26 00:00:00',151,'2011-09-27 09:07:32',162),(518,'2011-09-26',6,NULL,174,'2011-09-27 09:06:26',175,'2011-09-26 00:00:00',192,'2011-09-27 09:06:26',162),(519,'2011-09-26',6,NULL,NULL,'2011-09-27 09:05:41',175,'2011-09-26 00:00:00',164,'2011-09-27 09:05:41',162),(520,'2011-09-26',6,NULL,174,'2011-09-27 09:04:24',175,'2011-09-26 00:00:00',182,'2011-09-27 09:04:24',162),(521,'2011-09-26',6,NULL,174,'2011-09-27 09:03:31',175,'2011-09-26 00:00:00',146,'2011-09-27 09:03:31',162),(522,'2011-09-26',6,NULL,174,'2011-09-27 09:02:36',175,'2011-09-26 00:00:00',183,'2011-09-27 09:02:36',162),(523,'2011-09-26',6,NULL,174,'2011-09-27 09:01:56',175,'2011-09-26 00:00:00',148,'2011-09-27 09:01:56',162),(524,'2011-09-26',6,NULL,NULL,'2011-09-27 09:00:59',175,'2011-09-26 00:00:00',175,'2011-09-27 09:00:59',162),(525,'2011-09-26',6,NULL,174,'2011-09-27 09:00:00',175,'2011-09-26 00:00:00',147,'2011-09-27 09:00:00',162),(526,'2011-09-26',6,NULL,174,'2011-09-27 08:59:16',175,'2011-09-26 00:00:00',204,'2011-09-27 08:59:16',162),(527,'2011-09-26',6,NULL,174,'2011-09-27 08:58:40',175,'2011-09-26 00:00:00',201,'2011-09-27 08:58:40',162),(528,'2011-09-26',6,NULL,174,'2011-09-27 08:57:59',175,'2011-09-26 00:00:00',134,'2011-09-27 08:57:59',162),(529,'2011-09-26',6,NULL,174,'2011-09-27 08:57:12',175,'2011-09-26 00:00:00',199,'2011-09-27 08:57:12',162),(530,'2011-09-26',6,NULL,174,'2011-09-27 08:52:05',175,'2011-09-26 00:00:00',145,'2011-09-27 08:52:05',162),(531,'2011-09-26',6,NULL,174,'2011-09-27 08:51:25',175,'2011-09-26 00:00:00',206,'2011-09-27 08:51:25',162),(532,'2011-09-27',6,NULL,174,'2011-09-28 12:12:45',175,'2011-09-27 00:00:00',158,'2011-09-28 12:12:45',162),(533,'2011-09-27',6,NULL,174,'2011-09-28 22:43:34',175,'2011-09-27 00:00:00',186,'2011-09-28 22:43:34',162),(534,'2011-09-27',6,NULL,174,'2011-09-28 22:42:18',175,'2011-09-27 00:00:00',139,'2011-09-28 22:42:18',162),(535,'2011-09-27',6,NULL,174,'2011-09-28 22:41:04',175,'2011-09-27 00:00:00',211,'2011-09-28 22:41:04',162),(536,'2011-09-27',6,NULL,174,'2011-09-28 22:38:03',175,'2011-09-27 00:00:00',217,'2011-09-28 22:38:03',162),(537,'2011-09-27',6,NULL,174,'2011-09-28 22:35:13',175,'2011-09-27 00:00:00',141,'2011-09-28 22:35:13',162),(538,'2011-09-27',6,NULL,174,'2011-09-28 22:33:31',175,'2011-09-27 00:00:00',153,'2011-09-28 22:33:31',162),(539,'2011-09-27',6,NULL,NULL,'2011-09-28 22:31:54',175,'2011-09-27 00:00:00',174,'2011-09-28 22:31:54',162),(540,'2011-09-27',6,NULL,174,'2011-09-28 22:29:30',175,'2011-09-27 00:00:00',163,'2011-09-28 22:29:30',162),(541,'2011-09-27',6,NULL,174,'2011-09-28 22:26:39',175,'2011-09-27 00:00:00',160,'2011-09-28 22:26:39',162),(542,'2011-09-27',6,NULL,174,'2011-09-28 22:25:21',175,'2011-09-27 00:00:00',117,'2011-09-28 22:25:21',162),(543,'2011-09-26',6,NULL,NULL,'2011-09-28 11:53:42',175,'2011-09-26 00:00:00',143,'2011-09-28 11:53:42',162),(544,'2011-09-27',6,NULL,174,'2011-09-28 22:23:53',175,'2011-09-27 00:00:00',136,'2011-09-28 22:23:53',162),(545,'2011-09-27',6,NULL,174,'2011-09-28 22:22:15',175,'2011-09-27 00:00:00',200,'2011-09-28 22:22:15',162),(546,'2011-09-27',6,NULL,174,'2011-09-28 22:20:40',175,'2011-09-27 00:00:00',184,'2011-09-28 22:20:40',162),(547,'2011-09-27',6,NULL,NULL,'2011-09-28 22:18:44',175,'2011-09-27 00:00:00',164,'2011-09-28 22:18:44',162),(548,'2011-09-27',6,NULL,174,'2011-09-28 22:16:47',175,'2011-09-27 00:00:00',168,'2011-09-28 22:16:47',162),(549,'2011-09-27',6,NULL,174,'2011-09-28 22:14:30',175,'2011-09-27 00:00:00',166,'2011-09-28 22:14:30',162),(550,'2011-09-27',6,NULL,174,'2011-09-28 22:12:46',175,'2011-09-27 00:00:00',123,'2011-09-28 22:12:46',162),(551,'2011-09-27',6,NULL,174,'2011-09-28 09:30:23',175,'2011-09-27 00:00:00',167,'2011-09-28 09:30:23',162),(564,'2011-09-27',6,NULL,174,'2011-09-28 22:06:32',175,'2011-09-27 00:00:00',213,'2011-09-28 22:06:32',162),(565,'2011-09-27',6,NULL,174,'2011-09-28 22:04:59',175,'2011-09-27 00:00:00',183,'2011-09-28 22:04:59',162),(566,'2011-09-27',6,NULL,174,'2011-09-28 22:03:38',175,'2011-09-27 00:00:00',148,'2011-09-28 22:03:38',162),(567,'2011-09-27',6,NULL,174,'2011-09-28 22:02:23',175,'2011-09-27 00:00:00',124,'2011-09-28 22:02:23',162),(569,'2011-09-27',6,NULL,174,'2011-09-28 21:59:02',175,'2011-09-27 00:00:00',151,'2011-09-28 21:59:02',162),(568,'2011-09-27',6,NULL,NULL,'2011-09-28 22:01:10',175,'2011-09-27 00:00:00',175,'2011-09-28 22:01:10',162),(570,'2011-09-27',6,NULL,174,'2011-09-28 21:56:34',175,'2011-09-27 00:00:00',193,'2011-09-28 21:56:34',162),(571,'2011-09-27',6,NULL,174,'2011-09-28 21:54:04',175,'2011-09-27 00:00:00',185,'2011-09-28 21:54:04',162),(572,'2011-09-27',6,NULL,174,'2011-09-28 21:51:48',175,'2011-09-27 00:00:00',142,'2011-09-28 21:51:48',162),(585,'2011-09-28',6,NULL,174,'2011-09-28 21:30:48',175,'2011-09-28 00:00:00',122,'2011-09-28 21:30:48',162),(586,'2011-09-28',6,NULL,174,'2011-09-28 21:29:38',175,'2011-09-28 00:00:00',198,'2011-09-28 21:29:38',162),(587,'2011-09-28',6,NULL,174,'2011-09-28 21:27:59',175,'2011-09-28 00:00:00',200,'2011-09-28 21:27:59',162),(588,'2011-09-28',6,NULL,174,'2011-09-28 21:26:44',175,'2011-09-28 00:00:00',186,'2011-09-28 21:26:44',162),(589,'2011-09-28',6,NULL,174,'2011-09-28 21:22:47',175,'2011-09-28 00:00:00',140,'2011-09-28 21:22:47',162),(590,'2011-09-28',6,NULL,174,'2011-09-28 21:20:58',175,'2011-09-28 00:00:00',166,'2011-09-29 14:12:17',166),(591,'2011-09-28',6,NULL,174,'2011-09-28 21:19:46',175,'2011-09-28 00:00:00',151,'2011-09-29 14:56:42',151),(592,'2011-09-28',6,NULL,174,'2011-09-28 21:18:36',175,'2011-09-28 00:00:00',158,'2011-09-28 21:18:36',162),(593,'2011-09-28',6,NULL,174,'2011-09-28 21:17:14',175,'2011-09-28 00:00:00',123,'2011-09-28 21:17:14',162),(594,'2011-09-28',6,NULL,174,'2011-09-28 21:15:55',175,'2011-09-28 00:00:00',172,'2011-09-28 21:15:55',162),(595,'2011-09-28',6,NULL,174,'2011-09-28 21:14:42',175,'2011-09-28 00:00:00',210,'2011-09-28 21:14:42',162),(596,'2011-09-28',6,NULL,NULL,'2011-09-28 21:13:09',175,'2011-09-28 00:00:00',118,'2011-09-28 21:13:09',162),(597,'2011-09-28',6,NULL,174,'2011-09-28 21:12:25',175,'2011-09-28 00:00:00',183,'2011-09-28 21:12:25',162),(598,'2011-09-28',6,NULL,174,'2011-09-28 21:11:41',175,'2011-09-28 00:00:00',117,'2011-09-28 21:11:41',162),(599,'2011-09-28',6,NULL,174,'2011-09-28 21:10:57',175,'2011-09-28 00:00:00',138,'2011-09-29 14:28:00',138),(600,'2011-09-28',6,NULL,174,'2011-09-28 21:10:13',175,'2011-09-28 00:00:00',163,'2011-09-28 21:10:13',162),(601,'2011-09-28',6,NULL,174,'2011-09-28 21:09:05',175,'2011-09-28 00:00:00',193,'2011-09-28 21:09:05',162),(602,'2011-09-26',4,NULL,174,'2011-09-28 22:36:45',175,'2011-09-26 00:00:00',193,'2011-09-28 22:36:45',162),(603,'2011-09-28',6,NULL,NULL,'2011-09-28 21:07:03',175,'2011-09-28 00:00:00',164,'2011-09-28 21:07:03',162),(604,'2011-09-28',6,NULL,174,'2011-09-28 21:06:06',175,'2011-09-28 00:00:00',214,'2011-09-28 21:06:06',162),(605,'2011-09-28',6,NULL,174,'2011-09-28 21:05:19',175,'2011-09-28 00:00:00',209,'2011-09-28 21:05:19',162),(606,'2011-09-28',6,NULL,174,'2011-09-28 21:04:22',175,'2011-09-28 00:00:00',156,'2011-09-28 21:04:22',162),(607,'2011-09-28',6,NULL,174,'2011-09-28 21:03:35',175,'2011-09-28 00:00:00',139,'2011-09-28 21:03:35',162),(608,'2011-09-28',6,NULL,174,'2011-09-28 21:02:32',175,'2011-09-28 00:00:00',148,'2011-09-28 21:02:32',162),(609,'2011-09-28',6,NULL,174,'2011-09-28 21:01:07',175,'2011-09-28 00:00:00',161,'2011-09-28 21:01:07',162),(610,'2011-09-28',6,NULL,174,'2011-09-28 21:00:19',175,'2011-09-28 00:00:00',142,'2011-09-28 21:00:19',162),(611,'2011-09-28',6,NULL,NULL,'2011-09-28 20:59:28',175,'2011-09-28 00:00:00',128,'2011-09-28 20:59:28',162),(612,'2011-09-28',6,NULL,174,'2011-09-28 20:56:07',175,'2011-09-28 00:00:00',180,'2011-09-28 20:56:07',162),(613,'2011-09-28',6,NULL,174,'2011-09-28 20:55:29',175,'2011-09-28 00:00:00',126,'2011-09-28 20:55:29',162),(614,'2011-09-22',6,NULL,174,'2011-09-28 22:54:08',175,'2011-09-22 00:00:00',126,'2011-09-28 22:54:08',162),(615,'2011-09-28',6,NULL,174,'2011-09-28 20:54:47',175,'2011-09-28 00:00:00',146,'2011-09-28 20:54:47',162),(616,'2011-09-28',6,NULL,174,'2011-09-28 20:54:10',175,'2011-09-28 00:00:00',132,'2011-09-28 20:54:10',162),(617,'2011-09-28',6,NULL,174,'2011-09-28 20:53:16',175,'2011-09-28 00:00:00',148,'2011-09-28 20:53:16',162),(618,'2011-09-29',6,NULL,174,'2011-09-29 16:13:38',175,'2011-09-29 00:00:00',198,'2011-09-30 11:06:04',198),(619,'2011-09-29',6,NULL,174,'2011-09-29 16:14:49',175,'2011-09-29 00:00:00',214,'2011-09-29 16:14:49',162),(620,'2011-09-28',6,NULL,174,'2011-09-29 16:11:33',175,'2011-09-28 00:00:00',168,'2011-09-29 16:11:33',162),(621,'2011-09-29',6,NULL,174,'2011-09-29 16:16:13',175,'2011-09-29 00:00:00',216,'2011-09-29 16:16:13',162),(622,'2011-09-29',6,NULL,174,'2011-09-29 16:17:18',175,'2011-09-29 00:00:00',202,'2011-09-29 16:17:18',162),(623,'2011-09-29',6,NULL,174,'2011-09-29 16:17:56',175,'2011-09-29 00:00:00',204,'2011-09-29 16:17:56',162),(624,'2011-09-29',6,NULL,174,'2011-09-29 16:18:31',175,'2011-09-29 00:00:00',193,'2011-09-29 16:18:31',162),(625,'2011-09-29',6,NULL,174,'2011-09-29 16:19:12',175,'2011-09-29 00:00:00',186,'2011-09-29 16:19:12',162),(626,'2011-09-29',6,NULL,174,'2011-09-29 16:19:52',175,'2011-09-29 00:00:00',199,'2011-09-29 16:19:52',162),(627,'2011-09-28',6,NULL,174,'2011-09-29 16:12:34',175,'2011-09-28 00:00:00',199,'2011-09-29 16:12:34',162),(628,'2011-09-29',6,NULL,174,'2011-09-29 16:20:28',175,'2011-09-29 00:00:00',147,'2011-09-29 16:20:28',162),(629,'2011-09-27',4,NULL,174,NULL,175,'2011-09-27 00:00:00',147,'2011-09-27 00:00:00',0),(630,'2011-09-29',6,NULL,174,'2011-09-29 16:21:07',175,'2011-09-29 00:00:00',124,'2011-09-29 16:21:07',162),(631,'2011-09-29',6,NULL,174,'2011-09-29 16:21:53',175,'2011-09-29 00:00:00',158,'2011-09-29 16:21:53',162),(632,'2011-09-29',6,NULL,NULL,'2011-09-29 16:22:37',175,'2011-09-29 00:00:00',175,'2011-09-29 16:22:37',162),(633,'2011-09-29',6,NULL,174,'2011-09-29 16:23:12',175,'2011-09-29 00:00:00',160,'2011-09-29 16:23:12',162),(634,'2011-09-29',6,NULL,174,'2011-09-29 16:23:46',175,'2011-09-29 00:00:00',126,'2011-09-29 16:23:46',162),(635,'2011-09-29',6,NULL,174,'2011-09-30 05:28:51',175,'2011-09-29 00:00:00',150,'2011-09-30 05:28:51',162),(636,'2011-09-29',6,NULL,174,'2011-09-30 05:30:20',175,'2011-09-29 00:00:00',117,'2011-09-30 05:30:20',162),(637,'2011-09-29',6,NULL,174,'2011-09-30 05:31:54',175,'2011-09-29 00:00:00',148,'2011-09-30 05:31:54',162),(638,'2011-09-29',6,NULL,174,'2011-09-30 05:31:05',175,'2011-09-29 00:00:00',200,'2011-09-30 05:31:05',162),(639,'2011-09-29',6,NULL,NULL,'2011-09-30 05:29:35',175,'2011-09-29 00:00:00',174,'2011-09-30 05:29:35',162),(640,'2011-09-29',6,NULL,174,'2011-09-30 05:28:06',175,'2011-09-29 00:00:00',133,'2011-09-30 05:28:06',162),(641,'2011-09-29',6,NULL,174,'2011-09-30 05:27:26',175,'2011-09-29 00:00:00',132,'2011-09-30 05:27:26',162),(642,'2011-09-29',6,NULL,174,'2011-09-30 05:25:59',175,'2011-09-29 00:00:00',168,'2011-09-30 05:25:59',162),(643,'2011-09-29',6,NULL,174,'2011-09-30 05:25:19',175,'2011-09-29 00:00:00',140,'2011-09-30 05:25:19',162),(644,'2011-09-29',6,NULL,174,'2011-09-30 05:24:37',175,'2011-09-29 00:00:00',176,'2011-09-30 05:24:37',162),(645,'2011-09-27',4,NULL,174,NULL,175,'2011-09-27 00:00:00',185,'2011-09-27 00:00:00',0),(646,'2011-09-29',6,NULL,174,'2011-09-30 05:23:51',175,'2011-09-29 00:00:00',180,'2011-09-30 05:23:51',162),(647,'2011-09-30',6,NULL,174,'2011-09-30 16:18:49',175,'2011-09-30 00:00:00',163,'2011-09-30 16:18:49',162),(648,'2011-09-30',6,NULL,174,'2011-09-30 16:11:40',175,'2011-09-30 00:00:00',169,'2011-09-30 16:11:40',162),(649,'2011-09-30',6,NULL,174,'2011-09-30 16:17:34',175,'2011-09-30 00:00:00',178,'2011-09-30 16:17:34',162),(650,'2011-09-30',6,NULL,174,'2011-09-30 16:16:10',175,'2011-09-30 00:00:00',204,'2011-09-30 16:16:10',162),(651,'2011-09-30',6,NULL,174,'2011-09-30 16:15:03',175,'2011-09-30 00:00:00',214,'2011-09-30 16:15:03',162),(652,'2011-09-30',6,NULL,174,'2011-09-30 16:13:55',175,'2011-09-30 00:00:00',117,'2011-09-30 16:13:55',162),(653,'2011-09-30',6,NULL,174,'2011-09-30 16:12:46',175,'2011-09-30 00:00:00',140,'2011-09-30 16:12:46',162),(654,'2011-09-30',6,NULL,NULL,'2011-09-30 16:03:20',175,'2011-09-30 00:00:00',164,'2011-09-30 16:03:20',162),(655,'2011-09-30',6,NULL,174,'2011-09-30 16:04:07',175,'2011-09-30 00:00:00',116,'2011-09-30 16:04:07',162),(656,'2011-09-30',6,NULL,NULL,'2011-09-30 16:04:53',175,'2011-09-30 00:00:00',137,'2011-09-30 16:04:53',162),(657,'2011-09-30',6,NULL,174,'2011-09-30 16:08:14',175,'2011-09-30 00:00:00',136,'2011-09-30 16:08:14',162),(658,'2011-09-30',6,NULL,174,'2011-09-30 16:10:26',175,'2011-09-30 00:00:00',160,'2011-09-30 16:10:26',162),(659,'2011-09-30',6,NULL,174,'2011-09-30 16:09:00',175,'2011-09-30 00:00:00',185,'2011-09-30 16:09:00',162),(660,'2011-09-30',6,NULL,174,'2011-09-30 16:09:40',175,'2011-09-30 00:00:00',186,'2011-09-30 16:09:40',162),(661,'2011-09-30',6,NULL,174,'2011-09-30 16:07:37',175,'2011-09-30 00:00:00',122,'2011-09-30 16:07:37',162),(662,'2011-09-29',6,NULL,174,'2011-09-30 16:30:53',175,'2011-09-29 00:00:00',129,'2011-09-30 16:30:53',162),(663,'2011-09-29',6,NULL,174,'2011-09-30 16:33:32',175,'2011-09-29 00:00:00',130,'2011-09-30 16:33:32',162),(664,'2011-09-29',6,NULL,174,'2011-09-30 16:32:17',175,'2011-09-29 00:00:00',161,'2011-09-30 16:32:17',162),(665,'2011-09-29',6,NULL,174,'2011-09-30 16:29:05',175,'2011-09-29 00:00:00',173,'2011-09-30 16:29:05',162),(666,'2011-09-30',6,NULL,174,'2011-09-30 16:06:58',175,'2011-09-30 00:00:00',188,'2011-09-30 16:06:58',162),(667,'2011-09-30',6,NULL,174,'2011-09-30 16:06:19',175,'2011-09-30 00:00:00',193,'2011-09-30 16:06:19',162),(668,'2011-09-30',6,NULL,174,'2011-09-30 16:05:35',175,'2011-09-30 00:00:00',148,'2011-10-03 16:02:22',148),(669,'2011-09-30',6,NULL,174,'2011-09-30 16:02:34',175,'2011-09-30 00:00:00',186,'2011-09-30 16:02:34',162),(670,'2011-09-29',6,NULL,174,'2011-09-30 16:20:04',175,'2011-09-29 00:00:00',188,'2011-09-30 16:20:04',162),(671,'2011-09-30',6,NULL,174,'2011-09-30 16:01:50',175,'2011-09-30 00:00:00',187,'2011-09-30 16:01:50',162),(672,'2011-09-30',6,NULL,174,'2011-09-30 16:01:10',175,'2011-09-30 00:00:00',166,'2011-09-30 16:01:10',162),(673,'2011-09-30',6,NULL,NULL,'2011-09-30 16:00:32',175,'2011-09-30 00:00:00',174,'2011-09-30 16:00:32',162),(674,'2011-09-30',6,NULL,174,'2011-09-30 15:59:58',175,'2011-09-30 00:00:00',156,'2011-09-30 15:59:58',162),(675,'2011-09-30',6,NULL,174,'2011-09-30 15:59:21',175,'2011-09-30 00:00:00',176,'2011-09-30 15:59:21',162),(676,'2011-09-30',6,NULL,NULL,'2011-09-30 15:58:45',175,'2011-09-30 00:00:00',143,'2011-09-30 15:58:45',162),(677,'2011-09-30',6,NULL,174,'2011-09-30 15:58:00',175,'2011-09-30 00:00:00',199,'2011-09-30 15:58:00',162),(678,'2011-09-30',6,NULL,174,'2011-09-30 15:57:27',175,'2011-09-30 00:00:00',200,'2011-09-30 15:57:27',162),(679,'2011-09-30',6,NULL,174,'2011-09-30 16:34:17',175,'2011-09-30 00:00:00',158,'2011-09-30 16:34:17',162),(680,'2011-09-30',6,NULL,NULL,'2011-09-30 16:35:02',175,'2011-09-30 00:00:00',175,'2011-09-30 16:35:02',162),(681,'2011-09-30',6,NULL,174,'2011-09-30 16:48:43',175,'2011-09-30 00:00:00',124,'2011-09-30 16:48:43',162),(682,'2011-09-30',6,NULL,174,'2011-09-30 17:00:49',175,'2011-09-30 00:00:00',154,'2011-09-30 17:00:49',162),(683,'2011-09-21',6,NULL,174,'2011-09-30 17:00:15',175,'2011-09-21 00:00:00',154,'2011-09-30 17:00:15',162),(688,'2011-09-29',6,NULL,174,'2011-10-03 09:23:23',175,'2011-09-29 00:00:00',190,'2011-10-03 09:23:23',162),(689,'2011-09-19',6,NULL,174,'2011-10-03 09:30:57',175,'2011-09-19 00:00:00',192,'2011-10-03 09:30:57',162),(687,'2011-09-29',6,NULL,174,'2011-10-03 08:57:37',175,'2011-09-29 00:00:00',179,'2011-10-03 08:57:37',162),(690,'2011-10-03',6,NULL,174,'2011-10-03 17:55:06',175,'2011-10-03 00:00:00',184,'2011-10-03 17:55:06',162),(691,'2011-10-03',6,NULL,174,'2011-10-03 17:56:09',175,'2011-10-03 00:00:00',187,'2011-10-03 17:56:09',162),(692,'2011-10-03',6,NULL,174,'2011-10-03 17:57:13',175,'2011-10-03 00:00:00',168,'2011-10-03 17:57:13',162),(693,'2011-10-03',6,NULL,NULL,'2011-10-03 17:58:19',175,'2011-10-03 00:00:00',164,'2011-10-03 17:58:19',162),(694,'2011-10-03',6,NULL,174,'2011-10-03 17:59:56',175,'2011-10-03 00:00:00',182,'2011-10-03 17:59:56',162),(695,'2011-10-03',6,NULL,174,'2011-10-03 18:00:59',175,'2011-10-03 00:00:00',211,'2011-10-03 18:00:59',162),(696,'2011-10-03',6,NULL,174,'2011-10-03 18:02:05',175,'2011-10-03 00:00:00',160,'2011-10-03 18:02:05',162),(697,'2011-10-03',6,NULL,174,'2011-10-03 18:03:14',175,'2011-10-03 00:00:00',158,'2011-10-03 18:03:14',162),(698,'2011-10-03',6,NULL,174,'2011-10-03 18:10:45',175,'2011-10-03 00:00:00',139,'2011-10-03 18:10:45',162),(699,'2011-10-03',6,NULL,174,'2011-10-03 18:11:54',175,'2011-10-03 00:00:00',153,'2011-10-03 18:11:54',162),(700,'2011-10-03',6,NULL,174,'2011-10-03 18:12:59',175,'2011-10-03 00:00:00',186,'2011-10-03 18:12:59',162),(701,'2011-10-03',6,NULL,174,'2011-10-03 17:47:13',175,'2011-10-03 00:00:00',117,'2011-10-03 17:47:13',162),(702,'2011-10-03',6,NULL,174,'2011-10-03 17:47:50',175,'2011-10-03 00:00:00',125,'2011-10-03 17:47:50',162),(703,'2011-10-03',6,NULL,174,'2011-10-03 17:48:26',175,'2011-10-03 00:00:00',150,'2011-10-03 17:48:26',162),(704,'2011-10-03',6,NULL,174,'2011-10-03 17:49:02',175,'2011-10-03 00:00:00',138,'2011-10-03 17:49:02',162),(705,'2011-10-03',6,NULL,174,'2011-10-03 17:50:18',175,'2011-10-03 00:00:00',123,'2011-10-03 17:50:18',162),(706,'2011-10-03',6,NULL,174,'2011-10-03 17:53:59',175,'2011-10-03 00:00:00',154,'2011-10-03 17:53:59',162),(707,'2011-10-03',6,NULL,174,'2011-10-03 17:53:22',175,'2011-10-03 00:00:00',193,'2011-10-03 17:53:22',162),(708,'2011-10-03',6,NULL,174,'2011-10-03 17:52:46',175,'2011-10-03 00:00:00',179,'2011-10-03 17:52:46',162),(709,'2011-10-03',6,NULL,174,'2011-10-03 17:52:11',175,'2011-10-03 00:00:00',172,'2011-10-03 17:52:11',162),(710,'2011-10-03',6,NULL,174,'2011-10-03 17:51:34',175,'2011-10-03 00:00:00',212,'2011-10-03 17:51:34',162),(711,'2011-10-03',6,NULL,174,'2011-10-03 17:50:54',175,'2011-10-03 00:00:00',205,'2011-10-03 17:50:54',162),(712,'2011-10-03',6,NULL,174,'2011-10-05 07:34:18',175,'2011-10-03 00:00:00',151,'2011-10-05 07:34:18',162),(713,'2011-10-03',6,NULL,174,'2011-10-03 17:46:33',175,'2011-10-03 00:00:00',146,'2011-10-03 17:46:33',162),(714,'2011-10-03',6,NULL,174,'2011-10-05 07:35:26',175,'2011-10-03 00:00:00',161,'2011-10-05 07:35:26',162),(715,'2011-10-03',6,NULL,NULL,'2011-10-03 17:45:21',175,'2011-10-03 00:00:00',175,'2011-10-03 17:45:21',162),(716,'2011-10-03',6,NULL,174,'2011-10-03 17:44:45',175,'2011-10-03 00:00:00',200,'2011-10-03 17:44:45',162),(717,'2011-10-03',6,NULL,174,'2011-10-03 17:44:09',175,'2011-10-03 00:00:00',145,'2011-10-03 17:44:09',162),(718,'2011-10-03',6,NULL,174,'2011-10-03 17:43:34',175,'2011-10-03 00:00:00',183,'2011-10-03 17:43:34',162),(719,'2011-10-03',6,NULL,174,'2011-10-03 17:42:59',175,'2011-10-03 00:00:00',158,'2011-10-03 17:42:59',162),(720,'2011-10-03',6,NULL,174,'2011-10-03 17:42:24',175,'2011-10-03 00:00:00',199,'2011-10-03 17:42:24',162),(721,'2011-09-29',6,NULL,174,'2011-10-03 16:49:07',175,'2011-09-29 00:00:00',167,'2011-10-03 16:49:07',162),(722,'2011-09-30',6,NULL,174,'2011-10-03 17:00:39',175,'2011-09-30 00:00:00',144,'2011-10-03 17:00:39',162),(724,'2011-09-30',6,NULL,174,'2011-10-03 17:01:49',175,'2011-09-30 00:00:00',129,'2011-10-03 17:01:49',162),(725,'2011-10-04',6,NULL,NULL,'2011-10-05 07:28:46',175,'2011-10-04 00:00:00',175,'2011-10-05 07:28:46',162),(726,'2011-10-04',6,NULL,174,'2011-10-04 16:18:06',175,'2011-10-04 00:00:00',200,'2011-10-04 16:18:06',162),(727,'2011-10-04',6,NULL,174,'2011-10-05 07:25:28',175,'2011-10-04 00:00:00',158,'2011-10-05 07:25:28',162),(728,'2011-10-04',6,NULL,174,'2011-10-05 07:24:06',175,'2011-10-04 00:00:00',186,'2011-10-05 07:24:06',162),(729,'2011-10-04',6,NULL,NULL,'2011-10-05 07:22:53',175,'2011-10-04 00:00:00',174,'2011-10-05 07:22:53',162),(730,'2011-10-04',6,NULL,174,'2011-10-05 07:21:42',175,'2011-10-04 00:00:00',142,'2011-10-05 07:21:42',162),(731,'2011-10-04',6,NULL,174,'2011-10-05 07:20:28',175,'2011-10-04 00:00:00',160,'2011-10-05 07:20:28',162),(732,'2011-10-04',6,NULL,174,'2011-10-05 07:19:20',175,'2011-10-04 00:00:00',217,'2011-10-05 07:19:20',162),(733,'2011-10-04',6,NULL,174,'2011-10-04 16:21:03',175,'2011-10-04 00:00:00',199,'2011-10-04 16:21:03',162),(734,'2011-10-04',6,NULL,174,'2011-10-04 16:01:11',175,'2011-10-04 00:00:00',168,'2011-10-04 16:01:11',162),(735,'2011-10-04',6,NULL,174,'2011-10-05 07:30:01',175,'2011-10-04 00:00:00',192,'2011-10-05 07:30:01',162),(736,'2011-10-03',6,NULL,NULL,'2011-10-04 16:14:09',175,'2011-10-03 00:00:00',143,'2011-10-04 16:14:09',162),(737,'2011-10-04',6,NULL,174,'2011-10-04 16:08:14',175,'2011-10-04 00:00:00',125,'2011-10-04 16:08:14',162),(738,'2011-10-04',6,NULL,174,'2011-10-04 16:12:22',175,'2011-10-04 00:00:00',139,'2011-10-04 16:12:22',162),(739,'2011-10-04',6,NULL,174,'2011-10-04 16:18:52',175,'2011-10-04 00:00:00',117,'2011-10-04 16:18:52',162),(740,'2011-10-04',6,NULL,NULL,'2011-10-04 16:19:36',175,'2011-10-04 00:00:00',164,'2011-10-04 16:19:36',162),(741,'2011-10-04',6,NULL,174,'2011-10-04 16:21:51',175,'2011-10-04 00:00:00',166,'2011-10-04 16:21:51',162),(742,'2011-10-04',6,NULL,174,'2011-10-04 16:22:31',175,'2011-10-04 00:00:00',187,'2011-10-04 16:22:31',162),(743,'2011-10-04',6,NULL,174,'2011-10-04 16:23:14',175,'2011-10-04 00:00:00',184,'2011-10-04 16:23:14',162),(744,'2011-10-04',6,NULL,174,'2011-10-04 16:24:03',175,'2011-10-04 00:00:00',161,'2011-10-04 16:24:03',162),(745,'2011-10-04',6,NULL,174,'2011-10-04 16:24:47',175,'2011-10-04 00:00:00',151,'2011-10-04 16:24:47',162),(746,'2011-10-04',6,NULL,174,'2011-10-04 16:25:34',175,'2011-10-04 00:00:00',211,'2011-10-04 16:25:34',162),(747,'2011-10-04',6,NULL,174,'2011-10-04 16:26:21',175,'2011-10-04 00:00:00',179,'2011-10-04 16:26:21',162),(748,'2011-10-04',6,NULL,174,'2011-10-04 16:27:04',175,'2011-10-04 00:00:00',157,'2011-10-04 16:27:04',162),(749,'2011-10-03',6,NULL,174,'2011-10-04 16:15:26',175,'2011-10-03 00:00:00',134,'2011-10-04 16:15:26',162),(750,'2011-10-04',6,NULL,174,'2011-10-04 16:27:55',175,'2011-10-04 00:00:00',133,'2011-10-04 16:27:55',162),(751,'2011-10-04',6,NULL,174,'2011-10-05 07:17:56',175,'2011-10-04 00:00:00',135,'2011-10-05 07:17:56',162),(752,'2011-10-04',6,NULL,174,'2011-10-05 07:17:17',175,'2011-10-04 00:00:00',135,'2011-10-05 07:17:17',162),(753,'2011-10-04',6,NULL,174,'2011-10-05 07:16:39',175,'2011-10-04 00:00:00',154,'2011-10-05 07:16:39',162),(754,'2011-10-04',6,NULL,174,'2011-10-05 07:15:59',175,'2011-10-04 00:00:00',124,'2011-10-05 07:15:59',162),(755,'2011-10-04',6,NULL,174,'2011-10-05 07:14:46',175,'2011-10-04 00:00:00',148,'2011-10-05 07:14:46',162),(756,'2011-10-04',6,NULL,174,'2011-10-05 07:13:59',175,'2011-10-04 00:00:00',134,'2011-10-05 07:13:59',162),(757,'2011-10-04',6,NULL,174,'2011-10-05 07:13:09',175,'2011-10-04 00:00:00',130,'2011-10-05 07:13:09',162),(758,'2011-10-04',6,NULL,174,'2011-10-05 07:12:16',175,'2011-10-04 00:00:00',149,'2011-10-05 07:12:16',162),(759,'2011-10-04',6,NULL,174,'2011-10-05 07:11:26',175,'2011-10-04 00:00:00',144,'2011-10-05 07:11:26',162),(760,'2011-10-04',6,NULL,174,'2011-10-05 07:10:46',175,'2011-10-04 00:00:00',183,'2011-10-05 07:10:46',162),(761,'2011-10-05',6,NULL,174,'2011-10-05 19:14:53',175,'2011-10-05 00:00:00',198,'2011-10-05 19:14:53',162),(762,'2011-10-05',6,NULL,174,'2011-10-05 19:13:24',175,'2011-10-05 00:00:00',190,'2011-10-05 19:13:24',162),(763,'2011-10-05',6,NULL,174,'2011-10-05 19:12:03',175,'2011-10-05 00:00:00',166,'2011-10-05 19:12:03',162),(764,'2011-10-05',4,NULL,174,'2011-10-05 19:10:23',175,'2011-10-05 00:00:00',193,'2011-10-05 19:10:23',162),(765,'2011-10-04',6,NULL,174,'2011-10-05 12:16:17',175,'2011-10-04 00:00:00',206,'2011-10-05 12:16:17',162),(766,'2011-10-05',6,NULL,NULL,'2011-10-05 19:08:13',175,'2011-10-05 00:00:00',118,'2011-10-05 19:08:13',162),(767,'2011-10-05',6,NULL,174,'2011-10-05 19:06:14',175,'2011-10-05 00:00:00',122,'2011-10-05 19:06:14',162),(768,'2011-10-05',4,NULL,174,'2011-10-05 19:04:49',175,'2011-10-05 00:00:00',140,'2011-10-07 12:12:21',140),(769,'2011-10-05',6,NULL,174,'2011-10-05 21:28:47',175,'2011-10-05 00:00:00',210,'2011-10-05 21:28:47',162),(770,'2011-10-05',6,NULL,174,'2011-10-05 16:14:32',175,'2011-10-05 00:00:00',209,'2011-10-05 16:14:32',162),(771,'2011-10-05',6,NULL,174,'2011-10-05 16:12:57',175,'2011-10-05 00:00:00',186,'2011-10-05 16:12:57',162),(772,'2011-10-05',6,NULL,174,'2011-10-05 16:11:58',175,'2011-10-05 00:00:00',200,'2011-10-05 16:11:58',162),(773,'2011-10-05',6,NULL,174,'2011-10-05 16:09:45',175,'2011-10-05 00:00:00',151,'2011-10-06 13:29:31',151),(774,'2011-10-04',6,NULL,174,'2011-10-05 15:52:07',175,'2011-10-04 00:00:00',147,'2011-10-05 15:52:07',162),(775,'2011-10-03',4,NULL,174,NULL,175,'2011-10-03 00:00:00',147,'2011-10-03 00:00:00',0),(776,'2011-10-05',6,NULL,174,'2011-10-05 16:08:45',175,'2011-10-05 00:00:00',168,'2011-10-05 16:08:45',162),(777,'2011-10-05',6,NULL,174,'2011-10-05 16:07:34',175,'2011-10-05 00:00:00',214,'2011-10-05 16:07:34',162),(778,'2011-10-05',6,NULL,NULL,'2011-10-05 16:06:26',175,'2011-10-05 00:00:00',164,'2011-10-05 16:06:26',162),(779,'2011-10-05',6,NULL,174,'2011-10-05 16:05:41',175,'2011-10-05 00:00:00',132,'2011-10-05 16:05:41',162),(780,'2011-10-05',6,NULL,NULL,'2011-10-05 16:04:59',175,'2011-10-05 00:00:00',127,'2011-10-05 16:04:59',162),(781,'2011-10-05',6,NULL,174,'2011-10-05 16:04:09',175,'2011-10-05 00:00:00',199,'2011-10-05 16:04:09',162),(782,'2011-10-05',6,NULL,174,'2011-10-05 16:03:21',175,'2011-10-05 00:00:00',148,'2011-10-05 16:03:21',162),(783,'2011-10-05',6,NULL,174,'2011-10-05 16:00:32',175,'2011-10-05 00:00:00',158,'2011-10-05 16:00:32',162),(784,'2011-10-05',4,NULL,174,'2011-10-05 15:59:23',175,'2011-10-05 00:00:00',117,'2011-10-05 15:59:23',162),(785,'2011-10-05',6,NULL,174,'2011-10-05 21:27:03',175,'2011-10-05 00:00:00',138,'2011-10-05 21:27:03',162),(786,'2011-10-05',6,NULL,174,'2011-10-05 15:50:22',175,'2011-10-05 00:00:00',160,'2011-10-05 15:50:22',162),(787,'2011-10-05',6,NULL,174,'2011-10-05 15:49:21',175,'2011-10-05 00:00:00',183,'2011-10-05 15:49:21',162),(788,'2011-10-05',6,NULL,174,'2011-10-05 15:48:10',175,'2011-10-05 00:00:00',161,'2011-10-05 15:48:10',162),(789,'2011-10-05',6,NULL,174,'2011-10-05 15:47:17',175,'2011-10-05 00:00:00',146,'2011-10-05 15:47:17',162),(790,'2011-10-05',6,NULL,174,'2011-10-05 15:46:32',175,'2011-10-05 00:00:00',133,'2011-10-05 15:46:32',162),(791,'2011-10-05',6,NULL,174,'2011-10-05 19:03:12',175,'2011-10-05 00:00:00',156,'2011-10-05 19:03:12',162),(792,'2011-10-05',6,NULL,174,'2011-10-05 19:02:32',175,'2011-10-05 00:00:00',123,'2011-10-05 19:02:32',162),(793,'2011-10-05',6,NULL,174,'2011-10-05 19:01:45',175,'2011-10-05 00:00:00',180,'2011-10-05 19:01:45',162),(794,'2011-10-06',4,NULL,174,'2011-10-06 15:51:52',175,'2011-10-06 00:00:00',204,'2011-10-06 15:51:52',162),(795,'2011-10-06',6,NULL,174,'2011-10-06 15:46:00',175,'2011-10-06 00:00:00',190,'2011-10-06 15:46:00',162),(796,'2011-10-06',6,NULL,174,'2011-10-06 15:44:04',175,'2011-10-06 00:00:00',198,'2011-10-06 15:44:04',162),(797,'2011-10-06',6,NULL,174,'2011-10-06 15:38:21',175,'2011-10-06 00:00:00',202,'2011-10-06 15:38:21',162),(798,'2011-10-06',6,NULL,174,'2011-10-06 15:30:52',175,'2011-10-06 00:00:00',167,'2011-10-06 15:30:52',162),(799,'2011-10-04',6,NULL,174,'2011-10-06 15:50:19',175,'2011-10-04 00:00:00',167,'2011-10-06 15:50:19',162),(800,'2011-10-06',6,NULL,174,'2011-10-06 15:29:01',175,'2011-10-06 00:00:00',214,'2011-10-06 15:31:41',214),(801,'2011-10-06',6,NULL,174,'2011-10-06 15:28:08',175,'2011-10-06 00:00:00',150,'2011-10-06 15:28:08',162),(802,'2011-10-06',6,NULL,174,'2011-10-06 15:27:12',175,'2011-10-05 00:00:00',126,'2011-10-06 15:27:12',162),(803,'2011-10-06',6,NULL,174,'2011-10-06 15:25:53',175,'2011-10-06 00:00:00',160,'2011-10-06 15:25:53',162),(804,'2011-10-06',6,NULL,174,'2011-10-06 15:24:59',175,'2011-10-06 00:00:00',158,'2011-10-06 15:24:59',162),(805,'2011-10-06',6,NULL,174,'2011-10-06 15:21:41',175,'2011-10-06 00:00:00',133,'2011-10-06 15:21:41',162),(806,'2011-10-06',6,NULL,174,'2011-10-06 14:40:04',175,'2011-10-06 00:00:00',200,'2011-10-06 14:40:04',162),(807,'2011-10-06',6,NULL,174,'2011-10-06 14:39:22',175,'2011-10-06 00:00:00',117,'2011-10-06 14:39:22',162),(808,'2011-10-05',6,NULL,174,'2011-10-07 09:11:04',175,'2011-10-05 00:00:00',142,'2011-10-07 09:11:04',162),(809,'2011-10-06',6,NULL,174,'2011-10-06 14:38:33',175,'2011-10-06 00:00:00',185,'2011-10-06 15:52:56',185),(810,'2011-10-06',6,NULL,174,'2011-10-06 14:37:52',175,'2011-10-06 00:00:00',186,'2011-10-06 15:35:07',186),(811,'2011-10-06',6,NULL,NULL,'2011-10-06 14:37:07',175,'2011-10-06 00:00:00',174,'2011-10-06 15:43:35',174),(812,'2011-10-06',6,NULL,174,'2011-10-06 14:36:20',175,'2011-10-06 00:00:00',179,'2011-10-06 14:36:20',162),(813,'2011-10-06',6,NULL,174,'2011-10-06 14:33:58',175,'2011-10-06 00:00:00',199,'2011-10-06 15:58:59',199),(814,'2011-10-06',6,NULL,NULL,'2011-10-06 15:23:48',175,'2011-10-06 00:00:00',127,'2011-10-06 15:23:48',162),(815,'2011-10-06',6,NULL,174,'2011-10-06 15:23:09',175,'2011-10-06 00:00:00',132,'2011-10-06 15:46:50',132),(816,'2011-10-06',6,NULL,174,'2011-10-06 15:22:25',175,'2011-10-06 00:00:00',147,'2011-10-06 15:22:25',162),(817,'2011-10-06',6,NULL,174,'2011-10-06 15:40:32',175,'2011-10-06 00:00:00',168,'2011-10-06 15:40:32',162),(818,'2011-10-06',6,NULL,174,'2011-10-06 15:39:49',175,'2011-10-06 00:00:00',130,'2011-10-06 15:39:49',162),(819,'2011-10-06',6,NULL,174,'2011-10-06 15:39:09',175,'2011-10-06 00:00:00',148,'2011-10-06 15:39:09',162),(820,'2011-10-06',6,NULL,174,'2011-10-06 15:42:02',175,'2011-10-06 00:00:00',116,'2011-10-06 15:42:02',162),(821,'2011-10-06',6,NULL,174,'2011-10-06 15:41:19',175,'2011-10-06 00:00:00',180,'2011-10-06 15:41:19',162),(822,'2011-10-06',6,NULL,174,'2011-10-06 15:46:51',175,'2011-10-06 00:00:00',193,'2011-10-06 15:46:51',162),(823,'2011-10-06',6,NULL,174,'2011-10-06 18:44:50',175,'2011-10-06 00:00:00',140,'2011-10-06 18:44:50',162),(824,'2011-10-06',6,NULL,174,'2011-10-06 18:44:05',175,'2011-10-06 00:00:00',176,'2011-10-06 18:44:05',162),(825,'2011-10-06',6,NULL,174,'2011-10-06 18:43:08',175,'2011-10-06 00:00:00',145,'2011-10-06 18:43:08',162),(826,'2011-10-06',6,NULL,NULL,'2011-10-07 09:09:16',175,'2011-10-06 00:00:00',175,'2011-10-07 09:09:16',162),(827,'2011-10-06',6,NULL,174,'2011-10-07 13:12:09',175,'2011-10-06 00:00:00',135,'2011-10-07 13:12:09',162),(828,'2011-10-07',6,NULL,174,'2011-10-07 13:10:35',175,'2011-10-06 00:00:00',161,'2011-10-07 13:10:35',162),(829,'2011-10-07',6,NULL,174,'2011-10-07 13:09:50',175,'2011-10-07 00:00:00',188,'2011-10-07 13:09:50',162),(830,'2011-10-07',6,NULL,174,'2011-10-07 13:08:06',175,'2011-10-07 00:00:00',160,'2011-10-10 10:25:02',160),(831,'2011-10-07',6,NULL,174,'2011-10-07 13:07:11',175,'2011-10-07 00:00:00',169,'2011-10-10 09:51:44',169),(832,'2011-10-07',6,NULL,174,'2011-10-07 13:06:27',175,'2011-10-07 00:00:00',178,'2011-10-10 10:09:30',178),(833,'2011-10-07',6,NULL,174,'2011-10-07 13:05:40',175,'2011-10-07 00:00:00',204,'2011-10-07 13:05:40',162),(834,'2011-10-07',6,NULL,174,'2011-10-07 13:04:50',175,'2011-10-07 00:00:00',186,'2011-10-10 10:23:50',186),(835,'2011-10-07',6,NULL,174,'2011-10-07 13:04:06',175,'2011-10-07 00:00:00',124,'2011-10-07 13:04:06',162),(836,'2011-10-07',6,NULL,174,'2011-10-07 13:03:20',175,'2011-10-07 00:00:00',200,'2011-10-10 09:58:46',200),(837,'2011-10-07',6,NULL,174,'2011-10-07 13:02:27',175,'2011-10-07 00:00:00',122,'2011-10-07 13:55:05',122),(838,'2011-10-07',6,NULL,174,'2011-10-07 13:01:41',175,'2011-10-07 00:00:00',193,'2011-10-07 13:01:41',162),(839,'2011-10-07',6,NULL,NULL,'2011-10-07 13:00:52',175,'2011-10-07 00:00:00',174,'2011-10-07 13:00:52',162),(840,'2011-10-07',6,NULL,174,'2011-10-07 13:00:04',175,'2011-10-07 00:00:00',136,'2011-10-07 13:00:04',162),(841,'2011-10-07',6,NULL,174,'2011-10-07 12:59:23',175,'2011-10-07 00:00:00',116,'2011-10-10 13:52:48',116),(842,'2011-10-06',6,NULL,174,'2011-10-07 13:11:22',175,'2011-10-06 00:00:00',129,'2011-10-07 13:11:22',162),(843,'2011-10-07',6,NULL,174,'2011-10-07 12:58:35',175,'2011-10-07 00:00:00',154,'2011-10-07 12:58:35',162),(844,'2011-10-07',6,NULL,174,'2011-10-07 13:59:55',175,'2011-10-07 00:00:00',199,'2011-10-10 10:12:31',199),(845,'2011-10-07',6,NULL,174,'2011-10-07 13:59:11',175,'2011-10-07 00:00:00',117,'2011-10-07 13:59:11',162),(846,'2011-10-07',6,NULL,174,'2011-10-07 13:58:24',175,'2011-10-07 00:00:00',158,'2011-10-07 13:58:24',162),(847,'2011-10-07',6,NULL,174,'2011-10-07 13:57:43',175,'2011-10-07 00:00:00',140,'2011-10-07 13:57:43',162),(848,'2011-10-07',6,NULL,174,'2011-10-07 14:11:08',175,'2011-10-07 00:00:00',185,'2011-10-07 14:11:08',162),(849,'2011-10-07',6,NULL,174,'2011-10-07 14:10:26',175,'2011-10-07 00:00:00',214,'2011-10-10 11:13:06',214),(850,'2011-10-07',6,NULL,174,'2011-10-07 14:14:06',175,'2011-10-07 00:00:00',176,'2011-10-07 14:14:06',162),(851,'2011-10-07',6,NULL,NULL,'2011-10-10 11:35:07',175,'2011-10-07 00:00:00',143,'2011-10-10 11:35:07',162),(852,'2011-10-07',6,NULL,174,'2011-10-10 11:17:15',175,'2011-10-07 00:00:00',166,'2011-10-10 11:17:15',162),(853,'2011-10-07',6,NULL,NULL,'2011-10-10 11:16:22',175,'2011-10-07 00:00:00',164,'2011-10-10 11:16:22',162),(854,'2011-10-07',6,NULL,NULL,'2011-10-10 11:14:45',175,'2011-10-07 00:00:00',175,'2011-10-10 11:14:45',162),(855,'2011-10-07',6,NULL,174,'2011-10-10 11:13:51',175,'2011-10-07 00:00:00',144,'2011-10-10 11:13:51',162),(856,'2011-10-07',6,NULL,174,'2011-10-10 11:13:09',175,'2011-10-07 00:00:00',148,'2011-10-10 11:13:09',162),(857,'2011-10-07',6,NULL,174,'2011-10-10 11:12:23',175,'2011-10-07 00:00:00',156,'2011-10-10 11:12:23',162),(858,'2011-10-07',6,NULL,174,'2011-10-10 11:15:28',175,'2011-10-07 00:00:00',129,'2011-10-10 11:15:28',162),(859,'2011-10-10',6,NULL,174,'2011-10-10 11:24:56',175,'2011-10-10 00:00:00',187,'2011-10-10 11:24:56',162),(860,'2011-10-10',6,NULL,174,'2011-10-10 11:33:34',175,'2011-10-10 00:00:00',211,'2011-10-10 11:33:34',162),(861,'2011-10-10',6,NULL,174,'2011-10-10 11:32:18',175,'2011-10-10 00:00:00',139,'2011-10-10 11:32:18',162),(862,'2011-10-10',6,NULL,174,'2011-10-10 11:25:42',175,'2011-10-10 00:00:00',158,'2011-10-11 10:56:07',158),(863,'2011-10-10',6,NULL,174,'2011-10-10 11:29:11',175,'2011-10-10 00:00:00',151,'2011-10-10 11:29:11',162),(864,'2011-10-10',4,NULL,NULL,'2011-10-10 11:30:49',175,'2011-10-10 00:00:00',164,'2011-10-10 15:57:23',164),(865,'2011-10-10',6,NULL,174,'2011-10-10 11:31:33',175,'2011-10-10 00:00:00',168,'2011-10-10 11:31:33',162),(866,'2011-10-10',6,NULL,174,'2011-10-10 11:34:18',175,'2011-10-10 00:00:00',125,'2011-10-10 11:34:18',162),(867,'2011-10-10',6,NULL,174,'2011-10-10 14:07:20',175,'2011-10-10 00:00:00',205,'2011-10-10 14:07:20',162),(868,'2011-10-10',6,NULL,174,'2011-10-10 14:06:37',175,'2011-10-10 00:00:00',163,'2011-10-10 14:06:37',162),(869,'2011-10-10',6,NULL,174,'2011-10-10 14:05:51',175,'2011-10-10 00:00:00',204,'2011-10-10 14:05:51',162),(870,'2011-10-10',6,NULL,174,'2011-10-10 14:05:02',175,'2011-10-10 00:00:00',184,'2011-10-10 14:05:02',162),(871,'2011-10-10',6,NULL,174,'2011-10-10 14:04:19',175,'2011-10-10 00:00:00',201,'2011-10-10 14:04:19',162),(872,'2011-10-10',6,NULL,174,'2011-10-10 14:03:36',175,'2011-10-10 00:00:00',150,'2011-10-10 14:03:36',162),(873,'2011-10-10',6,NULL,174,'2011-10-10 14:01:29',175,'2011-10-10 00:00:00',186,'2011-10-10 15:00:27',186),(874,'2011-10-10',6,NULL,174,'2011-10-10 14:00:46',175,'2011-10-10 00:00:00',154,'2011-10-10 14:00:46',162),(875,'2011-10-10',6,NULL,174,'2011-10-10 14:00:03',175,'2011-10-10 00:00:00',121,'2011-10-10 14:00:03',162),(876,'2011-10-10',6,NULL,NULL,'2011-10-10 13:59:19',175,'2011-10-10 00:00:00',175,'2011-10-10 13:59:19',162),(877,'2011-10-06',4,NULL,NULL,NULL,175,'2011-10-06 00:00:00',137,'2011-10-06 00:00:00',0),(878,'2011-10-10',6,NULL,NULL,'2011-10-10 13:58:37',175,'2011-10-10 00:00:00',137,'2011-10-10 13:58:37',162),(879,'2011-10-10',6,NULL,174,'2011-10-10 15:32:47',175,'2011-10-10 00:00:00',193,'2011-10-10 15:32:47',162),(880,'2011-10-10',6,NULL,174,'2011-10-10 15:34:25',175,'2011-10-10 00:00:00',160,'2011-10-10 15:34:25',162),(881,'2011-10-10',6,NULL,174,'2011-10-10 15:02:45',175,'2011-10-10 00:00:00',192,'2011-10-10 15:02:45',162),(882,'2011-10-10',6,NULL,174,'2011-10-10 15:10:36',175,'2011-10-10 00:00:00',212,'2011-10-10 15:10:36',162),(883,'2011-10-10',6,NULL,174,'2011-10-10 15:35:17',175,'2011-10-10 00:00:00',148,'2011-10-10 15:35:17',162),(884,'2011-10-10',6,NULL,174,'2011-10-10 15:36:26',175,'2011-10-10 00:00:00',179,'2011-10-10 15:36:26',162),(885,'2011-10-10',4,NULL,174,NULL,175,'2011-10-10 00:00:00',117,'2011-10-10 00:00:00',0),(886,'2011-10-10',4,NULL,174,NULL,175,'2011-10-10 00:00:00',134,'2011-10-10 16:00:13',134),(887,'2011-10-10',4,NULL,174,NULL,175,'2011-10-10 00:00:00',147,'2011-10-10 00:00:00',0),(888,'2011-10-10',6,NULL,174,'2011-10-11 09:30:25',175,'2011-10-10 00:00:00',200,'2011-10-11 09:30:25',162),(889,'2011-10-10',6,NULL,174,'2011-10-11 08:33:06',175,'2011-10-10 00:00:00',138,'2011-10-11 08:33:06',162),(890,'2011-10-10',6,NULL,174,'2011-10-11 08:27:36',175,'2011-10-10 00:00:00',199,'2011-10-11 08:27:36',162),(891,'2011-10-10',6,NULL,174,'2011-10-11 08:25:25',175,'2011-10-10 00:00:00',146,'2011-10-11 08:25:25',162),(892,'2011-10-11',4,NULL,174,NULL,175,'2011-10-11 00:00:00',211,'2011-10-11 00:00:00',0),(893,'2011-10-11',4,NULL,NULL,NULL,175,'2011-10-11 00:00:00',164,'2011-10-11 00:00:00',0),(894,'2011-10-11',4,NULL,174,NULL,175,'2011-10-11 00:00:00',148,'2011-10-11 00:00:00',0),(895,'2011-10-11',4,NULL,174,NULL,175,'2011-10-11 00:00:00',136,'2011-10-11 00:00:00',0),(896,'2011-10-10',4,NULL,NULL,NULL,175,'2011-10-10 00:00:00',143,'2011-10-10 00:00:00',0),(897,'2011-10-11',4,NULL,174,NULL,175,'2011-10-11 00:00:00',142,'2011-10-11 00:00:00',0),(898,'2011-10-11',4,NULL,174,NULL,175,'2011-10-11 00:00:00',163,'2011-10-11 00:00:00',0),(899,'2011-10-06',4,NULL,174,NULL,175,'2011-10-06 00:00:00',187,'2011-10-06 00:00:00',0),(900,'2011-10-11',4,NULL,174,NULL,175,'2011-10-11 00:00:00',217,'2011-10-11 00:00:00',0),(901,'2011-10-11',4,NULL,NULL,NULL,175,'2011-10-11 00:00:00',175,'2011-10-12 10:26:09',175),(902,'2011-10-11',4,NULL,174,NULL,175,'2011-10-11 00:00:00',168,'2011-10-11 00:00:00',0),(903,'2011-10-11',4,NULL,174,NULL,175,'2011-10-11 00:00:00',200,'2011-10-11 16:18:05',200),(904,'2011-10-11',4,NULL,174,NULL,175,'2011-10-11 00:00:00',186,'2011-10-11 00:00:00',0),(905,'2011-10-11',4,NULL,174,NULL,175,'2011-10-11 00:00:00',193,'2011-10-11 00:00:00',0),(906,'2011-10-11',4,NULL,174,NULL,175,'2011-10-11 00:00:00',166,'2011-10-11 00:00:00',0),(907,'2011-10-11',4,NULL,174,NULL,175,'2011-10-11 00:00:00',184,'2011-10-11 00:00:00',0),(908,'2011-10-11',4,NULL,174,NULL,175,'2011-10-11 00:00:00',141,'2011-10-11 00:00:00',0),(909,'2011-10-11',4,NULL,174,NULL,175,'2011-10-11 00:00:00',139,'2011-10-11 00:00:00',0),(910,'2011-10-11',4,NULL,174,NULL,175,'2011-10-11 00:00:00',160,'2011-10-11 00:00:00',0),(911,'2011-10-11',4,NULL,174,NULL,175,'2011-10-11 00:00:00',151,'2011-10-11 00:00:00',0),(912,'2011-10-11',4,NULL,174,NULL,175,'2011-10-11 00:00:00',158,'2011-10-11 00:00:00',0),(913,'2011-10-11',4,NULL,174,NULL,175,'2011-10-10 00:00:00',145,'2011-10-11 14:13:23',145),(914,'2011-10-11',4,NULL,174,NULL,175,'2011-10-11 00:00:00',199,'2011-10-11 00:00:00',0),(915,'2011-10-11',4,NULL,174,NULL,175,'2011-10-11 00:00:00',154,'2011-10-11 00:00:00',0),(916,'2011-10-11',4,NULL,174,NULL,175,'2011-10-11 00:00:00',151,'2011-10-11 00:00:00',0),(917,'2011-10-11',4,NULL,174,NULL,175,'2011-10-11 00:00:00',147,'2011-10-11 00:00:00',0),(918,'2011-10-11',4,NULL,174,NULL,175,'2011-10-11 00:00:00',149,'2011-10-11 00:00:00',0),(919,'2011-10-11',4,NULL,174,NULL,175,'2011-10-11 00:00:00',179,'2011-10-11 00:00:00',0),(920,'2011-10-11',4,NULL,174,NULL,175,'2011-10-11 00:00:00',157,'2011-10-11 00:00:00',0),(921,'2011-10-11',4,NULL,174,NULL,175,'2011-10-11 00:00:00',167,'2011-10-11 00:00:00',0),(922,'2011-10-11',4,NULL,174,NULL,175,'2011-10-11 00:00:00',155,'2011-10-11 00:00:00',0),(923,'2011-10-11',4,NULL,174,NULL,175,'2011-10-11 00:00:00',134,'2011-10-11 00:00:00',0),(924,'2011-10-11',4,NULL,174,NULL,175,'2011-10-11 00:00:00',135,'2011-10-11 00:00:00',0),(925,'2011-10-12',4,NULL,174,NULL,175,'2011-10-12 00:00:00',142,'2011-10-12 00:00:00',0),(926,'2011-10-12',4,NULL,174,NULL,175,'2011-10-12 00:00:00',190,'2011-10-12 00:00:00',0),(927,'2011-10-12',4,NULL,174,NULL,175,'2011-10-12 00:00:00',141,'2011-10-12 00:00:00',0),(928,'2011-10-12',4,NULL,174,NULL,175,'2011-10-12 00:00:00',140,'2011-10-12 00:00:00',0),(929,'2011-10-12',4,NULL,174,NULL,175,'2011-10-12 00:00:00',151,'2011-10-12 00:00:00',0),(930,'2011-10-12',4,NULL,174,NULL,175,'2011-10-12 00:00:00',193,'2011-10-12 00:00:00',0),(931,'2011-10-12',4,NULL,174,NULL,175,'2011-10-12 00:00:00',163,'2011-10-12 00:00:00',0),(932,'2011-10-12',4,NULL,174,NULL,175,'2011-10-12 00:00:00',204,'2011-10-12 00:00:00',0),(933,'2011-10-12',4,NULL,174,NULL,175,'2011-10-12 00:00:00',166,'2011-10-12 00:00:00',0);
/*!40000 ALTER TABLE `act_lists` ENABLE KEYS */;
UNLOCK TABLES;

--
-- Table structure for table `activities`
--

DROP TABLE IF EXISTS `activities`;
SET @saved_cs_client     = @@character_set_client;
SET character_set_client = utf8;
CREATE TABLE `activities` (
  `id` int(11) NOT NULL auto_increment,
  `position_id` int(11) NOT NULL,
  `name` varchar(255) NOT NULL,
  `special` int(1) default '0',
  PRIMARY KEY  (`id`),
  KEY `position_id` (`position_id`)
) ENGINE=MyISAM AUTO_INCREMENT=883 DEFAULT CHARSET=latin1;
SET character_set_client = @saved_cs_client;

--
-- Dumping data for table `activities`
--

LOCK TABLES `activities` WRITE;
/*!40000 ALTER TABLE `activities` DISABLE KEYS */;
INSERT INTO `activities` VALUES (805,170,'Mengikuti pendidikan sekolah dan memperoleh gelar/sebutan/ijazah/akta',0),(806,170,'Mengikuti pendidikan sekolah dan memperoleh gelar/sebutan/ijazah/akta tambahan yang setingkat atau lebih tinggi di luar bidang ilmunya',0),(807,170,'Mengikuti pendidikan sekolah dan pelatihan fungsional dosen dan memperoleh surat tanda tamat pendidikan dan pelatihan (STTPL)',0),(825,171,'Mengikuti pendidikan sekolah dan memperoleh gelar/sebutan/ijazah/akta',0),(818,173,'Mengikuti pendidikan sekolah dan memperoleh gelar/sebutan/ijazah/akta tambahan yang setingkat atau lebih tinggi di luar bidang ilmunya',0),(819,171,'Mengikuti pendidikan sekolah dan pelatihan fungsional dosen dan memperoleh surat tanda tamat pendidikan dan pelatihan (STTPL)',0),(808,170,'Melaksanakan perkuliahan/toturial dan membimbing, menguji serta menyelenggarakan pendidikan di laboratorium, praktek keguruan, bengkel/studio/kebon percobaan/teknologi pengajaran di lapangan',1),(812,170,'Mengikuti pendidikan sekolah dan memperoleh gelar/sebutan/ijazah/akta',0),(813,171,'Mengikuti pendidikan sekolah dan memperoleh gelar/sebutan/ijazah/akta',0),(814,172,'Mengikuti pendidikan sekolah dan memperoleh gelar/sebutan/ijazah/akta',0),(824,173,'Melaksanakan perkuliahan/toturial dan membimbing, menguji serta menyelenggarakan pendidikan di laboratorium, praktek keguruan, bengkel/studio/kebon percobaan/teknologi pengajaran di lapangan',1),(823,172,'Melaksanakan perkuliahan/toturial dan membimbing, menguji serta menyelenggarakan pendidikan di laboratorium, praktek keguruan, bengkel/studio/kebon percobaan/teknologi pengajaran di lapangan',1),(822,171,'Melaksanakan perkuliahan/toturial dan membimbing, menguji serta menyelenggarakan pendidikan di laboratorium, praktek keguruan, bengkel/studio/kebon percobaan/teknologi pengajaran di lapangan',1),(821,173,'Mengikuti pendidikan sekolah dan pelatihan fungsional dosen dan memperoleh surat tanda tamat pendidikan dan pelatihan (STTPL)',0),(820,172,'Mengikuti pendidikan sekolah dan pelatihan fungsional dosen dan memperoleh surat tanda tamat pendidikan dan pelatihan (STTPL)',0),(817,172,'Mengikuti pendidikan sekolah dan memperoleh gelar/sebutan/ijazah/akta tambahan yang setingkat atau lebih tinggi di luar bidang ilmunya',0),(816,171,'Mengikuti pendidikan sekolah dan memperoleh gelar/sebutan/ijazah/akta tambahan yang setingkat atau lebih tinggi di luar bidang ilmunya',0),(815,173,'Mengikuti pendidikan sekolah dan memperoleh gelar/sebutan/ijazah/akta',0),(811,170,'Membimbing dan ikut membimbing dalam menghasilkan laporan akhir studi/skripsi/thesis/disertasi',0),(809,170,'Membimbing Seminar Mahasiswa',0),(810,170,'Membimbing kuliah kerja nyata (KKN), praktek kerja nyata (KPN), dan praktek kerja lapangan (PKL)',0),(826,172,'Mengikuti pendidikan sekolah dan memperoleh gelar/sebutan/ijazah/akta',0),(827,173,'Mengikuti pendidikan sekolah dan memperoleh gelar/sebutan/ijazah/akta',0),(828,171,'Membimbing dan ikut membimbing dalam menghasilkan laporan akhir studi/skripsi/thesis/disertasi',0),(829,172,'Membimbing dan ikut membimbing dalam menghasilkan laporan akhir studi/skripsi/thesis/disertasi',0),(830,173,'Membimbing dan ikut membimbing dalam menghasilkan laporan akhir studi/skripsi/thesis/disertasi',0),(831,171,'Membimbing Seminar Mahasiswa',0),(832,172,'Membimbing Seminar Mahasiswa',0),(833,173,'Membimbing Seminar Mahasiswa',0),(834,171,'Membimbing kuliah kerja nyata (KKN), praktek kerja nyata (KPN), dan praktek kerja lapangan (PKL)',0),(835,172,'Membimbing kuliah kerja nyata (KKN), praktek kerja nyata (KPN), dan praktek kerja lapangan (PKL)',0),(836,173,'Membimbing kuliah kerja nyata (KKN), praktek kerja nyata (KPN), dan praktek kerja lapangan (PKL)',0),(837,170,'Membina kegiatan mahasiswa di bidang akademik dan kemahasiswaan',0),(838,171,'Membina kegiatan mahasiswa di bidang akademik dan kemahasiswaan',0),(839,172,'Membina kegiatan mahasiswa di bidang akademik dan kemahasiswaan',0),(840,173,'Membina kegiatan mahasiswa di bidang akademik dan kemahasiswaan',0),(841,170,'Mengembangkan program kuliah',0),(842,171,'Mengembangkan program kuliah',0),(843,172,'Mengembangkan program kuliah',0),(844,173,'Mengembangkan program kuliah',0),(845,170,'Mengembangkan bahan pengajaran',0),(846,171,'Mengembangkan bahan pengajaran',0),(847,172,'Mengembangkan bahan pengajaran',0),(848,173,'Mengembangkan bahan pengajaran',0),(849,170,'Menyampaikan orasi ilmiah',0),(850,171,'Menyampaikan orasi ilmiah',0),(851,172,'Menyampaikan orasi ilmiah',0),(852,173,'Menyampaikan orasi ilmiah',0),(853,170,'MENDUDUKI JABATAN PIMPINAN PERGURUAN TINGGI',0),(854,171,'MENDUDUKI JABATAN PIMPINAN PERGURUAN TINGGI',0),(855,172,'MENDUDUKI JABATAN PIMPINAN PERGURUAN TINGGI',0),(856,173,'MENDUDUKI JABATAN PIMPINAN PERGURUAN TINGGI',0),(857,170,'Membimbing dosen yang lebih rendah jabatan fungsionalnya',0),(858,171,'Membimbing dosen yang lebih rendah jabatan fungsionalnya',0),(859,172,'Membimbing dosen yang lebih rendah jabatan fungsionalnya',0),(860,173,'Membimbing dosen yang lebih rendah jabatan fungsionalnya',0),(861,170,'Melaksanakan kegiatan datasering dan pencangkokan Dosen',0),(862,171,'Melaksanakan kegiatan datasering dan pencangkokan Dosen',0),(863,172,'Melaksanakan kegiatan datasering dan pencangkokan Dosen',0),(864,173,'Melaksanakan kegiatan datasering dan pencangkokan Dosen',0),(865,170,'Menghasilkan karya ilmiah',0),(866,171,'Menghasilkan karya ilmiah',0),(867,172,'Menghasilkan karya ilmiah',0),(868,173,'Menghasilkan karya ilmiah',0),(869,170,'Menerjemahkan/menyadur buku ilmiah',0),(870,171,'Menerjemahkan/menyadur buku ilmiah',0),(871,172,'Menerjemahkan/menyadur buku ilmiah',0),(872,173,'Menerjemahkan/menyadur buku ilmiah',0),(873,170,'Mengedit/menyunting karya ilmiah',0),(874,171,'Mengedit/menyunting karya ilmiah',0),(875,172,'Mengedit/menyunting karya ilmiah',0),(876,173,'Mengedit/menyunting karya ilmiah',0),(877,174,'Mengikuti pendidikan sekolah dan memperoleh gelar/sebutan/ijazah/akta',0),(878,174,'Mengikuti pendidikan sekolah dan memperoleh gelar/sebutan/ijazah/akta tambahan yang setingkat atau lebih tinggi di luar bidang ilmunya',0),(879,174,'Mengikuti pendidikan sekolah dan pelatihan fungsional dosen dan memperoleh surat tanda tamat pendidikan dan pelatihan (STTPL)',0),(880,174,'Melaksanakan perkuliahan/toturial dan membimbing, menguji serta menyelenggarakan pendidikan di laboratorium, praktek keguruan, bengkel/studio/kebon percobaan/teknologi pengajaran di lapangan',1),(881,174,'Mengikuti pendidikan sekolah dan memperoleh gelar/sebutan/ijazah/akta',0),(882,174,'Membimbing dan ikut membimbing dalam menghasilkan laporan akhir studi/skripsi/thesis/disertasi',0);
/*!40000 ALTER TABLE `activities` ENABLE KEYS */;
UNLOCK TABLES;

--
-- Table structure for table `cities`
--

DROP TABLE IF EXISTS `cities`;
SET @saved_cs_client     = @@character_set_client;
SET character_set_client = utf8;
CREATE TABLE `cities` (
  `id` int(11) unsigned NOT NULL auto_increment,
  `province_id` int(11) unsigned NOT NULL default '0',
  `name` varchar(60) default NULL,
  `other_name` varchar(255) default NULL,
  `created_by` varchar(30) default NULL,
  `created` datetime default NULL,
  `modified_by` varchar(30) default NULL,
  `modified` datetime default NULL,
  PRIMARY KEY  (`id`),
  KEY `province_id` (`province_id`),
  KEY `name` (`name`),
  KEY `other_name` (`other_name`)
) ENGINE=MyISAM AUTO_INCREMENT=450 DEFAULT CHARSET=latin1;
SET character_set_client = @saved_cs_client;

--
-- Dumping data for table `cities`
--

LOCK TABLES `cities` WRITE;
/*!40000 ALTER TABLE `cities` DISABLE KEYS */;
INSERT INTO `cities` VALUES (10,37,'KABUPATEN ACEH SELATAN','TAPAKTUAN',NULL,NULL,'1','2009-12-17 00:18:29'),(11,37,'KABUPATEN ACEH TENGGARA','KUTACANE',NULL,NULL,'admin','2009-06-24 10:47:44'),(12,37,'KABUPATEN ACEH TIMUR DAN KOTA LANGSA','LANGSA',NULL,NULL,NULL,NULL),(13,37,'KABUPATEN ACEH TENGAH','TAKENGON',NULL,NULL,NULL,NULL),(14,37,'KABUPATEN ACEH BARAT','MEULABOH',NULL,NULL,NULL,NULL),(15,37,'KABUPATEN ACEH BESAR','JANTHO',NULL,NULL,NULL,NULL),(16,37,'KABUPATEN PIDIE','SIGLI',NULL,NULL,NULL,NULL),(17,37,'KABUPATEN ACEH UTARA DAN KOTA LHOKSEUMAWE','LHOKSEUMAWE',NULL,NULL,NULL,NULL),(18,37,'KABUPATEN SIMEULUE','SINABANG',NULL,NULL,NULL,NULL),(19,37,'KABUPATEN ACEH SINGKIL','SINGKIL',NULL,NULL,NULL,NULL),(20,37,'KABUPATEN BIREUEN','BIREUEN',NULL,NULL,NULL,NULL),(21,37,'KABUPATEN ACEH BARAT DAYA','BLANGPIDIE',NULL,NULL,NULL,NULL),(22,37,'KABUPATEN GAYO LUES','BLANGKEJERAN',NULL,NULL,NULL,NULL),(23,37,'KABUPATEN ACEH JAYA','CALANG',NULL,NULL,NULL,NULL),(24,37,'KABUPATEN NAGAN RAYA','SUKA MAKMUE',NULL,NULL,NULL,NULL),(25,37,'KABUPATEN ACEH TAMIANG','KARANG BARU',NULL,NULL,NULL,NULL),(26,37,'KABUPATEN BENER MERIAH','SIMPANG TIGA REDELONG',NULL,NULL,NULL,NULL),(27,37,'KABUPATEN PIDIE JAYA','MEUREUDU',NULL,NULL,NULL,NULL),(28,37,'KOTA BANDA ACEH','BANDA ACEH',NULL,NULL,NULL,NULL),(29,37,'KOTA SABANG','SABANG',NULL,NULL,NULL,NULL),(30,37,'KOTA SUBULUSSALAM','SUBULUSSALAM',NULL,NULL,NULL,NULL),(31,45,'KABUPATEN TAPANULI TENGAH DAN KOTA SIBOLGA','SIBOLGA',NULL,NULL,NULL,NULL),(32,45,'KABUPATEN TAPANULI UTARA','TARUTUNG',NULL,NULL,NULL,NULL),(33,45,'KABUPATEN TAPANULI SELATAN DAN KOTA PADANG SIDEMPUAN','PADANG SIDEMPUAN',NULL,NULL,NULL,NULL),(34,45,'KABUPATEN NIAS','GUNUNGSITOLI',NULL,NULL,NULL,NULL),(35,45,'KABUPATEN LANGKAT','STABAT',NULL,NULL,NULL,NULL),(36,45,'KABUPATEN KARO','KABANJAHE',NULL,NULL,NULL,NULL),(37,45,'KABUPATEN DELI SERDANG','LUBUKPAKAM',NULL,NULL,NULL,NULL),(38,45,'KABUPATEN SIMALUNGUN DAN KOTA PEMATANG SIANTAR','PEMATANGSIANTAR',NULL,NULL,NULL,NULL),(39,45,'KABUPATEN ASAHAN','KISARAN',NULL,NULL,NULL,NULL),(40,45,'KABUPATEN LABUHANBATU SELATAN','KOTA PINANG',NULL,NULL,NULL,NULL),(41,45,'KABUPATEN LABUHANBATU UTARA','AEK KANOPAN',NULL,NULL,NULL,NULL),(42,45,'KABUPATEN LABUHANBATU','RANTAUPRAPAT',NULL,NULL,NULL,NULL),(43,45,'KABUPATEN DAIRI','SIDIKALANG',NULL,NULL,NULL,NULL),(44,45,'KABUPATEN TOBA SAMOSIR','BALIGE',NULL,NULL,NULL,NULL),(45,45,'KABUPATEN MANDAILING NATAL','PENYABUNGAN',NULL,NULL,NULL,NULL),(46,45,'KABUPATEN NIAS SELATAN','TELUK DALAM',NULL,NULL,NULL,NULL),(47,45,'KABUPATEN PAKPAK BHARAT','SALAK',NULL,NULL,NULL,NULL),(48,45,'KABUPATEN HUMBANG HASUNDUTAN','DOLOK SANGGUL',NULL,NULL,NULL,NULL),(49,45,'KABUPATEN SAMOSIR','PANGURUAN',NULL,NULL,NULL,NULL),(50,45,'KABUPATEN SERDANG BEDAGAI','SEI RAMPAH',NULL,NULL,NULL,NULL),(51,45,'KABUPATEN BATU BARA','LIMA PULUH',NULL,NULL,NULL,NULL),(52,45,'KABUPATEN PADANG LAWAS UTARA','GUNUNG TUA',NULL,NULL,NULL,NULL),(53,45,'KABUPATEN PADANG LAWAS','SIBUHUAN',NULL,NULL,NULL,NULL),(54,45,'KOTA MEDAN','MEDAN',NULL,NULL,NULL,NULL),(55,45,'KOTA TANJUNG BALAI','TANJUNG BALAI',NULL,NULL,NULL,NULL),(56,45,'KOTA BINJAI','BINJAI',NULL,NULL,NULL,NULL),(57,45,'KOTA TEBING TINGGI','TEBING TINGGI',NULL,NULL,NULL,NULL),(58,2,'KABUPATEN BENGKULU SELATAN','MANNA',NULL,NULL,NULL,NULL),(59,2,'KABUPATEN REJANG LEBONG','CURUP',NULL,NULL,NULL,NULL),(60,2,'KABUPATEN BENGKULU UTARA','ARGAMAKMUR',NULL,NULL,NULL,NULL),(61,2,'KABUPATEN KAUR','BINTUHAN',NULL,NULL,NULL,NULL),(62,2,'KABUPATEN SELUMA','TAIS',NULL,NULL,NULL,NULL),(63,2,'KABUPATEN MUKOMUKO','MUKOMUKO',NULL,NULL,NULL,NULL),(64,2,'KABUPATEN LEBONG','TUBEI',NULL,NULL,NULL,NULL),(65,2,'KABUPATEN KEPAHIANG','KEPAHIANG',NULL,NULL,NULL,NULL),(66,2,'KABUPATEN BENGKULU TENGAH','KARANG TINGGI',NULL,NULL,NULL,NULL),(67,2,'KOTA BENGKULU','BENGKULU',NULL,NULL,NULL,NULL),(68,31,'KABUPATEN KERINCI DAN KOTA SUNGAI PENUH','SUNGAIPENUH',NULL,NULL,NULL,NULL),(69,31,'KABUPATEN MERANGIN','BANGKO',NULL,NULL,NULL,NULL),(70,31,'KABUPATEN SAROLANGUN','SAROLANGUN',NULL,NULL,NULL,NULL),(71,31,'KABUPATEN BATANG HARI','MUARA BULIAN',NULL,NULL,NULL,NULL),(72,31,'KABUPATEN MUARO JAMBI','SENGETI',NULL,NULL,NULL,NULL),(73,31,'KABUPATEN TANJUNG JABUNG BARAT','KUALA TUNGKAL',NULL,NULL,NULL,NULL),(74,31,'KABUPATEN TANJUNG JABUNG TIMUR','MUARA SABAK',NULL,NULL,NULL,NULL),(75,31,'KABUPATEN BUNGO','MUARA BUNGO',NULL,NULL,NULL,NULL),(76,31,'KABUPATEN TEBO','MUARA TEBO',NULL,NULL,NULL,NULL),(77,31,'KOTA JAMBI','JAMBI',NULL,NULL,NULL,NULL),(78,42,'KABUPATEN KAMPAR','BANGKINANG',NULL,NULL,NULL,NULL),(79,42,'KABUPATEN INDRAGIRI HULU','RENGAT',NULL,NULL,NULL,NULL),(80,42,'KABUPATEN BENGKALIS','BENGKALIS',NULL,NULL,NULL,NULL),(81,42,'KABUPATEN INDRAGIRI HILIR','TEMBILAHAN',NULL,NULL,NULL,NULL),(82,42,'KABUPATEN PELALAWAN','PANGKALAN KERINCI',NULL,NULL,NULL,NULL),(83,42,'KABUPATEN ROKAN HULU','PASIR PANGARAIAN',NULL,NULL,NULL,NULL),(84,42,'KABUPATEN ROKAN HILIR','UJUNG TANJUNG',NULL,NULL,NULL,NULL),(85,42,'KABUPATEN SIAK','SIAK SRIINDRAPURA',NULL,NULL,NULL,NULL),(86,42,'KABUPATEN KUANTAN SINGINGI','TELUK KUANTAN',NULL,NULL,NULL,NULL),(87,42,'KOTA PEKANBARU','PEKANBARU',NULL,NULL,NULL,NULL),(88,42,'KOTA DUMAI','DUMAI',NULL,NULL,NULL,NULL),(89,43,'KABUPATEN PESISIR SELATAN','PAINAN',NULL,NULL,NULL,NULL),(90,43,'KABUPATEN SOLOK DAN KOTA SOLOK','SOLOK',NULL,NULL,NULL,NULL),(91,43,'KABUPATEN SIJUNJUNG','MUARO SIJUNJUNG',NULL,NULL,NULL,NULL),(92,43,'KABUPATEN TANAH DATAR','BATUSANGKAR',NULL,NULL,NULL,NULL),(93,43,'KABUPATEN PADANG PARIAMAN DAN KOTA PARIAMAN','PARIAMAN',NULL,NULL,NULL,NULL),(94,43,'KABUPATEN AGAM','LUBUKBASUNG',NULL,NULL,NULL,NULL),(95,43,'KABUPATEN LIMA PULUH KOTA DAN KOTA PAYAKUMBUH','PAYAKUMBUH',NULL,NULL,NULL,NULL),(96,43,'KABUPATEN PASAMAN','LUBUKSIKAPING',NULL,NULL,NULL,NULL),(97,43,'KABUPATEN KEPULAUAN MENTAWAI','TUA PEJAT',NULL,NULL,NULL,NULL),(98,43,'KABUPATEN DHARMASRAYA','PULAU PUNJUNG',NULL,NULL,NULL,NULL),(99,43,'KABUPATEN SOLOK SELATAN','PADANG ARO',NULL,NULL,NULL,NULL),(100,43,'KABUPATEN PASAMAN BARAT','SIMPANG EMPAT',NULL,NULL,NULL,NULL),(101,43,'KOTA PADANG','PADANG',NULL,NULL,NULL,NULL),(102,43,'KOTA SAWAHLUNTO','SAWAHLUNTO',NULL,NULL,NULL,NULL),(103,43,'KOTA PADANGPANJANG','PADANGPANJANG',NULL,NULL,NULL,NULL),(104,43,'KOTA BUKITTINGGI','BUKITTINGGI',NULL,NULL,NULL,NULL),(105,44,'KABUPATEN OGAN KOMERING ULU','BATURAJA',NULL,NULL,NULL,NULL),(106,44,'KABUPATEN OGAN KOMERING ILIR','KAYU AGUNG',NULL,NULL,NULL,NULL),(107,44,'KABUPATEN MUARA ENIM','MUARA ENIM',NULL,NULL,NULL,NULL),(108,44,'KABUPATEN LAHAT','LAHAT',NULL,NULL,NULL,NULL),(109,44,'KABUPATEN MUSI RAWAS DAN KOTA LUBUK LINGGAU','LUBUK LINGGAU',NULL,NULL,NULL,NULL),(110,44,'KABUPATEN MUSI BANYUASIN','SEKAYU',NULL,NULL,NULL,NULL),(111,44,'KABUPATEN BANYUASIN','BANYUASIN',NULL,NULL,NULL,NULL),(112,44,'KABUPATEN OGAN KOMERING ULU TIMUR','MARTAPURA',NULL,NULL,NULL,NULL),(113,44,'KABUPATEN OGAN KOMERING ULU SELATAN','MUARADUA',NULL,NULL,NULL,NULL),(114,44,'KABUPATEN OGAN ILIR','INDRALAYA',NULL,NULL,NULL,NULL),(115,44,'KABUPATEN EMPAT LAWANG','TEBING TINGGI',NULL,NULL,NULL,NULL),(116,44,'KOTA PALEMBANG','PALEMBANG',NULL,NULL,NULL,NULL),(117,44,'KOTA PAGAR ALAM','PAGAR ALAM',NULL,NULL,NULL,NULL),(118,44,'KOTA PRABUMULIH','PRABUMULIH',NULL,NULL,NULL,NULL),(119,22,'KABUPATEN LAMPUNG SELATAN','KALIANDA',NULL,NULL,NULL,NULL),(120,22,'KABUPATEN LAMPUNG TENGAH','GUNUNGSUGIH',NULL,NULL,NULL,NULL),(121,22,'KABUPATEN LAMPUNG UTARA','KOTABUMI',NULL,NULL,NULL,NULL),(122,22,'KABUPATEN LAMPUNG BARAT','LIWA',NULL,NULL,NULL,NULL),(123,22,'KABUPATEN TULANG BAWANG','MENGGALA',NULL,NULL,NULL,NULL),(124,22,'KABUPATEN TANGGAMUS','KOTAAGUNG',NULL,NULL,NULL,NULL),(125,22,'KABUPATEN LAMPUNG TIMUR','SUKADANA',NULL,NULL,NULL,NULL),(126,22,'KABUPATEN WAY KANAN','BLAMBANGAN UMPU',NULL,NULL,NULL,NULL),(127,22,'KABUPATEN PESAWARAN','GEDONG TATAAN',NULL,NULL,NULL,NULL),(128,22,'KOTA BANDAR LAMPUNG','BANDAR LAMPUNG',NULL,NULL,NULL,NULL),(129,22,'KOTA METRO','METRO',NULL,NULL,NULL,NULL),(130,1,'KABUPATEN BANGKA','SUNGAILIAT',NULL,NULL,NULL,NULL),(131,1,'KABUPATEN BELITUNG','TANJUNGPANDAN',NULL,NULL,NULL,NULL),(132,1,'KABUPATEN BANGKA SELATAN','MENTOK',NULL,NULL,NULL,NULL),(133,1,'KABUPATEN BANGKA TENGAH','KOBA',NULL,NULL,NULL,NULL),(134,1,'KABUPATEN BANGKA BARAT','TOBOALI',NULL,NULL,NULL,NULL),(135,1,'KABUPATEN BELITUNG TIMUR','MANGGAR',NULL,NULL,NULL,NULL),(136,1,'KOTA PANGKAL PINANG','PANGKAL PINANG',NULL,NULL,NULL,NULL),(137,19,'KABUPATEN BINTAN DAN KOTA TANJUNG PINANG','TANJUNGPINANG',NULL,NULL,NULL,NULL),(138,19,'KABUPATEN KARIMUN','TANJUNG BALAI KARIMUN',NULL,NULL,NULL,NULL),(139,19,'KABUPATEN NATUNA','RANAI',NULL,NULL,NULL,NULL),(140,19,'KABUPATEN LINGGA','DAIK LINGGA',NULL,NULL,NULL,NULL),(141,19,'KABUPATEN KEPULAUAN ANAMBAS','TAREMPA',NULL,NULL,NULL,NULL),(142,19,'KOTA BATAM','BATAM',NULL,NULL,NULL,NULL),(143,4,'KABUPATEN PANDEGLANG','PANDEGLANG',NULL,NULL,NULL,NULL),(144,4,'KABUPATEN LEBAK','RANGKASBITUNG',NULL,NULL,NULL,NULL),(145,4,'KABUPATEN TANGERANG DAN KOTA TANGERANG','TANGERANG',NULL,NULL,NULL,NULL),(146,4,'KABUPATEN SERANG DAN KOTA SERANG','SERANG',NULL,NULL,NULL,NULL),(147,4,'KOTA CILEGON','CILEGON',NULL,NULL,NULL,NULL),(148,11,'KABUPATEN BOGOR DAN KOTA BOGOR','CIBINONG',NULL,NULL,NULL,NULL),(149,11,'KABUPATEN SUKABUMI DAN KOTA SUKABUMI','SUKABUMI',NULL,NULL,NULL,NULL),(150,11,'KABUPATEN CIANJUR','CIANJUR',NULL,NULL,NULL,NULL),(151,11,'KABUPATEN BANDUNG DAN KOTA BANDUNG','SOREANG',NULL,NULL,NULL,NULL),(152,11,'KABUPATEN GARUT','GARUT',NULL,NULL,NULL,NULL),(153,11,'KABUPATEN TASIKMALAYA DAN KOTA TASIKMALAYA','SINGAPARNA',NULL,NULL,NULL,NULL),(154,11,'KABUPATEN CIAMIS','CIAMIS',NULL,NULL,NULL,NULL),(155,11,'KABUPATEN KUNINGAN','KUNINGAN',NULL,NULL,NULL,NULL),(156,11,'KABUPATEN CIREBON DAN KOTA CIREBON','SUMBER',NULL,NULL,NULL,NULL),(157,11,'KABUPATEN MAJALENGKA','MAJALENGKA',NULL,NULL,NULL,NULL),(158,11,'KABUPATEN SUMEDANG','SUMEDANG',NULL,NULL,NULL,NULL),(159,11,'KABUPATEN INDRAMAYU','INDRAMAYU',NULL,NULL,NULL,NULL),(160,11,'KABUPATEN SUBANG','SUBANG',NULL,NULL,NULL,NULL),(161,11,'KABUPATEN PURWAKARTA','PURWAKARTA',NULL,NULL,NULL,NULL),(162,11,'KABUPATEN KARAWANG','KARAWANG',NULL,NULL,NULL,NULL),(163,11,'KABUPATEN BEKASI DAN KOTA BEKASI','BEKASI',NULL,NULL,NULL,NULL),(164,11,'KABUPATEN BANDUNG BARAT','NGAMPRAH',NULL,NULL,NULL,NULL),(165,11,'KOTA DEPOK','DEPOK',NULL,NULL,NULL,NULL),(166,11,'KOTA CIMAHI','CIMAHI',NULL,NULL,NULL,NULL),(167,11,'KOTA BANJAR','BANJAR',NULL,NULL,NULL,NULL),(168,30,'KABUPATEN ADMINISTRASI KEPULAUAN SERIBU','PULAU PRAMUKA',NULL,NULL,NULL,NULL),(169,30,'KOTA ADMINISTRASI JAKARTA PUSAT','JAKARTA',NULL,NULL,NULL,NULL),(170,30,'KOTA ADMINISTRASI JAKARTA UTARA','JAKARTA',NULL,NULL,NULL,NULL),(171,30,'KOTA ADMINISTRASI JAKARTA BARAT','JAKARTA',NULL,NULL,NULL,NULL),(172,30,'KOTA ADMINISTRASI JAKARTA SELATAN','JAKARTA',NULL,NULL,NULL,NULL),(173,30,'KOTA ADMINISTRASI JAKARTA TIMUR','JAKARTA',NULL,NULL,NULL,NULL),(174,29,'KABUPATEN CILACAP','CILACAP',NULL,NULL,NULL,NULL),(175,29,'KABUPATEN BANYUMAS','PURWOKERTO',NULL,NULL,NULL,NULL),(176,29,'KABUPATEN PURBALINGGA','PURBALINGGA',NULL,NULL,NULL,NULL),(177,29,'KABUPATEN BANJARNEGARA','BANJARNEGARA',NULL,NULL,NULL,NULL),(178,29,'KABUPATEN KEBUMEN','KEBUMEN',NULL,NULL,NULL,NULL),(179,29,'KABUPATEN PURWOREJO','PURWOREJO',NULL,NULL,NULL,NULL),(180,29,'KABUPATEN WONOSOBO','WONOSOBO',NULL,NULL,NULL,NULL),(181,29,'KABUPATEN MAGELANG & KOTA MAGELANG','MUNGKID',NULL,NULL,NULL,NULL),(182,29,'KABUPATEN BOYOLALI','BOYOLALI',NULL,NULL,NULL,NULL),(183,29,'KABUPATEN KLATEN','KLATEN',NULL,NULL,NULL,NULL),(184,29,'KABUPATEN SUKOHARJO','SUKOHARJO',NULL,NULL,NULL,NULL),(185,29,'KABUPATEN WONOGIRI','WONOGIRI',NULL,NULL,NULL,NULL),(186,29,'KABUPATEN KARANGANYAR','KARANGANYAR',NULL,NULL,NULL,NULL),(187,29,'KABUPATEN SRAGEN','SRAGEN',NULL,NULL,NULL,NULL),(188,29,'KABUPATEN GROBOGAN','PURWODADI',NULL,NULL,NULL,NULL),(189,29,'KABUPATEN BLORA','BLORA',NULL,NULL,NULL,NULL),(190,29,'KABUPATEN REMBANG','REMBANG',NULL,NULL,NULL,NULL),(191,29,'KABUPATEN PATI','PATI',NULL,NULL,NULL,NULL),(192,29,'KABUPATEN KUDUS','KUDUS',NULL,NULL,NULL,NULL),(193,29,'KABUPATEN JEPARA','JEPARA',NULL,NULL,NULL,NULL),(194,29,'KABUPATEN DEMAK','DEMAK',NULL,NULL,NULL,NULL),(195,29,'KABUPATEN SEMARANG DAN KOTA SEMARANG','UNGARAN',NULL,NULL,NULL,NULL),(196,29,'KABUPATEN TEMANGGUNG','TEMANGGUNG',NULL,NULL,NULL,NULL),(197,29,'KABUPATEN KENDAL','KENDAL',NULL,NULL,NULL,NULL),(198,29,'KABUPATEN BATANG','BATANG',NULL,NULL,NULL,NULL),(199,29,'KABUPATEN PEKALONGAN DAN KOTA PEKALONGAN','KAJEN',NULL,NULL,NULL,NULL),(200,29,'KABUPATEN PEMALANG','PEMALANG',NULL,NULL,NULL,NULL),(201,29,'KABUPATEN TEGAL DAN KOTA TEGAL','SLAWI',NULL,NULL,NULL,NULL),(202,29,'KABUPATEN BREBES','BREBES',NULL,NULL,NULL,NULL),(203,29,'KOTA SURAKARTA','SOLO',NULL,NULL,NULL,NULL),(204,29,'KOTA SALATIGA','SALATIGA',NULL,NULL,NULL,NULL),(205,33,'KABUPATEN PACITAN','PACITAN',NULL,NULL,NULL,NULL),(206,33,'KABUPATEN PONOROGO','PONOROGO',NULL,NULL,NULL,NULL),(207,33,'KABUPATEN TRENGGALEK','TRENGGALEK',NULL,NULL,NULL,NULL),(208,33,'KABUPATEN TULUNGAGUNG','TULUNGAGUNG',NULL,NULL,NULL,NULL),(209,33,'KABUPATEN BLITAR DAN KOTA BLITAR','BLITAR',NULL,NULL,NULL,NULL),(210,33,'KABUPATEN KEDIRI DAN KOTA KEDIRI','KEDIRI',NULL,NULL,NULL,NULL),(211,33,'KABUPATEN MALANG DAN KOTA MALANG','KEPANJEN',NULL,NULL,NULL,NULL),(212,33,'KABUPATEN LUMAJANG','LUMAJANG',NULL,NULL,NULL,NULL),(213,33,'KABUPATEN JEMBER','JEMBER',NULL,NULL,NULL,NULL),(214,33,'KABUPATEN BANYUWANGI','BANYUWANGI',NULL,NULL,NULL,NULL),(215,33,'KABUPATEN BONDOWOSO','BONDOWOSO',NULL,NULL,NULL,NULL),(216,33,'KABUPATEN SITUBONDO','SITUBONDO',NULL,NULL,NULL,NULL),(217,33,'KABUPATEN PROBOLINGGO DAN KOTA PROBOLINGGO','PROBOLINGGO',NULL,NULL,NULL,NULL),(218,33,'KABUPATEN PASURUAN DAN KOTA PASURUAN','PASURUAN',NULL,NULL,NULL,NULL),(219,33,'KABUPATEN SIDOARJO','SIDOARJO',NULL,NULL,NULL,NULL),(220,33,'KABUPATEN MOJOKERTO DAN KOTA MOJOKERTO','MOJOKERTO',NULL,NULL,NULL,NULL),(221,33,'KABUPATEN JOMBANG','JOMBANG',NULL,NULL,NULL,NULL),(222,33,'KABUPATEN NGANJUK','NGANJUK',NULL,NULL,NULL,NULL),(223,33,'KABUPATEN MADIUN DAN KOTA MADIUN','MADIUN',NULL,NULL,NULL,NULL),(224,33,'KABUPATEN MAGETAN','MAGETAN',NULL,NULL,NULL,NULL),(225,33,'KABUPATEN NGAWI','NGAWI',NULL,NULL,NULL,NULL),(226,33,'KABUPATEN BOJONEGORO','BOJONEGORO',NULL,NULL,NULL,NULL),(227,33,'KABUPATEN TUBAN','TUBAN',NULL,NULL,NULL,NULL),(228,33,'KABUPATEN LAMONGAN','LAMONGAN',NULL,NULL,NULL,NULL),(229,33,'KABUPATEN GRESIK','GRESIK',NULL,NULL,NULL,NULL),(230,33,'KABUPATEN BANGKALAN','BANGKALAN',NULL,NULL,NULL,NULL),(231,33,'KABUPATEN SAMPANG','SAMPANG',NULL,NULL,NULL,NULL),(232,33,'KABUPATEN PAMEKASAN','PAMEKASAN',NULL,NULL,NULL,NULL),(233,33,'KABUPATEN SUMENEP','SUMENEP',NULL,NULL,NULL,NULL),(234,33,'KOTA SURABAYA','SURABAYA',NULL,NULL,NULL,NULL),(235,33,'KOTA BATU','BATU',NULL,NULL,NULL,NULL),(236,32,'KABUPATEN KULON PROGO','WATES',NULL,NULL,NULL,NULL),(237,32,'KABUPATEN BANTUL','BANTUL',NULL,NULL,NULL,NULL),(238,32,'KABUPATEN GUNUNG KIDUL','WONOSARI',NULL,NULL,NULL,NULL),(239,32,'KABUPATEN SLEMAN','SLEMAN',NULL,NULL,NULL,NULL),(240,32,'KOTA YOGYAKARTA','JOGJAKARTA',NULL,NULL,NULL,NULL),(241,3,'KABUPATEN JEMBRANA','NEGARA',NULL,NULL,NULL,NULL),(242,3,'KABUPATEN TABANAN','TABANAN',NULL,NULL,NULL,NULL),(243,3,'KABUPATEN BADUNG','BADUNG',NULL,NULL,NULL,NULL),(244,3,'KABUPATEN GIANYAR','GIANYAR',NULL,NULL,NULL,NULL),(245,3,'KABUPATEN KLUNGKUNG','KLUNGKUNG',NULL,NULL,NULL,NULL),(246,3,'KABUPATEN BANGLI','BANGLI',NULL,NULL,NULL,NULL),(247,3,'KABUPATEN KARANGASEM','KARANGASEM',NULL,NULL,NULL,NULL),(248,3,'KABUPATEN BULELENG','SINGARAJA',NULL,NULL,NULL,NULL),(249,3,'KOTA DENPASAR','DENPASAR',NULL,NULL,NULL,NULL),(250,38,'KABUPATEN LOMBOK BARAT DAN KOTA MATARAM','MATARAM',NULL,NULL,NULL,NULL),(251,38,'KABUPATEN LOMBOK TENGAH','PRAYA',NULL,NULL,NULL,NULL),(252,38,'KABUPATEN LOMBOK TIMUR','SELONG',NULL,NULL,NULL,NULL),(253,38,'KABUPATEN SUMBAWA','SUMBAWA BESAR',NULL,NULL,NULL,NULL),(254,38,'KABUPATEN DOMPU','DOMPU',NULL,NULL,NULL,NULL),(255,38,'KABUPATEN BIMA DAN KOTA BIMA','RABA',NULL,NULL,NULL,NULL),(256,38,'KABUPATEN SUMBAWA BARAT','TALIWANG',NULL,NULL,NULL,NULL),(257,38,'KABUPATEN LOMBOK UTARA','TANJUNG',NULL,NULL,NULL,NULL),(258,39,'KABUPATEN KUPANG DAN KOTA KUPANG','KUPANG',NULL,NULL,NULL,NULL),(259,39,'KABUPATEN TIMOR TENGAH SELATAN','SOE',NULL,NULL,NULL,NULL),(260,39,'KABUPATEN TIMOR TENGAH UTARA','KEFAMENANU',NULL,NULL,NULL,NULL),(261,39,'KABUPATEN BELU','ATAMBUA',NULL,NULL,NULL,NULL),(262,39,'KABUPATEN ALOR','KALABAHI',NULL,NULL,NULL,NULL),(263,39,'KABUPATEN FLORES TIMUR','LARANTUKA',NULL,NULL,NULL,NULL),(264,39,'KABUPATEN SIKKA','MAUMERE',NULL,NULL,NULL,NULL),(265,39,'KABUPATEN ENDE','ENDE',NULL,NULL,NULL,NULL),(266,39,'KABUPATEN NGADA','BAJAWA',NULL,NULL,NULL,NULL),(267,39,'KABUPATEN MANGGARAI','RUTENG',NULL,NULL,NULL,NULL),(268,39,'KABUPATEN SUMBA TIMUR','WAINGAPU',NULL,NULL,NULL,NULL),(269,39,'KABUPATEN SUMBA BARAT','WAIKABUBAK',NULL,NULL,NULL,NULL),(270,39,'KABUPATEN LEMBATA','LEWOLEBA',NULL,NULL,NULL,NULL),(271,39,'KABUPATEN ROTE NDAO','BAA',NULL,NULL,NULL,NULL),(272,39,'KABUPATEN MANGGARAI BARAT','LABUAN BAJO',NULL,NULL,NULL,NULL),(273,39,'KABUPATEN NAGEKEO','MBAY',NULL,NULL,NULL,NULL),(274,39,'KABUPATEN SUMBA TENGAH','WAIBAKUL',NULL,NULL,NULL,NULL),(275,39,'KABUPATEN SUMBA BARAT DAYA','TAMBOLAKA',NULL,NULL,NULL,NULL),(276,39,'KABUPATEN MANGGARAI TIMUR','BORONG',NULL,NULL,NULL,NULL),(277,34,'KABUPATEN SAMBAS','SAMBAS',NULL,NULL,NULL,NULL),(278,34,'KABUPATEN PONTIANAK DAN KOTA PONTIANAK','MEMPAWAH',NULL,NULL,NULL,NULL),(279,34,'KABUPATEN SANGGAU','BATANG TARANG',NULL,NULL,NULL,NULL),(280,34,'KABUPATEN KETAPANG','KETAPANG',NULL,NULL,NULL,NULL),(281,34,'KABUPATEN SINTANG','SINTANG',NULL,NULL,NULL,NULL),(282,34,'KABUPATEN KAPUAS HULU','PUTUSSIBAU',NULL,NULL,NULL,NULL),(283,34,'KABUPATEN BENGKAYANG','BENGKAYANG',NULL,NULL,NULL,NULL),(284,34,'KABUPATEN LANDAK','NGABANG',NULL,NULL,NULL,NULL),(285,34,'KABUPATEN MELAWI','NANGA PINOH',NULL,NULL,NULL,NULL),(286,34,'KABUPATEN SEKADAU','SEKADAU',NULL,NULL,NULL,NULL),(287,34,'KABUPATEN KAYONG UTARA','SUKADANA',NULL,NULL,NULL,NULL),(288,34,'KABUPATEN KUBU RAYA','SUNGAI RAYA',NULL,NULL,NULL,NULL),(289,34,'KOTA SINGKAWANG','SINGKAWANG',NULL,NULL,NULL,NULL),(290,20,'KABUPATEN TANAH LAUT','PELAIHARI',NULL,NULL,NULL,NULL),(291,20,'KABUPATEN KOTABARU','KOTABARU',NULL,NULL,NULL,NULL),(292,20,'KABUPATEN BANJAR','MARTAPURA',NULL,NULL,NULL,NULL),(293,20,'KABUPATEN BARITO KUALA','MARABAHAN',NULL,NULL,NULL,NULL),(294,20,'KABUPATEN TAPIN','RANTAU',NULL,NULL,NULL,NULL),(295,20,'KABUPATEN HULU SUNGAI SELATAN','KANDANGAN',NULL,NULL,NULL,NULL),(296,20,'KABUPATEN HULU SUNGAI TENGAH','BARABAI',NULL,NULL,NULL,NULL),(297,20,'KABUPATEN HULU SUNGAI UTARA','AMUNTAI',NULL,NULL,NULL,NULL),(298,20,'KABUPATEN TABALONG','TANJUNG',NULL,NULL,NULL,NULL),(299,20,'KABUPATEN TANAH BUMBU','BATULICIN',NULL,NULL,NULL,NULL),(300,20,'KABUPATEN BALANGAN','PARINGIN',NULL,NULL,NULL,NULL),(301,20,'KOTA BANJARMASIN','BANJARMASIN',NULL,NULL,NULL,NULL),(302,20,'KOTA BANJARBARU','BANJARBARU',NULL,NULL,NULL,NULL),(303,18,'KABUPATEN KOTAWARINGIN BARAT','PANGKALAN BUN',NULL,NULL,NULL,NULL),(304,18,'KABUPATEN KOTAWARINGIN TIMUR','SAMPIT',NULL,NULL,NULL,NULL),(305,18,'KABUPATEN KAPUAS','KUALA KAPUAS',NULL,NULL,NULL,NULL),(306,18,'KABUPATEN BARITO SELATAN','BUNTOK',NULL,NULL,NULL,NULL),(307,18,'KABUPATEN BARITO UTARA','MUARA TEWEH',NULL,NULL,NULL,NULL),(308,18,'KABUPATEN KATINGAN','KASONGAN',NULL,NULL,NULL,NULL),(309,18,'KABUPATEN SERUYAN','KUALA PEMBUANG',NULL,NULL,NULL,NULL),(310,18,'KABUPATEN SUKAMARA','SUKAMARA',NULL,NULL,NULL,NULL),(311,18,'KABUPATEN LAMANDAU','NANGA BULIK',NULL,NULL,NULL,NULL),(312,18,'KABUPATEN GUNUNG MAS','KUALA KURUN',NULL,NULL,NULL,NULL),(313,18,'KABUPATEN PULANG PISAU','PULANG PISAU',NULL,NULL,NULL,NULL),(314,18,'KABUPATEN MURUNG RAYA','PURUKCAHU',NULL,NULL,NULL,NULL),(315,18,'KABUPATEN BARITO TIMUR','TAMIANG',NULL,NULL,NULL,NULL),(316,18,'KOTA PALANGKARAYA','PALANGKARAYA',NULL,NULL,NULL,NULL),(317,35,'KABUPATEN PASER','TANAH GROGOT',NULL,NULL,NULL,NULL),(318,35,'KABUPATEN KUTAI KARTANEGARA','TENGGARONG',NULL,NULL,NULL,NULL),(319,35,'KABUPATEN BERAU','TANJUNGREDEP',NULL,NULL,NULL,NULL),(320,35,'KABUPATEN BULUNGAN','TANJUNGSELOR',NULL,NULL,NULL,NULL),(321,35,'KABUPATEN NUNUKAN','NUNUKAN',NULL,NULL,NULL,NULL),(322,35,'KABUPATEN MALINAU','MALINAU',NULL,NULL,NULL,NULL),(323,35,'KABUPATEN KUTAI BARAT','SENDAWAR',NULL,NULL,NULL,NULL),(324,35,'KABUPATEN KUTAI TIMUR','SANGATTA',NULL,NULL,NULL,NULL),(325,35,'KABUPATEN PENAJAM PASER UTARA','PENAJAM',NULL,NULL,NULL,NULL),(326,35,'KOTA BALIKPAPAN','BALIKPAPAN',NULL,NULL,NULL,NULL),(327,35,'KOTA SAMARINDA','SAMARINDA',NULL,NULL,NULL,NULL),(328,35,'KOTA TARAKAN','TARAKAN',NULL,NULL,NULL,NULL),(329,35,'KOTA BONTANG','BONTANG',NULL,NULL,NULL,NULL),(330,28,'KABUPATEN GORONTALO & KOTA GORONTALO','GORONTALO',NULL,NULL,NULL,NULL),(331,28,'KABUPATEN BOALEMO','TILAMUTA',NULL,NULL,NULL,NULL),(332,28,'KABUPATEN BONE BOLANGO','SUWAWA',NULL,NULL,NULL,NULL),(333,28,'KABUPATEN POHUWATO','MARISA',NULL,NULL,NULL,NULL),(334,28,'KABUPATEN GORONTALO UTARA','KWANDANG',NULL,NULL,NULL,NULL),(335,26,'KABUPATEN SELAYAR','BENTENG',NULL,NULL,NULL,NULL),(336,26,'KABUPATEN BULUKUMBA','BULUKUMBA',NULL,NULL,NULL,NULL),(337,26,'KABUPATEN BANTAENG','BANTAENG',NULL,NULL,NULL,NULL),(338,26,'KABUPATEN JENEPONTO','JENEPONTO',NULL,NULL,NULL,NULL),(339,26,'KABUPATEN TAKALAR','TAKALAR',NULL,NULL,NULL,NULL),(340,26,'KABUPATEN GOWA','SUNGGU MINASA',NULL,NULL,NULL,NULL),(341,26,'KABUPATEN SINJAI','SINJAI',NULL,NULL,NULL,NULL),(342,26,'KABUPATEN BONE','WATAMPONE',NULL,NULL,NULL,NULL),(343,26,'KABUPATEN MAROS','MAROS',NULL,NULL,NULL,NULL),(344,26,'KABUPATEN PANGKAJENE DAN KEPULAUAN','PANGKAJENE',NULL,NULL,NULL,NULL),(345,26,'KABUPATEN BARRU','BARRU',NULL,NULL,NULL,NULL),(346,26,'KABUPATEN SOPPENG','WATAN SOPPENG',NULL,NULL,NULL,NULL),(347,26,'KABUPATEN WAJO','SENGKANG',NULL,NULL,NULL,NULL),(348,26,'KABUPATEN SIDENRENG RAPPANG','SIDENRENG',NULL,NULL,NULL,NULL),(349,26,'KABUPATEN PINRANG','PINRANG',NULL,NULL,NULL,NULL),(350,26,'KABUPATEN ENREKANG','ENREKANG',NULL,NULL,NULL,NULL),(351,26,'KABUPATEN LUWU & KOTA PALOPO','PALOPO',NULL,NULL,NULL,NULL),(352,26,'KABUPATEN TANA TORAJA','MAKALE',NULL,NULL,NULL,NULL),(353,26,'KABUPATEN LUWU UTARA','MASAMBA',NULL,NULL,NULL,NULL),(354,26,'KABUPATEN LUWU TIMUR','MALILI',NULL,NULL,NULL,NULL),(355,26,'KABUPATEN TORAJA UTARA','RANTEPAO',NULL,NULL,NULL,NULL),(356,26,'KOTA MAKASSAR','MAKASSAR',NULL,NULL,NULL,NULL),(357,26,'KOTA PARE-PARE','PARE-PARE',NULL,NULL,NULL,NULL),(358,7,'KABUPATEN KOLAKA','KOLAKA',NULL,NULL,NULL,NULL),(359,7,'KABUPATEN KONAWE','UNAAHA',NULL,NULL,NULL,NULL),(360,7,'KABUPATEN MUNA','RAHA',NULL,NULL,NULL,NULL),(361,7,'KABUPATEN BUTON & KOTA BAU-BAU','BAU-BAU',NULL,NULL,NULL,NULL),(362,7,'KABUPATEN KONAWE SELATAN','ANDOLO',NULL,NULL,NULL,NULL),(363,7,'KABUPATEN BOMBANA','RUMBIA',NULL,NULL,NULL,NULL),(364,7,'KABUPATEN WAKATOBI','WANGI-WANGI',NULL,NULL,NULL,NULL),(365,7,'KABUPATEN KOLAKA UTARA','LASUSUA',NULL,NULL,NULL,NULL),(366,7,'KABUPATEN KONAWE UTARA','WANGGUDU',NULL,NULL,NULL,NULL),(367,7,'KABUPATEN BUTON UTARA','BURANGA',NULL,NULL,NULL,NULL),(368,7,'KOTA KENDARI','KENDARI',NULL,NULL,NULL,NULL),(369,25,'KABUPATEN BANGGAI','LUWUK',NULL,NULL,NULL,NULL),(370,25,'KABUPATEN POSO','POSO',NULL,NULL,NULL,NULL),(371,25,'KABUPATEN DONGGALA','DONGGALA',NULL,NULL,NULL,NULL),(372,25,'KABUPATEN TOLI-TOLI','TOLI-TOLI',NULL,NULL,NULL,NULL),(373,25,'KABUPATEN BUOL','BUOL',NULL,NULL,NULL,NULL),(374,25,'KABUPATEN MOROWALI','BUNGKU',NULL,NULL,NULL,NULL),(375,25,'KABUPATEN BANGGAI KEPULAUAN','BANGGAI',NULL,NULL,NULL,NULL),(376,25,'KABUPATEN PARIGI MOUTONG','PARIGI',NULL,NULL,NULL,NULL),(377,25,'KABUPATEN TOJO UNA-UNA','AMPANA',NULL,NULL,NULL,NULL),(378,25,'KABUPATEN SIGI','SIGI BIROMARU',NULL,NULL,NULL,NULL),(379,25,'KOTA PALU','PALU',NULL,NULL,NULL,NULL),(380,27,'KABUPATEN BOLAANG MONGONDOW & KOTA KOTAMUBAGU','KOTAMOBAGU',NULL,NULL,NULL,NULL),(381,27,'KABUPATEN BOLAANG MONGONDOW TIMUR','TUTUYAN',NULL,NULL,NULL,NULL),(382,27,'KABUPATEN BOLAANG MONGONDOW SELATAN','BOLAANG UKI',NULL,NULL,NULL,NULL),(383,27,'KABUPATEN MINAHASA','TONDANO',NULL,NULL,NULL,NULL),(384,27,'KABUPATEN KEPULAUAN SANGIHE','TAHUNA',NULL,NULL,NULL,NULL),(385,27,'KABUPATEN KEPULAUAN TALAUD','MELONGUANE',NULL,NULL,NULL,NULL),(386,27,'KABUPATEN MINAHASA SELATAN','AMURANG',NULL,NULL,NULL,NULL),(387,27,'KABUPATEN MINAHASA UTARA','AIRMADIDI',NULL,NULL,NULL,NULL),(388,27,'KABUPATEN MINAHASA TENGGARA','RATAHAN',NULL,NULL,NULL,NULL),(389,27,'KABUPATEN BOLAANG MONGONDOW UTARA','BOROKO',NULL,NULL,NULL,NULL),(390,27,'KABUPATEN KEPULAUAN SIAU TAGULANDANG BIARO','ONDONG SIAU',NULL,NULL,NULL,NULL),(391,27,'KOTA MANADO','MANADO',NULL,NULL,NULL,NULL),(392,27,'KOTA BITUNG','BITUNG',NULL,NULL,NULL,NULL),(393,27,'KOTA TOMOHON','TOMOHON',NULL,NULL,NULL,NULL),(394,24,'KABUPATEN MAMUJU UTARA','PASANGKAYU',NULL,NULL,NULL,NULL),(395,24,'KABUPATEN MAMUJU','MAMUJU',NULL,NULL,NULL,NULL),(396,24,'KABUPATEN MAMASA','MAMASA',NULL,NULL,NULL,NULL),(397,24,'KABUPATEN POLEWALI MANDAR','POLEWALI',NULL,NULL,NULL,NULL),(398,24,'KABUPATEN MAJENE','MAJENE',NULL,NULL,NULL,NULL),(399,23,'KABUPATEN MALUKU BARAT DAYA','TIAKUR',NULL,NULL,NULL,NULL),(400,23,'KABUPATEN MALUKU TENGAH','MASOHI',NULL,NULL,NULL,NULL),(401,23,'KABUPATEN MALUKU TENGGARA & KOTA TUAL','TUAL',NULL,NULL,NULL,NULL),(402,23,'KABUPATEN MALUKU TENGGARA BARAT','SAUMLAKI',NULL,NULL,NULL,NULL),(403,23,'KABUPATEN BURU','NAMLEA',NULL,NULL,NULL,NULL),(404,23,'KABUPATEN BURU SELATAN','NAMROLE',NULL,NULL,NULL,NULL),(405,23,'KABUPATEN SERAM BAGIAN TIMUR','DATARAN HUNIMOA',NULL,NULL,NULL,NULL),(406,23,'KABUPATEN SERAM BAGIAN BARAT','DATARAN HUNIPOPU',NULL,NULL,NULL,NULL),(407,23,'KABUPATEN KEPULAUAN ARU','DOBO',NULL,NULL,NULL,NULL),(408,23,'KOTA AMBON','AMBON',NULL,NULL,NULL,NULL),(409,36,'KABUPATEN HALMAHERA BARAT & KOTA TERNATE','TERNATE',NULL,NULL,NULL,NULL),(410,36,'KABUPATEN HALMAHERA TENGAH','WEDA',NULL,NULL,NULL,NULL),(411,36,'KABUPATEN HALMAHERA UTARA','TOBELO',NULL,NULL,NULL,NULL),(412,36,'KABUPATEN HALMAHERA SELATAN','LABUHA',NULL,NULL,NULL,NULL),(413,36,'KABUPATEN KEPULAUAN SULA','SANANA',NULL,NULL,NULL,NULL),(414,36,'KABUPATEN HALMAHERA TIMUR','MABA',NULL,NULL,NULL,NULL),(415,36,'KOTA TIDORE KEPULAUAN','TIDORE KEPULAUAN',NULL,NULL,NULL,NULL),(416,41,'KABUPATEN MERAUKE','MERAUKE',NULL,NULL,NULL,NULL),(417,41,'KABUPATEN JAYAWIJAYA','WAMENA',NULL,NULL,NULL,NULL),(418,41,'KABUPATEN JAYAPURA & KOTA JAYAPURA','JAYAPURA',NULL,NULL,NULL,NULL),(419,41,'KABUPATEN NABIRE','NABIRE',NULL,NULL,NULL,NULL),(420,41,'KABUPATEN KEPULAUAN YAPEN','SERUI',NULL,NULL,NULL,NULL),(421,41,'KABUPATEN BIAK NUMFOR','BIAK',NULL,NULL,NULL,NULL),(422,41,'KABUPATEN PUNCAK JAYA','KOTAMULIA',NULL,NULL,NULL,NULL),(423,41,'KABUPATEN PANIAI','ENAROTALI',NULL,NULL,NULL,NULL),(424,41,'KABUPATEN MIMIKA','TIMIKA',NULL,NULL,NULL,NULL),(425,41,'KABUPATEN SARMI','SARMI',NULL,NULL,NULL,NULL),(426,41,'KABUPATEN KEEROM','WARIS',NULL,NULL,NULL,NULL),(427,41,'KABUPATEN PEGUNUNGAN BINTANG','OKSIBIL',NULL,NULL,NULL,NULL),(428,41,'KABUPATEN YAHUKIMO','SUMOHAI',NULL,NULL,NULL,NULL),(429,41,'KABUPATEN TOLIKARA','KARUBAGA',NULL,NULL,NULL,NULL),(430,41,'KABUPATEN WAROPEN','BOTAWA',NULL,NULL,NULL,NULL),(431,41,'KABUPATEN BOVEN DIGOEL','TANAH MERAH',NULL,NULL,NULL,NULL),(432,41,'KABUPATEN MAPPI','KEPI',NULL,NULL,NULL,NULL),(433,41,'KABUPATEN ASMAT','AGATS',NULL,NULL,NULL,NULL),(434,41,'KABUPATEN SUPIORI','SORENDIWERI',NULL,NULL,NULL,NULL),(435,41,'KABUPATEN MAMBERAMO RAYA','BURMESO',NULL,NULL,NULL,NULL),(436,41,'KABUPATEN MAMBERAMO TENGAH','KOBAKMA',NULL,NULL,NULL,NULL),(437,41,'KABUPATEN YALIMO','ELELIM',NULL,NULL,NULL,NULL),(438,41,'KABUPATEN LANNY JAYA','TIOM',NULL,NULL,NULL,NULL),(439,41,'KABUPATEN NDUGA','KENYAM',NULL,NULL,NULL,NULL),(440,41,'KABUPATEN PUNCAK','ILAGA',NULL,NULL,NULL,NULL),(441,41,'KABUPATEN DOGIYAI','KIGAMANI',NULL,NULL,NULL,NULL),(442,40,'KABUPATEN SORONG & KOTA SORONG','SORONG',NULL,NULL,NULL,NULL),(443,40,'KABUPATEN MANOKWARI','MANOKWARI',NULL,NULL,NULL,NULL),(444,40,'KABUPATEN FAKFAK','FAKFAK',NULL,NULL,NULL,NULL),(445,40,'KABUPATEN SORONG SELATAN','TEMINABUAN',NULL,NULL,NULL,NULL),(446,40,'KABUPATEN RAJA AMPAT','WAISAI',NULL,NULL,NULL,NULL),(447,40,'KABUPATEN TELUK BINTUNI','BINTUNI',NULL,NULL,NULL,NULL),(448,40,'KABUPATEN TELUK WONDAMA','RASIEI',NULL,NULL,NULL,NULL),(449,40,'KABUPATEN KAIMANA','KAIMANA',NULL,NULL,NULL,NULL);
/*!40000 ALTER TABLE `cities` ENABLE KEYS */;
UNLOCK TABLES;

--
-- Table structure for table `countries`
--

DROP TABLE IF EXISTS `countries`;
SET @saved_cs_client     = @@character_set_client;
SET character_set_client = utf8;
CREATE TABLE `countries` (
  `id` int(5) NOT NULL auto_increment,
  `iso2` char(2) NOT NULL,
  `iso3` char(3) NOT NULL,
  `name` varchar(100) NOT NULL,
  PRIMARY KEY  (`id`),
  KEY `iso2` (`iso2`),
  KEY `iso3` (`iso3`),
  KEY `name` (`name`)
) ENGINE=MyISAM AUTO_INCREMENT=895 DEFAULT CHARSET=latin1;
SET character_set_client = @saved_cs_client;

--
-- Dumping data for table `countries`
--

LOCK TABLES `countries` WRITE;
/*!40000 ALTER TABLE `countries` DISABLE KEYS */;
INSERT INTO `countries` VALUES (4,'AF','AFG','Afghanistan'),(248,'AX','ALA','Aland Islands'),(8,'AL','ALB','Albania'),(12,'DZ','DZA','Algeria'),(16,'AS','ASM','American Samoa'),(20,'AD','AND','Andorra'),(24,'AO','AGO','Angola'),(660,'AI','AIA','Anguilla'),(10,'AQ','ATA','Antarctica'),(28,'AG','ATG','Antigua and Barbuda'),(32,'AR','ARG','Argentina'),(51,'AM','ARM','Armenia'),(533,'AW','ABW','Aruba'),(36,'AU','AUS','Australia'),(40,'AT','AUT','Austria'),(31,'AZ','AZE','Azerbaijan'),(44,'BS','BHS','Bahamas'),(48,'BH','BHR','Bahrain'),(50,'BD','BGD','Bangladesh'),(52,'BB','BRB','Barbados'),(112,'BY','BLR','Belarus'),(56,'BE','BEL','Belgium'),(84,'BZ','BLZ','Belize'),(204,'BJ','BEN','Benin'),(60,'BM','BMU','Bermuda'),(64,'BT','BTN','Bhutan'),(68,'BO','BOL','Bolivia'),(70,'BA','BIH','Bosnia and Herzegovina'),(72,'BW','BWA','Botswana'),(74,'BV','BVT','Bouvet Island'),(76,'BR','BRA','Brazil'),(86,'IO','IOT','British Indian Ocean Territory'),(96,'BN','BRN','Brunei Darussalam'),(100,'BG','BGR','Bulgaria'),(854,'BF','BFA','Burkina Faso'),(108,'BI','BDI','Burundi'),(116,'KH','KHM','Cambodia'),(120,'CM','CMR','Cameroon'),(124,'CA','CAN','Canada'),(132,'CV','CPV','Cape Verde'),(136,'KY','CYM','Cayman Islands'),(140,'CF','CAF','Central African Republic'),(148,'TD','TCD','Chad'),(152,'CL','CHL','Chile'),(156,'CN','CHN','China'),(162,'CX','CXR','Christmas Island'),(166,'CC','CCK','Cocos (Keeling); Islands'),(170,'CO','COL','Colombia'),(174,'KM','COM','Comoros'),(178,'CG','COG','Congo'),(180,'CD','COD','Congo, Democratic Republic of the'),(184,'CK','COK','Cook Islands'),(188,'CR','CRI','Costa Rica'),(384,'CI','CIV','Côte d\'Ivoire'),(191,'HR','HRV','Croatia'),(192,'CU','CUB','Cuba'),(196,'CY','CYP','Cyprus'),(203,'CZ','CZE','Czech Republic'),(208,'DK','DNK','Denmark'),(262,'DJ','DJI','Djibouti'),(212,'DM','DMA','Dominica'),(214,'DO','DOM','Dominican Republic'),(218,'EC','ECU','Ecuador'),(818,'EG','EGY','Egypt'),(222,'SV','SLV','El Salvador'),(226,'GQ','GNQ','Equatorial Guinea'),(232,'ER','ERI','Eritrea'),(233,'EE','EST','Estonia'),(231,'ET','ETH','Ethiopia'),(238,'FK','FLK','Falkland Islands (Malvinas);'),(234,'FO','FRO','Faroe Islands'),(242,'FJ','FJI','Fiji'),(246,'FI','FIN','Finland'),(250,'FR','FRA','France'),(254,'GF','GUF','French Guiana'),(258,'PF','PYF','French Polynesia'),(260,'TF','ATF','French Southern Territories'),(266,'GA','GAB','Gabon'),(270,'GM','GMB','Gambia'),(268,'GE','GEO','Georgia'),(276,'DE','DEU','Germany'),(288,'GH','GHA','Ghana'),(292,'GI','GIB','Gibraltar'),(300,'GR','GRC','Greece'),(304,'GL','GRL','Greenland'),(308,'GD','GRD','Grenada'),(312,'GP','GLP','Guadeloupe'),(316,'GU','GUM','Guam'),(320,'GT','GTM','Guatemala'),(831,'GG','GGY','Guernsey'),(324,'GN','GIN','Guinea'),(624,'GW','GNB','Guinea-Bissau'),(328,'GY','GUY','Guyana'),(332,'HT','HTI','Haiti'),(334,'HM','HMD','Heard Island and McDonald Islands'),(336,'VA','VAT','Holy See (Vatican City State);'),(340,'HN','HND','Honduras'),(344,'HK','HKG','Hong Kong'),(348,'HU','HUN','Hungary'),(352,'IS','ISL','Iceland'),(356,'IN','IND','India'),(360,'ID','IDN','Indonesia'),(364,'IR','IRN','Iran, Islamic Republic of'),(368,'IQ','IRQ','Iraq'),(372,'IE','IRL','Ireland'),(833,'IM','IMN','Isle of Man'),(376,'IL','ISR','Israel'),(380,'IT','ITA','Italy'),(388,'JM','JAM','Jamaica'),(392,'JP','JPN','Japan'),(832,'JE','JEY','Jersey'),(400,'JO','JOR','Jordan'),(398,'KZ','KAZ','Kazakhstan'),(404,'KE','KEN','Kenya'),(296,'KI','KIR','Kiribati'),(408,'KP','PRK','Korea, Democratic People\'s Republic of'),(410,'KR','KOR','Korea, Republic of'),(414,'KW','KWT','Kuwait'),(417,'KG','KGZ','Kyrgyzstan'),(418,'LA','LAO','Lao People\'s Democratic Republic'),(428,'LV','LVA','Latvia'),(422,'LB','LBN','Lebanon'),(426,'LS','LSO','Lesotho'),(430,'LR','LBR','Liberia'),(434,'LY','LBY','Libyan Arab Jamahiriya'),(438,'LI','LIE','Liechtenstein'),(440,'LT','LTU','Lithuania'),(442,'LU','LUX','Luxembourg'),(446,'MO','MAC','Macao'),(807,'MK','MKD','Macedonia, the former Yugoslav Republic of'),(450,'MG','MDG','Madagascar'),(454,'MW','MWI','Malawi'),(458,'MY','MYS','Malaysia'),(462,'MV','MDV','Maldives'),(466,'ML','MLI','Mali'),(470,'MT','MLT','Malta'),(584,'MH','MHL','Marshall Islands'),(474,'MQ','MTQ','Martinique'),(478,'MR','MRT','Mauritania'),(480,'MU','MUS','Mauritius'),(175,'YT','MYT','Mayotte'),(484,'MX','MEX','Mexico'),(583,'FM','FSM','Micronesia, Federated States of'),(498,'MD','MDA','Moldova'),(492,'MC','MCO','Monaco'),(496,'MN','MNG','Mongolia'),(499,'ME','MNE','Montenegro'),(500,'MS','MSR','Montserrat'),(504,'MA','MAR','Morocco'),(508,'MZ','MOZ','Mozambique'),(104,'MM','MMR','Myanmar'),(516,'NA','NAM','Namibia'),(520,'NR','NRU','Nauru'),(524,'NP','NPL','Nepal'),(528,'NL','NLD','Netherlands'),(530,'AN','ANT','Netherlands Antilles'),(540,'NC','NCL','New Caledonia'),(554,'NZ','NZL','New Zealand'),(558,'NI','NIC','Nicaragua'),(562,'NE','NER','Niger'),(566,'NG','NGA','Nigeria'),(570,'NU','NIU','Niue'),(574,'NF','NFK','Norfolk Island'),(580,'MP','MNP','Northern Mariana Islands'),(578,'NO','NOR','Norway'),(512,'OM','OMN','Oman'),(586,'PK','PAK','Pakistan'),(585,'PW','PLW','Palau'),(275,'PS','PSE','Palestinian Territory, Occupied'),(591,'PA','PAN','Panama'),(598,'PG','PNG','Papua New Guinea'),(600,'PY','PRY','Paraguay'),(604,'PE','PER','Peru'),(608,'PH','PHL','Philippines'),(612,'PN','PCN','Pitcairn'),(616,'PL','POL','Poland'),(620,'PT','PRT','Portugal'),(630,'PR','PRI','Puerto Rico'),(634,'QA','QAT','Qatar'),(638,'RE','REU','Réunion'),(642,'RO','ROU','Romania'),(643,'RU','RUS','Russian Federation'),(646,'RW','RWA','Rwanda'),(652,'BL','BLM','Saint Barthélemy'),(654,'SH','SHN','Saint Helena'),(659,'KN','KNA','Saint Kitts and Nevis'),(662,'LC','LCA','Saint Lucia'),(663,'MF','MAF','Saint Martin (French part);'),(666,'PM','SPM','Saint Pierre and Miquelon'),(670,'VC','VCT','Saint Vincent and the Grenadines'),(882,'WS','WSM','Samoa'),(674,'SM','SMR','San Marino'),(678,'ST','STP','Sao Tome and Principe'),(682,'SA','SAU','Saudi Arabia'),(686,'SN','SEN','Senegal'),(688,'RS','SRB','Serbia[5]'),(690,'SC','SYC','Seychelles'),(694,'SL','SLE','Sierra Leone'),(702,'SG','SGP','Singapore'),(703,'SK','SVK','Slovakia'),(705,'SI','SVN','Slovenia'),(90,'SB','SLB','Solomon Islands'),(706,'SO','SOM','Somalia'),(710,'ZA','ZAF','South Africa'),(239,'GS','SGS','South Georgia and the South Sandwich Islands'),(724,'ES','ESP','Spain'),(144,'LK','LKA','Sri Lanka'),(736,'SD','SDN','Sudan'),(740,'SR','SUR','Suriname'),(744,'SJ','SJM','Svalbard and Jan Mayen'),(748,'SZ','SWZ','Swaziland'),(752,'SE','SWE','Sweden'),(756,'CH','CHE','Switzerland'),(760,'SY','SYR','Syrian Arab Republic'),(158,'TW','TWN','Taiwan, Province of China'),(762,'TJ','TJK','Tajikistan'),(834,'TZ','TZA','Tanzania, United Republic of'),(764,'TH','THA','Thailand'),(626,'TL','TLS','Timor-Leste'),(768,'TG','TGO','Togo'),(772,'TK','TKL','Tokelau'),(776,'TO','TON','Tonga'),(780,'TT','TTO','Trinidad and Tobago'),(788,'TN','TUN','Tunisia'),(792,'TR','TUR','Turkey'),(795,'TM','TKM','Turkmenistan'),(796,'TC','TCA','Turks and Caicos Islands'),(798,'TV','TUV','Tuvalu'),(800,'UG','UGA','Uganda'),(804,'UA','UKR','Ukraine'),(784,'AE','ARE','United Arab Emirates'),(826,'GB','GBR','United Kingdom'),(840,'US','USA','United States'),(581,'UM','UMI','United States Minor Outlying Islands'),(858,'UY','URY','Uruguay'),(860,'UZ','UZB','Uzbekistan'),(548,'VU','VUT','Vanuatu'),(862,'VE','VEN','Venezuela'),(704,'VN','VNM','Viet Nam'),(92,'VG','VGB','Virgin Islands, British'),(850,'VI','VIR','Virgin Islands, U.S.'),(876,'WF','WLF','Wallis and Futuna'),(732,'EH','ESH','Western Sahara'),(887,'YE','YEM','Yemen'),(894,'ZM','ZMB','Zambia'),(716,'ZW','ZWE','Zimbabwe');
/*!40000 ALTER TABLE `countries` ENABLE KEYS */;
UNLOCK TABLES;

--
-- Table structure for table `courses`
--

DROP TABLE IF EXISTS `courses`;
SET @saved_cs_client     = @@character_set_client;
SET character_set_client = utf8;
CREATE TABLE `courses` (
  `id` int(11) NOT NULL auto_increment,
  `study_program_id` int(11) NOT NULL,
  `name` varchar(100) NOT NULL,
  `semester` int(2) default NULL,
  `year_study` int(4) default NULL,
  `sks` int(11) default '0',
  PRIMARY KEY  (`id`),
  KEY `study_program_id` (`study_program_id`)
) ENGINE=MyISAM AUTO_INCREMENT=302 DEFAULT CHARSET=latin1;
SET character_set_client = @saved_cs_client;

--
-- Dumping data for table `courses`
--

LOCK TABLES `courses` WRITE;
/*!40000 ALTER TABLE `courses` DISABLE KEYS */;
INSERT INTO `courses` VALUES (10,6,'Kewarganegaraan',1,2011,2),(9,6,'Bahasa Indonesia',1,2011,2),(8,6,'Agama Islam',1,2011,2),(11,6,'Bahasa Inggris 1',1,2011,2),(12,6,'Sistem Informatika',1,2011,3),(13,6,'Pengantar Keilmuan',1,2011,2),(14,6,'Pengantar Ilmu Grafika',1,2011,2),(15,6,'Pengantar Ilmu Penerbitan',1,2011,2),(16,6,'Penulisan 1',1,2011,3),(17,6,'Bahasa Indonesia Komposisi',2,2011,2),(18,6,'Bahasa Inggris Pernaskahan',2,2011,2),(19,6,'Sastra',2,2011,2),(20,6,'Manajemen Penerbitan',2,2011,2),(21,6,'Dasar Fotografi',2,2011,3),(22,6,'Digital Grafis (Photoshop)',2,2011,3),(23,6,'Dasar-Dasar Editing',2,2011,3),(24,6,'Penulisan Perekaman Realitas',2,2011,3),(25,6,'Bahasa Indonesia 3',3,2011,2),(26,6,'Bahasa Inggris 3',3,2011,2),(27,6,'Komunikasi Penerbitan',3,2011,3),(28,6,'Fotografi Penerbitan',3,2011,3),(29,6,'Manajemen Editorial',3,2011,2),(30,6,'Digital Grafis',3,2011,3),(31,6,'Editing',3,2011,3),(32,6,'Penulisan 3',3,2011,3),(33,6,'Bahasa Indonesia Penerbitan',4,2011,2),(34,6,'Bahasa Inggris Penerbitan',4,2011,2),(35,6,'Pemasaran Penerbitan',4,2011,3),(36,6,'Kewirausahaan',4,2011,3),(37,6,'Kalkulasi Penerbitan',4,2011,3),(38,6,'Digital Grafis ( InCopy )',4,2011,3),(39,6,'Penyuntingan Isi',4,2011,3),(40,6,'Sistimatika Penulisan',4,2011,3),(41,6,'Desain Media',5,2011,3),(42,6,'Kewirausahaan',5,2011,3),(43,6,'Pemasaran Penerbitan Terpadu',5,2011,3),(44,6,'Teknik Penulisan Laporan',5,2011,2),(46,6,'Penulisan 5',5,2011,3),(47,6,'Produksi Penerbitan',5,2011,3),(48,6,'Praktik Industri',6,2011,4),(49,6,'Tugas Akhir',6,2011,6),(50,7,'Pendidikan Agama',1,2011,2),(51,7,'Bahasa Indonesia',1,2011,2),(52,7,'Kewarganegaraan',1,2011,2),(53,7,'Bahasa Inggris 1',1,2011,2),(54,7,'Menggambar Bentuk 1',1,2011,2),(55,7,'Sejarah Komunikasi Visual',1,2011,2),(56,7,'Bentuk dan Warna',1,2011,3),(57,7,'Pengantar Tipografi',1,2011,2),(58,7,'Media Digital Grafis 1',1,2011,2),(59,7,'Merencana 1',1,2011,3),(60,7,'Bahasa Inggris II',2,2011,2),(61,7,'Sejarah Design',2,2011,2),(62,7,'Produksi Cetak I',2,2011,2),(63,7,'Fotografi',2,2011,2),(64,7,'Menggambar Bentuk II',2,2011,2),(65,7,'Kreativitas',2,2011,2),(66,7,'Manajemen Tipografi I',2,2011,2),(67,7,'Media Digital Grafis II',2,2011,3),(68,7,'Merencana II (Identitas Visual)',2,2011,5),(69,7,'Bahasa Inggris 3',3,2011,2),(70,7,'Teknik Pemasaran',3,2011,2),(71,7,'Fotografi Desain',3,2011,2),(72,7,'Produksi Cetak ',3,2011,2),(73,7,'Ilustrasi Editorial',3,2011,2),(74,7,'Kewirausahaan 1',3,2011,2),(75,7,'Media Digital Grafis 3',3,2011,3),(76,7,'Merencana 3',3,2011,5),(77,7,'Bahasa Inggris IV',4,2011,2),(78,7,'Entrepreneurship Desain I',4,2011,2),(79,7,'Pemasaran Terpadu',4,2011,2),(80,7,'Analisis Budaya Visual',4,2011,2),(81,7,'Manajemen Bisnis I',4,2011,2),(82,7,'Desain Merk dan Kemasan',4,2011,2),(83,7,'Media Digital Grafis IV',4,2011,3),(84,7,'Merencana IV (Desain Periklanan)',4,2011,5),(85,7,'Entrepreneurship Desain II',5,2011,2),(86,7,'Perencanaan Kreatif Periklanan',5,2011,2),(87,7,'Teknik Presentasi',5,2011,3),(88,7,'Manajemen Bisnis ',5,2011,2),(89,7,'Media Digital Grafis 5',5,2011,4),(90,7,'Merencana 5',5,2011,5),(91,7,'Praktik Industri',6,2011,4),(92,7,'Presentasi Akhir',6,2011,6),(93,10,'Kewarganegaraan',1,2011,2),(94,10,'Bahasa Inggris ',1,2011,2),(95,10,'Pengantar Komunikasi',1,2011,2),(96,10,'Pengantar Periklanan',1,2011,2),(97,10,'Dasar-Dasar Pemasaran',1,2011,3),(98,10,'Fotografi Dasar',1,2011,2),(99,10,'Pengantar Media',1,2011,2),(101,10,'Illustrasi',1,2011,2),(102,10,'Pendidikan Agama',2,2011,2),(103,10,'Bahasa Indonesia',2,2011,2),(104,10,'Riset Pemasaran dan Periklanan',2,2011,2),(105,10,'Komunikasi Massa',2,2011,2),(106,10,'Produksi Iklan Media Cetak',2,2011,3),(107,10,'Komputer Grafis II',2,2011,3),(108,10,'Bahasa Inggris Periklanan II',2,2011,2),(109,10,'Account Executive Management',2,2011,2),(110,10,'Fotografi Iklan',2,2011,2),(111,10,'Bahasa Inggris 3',3,2011,2),(112,10,'Komunikasi Periklanan',3,2011,2),(113,10,'Perilaku Konsumen',3,2011,3),(114,10,'Strategi Pemasaran',3,2011,3),(115,10,'Animasi 3D',3,2011,2),(116,10,'Integrated Marketing Com 1',3,2011,2),(117,10,'Copy Writing',3,2011,2),(118,10,'Produksi Iklan Media ',3,2011,3),(119,10,'Pengantar Public Relations',4,2011,3),(120,10,'Brand Building Management',4,2011,3),(121,10,'Tipografi',4,2011,2),(122,10,'Multimedia',4,2011,3),(123,10,'Produksi Iklan Radio',4,2011,3),(124,10,'Manajemen Media Iklan',4,2011,3),(125,10,'Bahasa Inggris Periklanan IV',4,2011,2),(126,10,'Strategi Kreatif',4,2011,3),(127,10,'Integrated Marketing Com II',5,2011,3),(128,10,'Produksi Iklan TV',5,2011,3),(129,10,'Strategi Media Periklanan',5,2011,3),(130,10,'Bahasa Inggris Periklanan V',5,2011,3),(131,10,'Web Desain',5,2011,3),(132,10,'Konsep Kreatif',5,2011,3),(133,10,'Praktik Industri',6,2011,3),(134,10,'Tugas Karya Akhir (TKA)',6,2011,6),(135,5,'Pendidikan Agama',1,2011,2),(136,5,'Bahasa Indonesia',1,2011,2),(137,5,'Kewarganegaraan',1,2011,2),(138,5,'Bahasa Inggris 1',1,2011,2),(139,5,'Matematika Terapan',1,2011,2),(140,5,'Fisika Terapan',1,2011,2),(141,5,'Pengantar Ilmu Grafika',1,2011,3),(142,5,'Pengetahuan Warna',1,2011,2),(143,5,'Teknik Cetak',1,2011,4),(144,5,'Bahasa Inggris II',2,2011,2),(145,5,'Aplikasi Komputer',2,2011,2),(146,5,'Fisika Terapan',2,2011,2),(147,5,'Kimia Terapan',2,2011,2),(148,5,'Colorymetri',2,2011,2),(149,5,'Komunikasi Grafika',2,2011,2),(150,5,'Statistik',2,2011,2),(151,5,'Peng. Ilmu Bahan Grafika',2,2011,3),(152,5,'Cetak Ofset I',2,2011,5),(153,5,'Bahasa Inggris 3',3,2011,2),(154,5,'Estimasi/Kalkulasi',3,2011,2),(155,5,'Color Management',3,2011,3),(156,5,'Aplikasi Komputer 2',3,2011,2),(157,5,'Pra Cetak',3,2011,3),(158,5,'Psikologi Industri',3,2011,2),(159,5,'Pengujian Bahan Grafika',3,2011,2),(160,5,'Cetak Ofset II',3,2011,3),(161,5,'Bahasa Inggris IV',4,2011,2),(162,5,'Kewirausahaan',4,2011,2),(163,5,'Psikologi Industri',4,2011,2),(164,5,'Estimasi',4,2011,2),(165,5,'Pra Cetak',4,2011,4),(166,5,'Sistem Produksi',4,2011,3),(167,5,'Manajemen Produksi',4,2011,3),(168,5,'Cetak Ofset III',4,2011,4),(169,5,'Kewirausahaan 3',5,2011,3),(170,5,'Teknik Penulisan',5,2011,2),(171,5,'Quality Control',5,2011,2),(172,5,'Cetak Ofset dan Cetak Web',5,2011,5),(173,5,'Pasca Cetak II',5,2011,5),(174,5,'Manajemen Produksi 2',5,2011,3),(175,5,'Praktik Industri',6,2011,4),(176,5,'Tugas Akhir',6,2011,6),(177,8,'Pendidikan Agama',1,2011,2),(178,8,'Bahasa Indonesia',1,2011,2),(179,8,'Kewarganegaraan',1,2011,2),(180,8,'Bahasa Inggris 1',1,2011,2),(181,8,'Matematika Dasar',1,2011,2),(182,8,'Fisika Dasar',1,2011,3),(183,8,'Teknologi Kertas',1,2011,3),(184,8,'Pengetahuan Plastis',1,2011,3),(185,8,'Pengantar Ilmu Kemasan',1,2011,3),(186,8,'Bahasa Inggris II',2,2011,2),(187,8,'Aplikasi Komputer',2,2011,2),(188,8,'Desain Kemasan',2,2011,2),(189,8,'Kimia Organik',2,2011,2),(190,8,'Pengetahuan Warna',2,2011,2),(191,8,'Kalkulasi Teknik Kemasan',2,2011,3),(192,8,'Ekonomi Industri',2,2011,2),(193,8,'Peng.Bahan Grafika',2,2011,3),(194,8,'TD.Pengelolaan Plastik',2,2011,3),(195,8,'Bahasa Inggris 3',3,2011,2),(196,8,'Pengujian Bahan dan Produk Kemasan',3,2011,2),(197,8,'Teknologi Pangan',3,2011,3),(198,8,'Kewirausahaan',3,2011,2),(199,8,'Desain Kemasan ',3,2011,3),(200,8,'Aplikasi Komputer 2',3,2011,2),(201,8,'Manajemen Produksi',3,2011,2),(204,8,'Bahasa Inggris IV',4,2011,2),(205,8,'Kewirausahaan',4,2011,3),(206,8,'Psikologi Industri Kemasan',4,2011,3),(207,8,'Sistem Produksi Kemasan',4,2011,3),(208,8,'Teknik Prosentasi',4,2011,3),(209,8,'Cetak Kemasan II',4,2011,3),(210,8,'Pasca Cetak Kemasan I',4,2011,3),(211,8,'Kewirausahaan',5,2011,3),(212,8,'K3 dan Lingkungan',5,2011,3),(213,8,'Marketing',5,2011,3),(214,8,'Total Quality Management (TQM)',5,2011,3),(215,8,'Cetak Kemasan III',5,2011,3),(216,8,'Pasca Cetak Kemasan II',5,2011,3),(217,8,'Praktek Industri',6,2011,4),(218,8,'Tugas Akhir',6,2011,6),(219,9,'Bahasa Indonesia',1,2011,2),(220,9,'Bahasa Inggris I',1,2011,2),(221,9,'Kewarganegaraan',1,2011,2),(222,9,'Pendidikan Agama Islam',1,2011,2),(223,9,'Tata Cahaya I',1,2011,2),(224,9,'Media Cetak',1,2011,2),(225,9,'Foto Komposisi ',1,2011,2),(226,9,'Nirmana',1,2011,2),(227,9,'Fotografi Dasar',1,2011,2),(228,9,'Fotografi Digital',1,2011,3),(229,9,'Penulisan Naskah',2,2011,2),(230,9,'Bahasa Inggris II',2,2011,2),(231,9,'Teori Komunikasi Visual',2,2011,2),(232,9,'Humaniora',2,2011,2),(233,9,'Tata Cahaya II',2,2011,2),(234,9,'Pengantar Penerbitan',2,2011,2),(235,9,'Tata Artistik',2,2011,2),(236,9,'Foto Publikasi 1 (Jurnalis)',2,2011,2),(237,9,'Olah Foto Digital',2,2011,2),(238,9,'Fotografi \"People\"',2,2011,3),(239,9,'Bahasa Inggris 3',3,2011,2),(240,9,'Pictorial Editing',3,2011,2),(241,9,'Konsep Budaya (Lokal)',3,2011,2),(242,9,'estetika Terapan',3,2011,2),(243,9,'Tehnik Presentasi',3,2011,2),(244,9,'Kewirausahaan ',3,2011,2),(245,9,'Media On-line',3,2011,2),(246,9,'Foto Publikasi 2 (Jurnalis)',3,2011,2),(247,9,'Digital Imaging',3,2011,2),(248,9,'Fotografi Produk',3,2011,3),(249,9,'Bahasa Inggris IV',4,2011,2),(250,9,'Proses Kreatif',4,2011,2),(251,9,'Kewirausahaan 2',4,2011,2),(252,9,'Fotografi Seni 1',4,2011,2),(253,9,'Konsep Budaya 2',4,2011,2),(254,9,'Media Videografi 1',4,2011,2),(255,9,'Pemasaran Fotografi 1',4,2011,2),(256,9,'Digital Imaging 2',4,2011,3),(257,9,'Fotografi Lansekap&Arsitektur',4,2011,3),(258,9,'Pemasaran Fotografi 2',5,2011,2),(259,9,'Manajemen Fotografi',5,2011,2),(260,9,'Etika Profesi',5,2011,2),(261,9,'Media Videografi 2',5,2011,2),(262,9,'Kritik Foto',5,2011,2),(263,9,'Fotografi Seni 2',5,2011,2),(264,9,'Efek Khusus Fotografi',5,2011,2),(265,9,'Fotografi Komersial',5,2011,2),(266,9,'Fotografi Lansekap&Arsitektur',5,2011,3),(267,9,'Tugas Akhir',6,2011,4),(268,9,'Praktik Industri',6,2011,6),(269,11,'Produk Audio Video 1',1,2011,2),(270,11,'Kewarganegaraan',1,2011,2),(271,11,'Bahasa Indonesia',1,2011,2),(272,11,'Produk Animasi 1',1,2011,3),(275,11,'Permodelan Dasar(3D)',1,2011,4),(274,11,'Dasar-Dasar Animasi',1,2011,2),(276,11,'Menggambar 1',1,2011,4),(277,11,'Komputer Grafis 1',1,2011,3),(279,12,'Kewarganegaraan',1,2011,2),(280,12,'Bahasa Indonesia',1,2011,2),(281,12,'Media Digital Grafis 1',1,2011,3),(282,12,'Java Programming',1,2011,3),(283,12,'Bahasa Inggris 1',1,2011,2),(284,12,'Desain Tipografi',1,2011,2),(285,12,'Pengantar Teknologi Multimedia',1,2011,3),(286,12,'Creative Illustration',1,2011,2),(287,12,'Nirmana',1,2011,2),(289,10,'Media Digital Grafis 1',1,2011,3),(290,11,'Bahasa Inggris 1',1,2011,2),(291,6,'Pictorial Editing',5,2011,3),(293,7,'Infografik',5,2011,2),(301,10,'Kewarganegaraan',3,2011,3),(295,6,'Agama Kristen',1,2011,2),(296,6,'Kewirausahaan',3,2011,2),(297,7,'Desain Media dan Pamer Pajang',5,2011,2),(298,5,'Kewirausahaan',3,2011,2),(299,9,'Pendidikan Agama Kristen',1,2011,2),(300,11,'Merencana Animasi 1',1,2011,2);
/*!40000 ALTER TABLE `courses` ENABLE KEYS */;
UNLOCK TABLES;

--
-- Table structure for table `dupaks`
--

DROP TABLE IF EXISTS `dupaks`;
SET @saved_cs_client     = @@character_set_client;
SET character_set_client = utf8;
CREATE TABLE `dupaks` (
  `id` int(11) NOT NULL auto_increment,
  `dupak_year` varchar(4) NOT NULL,
  `dupak_date` date NOT NULL,
  `profile_karpeg` varchar(20) NOT NULL,
  `profile_pob` varchar(100) NOT NULL,
  `profile_dob` date NOT NULL,
  `profile_gender` char(1) NOT NULL,
  `profile_education` varchar(50) NOT NULL,
  `profile_category` varchar(50) NOT NULL,
  `profile_position` varchar(50) NOT NULL,
  `profile_faculty` varchar(50) NOT NULL,
  `profile_duration_cat` varchar(20) NOT NULL,
  `profile_duration_pos` varchar(20) NOT NULL,
  `profile_unit_code` varchar(50) default NULL,
  `s_2_A_a_1` decimal(10,2) NOT NULL default '0.00',
  `s_2_A_a_2` decimal(10,2) NOT NULL default '0.00',
  `s_2_A_a_3` decimal(10,2) NOT NULL default '0.00',
  `s_2_A_a_4` decimal(10,2) NOT NULL default '0.00',
  `s_2_A_a_5` decimal(10,2) NOT NULL default '0.00',
  `s_2_A_a_6` decimal(10,2) NOT NULL default '0.00',
  `s_2_A_b_1` decimal(10,2) NOT NULL default '0.00',
  `s_2_A_b_2` decimal(10,2) NOT NULL default '0.00',
  `s_2_A_b_3` decimal(10,2) NOT NULL default '0.00',
  `s_2_A_b_4` decimal(10,2) NOT NULL default '0.00',
  `s_2_A_b_5` decimal(10,2) NOT NULL default '0.00',
  `s_2_A_b_6` decimal(10,2) NOT NULL default '0.00',
  `s_2_A_c_1` decimal(10,2) NOT NULL default '0.00',
  `s_2_A_c_2` decimal(10,2) NOT NULL default '0.00',
  `s_2_A_c_3` decimal(10,2) NOT NULL default '0.00',
  `s_2_A_c_4` decimal(10,2) NOT NULL default '0.00',
  `s_2_A_c_5` decimal(10,2) NOT NULL default '0.00',
  `s_2_A_c_6` decimal(10,2) NOT NULL default '0.00',
  `s_2_A_sub_1` decimal(10,2) NOT NULL default '0.00',
  `s_2_A_sub_2` decimal(10,2) NOT NULL default '0.00',
  `s_2_A_sub_3` decimal(10,2) NOT NULL default '0.00',
  `s_2_A_sub_4` decimal(10,2) NOT NULL default '0.00',
  `s_2_A_sub_5` decimal(10,2) NOT NULL default '0.00',
  `s_2_A_sub_6` decimal(10,2) NOT NULL default '0.00',
  `s_2_B_a_1_1` decimal(10,2) NOT NULL default '0.00',
  `s_2_B_a_1_2` decimal(10,2) NOT NULL default '0.00',
  `s_2_B_a_1_3` decimal(10,2) NOT NULL default '0.00',
  `s_2_B_a_1_4` decimal(10,2) NOT NULL default '0.00',
  `s_2_B_a_1_5` decimal(10,2) NOT NULL default '0.00',
  `s_2_B_a_1_6` decimal(10,2) NOT NULL default '0.00',
  `s_2_B_a_2_1` decimal(10,2) NOT NULL default '0.00',
  `s_2_B_a_2_2` decimal(10,2) NOT NULL default '0.00',
  `s_2_B_a_2_3` decimal(10,2) NOT NULL default '0.00',
  `s_2_B_a_2_4` decimal(10,2) NOT NULL default '0.00',
  `s_2_B_a_2_5` decimal(10,2) NOT NULL default '0.00',
  `s_2_B_a_2_6` decimal(10,2) NOT NULL default '0.00',
  `s_2_B_a_3_1` decimal(10,2) NOT NULL default '0.00',
  `s_2_B_a_3_2` decimal(10,2) NOT NULL default '0.00',
  `s_2_B_a_3_3` decimal(10,2) NOT NULL default '0.00',
  `s_2_B_a_3_4` decimal(10,2) NOT NULL default '0.00',
  `s_2_B_a_3_5` decimal(10,2) NOT NULL default '0.00',
  `s_2_B_a_3_6` decimal(10,2) NOT NULL default '0.00',
  `s_2_B_a_4_1` decimal(10,2) NOT NULL default '0.00',
  `s_2_B_a_4_2` decimal(10,2) NOT NULL default '0.00',
  `s_2_B_a_4_3` decimal(10,2) NOT NULL default '0.00',
  `s_2_B_a_4_4` decimal(10,2) NOT NULL default '0.00',
  `s_2_B_a_4_5` decimal(10,2) NOT NULL default '0.00',
  `s_2_B_a_4_6` decimal(10,2) NOT NULL default '0.00',
  `s_2_B_a_5_1` decimal(10,2) NOT NULL default '0.00',
  `s_2_B_a_5_2` decimal(10,2) NOT NULL default '0.00',
  `s_2_B_a_5_3` decimal(10,2) NOT NULL default '0.00',
  `s_2_B_a_5_4` decimal(10,2) NOT NULL default '0.00',
  `s_2_B_a_5_5` decimal(10,2) NOT NULL default '0.00',
  `s_2_B_a_5_6` decimal(10,2) NOT NULL default '0.00',
  `s_2_B_a_6_1` decimal(10,2) NOT NULL default '0.00',
  `s_2_B_a_6_2` decimal(10,2) NOT NULL default '0.00',
  `s_2_B_a_6_3` decimal(10,2) NOT NULL default '0.00',
  `s_2_B_a_6_4` decimal(10,2) NOT NULL default '0.00',
  `s_2_B_a_6_5` decimal(10,2) NOT NULL default '0.00',
  `s_2_B_a_6_6` decimal(10,2) NOT NULL default '0.00',
  `s_2_B_a_7_1` decimal(10,2) NOT NULL default '0.00',
  `s_2_B_a_7_2` decimal(10,2) NOT NULL default '0.00',
  `s_2_B_a_7_3` decimal(10,2) NOT NULL default '0.00',
  `s_2_B_a_7_4` decimal(10,2) NOT NULL default '0.00',
  `s_2_B_a_7_5` decimal(10,2) NOT NULL default '0.00',
  `s_2_B_a_7_6` decimal(10,2) NOT NULL default '0.00',
  `s_2_B_a_8_1` decimal(10,2) NOT NULL default '0.00',
  `s_2_B_a_8_2` decimal(10,2) NOT NULL default '0.00',
  `s_2_B_a_8_3` decimal(10,2) NOT NULL default '0.00',
  `s_2_B_a_8_4` decimal(10,2) NOT NULL default '0.00',
  `s_2_B_a_8_5` decimal(10,2) NOT NULL default '0.00',
  `s_2_B_a_8_6` decimal(10,2) NOT NULL default '0.00',
  `s_2_B_a_9_1` decimal(10,2) NOT NULL default '0.00',
  `s_2_B_a_9_2` decimal(10,2) NOT NULL default '0.00',
  `s_2_B_a_9_3` decimal(10,2) NOT NULL default '0.00',
  `s_2_B_a_9_4` decimal(10,2) NOT NULL default '0.00',
  `s_2_B_a_9_5` decimal(10,2) NOT NULL default '0.00',
  `s_2_B_a_9_6` decimal(10,2) NOT NULL default '0.00',
  `s_2_B_a_10_1` decimal(10,2) NOT NULL default '0.00',
  `s_2_B_a_10_2` decimal(10,2) NOT NULL default '0.00',
  `s_2_B_a_10_3` decimal(10,2) NOT NULL default '0.00',
  `s_2_B_a_10_4` decimal(10,2) NOT NULL default '0.00',
  `s_2_B_a_10_5` decimal(10,2) NOT NULL default '0.00',
  `s_2_B_a_10_6` decimal(10,2) NOT NULL default '0.00',
  `s_2_B_a_11_1` decimal(10,2) NOT NULL default '0.00',
  `s_2_B_a_11_2` decimal(10,2) NOT NULL default '0.00',
  `s_2_B_a_11_3` decimal(10,2) NOT NULL default '0.00',
  `s_2_B_a_11_4` decimal(10,2) NOT NULL default '0.00',
  `s_2_B_a_11_5` decimal(10,2) NOT NULL default '0.00',
  `s_2_B_a_11_6` decimal(10,2) NOT NULL default '0.00',
  `s_2_B_a_12_1` decimal(10,2) NOT NULL default '0.00',
  `s_2_B_a_12_2` decimal(10,2) NOT NULL default '0.00',
  `s_2_B_a_12_3` decimal(10,2) NOT NULL default '0.00',
  `s_2_B_a_12_4` decimal(10,2) NOT NULL default '0.00',
  `s_2_B_a_12_5` decimal(10,2) NOT NULL default '0.00',
  `s_2_B_a_12_6` decimal(10,2) NOT NULL default '0.00',
  `s_2_B_a_sub_1` decimal(10,2) NOT NULL default '0.00',
  `s_2_B_a_sub_2` decimal(10,2) NOT NULL default '0.00',
  `s_2_B_a_sub_3` decimal(10,2) NOT NULL default '0.00',
  `s_2_B_a_sub_4` decimal(10,2) NOT NULL default '0.00',
  `s_2_B_a_sub_5` decimal(10,2) NOT NULL default '0.00',
  `s_2_B_a_sub_6` decimal(10,2) NOT NULL default '0.00',
  `s_2_B_b_1_1` decimal(10,2) NOT NULL default '0.00',
  `s_2_B_b_1_2` decimal(10,2) NOT NULL default '0.00',
  `s_2_B_b_1_3` decimal(10,2) NOT NULL default '0.00',
  `s_2_B_b_1_4` decimal(10,2) NOT NULL default '0.00',
  `s_2_B_b_1_5` decimal(10,2) NOT NULL default '0.00',
  `s_2_B_b_1_6` decimal(10,2) NOT NULL default '0.00',
  `s_2_B_b_2_1` decimal(10,2) NOT NULL default '0.00',
  `s_2_B_b_2_2` decimal(10,2) NOT NULL default '0.00',
  `s_2_B_b_2_3` decimal(10,2) NOT NULL default '0.00',
  `s_2_B_b_2_4` decimal(10,2) NOT NULL default '0.00',
  `s_2_B_b_2_5` decimal(10,2) NOT NULL default '0.00',
  `s_2_B_b_2_6` decimal(10,2) NOT NULL default '0.00',
  `s_2_B_b_3_1` decimal(10,2) NOT NULL default '0.00',
  `s_2_B_b_3_2` decimal(10,2) NOT NULL default '0.00',
  `s_2_B_b_3_3` decimal(10,2) NOT NULL default '0.00',
  `s_2_B_b_3_4` decimal(10,2) NOT NULL default '0.00',
  `s_2_B_b_3_5` decimal(10,2) NOT NULL default '0.00',
  `s_2_B_b_3_6` decimal(10,2) NOT NULL default '0.00',
  `s_2_B_b_4_1` decimal(10,2) NOT NULL default '0.00',
  `s_2_B_b_4_2` decimal(10,2) NOT NULL default '0.00',
  `s_2_B_b_4_3` decimal(10,2) NOT NULL default '0.00',
  `s_2_B_b_4_4` decimal(10,2) NOT NULL default '0.00',
  `s_2_B_b_4_5` decimal(10,2) NOT NULL default '0.00',
  `s_2_B_b_4_6` decimal(10,2) NOT NULL default '0.00',
  `s_2_B_b_5_1` decimal(10,2) NOT NULL default '0.00',
  `s_2_B_b_5_2` decimal(10,2) NOT NULL default '0.00',
  `s_2_B_b_5_3` decimal(10,2) NOT NULL default '0.00',
  `s_2_B_b_5_4` decimal(10,2) NOT NULL default '0.00',
  `s_2_B_b_5_5` decimal(10,2) NOT NULL default '0.00',
  `s_2_B_b_5_6` decimal(10,2) NOT NULL default '0.00',
  `s_2_B_b_sub_1` decimal(10,2) NOT NULL default '0.00',
  `s_2_B_b_sub_2` decimal(10,2) NOT NULL default '0.00',
  `s_2_B_b_sub_3` decimal(10,2) NOT NULL default '0.00',
  `s_2_B_b_sub_4` decimal(10,2) NOT NULL default '0.00',
  `s_2_B_b_sub_5` decimal(10,2) NOT NULL default '0.00',
  `s_2_B_b_sub_6` decimal(10,2) NOT NULL default '0.00',
  `s_2_B_c_1_1` decimal(10,2) NOT NULL default '0.00',
  `s_2_B_c_1_2` decimal(10,2) NOT NULL default '0.00',
  `s_2_B_c_1_3` decimal(10,2) NOT NULL default '0.00',
  `s_2_B_c_1_4` decimal(10,2) NOT NULL default '0.00',
  `s_2_B_c_1_5` decimal(10,2) NOT NULL default '0.00',
  `s_2_B_c_1_6` decimal(10,2) NOT NULL default '0.00',
  `s_2_B_c_2_1` decimal(10,2) NOT NULL default '0.00',
  `s_2_B_c_2_2` decimal(10,2) NOT NULL default '0.00',
  `s_2_B_c_2_3` decimal(10,2) NOT NULL default '0.00',
  `s_2_B_c_2_4` decimal(10,2) NOT NULL default '0.00',
  `s_2_B_c_2_5` decimal(10,2) NOT NULL default '0.00',
  `s_2_B_c_2_6` decimal(10,2) NOT NULL default '0.00',
  `s_2_B_c_3_1` decimal(10,2) NOT NULL default '0.00',
  `s_2_B_c_3_2` decimal(10,2) NOT NULL default '0.00',
  `s_2_B_c_3_3` decimal(10,2) NOT NULL default '0.00',
  `s_2_B_c_3_4` decimal(10,2) NOT NULL default '0.00',
  `s_2_B_c_3_5` decimal(10,2) NOT NULL default '0.00',
  `s_2_B_c_3_6` decimal(10,2) NOT NULL default '0.00',
  `s_2_B_c_4_1` decimal(10,2) NOT NULL default '0.00',
  `s_2_B_c_4_2` decimal(10,2) NOT NULL default '0.00',
  `s_2_B_c_4_3` decimal(10,2) NOT NULL default '0.00',
  `s_2_B_c_4_4` decimal(10,2) NOT NULL default '0.00',
  `s_2_B_c_4_5` decimal(10,2) NOT NULL default '0.00',
  `s_2_B_c_4_6` decimal(10,2) NOT NULL default '0.00',
  `s_2_B_c_5_1` decimal(10,2) NOT NULL default '0.00',
  `s_2_B_c_5_2` decimal(10,2) NOT NULL default '0.00',
  `s_2_B_c_5_3` decimal(10,2) NOT NULL default '0.00',
  `s_2_B_c_5_4` decimal(10,2) NOT NULL default '0.00',
  `s_2_B_c_5_5` decimal(10,2) NOT NULL default '0.00',
  `s_2_B_c_5_6` decimal(10,2) NOT NULL default '0.00',
  `s_2_B_c_sub_1` decimal(10,2) NOT NULL default '0.00',
  `s_2_B_c_sub_2` decimal(10,2) NOT NULL default '0.00',
  `s_2_B_c_sub_3` decimal(10,2) NOT NULL default '0.00',
  `s_2_B_c_sub_4` decimal(10,2) NOT NULL default '0.00',
  `s_2_B_c_sub_5` decimal(10,2) NOT NULL default '0.00',
  `s_2_B_c_sub_6` decimal(10,2) NOT NULL default '0.00',
  `s_2_2_1_1` decimal(10,2) NOT NULL default '0.00',
  `s_2_2_1_2` decimal(10,2) NOT NULL default '0.00',
  `s_2_2_1_3` decimal(10,2) NOT NULL default '0.00',
  `s_2_2_1_4` decimal(10,2) NOT NULL default '0.00',
  `s_2_2_1_5` decimal(10,2) NOT NULL default '0.00',
  `s_2_2_1_6` decimal(10,2) NOT NULL default '0.00',
  `s_2_2_2_1` decimal(10,2) NOT NULL default '0.00',
  `s_2_2_2_2` decimal(10,2) NOT NULL default '0.00',
  `s_2_2_2_3` decimal(10,2) NOT NULL default '0.00',
  `s_2_2_2_4` decimal(10,2) NOT NULL default '0.00',
  `s_2_2_2_5` decimal(10,2) NOT NULL default '0.00',
  `s_2_2_2_6` decimal(10,2) NOT NULL default '0.00',
  `s_2_2_3_1` decimal(10,2) NOT NULL default '0.00',
  `s_2_2_3_2` decimal(10,2) NOT NULL default '0.00',
  `s_2_2_3_3` decimal(10,2) NOT NULL default '0.00',
  `s_2_2_3_4` decimal(10,2) NOT NULL default '0.00',
  `s_2_2_3_5` decimal(10,2) NOT NULL default '0.00',
  `s_2_2_3_6` decimal(10,2) NOT NULL default '0.00',
  `s_2_2_4_1` decimal(10,2) NOT NULL default '0.00',
  `s_2_2_4_2` decimal(10,2) NOT NULL default '0.00',
  `s_2_2_4_3` decimal(10,2) NOT NULL default '0.00',
  `s_2_2_4_4` decimal(10,2) NOT NULL default '0.00',
  `s_2_2_4_5` decimal(10,2) NOT NULL default '0.00',
  `s_2_2_4_6` decimal(10,2) NOT NULL default '0.00',
  `s_2_2_5_1` decimal(10,2) NOT NULL default '0.00',
  `s_2_2_5_2` decimal(10,2) NOT NULL default '0.00',
  `s_2_2_5_3` decimal(10,2) NOT NULL default '0.00',
  `s_2_2_5_4` decimal(10,2) NOT NULL default '0.00',
  `s_2_2_5_5` decimal(10,2) NOT NULL default '0.00',
  `s_2_2_5_6` decimal(10,2) NOT NULL default '0.00',
  `s_2_2_6_1` decimal(10,2) NOT NULL default '0.00',
  `s_2_2_6_2` decimal(10,2) NOT NULL default '0.00',
  `s_2_2_6_3` decimal(10,2) NOT NULL default '0.00',
  `s_2_2_6_4` decimal(10,2) NOT NULL default '0.00',
  `s_2_2_6_5` decimal(10,2) NOT NULL default '0.00',
  `s_2_2_6_6` decimal(10,2) NOT NULL default '0.00',
  `s_2_2_7_1` decimal(10,2) NOT NULL default '0.00',
  `s_2_2_7_2` decimal(10,2) NOT NULL default '0.00',
  `s_2_2_7_3` decimal(10,2) NOT NULL default '0.00',
  `s_2_2_7_4` decimal(10,2) NOT NULL default '0.00',
  `s_2_2_7_5` decimal(10,2) NOT NULL default '0.00',
  `s_2_2_7_6` decimal(10,2) NOT NULL default '0.00',
  `s_2_2_8_1` decimal(10,2) NOT NULL default '0.00',
  `s_2_2_8_2` decimal(10,2) NOT NULL default '0.00',
  `s_2_2_8_3` decimal(10,2) NOT NULL default '0.00',
  `s_2_2_8_4` decimal(10,2) NOT NULL default '0.00',
  `s_2_2_8_5` decimal(10,2) NOT NULL default '0.00',
  `s_2_2_8_6` decimal(10,2) NOT NULL default '0.00',
  `s_2_2_9_1` decimal(10,2) NOT NULL default '0.00',
  `s_2_2_9_2` decimal(10,2) NOT NULL default '0.00',
  `s_2_2_9_3` decimal(10,2) NOT NULL default '0.00',
  `s_2_2_9_4` decimal(10,2) NOT NULL default '0.00',
  `s_2_2_9_5` decimal(10,2) NOT NULL default '0.00',
  `s_2_2_9_6` decimal(10,2) NOT NULL default '0.00',
  `s_2_2_sub_1` decimal(10,2) NOT NULL default '0.00',
  `s_2_2_sub_2` decimal(10,2) NOT NULL default '0.00',
  `s_2_2_sub_3` decimal(10,2) NOT NULL default '0.00',
  `s_2_2_sub_4` decimal(10,2) NOT NULL default '0.00',
  `s_2_2_sub_5` decimal(10,2) NOT NULL default '0.00',
  `s_2_2_sub_6` decimal(10,2) NOT NULL default '0.00',
  `sub_1` decimal(10,2) NOT NULL default '0.00',
  `sub_2` decimal(10,2) NOT NULL default '0.00',
  `sub_3` decimal(10,2) NOT NULL default '0.00',
  `sub_4` decimal(10,2) NOT NULL default '0.00',
  `sub_5` decimal(10,2) NOT NULL default '0.00',
  `sub_6` decimal(10,2) NOT NULL default '0.00',
  `created` datetime NOT NULL,
  `created_by` int(11) NOT NULL,
  PRIMARY KEY  (`id`),
  KEY `created_by` (`created_by`)
) ENGINE=MyISAM AUTO_INCREMENT=12 DEFAULT CHARSET=latin1;
SET character_set_client = @saved_cs_client;

--
-- Dumping data for table `dupaks`
--

LOCK TABLES `dupaks` WRITE;
/*!40000 ALTER TABLE `dupaks` DISABLE KEYS */;
INSERT INTO `dupaks` VALUES (6,'2010','2010-10-27','','','2000-10-27','F','','','','','','','','0.00','0.00','0.00','0.00','0.00','0.00','0.00','0.00','0.00','0.00','0.00','0.00','0.00','0.00','0.00','0.00','0.00','0.00','0.00','0.00','0.00','0.00','0.00','0.00','0.00','0.00','0.00','0.00','0.00','0.00','0.00','0.00','0.00','0.00','0.00','0.00','0.00','0.00','0.00','0.00','0.00','0.00','0.00','0.00','0.00','0.00','0.00','0.00','0.00','0.00','0.00','0.00','0.00','0.00','0.00','0.00','0.00','0.00','0.00','0.00','0.00','0.00','0.00','0.00','0.00','0.00','0.00','0.00','0.00','0.00','0.00','0.00','0.00','0.00','0.00','0.00','0.00','0.00','0.00','0.00','0.00','0.00','0.00','0.00','0.00','0.00','0.00','0.00','0.00','0.00','0.00','0.00','0.00','0.00','0.00','0.00','0.00','0.00','0.00','0.00','0.00','0.00','0.00','0.00','0.00','0.00','0.00','0.00','0.00','0.00','0.00','0.00','0.00','0.00','0.00','0.00','0.00','0.00','0.00','0.00','0.00','0.00','0.00','0.00','0.00','0.00','0.00','0.00','0.00','0.00','0.00','0.00','0.00','0.00','0.00','0.00','0.00','0.00','0.00','0.00','0.00','0.00','0.00','0.00','0.00','0.00','0.00','0.00','0.00','0.00','0.00','0.00','0.00','0.00','0.00','0.00','0.00','0.00','0.00','0.00','0.00','0.00','0.00','0.00','0.00','0.00','0.00','0.00','0.00','0.00','0.00','0.00','0.00','0.00','0.00','0.00','0.00','0.00','0.00','0.00','0.00','0.00','0.00','0.00','0.00','0.00','0.00','0.00','0.00','0.00','0.00','0.00','0.00','0.00','0.00','0.00','0.00','0.00','0.00','0.00','0.00','0.00','0.00','0.00','0.00','0.00','0.00','0.00','0.00','0.00','0.00','0.00','0.00','0.00','0.00','0.00','0.00','0.00','0.00','0.00','0.00','0.00','0.00','0.00','0.00','0.00','0.00','0.00','0.00','0.00','0.00','0.00','0.00','0.00','0.00','0.00','0.00','0.00','0.00','0.00','2010-10-27 11:02:25',30),(7,'2011','2010-10-29','1111111','Jakarta','1962-03-29','M','S2','Pembina Tk.I (gol.IV/b)','1-01-2009','Desain Grafis','22','22','Politeknik Negeri Media Kreatif','0.00','0.00','0.00','0.00','0.00','0.00','0.00','0.00','0.00','0.00','0.00','0.00','0.00','0.00','0.00','0.00','0.00','0.00','0.00','0.00','0.00','0.00','0.00','0.00','1.00','0.00','0.00','0.00','0.00','0.00','0.00','0.00','0.00','0.00','0.00','0.00','0.00','0.00','0.00','0.00','0.00','0.00','0.00','0.00','0.00','0.00','0.00','0.00','0.00','0.00','0.00','0.00','0.00','0.00','0.00','0.00','0.00','0.00','0.00','0.00','0.00','0.00','0.00','0.00','0.00','0.00','0.00','0.00','0.00','0.00','0.00','0.00','0.00','0.00','0.00','0.00','0.00','0.00','0.00','0.00','0.00','0.00','0.00','0.00','0.00','0.00','0.00','0.00','0.00','0.00','0.00','0.00','0.00','0.00','0.00','0.00','0.00','0.00','0.00','0.00','0.00','0.00','0.00','0.00','0.00','0.00','0.00','0.00','0.00','0.00','0.00','0.00','0.00','0.00','0.00','0.00','0.00','0.00','0.00','0.00','0.00','0.00','0.00','0.00','0.00','0.00','0.00','0.00','0.00','0.00','0.00','0.00','0.00','0.00','0.00','0.00','0.00','0.00','0.00','0.00','0.00','0.00','0.00','0.00','0.00','0.00','0.00','0.00','0.00','0.00','0.00','0.00','0.00','0.00','0.00','0.00','0.00','0.00','0.00','0.00','0.00','0.00','0.00','0.00','0.00','0.00','0.00','0.00','0.00','0.00','0.00','0.00','0.00','0.00','0.00','0.00','0.00','0.00','0.00','0.00','0.00','0.00','0.00','0.00','0.00','0.00','0.00','0.00','0.00','0.00','0.00','0.00','0.00','0.00','0.00','0.00','0.00','0.00','0.00','0.00','0.00','0.00','0.00','0.00','0.00','0.00','0.00','0.00','0.00','0.00','0.00','0.00','0.00','0.00','0.00','0.00','0.00','0.00','0.00','0.00','0.00','0.00','0.00','0.00','0.00','0.00','0.00','0.00','0.00','0.00','0.00','0.00','0.00','0.00','0.00','0.00','0.00','0.00','0.00','0.00','2010-10-29 18:25:28',2),(5,'2010','2010-09-28','E.183358','Jakarta','1960-09-19','M','Magister (S2) th.1997','Pembina Tk.I (gol.IV/b), 1-10-2004','Dosen, 1-1-2009','Penerbitan','','','Politeknik Negeri Media Kreatif','0.00','0.00','0.00','0.00','0.00','0.00','0.00','0.00','0.00','0.00','0.00','0.00','0.00','0.00','0.00','0.00','0.00','0.00','0.00','0.00','0.00','0.00','0.00','0.00','0.00','0.00','0.00','0.00','0.00','0.00','0.00','0.00','0.00','0.00','0.00','0.00','0.00','0.00','0.00','0.00','0.00','0.00','0.00','0.00','0.00','0.00','0.00','0.00','0.00','0.00','0.00','0.00','0.00','0.00','0.00','0.00','0.00','0.00','0.00','0.00','0.00','0.00','0.00','0.00','0.00','0.00','0.00','0.00','0.00','0.00','0.00','0.00','0.00','0.00','0.00','0.00','0.00','0.00','0.00','0.00','0.00','0.00','0.00','0.00','0.00','0.00','0.00','0.00','0.00','0.00','0.00','0.00','0.00','0.00','0.00','0.00','131.50','0.00','0.00','0.00','0.00','0.00','0.00','0.00','0.00','0.00','0.00','0.00','0.00','0.00','0.00','0.00','0.00','0.00','0.00','0.00','0.00','0.00','0.00','0.00','0.00','0.00','0.00','0.00','0.00','0.00','0.00','0.00','0.00','0.00','0.00','0.00','23.44','0.00','0.00','0.00','0.00','0.00','0.00','0.00','0.00','0.00','0.00','0.00','0.00','0.00','0.00','0.00','0.00','0.00','0.00','0.00','0.00','0.00','0.00','0.00','0.00','0.00','0.00','0.00','0.00','0.00','0.00','0.00','0.00','0.00','0.00','0.00','20.00','0.00','0.00','0.00','0.00','0.00','0.00','0.00','0.00','0.00','0.00','0.00','0.00','0.00','0.00','0.00','0.00','0.00','0.00','0.00','0.00','0.00','0.00','0.00','0.00','0.00','0.00','0.00','0.00','0.00','0.00','0.00','0.00','0.00','0.00','0.00','0.00','0.00','0.00','0.00','0.00','0.00','0.00','0.00','0.00','0.00','0.00','0.00','0.00','0.00','0.00','0.00','0.00','0.00','0.00','0.00','0.00','0.00','0.00','0.00','25.00','0.00','0.00','0.00','0.00','0.00','200.00','0.00','0.00','0.00','0.00','0.00','2010-09-28 16:04:58',47),(8,'2011','2011-02-28','','','2001-02-28','M','','','','','','','','0.00','0.00','0.00','0.00','0.00','0.00','0.00','0.00','0.00','0.00','0.00','0.00','0.00','0.00','0.00','0.00','0.00','0.00','0.00','0.00','0.00','0.00','0.00','0.00','0.00','0.00','0.00','0.00','0.00','0.00','0.00','0.00','0.00','0.00','0.00','0.00','0.00','0.00','0.00','0.00','0.00','0.00','0.00','0.00','0.00','0.00','0.00','0.00','0.00','0.00','0.00','0.00','0.00','0.00','0.00','0.00','0.00','0.00','0.00','0.00','0.00','0.00','0.00','0.00','0.00','0.00','0.00','0.00','0.00','0.00','0.00','0.00','0.00','0.00','0.00','0.00','0.00','0.00','0.00','0.00','0.00','0.00','0.00','0.00','0.00','0.00','0.00','0.00','0.00','0.00','0.00','0.00','0.00','0.00','0.00','0.00','0.00','0.00','0.00','0.00','0.00','0.00','0.00','0.00','0.00','0.00','0.00','0.00','0.00','0.00','0.00','0.00','0.00','0.00','0.00','0.00','0.00','0.00','0.00','0.00','0.00','0.00','0.00','0.00','0.00','0.00','0.00','0.00','0.00','0.00','0.00','0.00','0.00','0.00','0.00','0.00','0.00','0.00','0.00','0.00','0.00','0.00','0.00','0.00','0.00','0.00','0.00','0.00','0.00','0.00','0.00','0.00','0.00','0.00','0.00','0.00','0.00','0.00','0.00','0.00','0.00','0.00','0.00','0.00','0.00','0.00','0.00','0.00','0.00','0.00','0.00','0.00','0.00','0.00','0.00','0.00','0.00','0.00','0.00','0.00','0.00','0.00','0.00','0.00','0.00','0.00','0.00','0.00','0.00','0.00','0.00','0.00','0.00','0.00','0.00','0.00','0.00','0.00','0.00','0.00','0.00','0.00','0.00','0.00','0.00','0.00','0.00','0.00','0.00','0.00','0.00','0.00','0.00','0.00','0.00','0.00','0.00','0.00','0.00','0.00','0.00','0.00','0.00','0.00','0.00','0.00','0.00','0.00','0.00','0.00','0.00','0.00','0.00','0.00','0.00','0.00','0.00','0.00','0.00','0.00','2011-02-28 19:46:48',142),(9,'2011','2011-03-23','B.705315','Solo','1957-09-01','M','S2 th.1999','Pembina Utama Muda (IV/c)','1 Januari 2009','Penerbitan','33 tahun','.... tahun','Politeknik Negeri Media Kreatif','0.00','0.00','0.00','0.00','0.00','0.00','0.00','0.00','0.00','0.00','0.00','0.00','0.00','0.00','0.00','0.00','0.00','0.00','0.00','0.00','0.00','0.00','0.00','0.00','0.00','0.00','0.00','0.00','0.00','0.00','0.00','0.00','0.00','0.00','0.00','0.00','0.00','0.00','0.00','0.00','0.00','0.00','0.00','0.00','0.00','0.00','0.00','0.00','0.00','0.00','0.00','0.00','0.00','0.00','0.00','0.00','0.00','0.00','0.00','0.00','0.00','0.00','0.00','0.00','0.00','0.00','0.00','0.00','0.00','0.00','0.00','0.00','0.00','0.00','0.00','0.00','0.00','0.00','0.00','0.00','0.00','0.00','0.00','0.00','0.00','0.00','0.00','0.00','0.00','0.00','0.00','0.00','0.00','0.00','0.00','0.00','150.00','0.00','0.00','0.00','0.00','0.00','0.00','0.00','0.00','0.00','0.00','0.00','0.00','0.00','0.00','0.00','0.00','0.00','0.00','0.00','0.00','0.00','0.00','0.00','0.00','0.00','0.00','0.00','0.00','0.00','0.00','0.00','0.00','0.00','0.00','0.00','135.00','0.00','0.00','0.00','0.00','0.00','0.00','0.00','0.00','0.00','0.00','0.00','0.00','0.00','0.00','0.00','0.00','0.00','0.00','0.00','0.00','0.00','0.00','0.00','0.00','0.00','0.00','0.00','0.00','0.00','0.00','0.00','0.00','0.00','0.00','0.00','0.00','0.00','0.00','0.00','0.00','0.00','0.00','0.00','0.00','0.00','0.00','0.00','0.00','0.00','0.00','0.00','0.00','0.00','0.00','0.00','0.00','0.00','0.00','0.00','0.00','0.00','0.00','0.00','0.00','0.00','0.00','0.00','0.00','0.00','0.00','0.00','0.00','0.00','0.00','0.00','0.00','0.00','0.00','0.00','0.00','0.00','0.00','0.00','0.00','0.00','0.00','0.00','0.00','0.00','0.00','0.00','0.00','0.00','0.00','0.00','19.00','0.00','0.00','0.00','0.00','0.00','300.00','0.00','0.00','0.00','0.00','0.00','2011-03-23 14:29:21',121),(10,'2011','2011-03-23','E.183358','Jakarta, ','1960-09-19','M','S2 tahun 1997','Pembina Tk.I (gol.IV/b), 1-10-2004','Lektor, 1 Januari 2009','Penerbitan','25 tahun','','Politeknik Negeri Media Kreatif','0.00','0.00','0.00','0.00','0.00','0.00','0.00','0.00','0.00','0.00','0.00','0.00','0.00','0.00','0.00','0.00','0.00','0.00','0.00','0.00','0.00','0.00','0.00','0.00','0.00','0.00','0.00','0.00','0.00','0.00','0.00','0.00','0.00','0.00','0.00','0.00','0.00','0.00','0.00','0.00','0.00','0.00','0.00','0.00','0.00','0.00','0.00','0.00','0.00','0.00','0.00','0.00','0.00','0.00','0.00','0.00','0.00','0.00','0.00','0.00','0.00','0.00','0.00','0.00','0.00','0.00','0.00','0.00','0.00','0.00','0.00','0.00','0.00','0.00','0.00','0.00','0.00','0.00','0.00','0.00','0.00','0.00','0.00','0.00','0.00','0.00','0.00','0.00','0.00','0.00','0.00','0.00','0.00','0.00','0.00','0.00','131.50','0.00','0.00','0.00','0.00','0.00','0.00','0.00','0.00','0.00','0.00','0.00','0.00','0.00','0.00','0.00','0.00','0.00','0.00','0.00','0.00','0.00','0.00','0.00','0.00','0.00','0.00','0.00','0.00','0.00','0.00','0.00','0.00','0.00','0.00','0.00','23.44','0.00','0.00','0.00','0.00','0.00','0.00','0.00','0.00','0.00','0.00','0.00','0.00','0.00','0.00','0.00','0.00','0.00','0.00','0.00','0.00','0.00','0.00','0.00','0.00','0.00','0.00','0.00','0.00','0.00','0.00','0.00','0.00','0.00','0.00','0.00','20.00','0.00','0.00','0.00','0.00','0.00','0.00','0.00','0.00','0.00','0.00','0.00','0.00','0.00','0.00','0.00','0.00','0.00','0.00','0.00','0.00','0.00','0.00','0.00','0.00','0.00','0.00','0.00','0.00','0.00','0.00','0.00','0.00','0.00','0.00','0.00','0.00','0.00','0.00','0.00','0.00','0.00','0.00','0.00','0.00','0.00','0.00','0.00','0.00','0.00','0.00','0.00','0.00','0.00','0.00','0.00','0.00','0.00','0.00','0.00','25.00','0.00','0.00','0.00','0.00','0.00','200.00','0.00','0.00','0.00','0.00','0.00','2011-03-23 14:36:01',115),(11,'2011','2011-03-23','E.051079','Jakarta','1959-02-15','M','S2 tahun 2006','Penata Tk.I, 1-4-2005','Lektor, 1 Januari 2009','Teknik Grafika','25 tahun','...tahun','Politeknik Negeri Media Kreatif','0.00','0.00','0.00','0.00','0.00','0.00','0.00','0.00','0.00','0.00','0.00','0.00','0.00','0.00','0.00','0.00','0.00','0.00','0.00','0.00','0.00','0.00','0.00','0.00','0.00','0.00','0.00','0.00','0.00','0.00','0.00','0.00','0.00','0.00','0.00','0.00','0.00','0.00','0.00','0.00','0.00','0.00','0.00','0.00','0.00','0.00','0.00','0.00','0.00','0.00','0.00','0.00','0.00','0.00','0.00','0.00','0.00','0.00','0.00','0.00','0.00','0.00','0.00','0.00','0.00','0.00','0.00','0.00','0.00','0.00','0.00','0.00','0.00','0.00','0.00','0.00','0.00','0.00','0.00','0.00','0.00','0.00','0.00','0.00','0.00','0.00','0.00','0.00','0.00','0.00','0.00','0.00','0.00','0.00','0.00','0.00','171.80','0.00','0.00','0.00','0.00','0.00','0.00','0.00','0.00','0.00','0.00','0.00','0.00','0.00','0.00','0.00','0.00','0.00','0.00','0.00','0.00','0.00','0.00','0.00','0.00','0.00','0.00','0.00','0.00','0.00','0.00','0.00','0.00','0.00','0.00','0.00','22.16','0.00','0.00','0.00','0.00','0.00','0.00','0.00','0.00','0.00','0.00','0.00','0.00','0.00','0.00','0.00','0.00','0.00','0.00','0.00','0.00','0.00','0.00','0.00','0.00','0.00','0.00','0.00','0.00','0.00','0.00','0.00','0.00','0.00','0.00','0.00','1.00','0.00','0.00','0.00','0.00','0.00','0.00','0.00','0.00','0.00','0.00','0.00','0.00','0.00','0.00','0.00','0.00','0.00','0.00','0.00','0.00','0.00','0.00','0.00','0.00','0.00','0.00','0.00','0.00','0.00','0.00','0.00','0.00','0.00','0.00','0.00','0.00','0.00','0.00','0.00','0.00','0.00','0.00','0.00','0.00','0.00','0.00','0.00','0.00','0.00','0.00','0.00','0.00','0.00','0.00','0.00','0.00','0.00','0.00','0.00','5.00','0.00','0.00','0.00','0.00','0.00','200.00','0.00','0.00','0.00','0.00','0.00','2011-03-23 14:48:57',122);
/*!40000 ALTER TABLE `dupaks` ENABLE KEYS */;
UNLOCK TABLES;

--
-- Table structure for table `groups`
--

DROP TABLE IF EXISTS `groups`;
SET @saved_cs_client     = @@character_set_client;
SET character_set_client = utf8;
CREATE TABLE `groups` (
  `id` int(5) unsigned NOT NULL auto_increment,
  `name` varchar(20) NOT NULL,
  PRIMARY KEY  (`id`),
  UNIQUE KEY `name` (`name`)
) ENGINE=MyISAM AUTO_INCREMENT=17 DEFAULT CHARSET=latin1;
SET character_set_client = @saved_cs_client;

--
-- Dumping data for table `groups`
--

LOCK TABLES `groups` WRITE;
/*!40000 ALTER TABLE `groups` DISABLE KEYS */;
INSERT INTO `groups` VALUES (1,'admin'),(12,'Pengguna'),(13,'Verifikator'),(14,'Operator1'),(15,'Approver'),(16,'Operator2');
/*!40000 ALTER TABLE `groups` ENABLE KEYS */;
UNLOCK TABLES;

--
-- Table structure for table `groups_menus`
--

DROP TABLE IF EXISTS `groups_menus`;
SET @saved_cs_client     = @@character_set_client;
SET character_set_client = utf8;
CREATE TABLE `groups_menus` (
  `group_id` int(5) NOT NULL,
  `menu_id` int(10) NOT NULL,
  KEY `group_id` (`group_id`,`menu_id`),
  KEY `group_id_2` (`menu_id`,`group_id`)
) ENGINE=MyISAM DEFAULT CHARSET=latin1;
SET character_set_client = @saved_cs_client;

--
-- Dumping data for table `groups_menus`
--

LOCK TABLES `groups_menus` WRITE;
/*!40000 ALTER TABLE `groups_menus` DISABLE KEYS */;
INSERT INTO `groups_menus` VALUES (1,9),(1,11),(1,12),(1,14),(1,15),(1,16),(1,17),(1,22),(1,66),(1,67),(1,68),(1,69),(1,70),(1,71),(1,72),(1,73),(1,74),(1,75),(1,76),(1,77),(1,78),(1,79),(1,80),(1,81),(1,82),(1,84),(1,85),(12,68),(12,73),(12,83),(12,84),(12,85),(13,68),(13,69),(13,73),(13,83),(13,84),(13,85),(14,80),(14,82),(14,84),(14,85),(15,79),(15,80),(15,81),(15,82),(15,84),(15,85),(16,81),(16,82),(16,84),(16,85);
/*!40000 ALTER TABLE `groups_menus` ENABLE KEYS */;
UNLOCK TABLES;

--
-- Table structure for table `groups_module_actions`
--

DROP TABLE IF EXISTS `groups_module_actions`;
SET @saved_cs_client     = @@character_set_client;
SET character_set_client = utf8;
CREATE TABLE `groups_module_actions` (
  `module_action_id` int(10) NOT NULL,
  `group_id` int(5) NOT NULL,
  KEY `module_action_id` (`module_action_id`,`group_id`),
  KEY `group_id` (`group_id`,`module_action_id`)
) ENGINE=MyISAM DEFAULT CHARSET=latin1;
SET character_set_client = @saved_cs_client;

--
-- Dumping data for table `groups_module_actions`
--

LOCK TABLES `groups_module_actions` WRITE;
/*!40000 ALTER TABLE `groups_module_actions` DISABLE KEYS */;
INSERT INTO `groups_module_actions` VALUES (26,1),(27,1),(28,1),(29,1),(34,1),(34,14),(35,1),(35,14),(36,1),(36,14),(37,1),(37,14),(42,1),(43,1),(44,1),(45,1),(50,1),(51,1),(52,1),(53,1),(54,1),(55,1),(56,1),(57,1),(73,1),(95,1),(96,1),(97,1),(98,1),(99,1),(100,1),(101,1),(102,1),(113,1),(114,1),(115,1),(116,1),(126,1),(256,1),(257,1),(258,1),(259,1),(268,1),(269,1),(270,1),(271,1),(272,1),(273,1),(274,1),(275,1),(315,1),(315,12),(315,13),(316,1),(316,12),(316,13),(317,1),(317,12),(317,13),(318,1),(318,12),(318,13),(319,1),(319,12),(319,13),(320,1),(321,1),(322,1),(323,1),(324,1),(325,1),(326,1),(327,1),(328,1),(329,1),(330,1),(331,1),(362,1),(362,13),(363,1),(363,15),(364,1),(364,12),(364,13),(364,15),(365,1),(365,13),(365,15),(366,1),(366,12),(366,13),(366,15),(367,1),(367,14),(367,15),(367,16),(368,1),(368,12),(368,13),(368,15),(369,1),(369,15),(369,16),(370,1),(370,15),(370,16),(371,1),(371,14),(371,15),(372,12),(372,13),(372,16),(373,1),(373,12),(373,13),(373,14),(373,15),(373,16);
/*!40000 ALTER TABLE `groups_module_actions` ENABLE KEYS */;
UNLOCK TABLES;

--
-- Table structure for table `menu_types`
--

DROP TABLE IF EXISTS `menu_types`;
SET @saved_cs_client     = @@character_set_client;
SET character_set_client = utf8;
CREATE TABLE `menu_types` (
  `id` tinyint(3) NOT NULL auto_increment,
  `name` varchar(20) NOT NULL,
  `call_name` varchar(10) NOT NULL,
  `created` datetime NOT NULL,
  `created_by` bigint(20) NOT NULL,
  `modified` datetime NOT NULL,
  `modified_by` bigint(20) NOT NULL,
  PRIMARY KEY  (`id`),
  UNIQUE KEY `call_name` (`call_name`),
  KEY `name` (`name`)
) ENGINE=MyISAM AUTO_INCREMENT=11 DEFAULT CHARSET=latin1;
SET character_set_client = @saved_cs_client;

--
-- Dumping data for table `menu_types`
--

LOCK TABLES `menu_types` WRITE;
/*!40000 ALTER TABLE `menu_types` DISABLE KEYS */;
INSERT INTO `menu_types` VALUES (1,'Top Menu','top','2009-11-17 14:13:29',0,'2009-12-12 23:45:36',1),(2,'Left Menu','left','2009-11-17 14:32:48',0,'2009-12-12 23:45:45',1),(3,'Setup','setup','2009-12-12 23:53:31',1,'2009-12-12 23:53:31',0),(5,'Report','report','2009-12-12 23:53:54',1,'2009-12-12 23:53:54',0),(6,'Admin','admin','2009-12-16 13:47:50',1,'2009-12-16 13:48:59',1),(10,'Aktivitas','da','2010-08-27 19:59:25',1,'2010-09-15 17:40:13',1);
/*!40000 ALTER TABLE `menu_types` ENABLE KEYS */;
UNLOCK TABLES;

--
-- Table structure for table `menus`
--

DROP TABLE IF EXISTS `menus`;
SET @saved_cs_client     = @@character_set_client;
SET character_set_client = utf8;
CREATE TABLE `menus` (
  `id` int(10) NOT NULL auto_increment,
  `parent_id` int(10) default NULL,
  `name` varchar(50) NOT NULL,
  `url` varchar(50) NOT NULL,
  `element_id` varchar(20) NOT NULL,
  `enable` tinyint(1) NOT NULL,
  `lft` int(10) NOT NULL,
  `rght` int(10) NOT NULL,
  `menu_type_id` tinyint(3) default NULL,
  `created` datetime NOT NULL,
  `created_by` int(11) NOT NULL,
  `modified` datetime NOT NULL,
  `modified_by` int(11) NOT NULL,
  PRIMARY KEY  (`id`),
  KEY `parent_id` (`parent_id`),
  KEY `enable` (`enable`),
  KEY `menu_type_id` (`menu_type_id`)
) ENGINE=MyISAM AUTO_INCREMENT=86 DEFAULT CHARSET=latin1;
SET character_set_client = @saved_cs_client;

--
-- Dumping data for table `menus`
--

LOCK TABLES `menus` WRITE;
/*!40000 ALTER TABLE `menus` DISABLE KEYS */;
INSERT INTO `menus` VALUES (6,NULL,'Cities','/cities','cities',0,7,8,3,'2009-12-13 02:34:56',1,'2009-12-21 16:36:16',1),(5,NULL,'Provinces','/provinces','provinces',0,1,2,3,'2009-12-13 02:03:29',1,'2009-12-21 16:36:20',1),(9,NULL,'Unit Kerja','/unit_codes','unit_codes',1,3,4,3,'2009-12-13 02:53:40',1,'2009-12-28 23:03:55',1),(11,NULL,'Menu','/menus','menus',1,5,6,6,'2009-12-13 05:03:18',1,'2011-01-29 12:52:53',1),(12,NULL,'Tipe Menu','/menu_types','menu_types',1,9,10,3,'2009-12-13 05:12:51',1,'2009-12-28 23:04:10',1),(14,NULL,'User Management','/users','users',1,11,12,6,'2009-12-16 13:49:35',1,'2009-12-16 13:49:35',0),(15,NULL,'Settings','/site_settings','site_settings',1,13,14,6,'2009-12-16 13:50:55',1,'2009-12-16 13:50:55',0),(16,NULL,'Module Management','/modules','modules',1,15,16,6,'2009-12-17 10:21:02',3,'2009-12-17 10:21:02',0),(17,NULL,'Group - Permission','/groups','groups',1,17,18,6,'2009-12-17 12:07:33',1,'2009-12-17 12:07:33',0),(22,NULL,'Log Pengguna','/user_logs','user_logs',1,19,20,6,'2010-01-13 21:17:25',1,'2010-01-13 21:17:25',0),(67,NULL,'Jabatan','/positions','positions',1,23,24,3,'2010-08-20 04:36:16',1,'2010-08-24 14:49:04',1),(66,NULL,'Kegiatan','/activities','activities',1,21,22,3,'2010-08-20 04:32:00',1,'2010-08-24 12:27:25',1),(68,NULL,'Input Kegiatan','/act_lists','act_lists',1,25,26,10,'2010-08-27 19:59:47',1,'2010-08-27 19:59:47',0),(69,NULL,'Verifikasi Kegiatan','/act_lists/verify','act_lists_verify',1,27,28,10,'2010-08-30 01:07:05',1,'2010-08-30 01:07:05',0),(70,NULL,'Rekapitulasi Aktivitas Harian Seluruh Staff','/act_lists/report_per_day','act_lists_report_per',1,29,30,5,'2010-09-02 03:09:38',1,'2010-09-15 20:00:07',1),(71,NULL,'Rekapitulasi Aktivitas Staff Bulanan','/act_lists/report_per_month','act_lists_report_per',1,31,32,5,'2010-09-02 05:05:59',1,'2010-09-15 20:00:27',1),(72,NULL,'Rekapitulasi Aktivitas Bulanan Per Unit Kerja','/act_lists/report_per_month_summary','act_lists_report_per',1,33,34,5,'2010-09-15 19:42:27',1,'2010-09-15 20:00:51',1),(73,NULL,'Input DUPAK','/dupaks','dupaks',1,35,36,10,'2010-09-27 23:14:15',1,'2010-09-27 23:14:15',0),(74,NULL,'Cetak DUPAK','/dupaks/printhtml','dupaks_printhtml',1,37,38,5,'2010-09-27 23:14:31',1,'2010-09-27 23:14:31',0),(75,NULL,'Kelas','/student_classes','student_classes',1,39,40,3,'2011-01-29 12:52:44',1,'2011-01-29 12:52:44',0),(76,NULL,'Prodi','/study_programs','study_programs',1,41,42,3,'2011-01-29 14:32:23',1,'2011-01-29 14:32:23',0),(77,NULL,'Mata Kuliah','/courses','courses',1,43,44,3,'2011-01-29 14:41:35',1,'2011-01-29 14:41:35',0),(78,NULL,'Dosen dan Pengguna','/users/','users',1,45,46,3,'2011-01-29 14:49:55',1,'2011-01-29 14:49:55',0),(79,NULL,'Approval Kegiatan','/act_lists/approval_list','approval_list',1,47,48,10,'2011-02-16 01:38:05',1,'2011-02-16 01:38:05',0),(80,NULL,'Rekapitulasi Honorarium Pengajar','/act_lists/report_honor_per_month','report_honor_per_mon',1,49,50,5,'2011-03-22 20:06:41',1,'2011-03-22 20:06:41',0),(81,NULL,'Rekapitulasi Absensi Harian Pengajar','/act_lists/report_per_day/teaching','report_per_day_teach',1,51,52,5,'2011-03-22 20:07:58',1,'2011-04-02 14:16:23',1),(82,NULL,'Rekapitulasi Absensi Bulanan Pengajar','/act_lists/report_per_day/teaching_monthly','teaching_monthly',1,53,54,5,'2011-04-02 15:36:54',1,'2011-04-02 15:36:54',0),(83,NULL,'Rekapitulasi Kehadiran Mengajar','/act_lists/report_for_me','report_for_me',1,55,56,5,'2011-04-02 16:07:55',1,'2011-04-02 16:07:55',0),(84,NULL,'Rekapitulasi Kehadiran Mahasiswa','/act_lists/report_student_attendance/','report_student_atten',1,57,58,5,'2011-04-11 21:21:43',1,'2011-04-11 21:21:43',0),(85,NULL,'Rekapitulasi Kehadiran/Ketidakhadiran Mahasiswa','/act_lists/report_student_attendance/per_course','report_student_atten',1,59,60,5,'2011-04-11 21:22:27',1,'2011-04-11 21:22:27',0);
/*!40000 ALTER TABLE `menus` ENABLE KEYS */;
UNLOCK TABLES;

--
-- Table structure for table `module_actions`
--

DROP TABLE IF EXISTS `module_actions`;
SET @saved_cs_client     = @@character_set_client;
SET character_set_client = utf8;
CREATE TABLE `module_actions` (
  `id` int(10) NOT NULL auto_increment,
  `module_id` int(10) NOT NULL,
  `name` varchar(50) NOT NULL,
  `created` datetime NOT NULL,
  `created_by` int(10) NOT NULL,
  `modified` datetime NOT NULL,
  `modified_by` int(10) NOT NULL,
  PRIMARY KEY  (`id`),
  KEY `module_id` (`module_id`),
  KEY `name` (`name`)
) ENGINE=MyISAM AUTO_INCREMENT=374 DEFAULT CHARSET=latin1;
SET character_set_client = @saved_cs_client;

--
-- Dumping data for table `module_actions`
--

LOCK TABLES `module_actions` WRITE;
/*!40000 ALTER TABLE `module_actions` DISABLE KEYS */;
INSERT INTO `module_actions` VALUES (257,5,'add','2010-08-19 16:26:14',0,'2010-08-19 16:26:14',1),(258,5,'index','2010-08-19 16:26:14',0,'2010-08-19 16:26:14',1),(256,5,'edit','2010-08-19 16:26:14',0,'2010-08-19 16:26:14',1),(26,6,'index','2009-12-17 12:00:17',1,'2009-12-17 12:00:17',0),(27,6,'add','2009-12-17 12:00:17',1,'2009-12-17 12:00:17',0),(28,6,'edit','2009-12-17 12:00:17',1,'2009-12-17 12:00:17',0),(29,6,'delete','2009-12-17 12:00:17',1,'2009-12-17 17:14:56',0),(34,8,'index','2009-12-17 12:00:54',1,'2009-12-17 12:00:54',0),(35,8,'add','2009-12-17 12:00:54',1,'2009-12-17 12:00:54',0),(36,8,'edit','2009-12-17 12:00:54',1,'2009-12-17 12:00:54',0),(37,8,'delete','2009-12-17 12:00:54',1,'2009-12-17 12:00:54',0),(113,15,'index','2009-12-21 11:39:21',1,'2009-12-21 11:39:21',0),(42,10,'index','2009-12-17 12:01:51',1,'2009-12-17 12:01:51',0),(43,10,'add','2009-12-17 12:01:51',1,'2009-12-17 12:01:51',0),(44,10,'edit','2009-12-17 12:01:51',1,'2009-12-17 12:01:51',0),(45,10,'delete','2009-12-17 12:01:51',1,'2009-12-17 12:01:51',0),(98,11,'delete','2009-12-20 23:23:42',0,'2009-12-20 23:23:42',1),(114,15,'add','2009-12-21 11:39:21',1,'2009-12-21 11:39:21',0),(115,15,'edit','2009-12-21 11:39:21',1,'2009-12-21 11:39:21',0),(50,12,'index','2009-12-17 12:05:49',1,'2009-12-17 12:05:49',0),(51,12,'add','2009-12-17 12:05:49',1,'2009-12-17 12:05:49',0),(52,12,'edit','2009-12-17 12:05:49',1,'2009-12-17 12:05:49',0),(53,12,'delete','2009-12-17 12:05:49',1,'2009-12-17 12:05:49',0),(54,13,'index','2009-12-17 12:47:42',1,'2009-12-17 12:47:42',0),(55,13,'add','2009-12-17 12:47:42',1,'2009-12-17 12:47:42',0),(56,13,'edit','2009-12-17 12:47:42',1,'2009-12-17 12:47:42',0),(57,13,'delete','2009-12-17 12:47:42',1,'2009-12-17 12:47:42',0),(97,11,'index','2009-12-20 23:23:42',0,'2009-12-20 23:23:42',1),(96,11,'add','2009-12-20 23:23:42',0,'2009-12-20 23:23:42',1),(95,11,'edit','2009-12-20 23:23:42',0,'2009-12-20 23:23:42',1),(102,9,'delete','2009-12-20 23:24:05',0,'2009-12-20 23:24:05',1),(101,9,'index','2009-12-20 23:24:05',0,'2009-12-20 23:24:05',1),(100,9,'add','2009-12-20 23:24:05',0,'2009-12-20 23:24:05',1),(99,9,'edit','2009-12-20 23:24:05',0,'2009-12-20 23:24:05',1),(73,14,'display','2009-12-20 21:32:51',0,'2009-12-20 21:32:51',1),(116,15,'delete','2009-12-21 11:39:21',1,'2009-12-21 11:39:21',0),(126,17,'index','2010-01-13 21:16:44',1,'2010-01-13 21:16:44',0),(268,36,'index','2010-08-24 14:49:18',0,'2010-08-24 14:49:18',1),(269,36,'delete','2010-08-24 14:49:18',0,'2010-08-24 14:49:18',1),(270,36,'edit','2010-08-24 14:49:18',0,'2010-08-24 14:49:18',1),(272,35,'index','2010-08-24 14:49:26',0,'2010-08-24 14:49:26',1),(273,35,'delete','2010-08-24 14:49:26',0,'2010-08-24 14:49:26',1),(274,35,'edit','2010-08-24 14:49:26',0,'2010-08-24 14:49:26',1),(259,5,'delete','2010-08-19 16:26:14',0,'2010-08-19 16:26:14',1),(271,36,'add','2010-08-24 14:49:18',0,'2010-08-24 14:49:18',1),(275,35,'add','2010-08-24 14:49:26',0,'2010-08-24 14:49:26',1),(373,37,'report_student_attendance','2011-04-11 21:23:57',0,'2011-04-11 21:23:57',1),(372,37,'report_for_me','2011-04-11 21:23:57',0,'2011-04-11 21:23:57',1),(371,37,'report_honor_per_month','2011-04-11 21:23:57',0,'2011-04-11 21:23:57',1),(370,37,'report_per_month_summary','2011-04-11 21:23:57',0,'2011-04-11 21:23:57',1),(369,37,'report_per_month','2011-04-11 21:23:57',0,'2011-04-11 21:23:57',1),(319,38,'printhtml','2010-09-27 23:18:18',0,'2010-09-27 23:18:18',1),(318,38,'index','2010-09-27 23:18:18',0,'2010-09-27 23:18:18',1),(317,38,'delete','2010-09-27 23:18:18',0,'2010-09-27 23:18:18',1),(316,38,'edit','2010-09-27 23:18:18',0,'2010-09-27 23:18:18',1),(315,38,'add','2010-09-27 23:18:18',0,'2010-09-27 23:18:18',1),(320,39,'add','2011-01-29 12:52:19',1,'2011-01-29 12:52:19',0),(321,39,'edit','2011-01-29 12:52:19',1,'2011-01-29 12:52:19',0),(322,39,'delete','2011-01-29 12:52:19',1,'2011-01-29 12:52:19',0),(323,39,'index','2011-01-29 12:52:19',1,'2011-01-29 12:52:19',0),(324,40,'add','2011-01-29 14:32:02',1,'2011-01-29 14:32:02',0),(325,40,'edit','2011-01-29 14:32:02',1,'2011-01-29 14:32:02',0),(326,40,'delete','2011-01-29 14:32:02',1,'2011-01-29 14:32:02',0),(327,40,'index','2011-01-29 14:32:02',1,'2011-01-29 14:32:02',0),(328,41,'add','2011-01-29 14:41:21',1,'2011-01-29 14:41:21',0),(329,41,'edit','2011-01-29 14:41:21',1,'2011-01-29 14:41:21',0),(330,41,'delete','2011-01-29 14:41:21',1,'2011-01-29 14:41:21',0),(331,41,'index','2011-01-29 14:41:21',1,'2011-01-29 14:41:21',0),(368,37,'add','2011-04-11 21:23:57',0,'2011-04-11 21:23:57',1),(366,37,'edit','2011-04-11 21:23:57',0,'2011-04-11 21:23:57',1),(367,37,'report_per_day','2011-04-11 21:23:57',0,'2011-04-11 21:23:57',1),(364,37,'index','2011-04-11 21:23:57',0,'2011-04-11 21:23:57',1),(365,37,'delete','2011-04-11 21:23:57',0,'2011-04-11 21:23:57',1),(363,37,'approval_list','2011-04-11 21:23:57',0,'2011-04-11 21:23:57',1),(362,37,'verify','2011-04-11 21:23:57',0,'2011-04-11 21:23:57',1);
/*!40000 ALTER TABLE `module_actions` ENABLE KEYS */;
UNLOCK TABLES;

--
-- Table structure for table `modules`
--

DROP TABLE IF EXISTS `modules`;
SET @saved_cs_client     = @@character_set_client;
SET character_set_client = utf8;
CREATE TABLE `modules` (
  `id` int(10) NOT NULL auto_increment,
  `name` varchar(50) NOT NULL,
  `controller` varchar(50) NOT NULL,
  `show_all` tinyint(1) default '1',
  `created` datetime NOT NULL,
  `created_by` int(10) NOT NULL,
  `modified` datetime NOT NULL,
  `modified_by` int(10) NOT NULL,
  PRIMARY KEY  (`id`),
  KEY `name` (`name`),
  KEY `controller` (`controller`),
  KEY `created` (`created`),
  KEY `created_by` (`created_by`)
) ENGINE=MyISAM AUTO_INCREMENT=42 DEFAULT CHARSET=latin1;
SET character_set_client = @saved_cs_client;

--
-- Dumping data for table `modules`
--

LOCK TABLES `modules` WRITE;
/*!40000 ALTER TABLE `modules` DISABLE KEYS */;
INSERT INTO `modules` VALUES (5,'Cities','cities',1,'2009-12-17 12:00:01',1,'2010-08-19 16:26:14',1),(6,'Provinces','provinces',1,'2009-12-17 12:00:17',1,'2009-12-17 12:00:17',0),(8,'Unit Codes','unit_codes',1,'2009-12-17 12:00:54',1,'2009-12-17 12:00:54',0),(9,'Menu','menus',1,'2009-12-17 12:01:06',1,'2009-12-20 23:24:05',1),(10,'Menu Type','menu_types',1,'2009-12-17 12:01:51',1,'2009-12-17 12:01:51',0),(11,'User Management','users',1,'2009-12-17 12:02:55',1,'2009-12-20 23:23:42',1),(12,'Module Management','modules',1,'2009-12-17 12:05:49',1,'2009-12-17 12:05:49',0),(13,'Group Management','groups',1,'2009-12-17 12:47:42',1,'2009-12-17 12:47:42',0),(14,'Pages','pages',1,'2009-12-20 21:29:56',1,'2009-12-20 21:32:51',1),(15,'Settings','site_settings',1,'2009-12-21 11:39:21',1,'2009-12-21 11:39:21',0),(17,'Log Pengguna','user_logs',1,'2010-01-13 21:16:44',1,'2010-01-13 21:16:44',0),(36,'Jabatan','positions',1,'2010-08-20 04:35:57',1,'2010-08-24 14:49:18',1),(35,'Kegiatan','activities',1,'2010-08-20 04:31:32',1,'2010-08-24 14:49:26',1),(37,'Input Kegiatan','act_lists',0,'2010-08-27 19:59:03',1,'2011-04-11 21:23:57',1),(38,'Input DUPAK','dupaks',0,'2010-09-27 23:13:45',1,'2010-09-27 23:18:18',1),(39,'Kelas','student_classes',1,'2011-01-29 12:52:19',1,'2011-01-29 12:52:19',0),(40,'Prodi','study_programs',1,'2011-01-29 14:32:02',1,'2011-01-29 14:32:02',0),(41,'Mata Kuliah','courses',1,'2011-01-29 14:41:21',1,'2011-01-29 14:41:21',0);
/*!40000 ALTER TABLE `modules` ENABLE KEYS */;
UNLOCK TABLES;

--
-- Table structure for table `positions`
--

DROP TABLE IF EXISTS `positions`;
SET @saved_cs_client     = @@character_set_client;
SET character_set_client = utf8;
CREATE TABLE `positions` (
  `id` int(11) NOT NULL auto_increment,
  `name` varchar(100) NOT NULL,
  `special` int(1) default '0',
  `lft` int(11) default NULL,
  `rght` int(11) default NULL,
  `parent_id` int(11) default NULL,
  PRIMARY KEY  (`id`)
) ENGINE=MyISAM AUTO_INCREMENT=176 DEFAULT CHARSET=latin1;
SET character_set_client = @saved_cs_client;

--
-- Dumping data for table `positions`
--

LOCK TABLES `positions` WRITE;
/*!40000 ALTER TABLE `positions` DISABLE KEYS */;
INSERT INTO `positions` VALUES (170,'Guru Besar',0,2,3,174),(171,'Lektor Kepala',0,4,5,174),(172,'Lektor',0,8,9,174),(173,'Asisten Ahli',0,6,7,174),(174,'Ka.Prodi',0,1,10,NULL),(175,'Ka. BAAK',1,11,12,NULL);
/*!40000 ALTER TABLE `positions` ENABLE KEYS */;
UNLOCK TABLES;

--
-- Table structure for table `provinces`
--

DROP TABLE IF EXISTS `provinces`;
SET @saved_cs_client     = @@character_set_client;
SET character_set_client = utf8;
CREATE TABLE `provinces` (
  `id` int(10) unsigned NOT NULL auto_increment,
  `code` varchar(2) default NULL,
  `name` varchar(60) default NULL,
  `created_by` varchar(60) default NULL,
  `created` datetime default NULL,
  `modified_by` varchar(60) default NULL,
  `modified` datetime default NULL,
  PRIMARY KEY  (`id`)
) ENGINE=MyISAM AUTO_INCREMENT=49 DEFAULT CHARSET=latin1;
SET character_set_client = @saved_cs_client;

--
-- Dumping data for table `provinces`
--

LOCK TABLES `provinces` WRITE;
/*!40000 ALTER TABLE `provinces` DISABLE KEYS */;
INSERT INTO `provinces` VALUES (1,'BB','KEPULAUAN BANGKA BELITUNG',NULL,NULL,NULL,NULL),(2,'BK','BENGKULU',NULL,NULL,NULL,NULL),(3,'BL','BALI',NULL,NULL,NULL,NULL),(4,'BT','BANTEN',NULL,NULL,NULL,NULL),(7,'CR','SULAWESI TENGGARA',NULL,NULL,NULL,NULL),(11,'JB','JAWA BARAT',NULL,NULL,NULL,NULL),(18,'KH','KALIMANTAN TENGAH',NULL,NULL,NULL,NULL),(19,'KR','KEPULAUAN RIAU',NULL,NULL,NULL,NULL),(20,'KS','KALIMANTAN SELATAN',NULL,NULL,NULL,NULL),(22,'LP','LAMPUNG',NULL,NULL,NULL,NULL),(23,'ML','MALUKU',NULL,NULL,NULL,NULL),(24,'CB','SULAWESI BARAT',NULL,NULL,NULL,NULL),(25,'CH','SULAWESI TENGAH',NULL,NULL,NULL,NULL),(26,'CS','SULAWESI SELATAN',NULL,NULL,NULL,NULL),(27,'CU','SULAWESI UTARA',NULL,NULL,NULL,NULL),(28,'GT','GORONTALO',NULL,NULL,NULL,NULL),(29,'JH','JAWA TENGAH',NULL,NULL,NULL,NULL),(30,'JK','JAKARTA',NULL,NULL,NULL,NULL),(31,'JM','JAMBI',NULL,NULL,NULL,NULL),(32,'JO','DAERAH ISTIMEWA YOGYAKARTA',NULL,NULL,NULL,NULL),(33,'JT','JAWA TIMUR',NULL,NULL,NULL,NULL),(34,'KB','KALIMANTAN BARAT',NULL,NULL,NULL,NULL),(35,'KT','KALIMANTAN TIMUR',NULL,NULL,NULL,NULL),(36,'MU','MALUKU UTARA',NULL,NULL,NULL,NULL),(37,'NA','NANGROE ACEH DARUSSALAM',NULL,NULL,NULL,NULL),(38,'NB','NUSA TENGGARA BARAT',NULL,NULL,NULL,NULL),(39,'NT','NUSA TENGGARA TIMUR',NULL,NULL,NULL,NULL),(40,'PB','PAPUA BARAT',NULL,NULL,NULL,NULL),(41,'PP','PAPUA',NULL,NULL,NULL,NULL),(42,'RI','RIAU',NULL,NULL,NULL,NULL),(43,'SB','SUMATERA BARAT',NULL,NULL,NULL,NULL),(44,'SS','SUMATERA SELATAN',NULL,NULL,NULL,NULL),(45,'SU','SUMATERA UTARA',NULL,NULL,NULL,NULL),(46,'NY','NEW YORK',NULL,NULL,NULL,NULL),(47,'WS','WASHINGTON DC.',NULL,NULL,NULL,NULL),(48,'BM','BOMBAY',NULL,NULL,NULL,NULL);
/*!40000 ALTER TABLE `provinces` ENABLE KEYS */;
UNLOCK TABLES;

--
-- Table structure for table `site_settings`
--

DROP TABLE IF EXISTS `site_settings`;
SET @saved_cs_client     = @@character_set_client;
SET character_set_client = utf8;
CREATE TABLE `site_settings` (
  `id` smallint(6) NOT NULL auto_increment,
  `param` varchar(20) NOT NULL,
  `value` varchar(100) NOT NULL,
  PRIMARY KEY  (`id`)
) ENGINE=MyISAM AUTO_INCREMENT=11 DEFAULT CHARSET=latin1;
SET character_set_client = @saved_cs_client;

--
-- Dumping data for table `site_settings`
--

LOCK TABLES `site_settings` WRITE;
/*!40000 ALTER TABLE `site_settings` DISABLE KEYS */;
INSERT INTO `site_settings` VALUES (1,'default_lang','ind'),(2,'site_name','Honor Dosen'),(3,'site_address1','Jl. Srengseng Sawah, Jagakarsa, Jakarta Selatan.'),(4,'site_address2','(Sebelah Utara Universitas Indonesia)'),(5,'site_email','htriyanto18@yahoo.co.id'),(6,'site_web','polimedia.ac.id'),(8,'site_phone','0811981962'),(9,'fee_transport','50000'),(10,'fee_honor','50000');
/*!40000 ALTER TABLE `site_settings` ENABLE KEYS */;
UNLOCK TABLES;

--
-- Table structure for table `student_classes`
--

DROP TABLE IF EXISTS `student_classes`;
SET @saved_cs_client     = @@character_set_client;
SET character_set_client = utf8;
CREATE TABLE `student_classes` (
  `id` int(11) NOT NULL auto_increment,
  `study_program_id` int(11) NOT NULL,
  `name` varchar(50) NOT NULL,
  `year_started` int(4) default '0',
  PRIMARY KEY  (`id`),
  KEY `study_program_id` (`study_program_id`)
) ENGINE=MyISAM AUTO_INCREMENT=63 DEFAULT CHARSET=latin1;
SET character_set_client = @saved_cs_client;

--
-- Dumping data for table `student_classes`
--

LOCK TABLES `student_classes` WRITE;
/*!40000 ALTER TABLE `student_classes` DISABLE KEYS */;
INSERT INTO `student_classes` VALUES (2,5,'Teknik Grafika A',2009),(47,7,'Desain Grafis A',2010),(4,5,'Teknik Grafika ',2008),(5,5,'Teknik Grafika B',2009),(6,5,'Teknik Grafika B',2010),(7,6,'Penerbitan ',2008),(8,6,'Penerbitan A',2009),(9,6,'Penerbitan A',2010),(51,5,'Teknik Grafika A',2011),(11,6,'Penerbitan B',2009),(12,6,'Penerbitan B',2010),(50,8,'Teknik Kemasan',2011),(14,7,'Desain Grafis A',2009),(48,8,'Teknik Kemasan ',2010),(16,7,'Desain Grafis B',2008),(17,7,'Desain Grafis B',2009),(18,7,'Desain Grafis B',2010),(19,5,'Teknik Grafika A',2010),(21,9,'Fotografi ',2010),(49,7,'Desain Grafis A',2008),(23,10,'Periklanan A',2010),(62,10,'Periklanan B',2010),(52,5,'Teknik Grafika B',2011),(53,6,'Penerbitan',2011),(54,9,'Fotografi',2011),(55,11,'Animasi',2011),(56,12,'Multimedia A',2011),(57,12,'Multimedia B',2011),(58,7,'Desain Grafis A',2011),(59,7,'Desain Grafis B',2011),(60,10,'Periklanan A',2011),(61,10,'Periklanan B',2011);
/*!40000 ALTER TABLE `student_classes` ENABLE KEYS */;
UNLOCK TABLES;

--
-- Table structure for table `students`
--

DROP TABLE IF EXISTS `students`;
SET @saved_cs_client     = @@character_set_client;
SET character_set_client = utf8;
CREATE TABLE `students` (
  `id` int(11) NOT NULL auto_increment,
  `student_class_id` int(11) NOT NULL,
  `name` varchar(100) NOT NULL,
  `npm` varchar(20) default NULL,
  `gender` char(1) default 'M' COMMENT 'M=Male; F=Female',
  PRIMARY KEY  (`id`),
  KEY `student_class_id` (`student_class_id`)
) ENGINE=MyISAM AUTO_INCREMENT=2083 DEFAULT CHARSET=latin1;
SET character_set_client = @saved_cs_client;

--
-- Dumping data for table `students`
--

LOCK TABLES `students` WRITE;
/*!40000 ALTER TABLE `students` DISABLE KEYS */;
INSERT INTO `students` VALUES (1684,2,'Yakub Rosihan Anwar','09210026','M'),(1895,47,'Gita Gea Novalita Irawan','10110013','P'),(1894,47,'Mochammad Arif R.Z.M.','10110020','M'),(1893,47,'Yougest Arsyani Akhmad','10110032','P'),(1892,47,'Aditya Nugroho','10110002','M'),(1891,47,'Indah Rahmawati','10110015','P'),(1890,47,'Nunik Septiyanti','10110024','P'),(1888,47,'Ragil Anggraini','10110027','P'),(1889,47,'Rifan Triady P','10110016','M'),(1887,47,'Veronika Nugraningsih','10110031','P'),(1884,47,'Indra Suwindra','10110017','P'),(1886,47,'Dike Faisal Akbar','10110011','P'),(1885,47,'Bibarachatu Masiacha','10110009','M'),(1883,47,'Batmana Priyagung Putra','10110008','M'),(1882,47,'Ahmad Ahdiyat Nugraha','10110003','M'),(1881,47,'Ailsa Sarah Rosa Juwita','10110005','P'),(1879,47,'Akbar Eka Saputra','10110006','M'),(1880,47,'Ridwan Afif Hadikusumah','10110029','M'),(1877,47,'Desnanti Sarachika','10110010','P'),(1878,47,'Nissa Ismira','10110023','P'),(1876,47,'Ahmad Maspi','10110004','M'),(1875,47,'Ghassani Ghina Amirah','10110012','P'),(1874,47,'Muhammad Alim Aulia','10110021','M'),(1873,47,'Herdiyani','10110014','P'),(1872,47,'Maha Putra Sanjaya','10110019','M'),(1871,47,'Priyo Prasetyo','10110025','M'),(1870,47,'Rachmad Anwar Nuris','10110026','M'),(859,18,'Stefanus Yonatan','10110061','M'),(860,18,'Lutfiyah Zahra','10110047','P'),(858,18,'Ahmad Miftah Fahmi','10110035','M'),(857,18,'Rosy Puteri Pertiwi','10110060','P'),(856,18,'Ghassani Ghina Bakhitah','10110042','P'),(855,18,'Puspita Anggraeni','10110056','P'),(854,18,'Avni Heriyawati','10110037','P'),(853,18,'Priambodo Nur Kurniawan','10110054','M'),(852,18,'Rizky David','10110058','M'),(850,18,'Theresa Greacella','10110062','P'),(851,18,'Muhammad Prayudha','10110052','M'),(849,18,'Ahmad Mardi Puro','10110034','M'),(848,18,'Yuan Amelia Tri Utami','10110064','P'),(847,18,'Giri Lantria Utari','10110043','P'),(846,18,'Purnomo Aji','10110055','M'),(845,18,'Agung Bayu Saputro','10110033','M'),(844,18,'Faisal Abrianto Nugroho','10110041','M'),(843,18,'Dody Kurniawan','10110040','M'),(842,18,'Ingrid Pangestu','10110045','P'),(841,18,'Bernhard Suryaningrat','10110038','M'),(840,18,'Nara Sari Hikmatul Husna','10110053','P'),(839,18,'Ulfah Yuniasti','10110063','P'),(1496,9,'Tiara Zatin Hananum','10310021','P'),(1495,9,'Robbi Dwi Juwono','10310020','M'),(1493,9,'Muhammad Rizky A','10310017','M'),(1494,9,'Novian Prasetyo','10310018','M'),(1492,9,'Muhammad Adi Syahrannoor','10310016','M'),(1491,9,'Muhammad Irfan Prasetyanto','10310015','M'),(1490,9,'Muchammad Rizal Syachbuddin G ','10310014','M'),(1489,9,'Meilina Ika Kurniawati','10310013','P'),(1487,9,'Lutfi Julham','10310011','M'),(1488,9,'Medya Noervihatya Hidayah','10310012','P'),(1486,9,'Komarudin','10310010','M'),(1485,9,'Farrah Diba','10310009','P'),(1484,9,'Evan Bagus Priadi','10310008','M'),(1515,12,'Rudy Nugroho','10310044','M'),(1516,12,'Selly Ayu Rhahmadani','10310045','M'),(1513,12,'Putri Permatasari','10310042','P'),(1514,12,'Ridwan Sebastian','10310043','M'),(1512,12,'Putri Nurgapi Fitri','10310041','P'),(1511,12,'Nugroho Nur Hakim','10310039','M'),(1510,12,'Mulya Halim','10310038','M'),(1509,12,'Muhamad Teguh Irzan','10310037','M'),(1508,12,'Muhammad Hamdan Tito Purnomo','10310036','M'),(1507,12,'Mohammad Ghalib','10310035','M'),(1506,12,'Intan Widiowati','10310033','P'),(1505,12,'Farid Hidayat','10310032','M'),(1504,12,'Dhanu Tri Yudanto','10310031','M'),(1503,12,'Chairunnisa Pashya','10310029','P'),(1501,12,'Andri Pramuziono','10310026','M'),(1502,12,'Aulia Dwiningtyas Putri','10310027','P'),(1728,19,'Yuga Riyanda','10210020','M'),(1724,19,'Rachmad Darmawan','10210015','M'),(1725,19,'Sandhy Julivan Cahyadi','10210016','M'),(1726,19,'Tya Yudistyana','10210018','P'),(1163,48,'Siti Wusan Sari M','10510019','P'),(1727,19,'Wahid Muchamad Aziz','10210019','M'),(1723,19,'Kahfi Fahman Nur Anwar','10210014','M'),(1722,19,'Heri Yuliana','10210013','M'),(1721,19,'Geradus Febian Brahma','10210012','M'),(1720,19,'Firda Meira Pratiwi','10210011','P'),(1719,19,'Fajar Nurjannati','10210010','P'),(1718,19,'Dwi Ari Wulandari','10210009','P'),(1717,19,'Dosdoi Firman Narotama','10210008','M'),(1716,19,'Didi Mustofa','10210007','M'),(1748,6,'Achmad Rifai','10210044','M'),(1747,6,'Yudhika Gulton','10210042','M'),(1746,6,'Yohanes','10210041','M'),(1745,6,'Vieky Wijaya Muchend','10210040','M'),(1744,6,'Verra Rahmawati','10210039','M'),(1743,6,'Syaiful Ikhsan Kusnandar','10210038','M'),(1742,6,'Risa Aditya','10210037','M'),(1741,6,'Rachmatulloh Sidik','10210036','M'),(1740,6,'Praditya Chandrawan','10210035','M'),(1739,6,'Nuryassin Purnama','10210034','M'),(1738,6,'Nurrohman','10210033','M'),(1737,6,'Januar Abdulloh','10210032','M'),(1736,6,'Haikal Muharrom','10210031','M'),(1735,6,'Firman Syah K','10210030','M'),(2051,23,'Khalil','10410026','M'),(2053,23,'Maulana Akhmad','10410029','M'),(2052,23,'Maria Ulfa','10410028','P'),(2050,23,'Irma Dwi Lestari','10410025','P'),(2049,23,'Ibnu Hakim','10410022','M'),(2047,23,'Finthantia Afriana Putri','10410018','P'),(2048,23,'Sri Rejeki','10410056','P'),(2045,23,'Esha Novian Nuur','10410016','P'),(2046,23,'Sabila R','10410052','P'),(2044,23,'Riza Juniar Adityo','10410048','M'),(2043,23,'Ega Pristanto','10410014','M'),(2042,23,'Rifqi Pradana','10410045','M'),(2041,23,'Dio Luwi Pramudyo','10410012','M'),(2040,23,'Prista Rediza','10410041','P'),(2039,23,'Desi Arnianti Kriswanto','10410009','P'),(2037,23,'Asti Intan Pratiwi widyan','10410007','P'),(2074,60,'Resita Puspasari','1','P'),(2031,62,'Ilham Nurul Huda','10410023','M'),(2030,62,'Windy Anindya Putri','10410059','P'),(2028,62,'Taufan Nur Hidayat','10410058','M'),(2029,62,'Vivin Verdianty Putri','10410058','P'),(2027,62,'Fitriani Larasari','10410019','P'),(2026,62,'Sonny Indra S.','10410054','M'),(2025,62,'Fikri Ghofar El Manik','10410017','M'),(2024,62,'Sarah Ramadhania Putri','10410051','P'),(2023,62,'Rizki Grefita','10410050','P'),(2021,62,'Eka Novi Riana','10410015','P'),(2022,62,'Rizki Dafinta','10410049','P'),(2018,62,'Propandardila Iman Dayasya','10410042','M'),(2020,62,'Riski Paramitha','10410047','P'),(2019,62,'Doddy Iman Prasetya','10410013','M'),(1162,48,'Reza Mulya Saputra','10510018','M'),(1161,48,'Randika Rasyid','10510017','M'),(1160,48,'Panji Maulana Iksan','10510016','M'),(1159,48,'Nor Wulan Nikmah H','10510015','P'),(1158,48,'Mohammad Rizky Adam','10510013','M'),(1157,48,'Khairunnisa Maulidya','10510012','P'),(1156,48,'Isti Sari Sapdiati','10510011','P'),(1154,48,'Hafiiz Kurniawan','10510009','M'),(1155,48,'Hairul Shanie','10510010','M'),(1153,48,'Gemala Siswa Diandra','10510008','M'),(1151,48,'Eros','10510021','M'),(1152,48,'Fikri Ramdhani','10510007','M'),(1149,48,'Aziz Wijaya Bika','10510005','M'),(1150,48,'Enggarian Kristian','10510006','M'),(1148,48,'Asep Sugeng Maulana','10510004','M'),(1147,48,'Androgama Jaya Pranata','10510003','M'),(1810,21,'Ahmad Ilman Sudrajat','10610002','M'),(1809,21,'Alfian Wicaksono','10610003','M'),(1808,21,'Ardy Yulian Restianto','10610005','M'),(1807,21,'Arif Wibowo','10610006','M'),(1806,21,'Fajar Hari Kurniawan','10610008','M'),(1804,21,'Frinda Prasetya','10610009','M'),(1805,21,'Gusti Made Artanto','10610010','M'),(1803,21,'Hafidz Faza Kaliet Pontiwijaya','10610011','M'),(1801,21,'Ken Levi Kertangi','10610013','M'),(1802,21,'Iqbal Zulfikar','10610012','M'),(1800,21,'Muhammad Arif','10610014','M'),(1799,21,'Muhammad Taufiq Ramadhana','10610015','M'),(1797,21,'Rahmat Darmawan','10610018','M'),(1798,21,'Onkky Wahyu Al Pratama','10610016','M'),(1795,21,'Randy Christianto Putra','10610019','M'),(1796,21,'Priyadi Saputra','10610017','M'),(1794,21,'Rizky Abdu Rahman','10610021','M'),(1181,8,' Ridwan Kurniwan Firmansyah','09310018','M'),(1180,8,' Octaria Sanjaya','09310017 ','M'),(1179,8,' Nurlaela Yusuf','09310016','P'),(1178,8,' Nova Woro Mughniatmi','09310015','P'),(1177,8,'Muhammad Yuda','09310014','M'),(1176,8,'Muchtar Aryadi','09310013','M'),(1175,8,'Marega Dwi Putra Widianto','09310011','M'),(1174,8,'Hilda Yunita','09310010','P'),(1205,11,'Made Agung DA','09310045','M'),(1206,11,'Michael C Prabowo','09310046','M'),(1204,11,'Luthfi Widhi Wijanarko','09310044','M'),(1203,11,'Khamarudin Asan Putra','09310043','M'),(1202,11,' Jivo Huseri','09310042','M'),(1201,11,'Imam Fithroturrahman','09310041','M'),(1200,11,'Hardiansyah','09310040','M'),(1199,11,'Fauziah Purwanti','09310039','P'),(1198,11,'Eka Sulistyani','09310038','P'),(1197,11,'Edwin Riandi Anugerah','09310037','M'),(1196,11,'Dwi Haris Septian','09310036','M'),(1194,11,'Dewi Sartika','09310034','P'),(1195,11,'Dito Agung Galih Prakoso','09310035','M'),(1683,2,'Waluyo','09210025','M'),(1682,2,'Taruna Hadi Tyio','09210024','M'),(1681,2,'Simon Julius Caesar Siregar','09210023','M'),(1677,2,'Prabowo','09210017','M'),(1678,2,'Raden Aulia Brilliant','09210018','M'),(1709,5,'Jonesius Julindo Purba','09210052','M'),(1708,5,'Wiwit Dwi Aryanto','09210051','M'),(1707,5,'Sopan Hadi Wahtudi','09210050','M'),(1705,5,'Saiful Hidayat','09210048','M'),(1706,5,'Samsul Maliki','09210049','M'),(1704,5,'Rizqi Aulia Walidaini','09210047','M'),(1923,14,'Widiasmi Pangestika','09110032','P'),(1921,14,'Roberto Charles Leba','09110027','M'),(1922,14,'Sofyan Ilyas','09110030','M'),(1920,14,'Marsela Marji','09110017','P'),(1919,14,'John Ruth','09110015','M'),(1918,14,'Habibah Nurwahdah','09110012','P'),(1917,14,'Gayuh Rahartini','09110010','P'),(1916,14,'Febri Kurniawan','09110009','M'),(1915,14,'Aggi Rachmadana','09110003','P'),(1914,14,'Dinanto Prio Dharsono','09110008','M'),(1913,14,'Rizky Aldila Rahman','09110026','M'),(1949,17,'Dian Indra Dwi Putra','08110035','M'),(1950,17,'Ginanjar Wiranata','09110046','M'),(1948,17,'Alhamdi Ahzan','09110035','M'),(1947,17,'Alifiani Nooringtyas','09110036','P'),(1946,17,'Mutiah Rahmah','09110056','P'),(1945,17,'Ismalia Indrianti','09110049','P'),(1944,17,'Andhika Herlambang','09110037','M'),(1941,17,'Abdul Muis Maulida','09110033','M'),(1942,17,'Antariksa','09110039','M'),(1943,17,'Daniel Perdamean','09110040','M'),(1940,17,'Muhammad Fedel Ramadhan','09110055','M'),(1939,17,'Fatrylisia Intansari','09110043','P'),(1938,17,'Rahayu Agusty S','09110058','P'),(1937,17,'Rudi Diana','09110061','M'),(1936,17,'Annisa Tri Yudhi A','09110038','M'),(621,7,'Eka Michelina','08310006','P'),(620,7,'Suci Nursila','08310013','P'),(619,7,'Hasbi Ash Shidiqi','08310008','M'),(618,7,'Abdul Aziz Rahardian','08310001','M'),(617,7,'Dennis Afri Saptanto','08310017','M'),(1912,14,'Ghia Arya Widura','09110011','P'),(1911,14,'O. Sulastri WS.','09110023','P'),(1910,14,'Adrianus Gebyar','09110002','M'),(567,4,'Revo Yasin Wibowo','08110012','M'),(566,4,'Septian Ananto','08110006','M'),(565,4,'Sutarto','08110007','M'),(564,4,'Chaerul Umam','08110014','M'),(563,4,'Ahmad Gama Reza Pahlevi','08110002','M'),(562,4,'Dahzat Sella Pramesta','08110003','M'),(561,4,'M. Firdaus Agus Setyawan','08110004','M'),(560,4,'Akhirudin Muhammad Fatwa','08110011','M'),(559,4,'Tommy Wily Bonytua','08110008','M'),(1680,2,'Romario','09210021','M'),(1676,2,'Nurdin Haryadi','09210016','M'),(1675,2,'Indra Poltak Natanael','09210013','M'),(1674,2,'Hendra Hermawan','09210012','M'),(1673,2,'Harist Muhammad Hawalli','09210011','M'),(1672,2,'Hafizh','09210010','M'),(1671,2,'Chandra Apriyanto','09210007','M'),(1670,2,'Bustanil Arifin','09210006','M'),(1669,2,'Bagoes Mawandi','09210005','M'),(1668,2,'Azka Mulki Rabbani','09210004','M'),(1667,2,'Ardhan Rizky Rifai','09210003','M'),(1869,47,'Rachman Nur Fitra','10110028','M'),(1868,47,'Rifan Triyadi Permana','10210016','P'),(1867,47,'Kamaludin Nur Fahri','10110018','M'),(568,4,'Nevia Sisca Merdeka Sari','08110005','P'),(569,4,'Adi Putra Indra Perkasa','08110010','M'),(570,4,'Jaeni Suryadi','08110015','M'),(1703,5,'Muhammad Nur Samury','09210046','M'),(1702,5,'Muhammad Maulidin','09210045','M'),(1701,5,'Muhammad Arif','09210044','M'),(1700,5,'Maryanto Linggi','09210043','M'),(1699,5,'Luhur Pambudi','09210042','M'),(1698,5,'Kemal Firdaus','09210041','M'),(1697,5,'Jefri Dwi Cahyanto','09210040','M'),(1696,5,'Indra Anugrah Legowo','09210039','M'),(1695,5,'Idham Permadi','09210038','M'),(1693,5,'Helmi Nugraha','09210036','M'),(1694,5,'Hendra Darmawan','09210037','M'),(1692,5,'Ferry Armon','09210035','M'),(1691,5,'Ferdinandus Kristiantianto','09210034','M'),(1690,5,'Dhona Rohmatullah','09210033','M'),(1734,6,'Bayu Indra Setyoko','10210043','M'),(1733,6,'Eris Efendi','10210027','M'),(1732,6,'Dimas Indra Permana Putra','10210026','M'),(622,7,'Aliefici G.Rahmarta','08310015','M'),(623,7,'Iman Fathurahman','08310010','M'),(624,7,'Alekcander Tulus Endrile','08310002','M'),(625,7,'Arif Hendriyani','08310003','M'),(626,7,'Bambang Oktavianto','08310004','M'),(627,7,'Dameria Octavia','08310005','P'),(628,7,'Johan Darmansyah','08310011','M'),(629,7,'Taufiqur Rahman','08310014','M'),(1173,8,'Firdaus Fauzur Rachman','09310009','M'),(1172,8,'Erina Rizkya','09310008','P'),(1171,8,'Egi Septio Hadi','09310007','M'),(1170,8,'Djody Rizky Pratama','09310006','M'),(1169,8,'Daniel Okta Brianta','09310005','M'),(1168,8,'Boby Chandra Oktavianus','09310004','M'),(1167,8,'Ardiyogo','09310003','M'),(1166,8,'Angga Azdi Saskia','09310002','M'),(1165,8,'Ahmad Yordan Kiagung','09310001','M'),(1497,9,'Toni Aristianto','10310022','M'),(1483,9,'Deny Hamzah','10310007','M'),(1482,9,'Danang Arya Prayoga','10310006','M'),(1481,9,'Ariesti Putri Perdana','10310005','P'),(1480,9,'Angga Putra Jarmansyah','10310004','M'),(1479,9,'Andika Dwi Annur','10310003','M'),(1478,9,'Ananda Isti','10310002','P'),(1477,9,'Adhika Patryawan','10310001','M'),(1193,11,'Desy Irta Iriyanti','09310033','P'),(1192,11,'Cahyo Prasetyo','09310032','M'),(1191,11,'Asep Lukman Nulhakim','09310031','M'),(1190,11,'Arif P Ramadhan','09310030','M'),(1189,11,'Agus Hermawan','09310029','M'),(1188,11,'Ade Nurhandayani','09310027','P'),(1517,12,'Yohan Christian Fernandy','10310046','M'),(1500,12,'Ahmad Ekanata Ramadhan','10310025','M'),(1499,12,'Abdul Rahman','10310024','M'),(1909,14,'Putri Dwi Jayanti','09110025','P'),(1908,14,'Syaifu Muhammad Sabil','09110028','M'),(1907,14,'Wanda Nurina Sara','09110031','P'),(1906,14,'Delfi Febriana','09110007','P'),(1905,14,'Kurniawan Adi Prasetyo','09110016','M'),(1904,14,'Muhammad Luthfi Fuad','09110021','M'),(1903,14,'Bagus Sanjaya','09110006','M'),(1902,14,'Ignatius Irsto Geovandi','09110014','M'),(1901,14,'Harindra Dwiky','09110013','M'),(1900,14,'Ahmad Riyadi','09110001','M'),(1164,48,'Wahyu Herdiyanto N','10510020','M'),(1146,48,'Achmad Faisal','10510002','M'),(1145,48,'Abdullah Arie Saputra Fratama','10510001','M'),(769,16,'Ahmad Nur Hasan','08110029','M'),(770,16,'Anggi Andika','08110002','P'),(771,16,'Dara Puspita','08110033','P'),(772,16,'Fauzan Syaugi','08110007','M'),(773,16,'Ferdi Setiawan','08110008','M'),(774,16,'Arif Nurhidayat','08110036','M'),(775,16,'Fajar Prasdianto','08110037','M'),(776,16,'Putra Fadillah','08110011','M'),(777,16,'Sendi Sabri','08110015','M'),(778,16,'Muhamad Ullinuha','08110040','M'),(779,16,'Suhartaman Arifin','08110016','M'),(780,16,'Tri Wibowo','08110017','M'),(781,16,'Zulkifli Muin','08110023','M'),(782,16,'Sodri Firdaus','08110046','M'),(783,16,'Indra Lesmana','08110024','M'),(784,16,'Septian Hadi','08110048','M'),(785,16,'Dwi Cahyo Purnomo','08110054','M'),(786,16,'Syahril Ramazar','08110056','M'),(787,16,'Ajeng Tri Marthaningrum','08110057','P'),(1935,17,'M.Rizki Ramadhan','09110057','M'),(1934,17,'Handi Cristianto','09110047','M'),(1933,17,'Ranni Rahayu Agusti','09110059','P'),(1932,17,'Selmi Fauziyah','09110062','P'),(1931,17,'Desti Ratna Sari','09110041','P'),(1930,17,'Sunti Sriwanti','09110063','P'),(1929,17,'Josep Riky Julianto S','09110050','M'),(1928,17,'Deto Wulung Samudro','09110042','M'),(861,18,'M.Ramdani Budianshari','10110048','M'),(862,18,'Muhammad Iqbal','10110051','M'),(863,18,'Gunawan Muin','10110044','M'),(864,18,'Ricky Marendy','10110057','M'),(865,18,'Fil Ardli Seplandu Safari','10110066','M'),(866,18,'Iman Erlangga','10110065','M'),(1715,19,'Arif Santoso','10210005','M'),(1714,19,'Arif Prima Yudha Setagiri','10210004','P'),(1713,19,'Andika Permana','10210003','M'),(1793,21,'Rizka Hutomo','10610020','M'),(1792,21,'sony Santri Adji','10610023','M'),(1791,21,'Samantha Lodia Natasya Abraham','10610022','P'),(2038,23,'Nur Fazar Fizki Suseno','10410039','M'),(2036,23,'Naruly Ovtavielia Peking','10410036','P'),(2035,23,'Aldy Wisnu Prabowo','10410004','M'),(2034,23,'Mudzakiri Fathonah','10410032','M'),(2033,23,'Ahmad Faisal','10410002','M'),(2016,62,'Nur M.Azzam','10410040','M'),(2017,62,'Dhaniar Fatma Yunita','10410010','M'),(2015,62,'Bagus Yudhi Prabowo','10410008','M'),(2014,62,'Norman Ihsan Aplaha','10410038','M'),(2012,62,'Muhammad Risqi H','10410034','M'),(2013,62,'Assalwa','10410006','M'),(2011,62,'Al Ihssan','10410003','M'),(2009,62,'Agi Faturrahman','10410001','M'),(2010,62,'Moh.Eipuddin','10410031','M'),(963,49,'Alexander Cornelius','08110001','M'),(964,49,'Andi Al Kindi Yusuf','08110031','M'),(965,49,'Budi Maulani','08110005','M'),(966,49,'Douglas Febriyanto S','08110034','M'),(967,49,'Krisna Ramadhan Putra','08110009','M'),(968,49,'Tri Cahya Berlian','08110010','P'),(969,49,'Irma Nuraeni','08110038','P'),(970,49,'Ryan Kalid','08110013','M'),(971,49,'Rick Chaniago','08110014','M'),(972,49,'Sambodo Agung W','08110044','M'),(973,49,'Wahyu Nurwadini','08110019','M'),(974,49,'Willy Prasetya M','08110021','M'),(975,49,'Yustira Arga Mandala','08110022','M'),(976,49,'Satria Parmana','08110045','M'),(977,49,'Ahmad Muhajir','08110026','M'),(978,49,'Mira Ratna Kirana','08110028','P'),(979,49,'Wahyu Kusmawan','08110050','M'),(980,49,'M.Haji Nurhidayat','08110053','M'),(981,49,'Budi Putra Kharisma','08110055','M'),(1785,50,'Prayudi Herlambang','1','M'),(1767,51,'Putuh Arosyid','1','M'),(1019,52,'Ade Hamzah','1','M'),(1210,54,'Achmad Pratomo','1','M'),(1262,55,'Abdi Darmawan Shamjio','1','M'),(1429,56,'Adhitia Cipta Nugraha','1','M'),(1454,57,'Adi Irawan','1','M'),(1322,59,'Ade Lukmanul Hakim','1','M'),(1377,61,'Ahmad Syaugi Arisandi','1','M'),(1766,51,'Panji Eka Putra','1','M'),(1765,51,'Muhammad Ramadhana','1','M'),(1764,51,'Muhammad Bagus Firdaus','1','M'),(1763,51,'Miftachul Jannah','1','P'),(1762,51,'Laila Ulfah Hasanah','1','P'),(1761,51,'Jejen Zaenal Muttaqin','1','M'),(1760,51,'Harfan Fauzi Utomo','1','M'),(1759,51,'Hamas Izzet Qordhowi','1','M'),(1758,51,'Gregorius Bayu Aji Saputra','1','M'),(1757,51,'Fajar Bagus Rianto','1','M'),(1756,51,'Eric Fernando Nainggolan','1','M'),(1755,51,'Dwi Imam Muhammad','1','M'),(1754,51,'Deska Mawaddahsya Putra','1','M'),(1753,51,'Deden Ichuanudin','1','M'),(1752,51,'Bayu Handika','1','M'),(1751,51,'Ashari Ramadan','1','M'),(1750,51,'Akhmad Kunarto','1','M'),(1749,51,'Aditya Catur Saputra','1','M'),(1020,52,'Ahmad Fauzi','1','M'),(1021,52,'Alif Hamdallah','1','M'),(1022,52,'Bagus Salasa Achmad S','1','M'),(1023,52,'Dani Waldan Ichsan','1','M'),(1024,52,'Deny Hartoyo','1','M'),(1025,52,'Dian Lara Pradana Putra','1','M'),(1026,52,'Fahmi','1','M'),(1027,52,'Galuh Devie Nuraeny','1','P'),(1028,52,'Haidir Dani Sahrizal','1','M'),(1029,52,'Iyan Indra Kurnia','1','M'),(1030,52,'Juwita Ismoyowati','1','P'),(1031,52,'Lailatul Khusna','1','P'),(1032,52,'Mohammad Thasyrik Pudu','1','M'),(1033,52,'Muhammad Fauji Sihotang','1','M'),(1034,52,'Muhammad Rozi Ardiansyah','1','M'),(1035,52,'Putra Setiawan','1','M'),(1036,52,'Rachmad Risdiansya','1','M'),(1037,52,'|Randi Nur Oktavianto','1','M'),(1038,52,'Rizky Firmansyah','1','M'),(1039,52,'Stefanus Leo Kencana T','1','M'),(1040,52,'Syahrial Pratama','1','M'),(1041,52,'Taufik Tri Handoko','1','M'),(1042,52,'Winarti','1','P'),(1784,50,'Nina Rizki Fatimah','1','P'),(1783,50,'Mashaby Kafaa AS','1','M'),(1782,50,'Ilham Adriansyah D','1','M'),(1781,50,'Ikhsan Nur Fauzi','1','M'),(1780,50,'Hana Rosliana E K','1','P'),(1779,50,'Fiqha Yakto Alamio','1','M'),(1778,50,'Fadhillah Arizky Noor','1','M'),(1777,50,'Earvin Jaremy Putra','1','M'),(1776,50,'Dira Levi Mulia','1','P'),(1775,50,'Cinta Sofia Kusuma','1','P'),(1774,50,'Alif Reimanda','1','M'),(1773,50,'Agatama Yuda Syaputra','1','M'),(1712,19,'Aditya Indra Rismanto','10210001','M'),(1731,6,'Bakti Arbi Ananta','10210024','M'),(1730,6,'Aji Kisawan','10210022','M'),(1679,2,'Randi Ade Putra','09210020','M'),(1666,2,'Amry Manan Putra','09210002','M'),(1665,2,'Ahmad Fadhil Habibie','09210001','M'),(1689,5,'Bayu Putra Pratama','09210032','M'),(1688,5,'Bagus Aryanto','09210031','M'),(1687,5,'Amalia Riski','09210030','P'),(1686,5,'Ajib Gunawan','09210029','M'),(1182,8,'Septiana Putri Dewanti','09310020','P'),(1183,8,'Theresia Desyrina','09310021','P'),(1184,8,'Trio Edie Setiawan','09310022','M'),(1185,8,'Wadirin','09310023','M'),(1186,8,'Wini Nurhanifah','09310024','P'),(1187,8,'Yohanes Trisu Theofilus N','09310025','M'),(1207,11,'Novita Sari','09310048','P'),(1208,11,'Rizky Asrianda','09310050','P'),(1209,11,'Firman Hari Sampurna','08310008','M'),(1211,54,'Ananda Wanti Haryani','1','P'),(1212,54,'Andi Maulana Agung','1','M'),(1213,54,'Annisa Siti Fatimah','1','P'),(1214,54,'Arwan Sasmito','1','M'),(1215,54,'Asde Marseila Romadhona','1','P'),(1216,54,'Daniel Aditya Mulan Nugraha','1','M'),(1217,54,'Dhanue Andrean','1','M'),(1218,54,'Dian Krisnawan','1','M'),(1219,54,'Dio Agusti','1','P'),(1220,54,'Dita Siana Octavera Erhadi','1','P'),(1221,54,'Etiy Oktaviyani','1','P'),(1222,54,'Hajar Safitri Rachima','1','P'),(1223,54,'Herdiana Septyawati','1','P'),(1224,54,'Marlindha Arimbi','1','P'),(1225,54,'Mas Rahadianto Husodo','1','M'),(1226,54,'Maulana Husen','1','M'),(1227,54,'Muhamad Rizky Fitrian','1','M'),(1228,54,'Muhammad Nindhyo Pratama','1','M'),(1229,54,'Muhammad Nurdiansyah','1','M'),(1230,54,'Muhammad Taqi','1','M'),(1231,54,'Pricellya Evitaranny Latumahina','1','P'),(1232,54,'Rizka Adellia','1','P'),(1233,54,'Safira Aulia','1','P'),(1234,54,'Septian Cipta Irawan','1','M'),(1235,54,'Trihutomo Putro','1','M'),(1236,54,'Valianto Maulana','1','M'),(1237,54,'Vita Pristi Ariyanti','1','P'),(1836,53,'Tika Safitri','1','P'),(1835,53,'TB. M Yudi Kautsar Permana','1','M'),(1834,53,'Reza Kemal Wijaya','1','M'),(1833,53,'Oki Tri Artha Nugroho','1','P'),(1832,53,'Nurjanah Dwi Kurnia','1','P'),(1831,53,'Muhammad Ramdani Wahyudi','1','M'),(1830,53,'Meirina Orchidanti Sanubari','1','P'),(1829,53,'Lusitania Ayu Sekar Ningtyas','1','P'),(1828,53,'John Roy Sibarani','1','M'),(1827,53,'Ivan Fuadi Setiawan','1','M'),(1826,53,'Intan Fatrina Sari','1','P'),(1825,53,'I Gusti Ayu Eka Ratna Dewi','1','P'),(1824,53,'Hutomo Pangestu','1','M'),(1823,53,'Hanny Maulyna','1','P'),(1822,53,'Habib Karim Adam Sugiarto','1','M'),(1821,53,'Ira Widya','1','P'),(1819,53,'Elsha Laila','1','P'),(1263,55,'Achmad Zarkasih','1','M'),(1264,55,'Anggi Almira Rahma','1','P'),(1265,55,'Bias Prio Kuncoro','1','M'),(1266,55,'Dita Aji Priambodo','1','P'),(1267,55,'Dosman Novalina','1','P'),(1268,55,'Faisal Akbar Hendrapratama','1','M'),(1269,55,'Fatimah','1','P'),(1270,55,'Fauzan','1','M'),(1271,55,'Francisca Suharyani','1','P'),(1272,55,'Hafizh Wiratama Sahadeva','1','M'),(1273,55,'Herlitha Ralantika','1','P'),(1274,55,'Ihya Al Ulmu Kulsum','1','P'),(1275,55,'Indra Purnama','1','M'),(1276,55,'Lamone Waraweki M','1','M'),(1277,55,'M. Ardian Vidianto','1','M'),(1278,55,'Miranti','1','P'),(1279,55,'Mochammad Iqbal','1','M'),(1280,55,'Muhajirin','1','M'),(1281,55,'Muhammad ','1','M'),(1282,55,'Muhammad Imaddudin','1','M'),(1283,55,'Muhammad Mukhbit Abdu Robbi','1','M'),(1284,55,'Muhammad Risnadi Misea Utama','1','M'),(1285,55,'Muhammad Zul Atsari','1','M'),(1286,55,'Nurman Izlaq','1','M'),(1287,55,'Ryan Ismail Soehasrto','1','M'),(1288,55,'Safitri Dwi Sekar Sari','1','M'),(1289,55,'Seldy Setyawan','1','M'),(1290,55,'Septian Rahardi','1','M'),(1291,55,'Septyo Megatama','1','M'),(1292,55,'Sinta Mawarni','1','P'),(1293,55,'Yessiel Trivena Towollu','1','P'),(1856,58,'Renda Nur Oktaviyono','1','M'),(1855,58,'Panji Raga Buana E.F.','1','M'),(1854,58,'Nur Fajrina','1','P'),(1853,58,'Nadia Pangestu','1','P'),(1852,58,'Munaf Ahmad Fajrin','1','M'),(1851,58,'Muhammad Rezy Syahputra','1','M'),(1850,58,'Muhammad Daniel Wirabuana','1','M'),(1849,58,'Mokhamad Rahib Akbar','1','M'),(1848,58,'M. Nur Ichsan','1','M'),(1847,58,'Lutfiyah','1','P'),(1846,58,'Istoqomah Auliany','1','P'),(1845,58,'Ibrahim','1','M'),(1844,58,'Ferdy Firnaldy','1','M'),(1843,58,'Faisal Fadhillah','1','M'),(1842,58,'Cahya Candra Wahyudi','1','M'),(1841,58,'Aufar Haris Munandar','1','M'),(1840,58,'Andri Kurniadi','1','M'),(1839,58,'Agung Riansyah','1','M'),(1838,58,'Ade Topani','1','M'),(1837,58,'Ade Agung Manggala Putra','1','M'),(1323,59,'Afiah','1','P'),(1324,59,'Ahmad Sulfi Nurrizky','1','M'),(1325,59,'Andri Nurianto','1','M'),(1326,59,'Bangkit Darmawan','1','M'),(1327,59,'Faiza Nurjanah','1','M'),(1328,59,'Fauzan','1','M'),(1329,59,'Hanifah','1','P'),(1330,59,'Irfan Nur Hamzah','1','M'),(1331,59,'Kinanti','1','P'),(1332,59,'Maryanti Kuspitri Wahyuni','1','P'),(1333,59,'Muhammad Alkindi Razak','1','M'),(1334,59,'Muhammad Reza Hartoyo Putro','1','M'),(1335,59,'Muhammad Subhan','1','M'),(1336,59,'Muhammad Ali Hanafiah','1','M'),(1337,59,'Muhammad Dani Alinaung','1','M'),(1338,59,'Muhammad Ilham Firmanuadi','1','M'),(1339,59,'Mutaqin Tito Hamardi','1','M'),(1340,59,'Navy Evaresti Nur Aisyah','1','M'),(1341,59,'Nurul Alfiani','1','M'),(1342,59,'Raja Fajar Thalib','1','M'),(1343,59,'Rian Rifai','1','M'),(1344,59,'Rio Mutiharseno','1','M'),(1345,59,'Ryan Wijisovia','1','M'),(1346,59,'Sandy Kusuma','1','M'),(1347,59,'Sayyid Maizar','1','M'),(1348,59,'Wahyu Wicaksono','1','M'),(1349,59,'Yuda Arliandi','1','M'),(2073,60,'Rahmah Yanti Darsono Putri','1','P'),(2072,60,'Putri Rachmawati Putri ','1','P'),(2071,60,'Patricius Bagas Setiyaji Prakosa','1','M'),(2070,60,'Nuri Cahyani','1','P'),(2069,60,'Nadia Gusti Septari','1','P'),(2068,60,'Machmmad Gilang Prasetyo','1','M'),(2067,60,'Maulana Pradana','1','M'),(2066,60,'Liagusdhiani','1','P'),(2065,60,'Laila Rahmah','1','P'),(2064,60,'Isnaeni Rizqi Ernawati','1','P'),(2063,60,'Husnul Firdaus','1','M'),(2062,60,'Hana Nadida','1','P'),(2061,60,'Dita Triana','1','P'),(2060,60,'Dhesyta Nhadya','1','P'),(2059,60,'Dendy Ilham Pratama','1','M'),(2058,60,'Dea Octa Iriyanti','1','P'),(2057,60,'Bunga Pascalia','1','P'),(2056,60,'Arie Afrianto','1','M'),(2055,60,'Ade Arfianto','1','M'),(1378,61,'Ario Suyudi','1','M'),(1379,61,'Daniel Satrio','1','M'),(1380,61,'Debie Cyntia Christine Tampubolon','1','P'),(1381,61,'Devi Serpina','1','P'),(1382,61,'Diki Anggrian','1','M'),(1383,61,'Erwin Setiawan','1','M'),(1384,61,'Hasanah Mustika Ningrum','1','P'),(1385,61,'Irni','1','P'),(1386,61,'Juldan Said Ismail','1','M'),(1387,61,'Lentera Priscila','1','P'),(1388,61,'M.Wahyu Hidayat','1','M'),(1389,61,'Melliana Anggraeni','1','P'),(1390,61,'Muhamad Bagus Akbar','1','M'),(1391,61,'Nanda Bastian Tandi Azis','1','M'),(1392,61,'Nurul Samsiah Ulfa','1','P'),(1393,61,'Puspita Parameswari Putri','1','P'),(1394,61,'Raegi Alka Fauzan','1','M'),(1395,61,'Rahmi Dwi Permatasari','1','P'),(1396,61,'Resty Violetta Nawang Wulan','1','P'),(1397,61,'Rimbot Fransen','1','M'),(1398,61,'Rizki Ramadhan Prasetya','1','M'),(1399,61,'Septian Hadi Prasetya','1','M'),(1400,61,'Shoffana Nur Aulia','1','P'),(1401,61,'Syifa Rizky Larasati','1','P'),(1402,61,'Wildan Adi Nugraha','1','M'),(1403,61,'Yuanda Prasetyo','1','M'),(1857,58,'Ricki Setiawan','1','M'),(1820,53,'Fajar Eko Budi Prakoso','1','M'),(1818,53,'Elisabeth Arin Wahyu Ratri','1','P'),(1817,53,'Chairul Umam','1','M'),(1816,53,'Desi Lestari','1','P'),(1430,56,'Agus Setiawan','1','M'),(1431,56,'Anastasia Wydiawati Siagian','1','P'),(1432,56,'Briantoro Unggul Wiyadi','1','M'),(1433,56,'Dianti Dwipramesthi','1','P'),(1434,56,'Edwar Yunizal','1','M'),(1435,56,'Fitri Novianti','1','P'),(1436,56,'Ghali Hasbul Qahar','1','M'),(1437,56,'Hadi Susilo Murti','1','M'),(1438,56,'Indra Maulana','1','M'),(1439,56,'Irita Eka Yanti','1','P'),(1440,56,'Lazuardi Arrazi','1','M'),(1441,56,'Mirza Muhammad Hasan Al Ja','1','M'),(1442,56,'Muamar Ridwan','1','M'),(1443,56,'Muhammad Ali Azmi','1','M'),(1444,56,'Muhammad Jabbar Jayasutisna','1','M'),(1445,56,'Muhammad Radian Ananto','1','M'),(1446,56,'Mutiara Safitri','1','P'),(1447,56,'Nikmah Khaerani','1','M'),(1448,56,'Prima Ahmad Andhura','1','M'),(1449,56,'Reny Riya Wati','1','P'),(1450,56,'Septiyan Hidayat','1','M'),(1451,56,'Timothius Gigih Baku Rogo','1','M'),(1452,56,'Wristian Afitoa Azh','1','M'),(1453,56,'Yossi Zulfahmi','1','M'),(1455,57,'Amelia Herminingtias','1','P'),(1456,57,'Atika Muslimah','1','P'),(1457,57,'Desi Rahayu','1','P'),(1458,57,'Dimas Ibnu Wibowo','1','M'),(1459,57,'Fara Lestari','1','M'),(1460,57,'Franciscus Xaverius Wahyu Arif Wibawa','1','M'),(1461,57,'Gilang Pramaghapin','1','M'),(1462,57,'Hendrik Surdilaga','1','M'),(1463,57,'Kurniadyah Intan Jauhari','1','M'),(1464,57,'Megah Drajat Setiaji','1','M'),(1465,57,'Mochammad Mufti Mahardika','1','M'),(1466,57,'Muhamad Rizki','1','M'),(1467,57,'Muhammad Fa\'iz Nugroho ','1','M'),(1468,57,'Muhammad Mujahidin Rajillilah','1','M'),(1469,57,'Muhammad Yusuf Ari Widodo','1','M'),(1470,57,'Nadiatasya Zahra Anissa','1','P'),(1471,57,'Prahastiwi Susilowati','1','P'),(1472,57,'Raihan Ibrahim Saputra','1','M'),(1473,57,'Rizky Denisa Ruslan','1','M'),(1474,57,'Tati Rosmiati','1','P'),(1475,57,'Viky Alvianas','1','M'),(1476,57,'Yeyen Yuliani Indrianingsih','1','P'),(1498,9,'Yoyong Bemby Sandiari','10310023','M'),(1518,12,'Sheila Marcelia R.A.','10310047','P'),(1811,21,'Adia Damar Syamsuri','10610001','P'),(1790,21,'Sri Dian Afrianti Kunto','10610024','P'),(1815,53,'Andre Rivaidi','1','M'),(1814,53,'Anastasia Mutia Intishar','1','P'),(1813,53,'Agung Saputra','1','M'),(1685,2,'Zaenudin Fachmi','09210027','M'),(1710,5,'Jaenal Abidin','09210053','M'),(1711,5,'Rosliana Handayani','09210022','P'),(1729,19,'Dimas Maisanto','10210045','M'),(1768,51,'Rachman Affandi','1','M'),(1769,51,'Rian Ardiyatna','1','M'),(1770,51,'Safiyullah','1','M'),(1771,51,'Sugiri Santoso','1','M'),(1772,51,'Yon Harry Fambudi','1','M'),(1786,50,'Seno Basuki Rachmat','1','M'),(1787,50,'Tyas Lestari','1','P'),(1788,50,'Yasir Ali','1','M'),(1789,50,'Armita Rahmawati','1','P'),(1812,21,'Fauzia Afriandini','10210030','P'),(1858,58,'Rivaldi Saputra','1','M'),(1859,58,'Ryan Melandie','1','M'),(1860,58,'Sarah Dewi Ekowati','1','P'),(1861,58,'Suci Fitriyani','1','P'),(1862,58,'Tesar Rizky Putra','1','M'),(1863,58,'Tiara Gustian Roswatie','1','P'),(1864,58,'Widiyati Putri Octavia','1','P'),(1865,58,'Joko Putro','1','M'),(1866,58,'Frida Fadila F','1','P'),(1896,47,'Alfian Islami','10110007','M'),(1897,47,'Adityo Bayu Aji','10110034','M'),(1898,47,'Muhammad Ryan F','10110022','M'),(1899,47,'Senna Listinarani','10110029','P'),(1924,14,'Ahmad Nurhasan','09110029','M'),(1925,14,'Rio Johansen','09110042','M'),(1926,14,'Zakki Fauran','09110051','M'),(1927,14,'Muhammad Ulinnuha','','M'),(1951,17,'Kevin Arya Permana','09110051','M'),(1952,17,'Rezha Filial H','09110060','M'),(1953,17,'Zul Putra','09110064','M'),(1954,17,'Iman Prasetyo','09110048','M'),(2054,23,'Diana Nurfiani','10410060','P'),(2032,23,'Miya Warniasih','10410030','P'),(2075,60,'Rifnida Novalinda','1','P'),(2076,60,'Rina Yuliana','1','P'),(2077,60,'Rizky Yanuar Putra','1','M'),(2078,60,'Shanie Silmy','1','P'),(2079,60,'Sondang Safina Tunajah','1','P'),(2080,60,'Wahyu Eko Prihandani','1','M'),(2081,60,'Wira Putra Setiadi','1','M'),(2082,60,'Rajiv Amanullah Akram','1','M');
/*!40000 ALTER TABLE `students` ENABLE KEYS */;
UNLOCK TABLES;

--
-- Table structure for table `study_programs`
--

DROP TABLE IF EXISTS `study_programs`;
SET @saved_cs_client     = @@character_set_client;
SET character_set_client = utf8;
CREATE TABLE `study_programs` (
  `id` int(11) NOT NULL auto_increment,
  `name` varchar(50) NOT NULL,
  PRIMARY KEY  (`id`)
) ENGINE=MyISAM AUTO_INCREMENT=13 DEFAULT CHARSET=latin1;
SET character_set_client = @saved_cs_client;

--
-- Dumping data for table `study_programs`
--

LOCK TABLES `study_programs` WRITE;
/*!40000 ALTER TABLE `study_programs` DISABLE KEYS */;
INSERT INTO `study_programs` VALUES (5,'Teknik Grafika'),(6,'Penerbitan'),(7,'Desain Grafis'),(8,'Teknik Kemasan'),(9,'Fotografi'),(10,'Periklanan'),(11,'Animasi'),(12,'Multimedia');
/*!40000 ALTER TABLE `study_programs` ENABLE KEYS */;
UNLOCK TABLES;

--
-- Table structure for table `unit_codes`
--

DROP TABLE IF EXISTS `unit_codes`;
SET @saved_cs_client     = @@character_set_client;
SET character_set_client = utf8;
CREATE TABLE `unit_codes` (
  `id` smallint(6) NOT NULL auto_increment,
  `name` varchar(100) NOT NULL,
  `code` varchar(10) NOT NULL,
  `created` datetime NOT NULL,
  `created_by` int(10) NOT NULL,
  `modified` datetime NOT NULL,
  `modified_by` int(10) NOT NULL,
  PRIMARY KEY  (`id`),
  UNIQUE KEY `code` (`code`),
  KEY `name` (`name`)
) ENGINE=MyISAM AUTO_INCREMENT=65 DEFAULT CHARSET=latin1;
SET character_set_client = @saved_cs_client;

--
-- Dumping data for table `unit_codes`
--

LOCK TABLES `unit_codes` WRITE;
/*!40000 ALTER TABLE `unit_codes` DISABLE KEYS */;
INSERT INTO `unit_codes` VALUES (50,'Program Studi Teknik Kemasan','4','2010-08-13 08:28:39',2,'2011-01-29 17:22:06',2),(51,'Program Studi Desain Grafis','3','2010-08-13 08:29:05',2,'2011-01-29 17:21:53',2),(52,'Program Studi Periklanan','6','2010-08-13 08:29:18',2,'2011-01-29 17:22:27',2),(53,'Program Studi Penerbitan','2','2010-08-13 08:29:30',2,'2011-01-29 17:21:44',2),(54,'Program Studi Fotografi','5','2010-08-13 08:29:44',2,'2011-01-29 17:22:20',2),(64,'Program Studi Multimedia','8','2011-08-18 16:26:34',1,'2011-08-18 16:26:34',0),(63,'Program Studi Animasi','7','2011-08-18 16:25:58',1,'2011-08-18 16:25:58',0),(62,'Program Studi Teknik Grafika','1','2011-01-29 17:21:09',2,'2011-01-29 17:21:30',2);
/*!40000 ALTER TABLE `unit_codes` ENABLE KEYS */;
UNLOCK TABLES;

--
-- Table structure for table `user_logs`
--

DROP TABLE IF EXISTS `user_logs`;
SET @saved_cs_client     = @@character_set_client;
SET character_set_client = utf8;
CREATE TABLE `user_logs` (
  `id` int(11) NOT NULL,
  `user_id` int(11) NOT NULL,
  `ip_address` char(15) NOT NULL,
  `controller` varchar(50) NOT NULL,
  `action` varchar(50) NOT NULL,
  `request_method` varchar(10) NOT NULL,
  `referer` varchar(100) NOT NULL,
  `url` varchar(100) NOT NULL,
  `user_agent` tinytext NOT NULL,
  `created` datetime NOT NULL,
  KEY `user_id` (`user_id`),
  KEY `ip_address` (`ip_address`),
  KEY `created` (`created`)
) ENGINE=MyISAM DEFAULT CHARSET=latin1;
SET character_set_client = @saved_cs_client;

--
-- Dumping data for table `user_logs`
--

LOCK TABLES `user_logs` WRITE;
/*!40000 ALTER TABLE `user_logs` DISABLE KEYS */;
INSERT INTO `user_logs` VALUES (0,135,'118.97.104.90','pages','display','GET','http://la.baukpoltek.net/users/login','/','Mozilla/5.0 (Windows; U; Windows NT 6.1; en-US; rv:1.9.2.23) Gecko/20110920 Firefox/3.6.23','2011-10-12 10:22:53'),(0,174,'118.97.104.90','act_lists','index','GET','http://la.baukpoltek.net/act_lists/add','/index.php?url=act_lists','Mozilla/5.0 (Windows NT 5.1; rv:7.0.1) Gecko/20100101 Firefox/7.0.1','2011-10-12 09:35:30'),(0,174,'118.97.104.90','act_lists','verify','GET','http://la.baukpoltek.net/act_lists','/index.php?url=act_lists/verify','Mozilla/5.0 (Windows NT 5.1; rv:7.0.1) Gecko/20100101 Firefox/7.0.1','2011-10-12 10:01:07'),(0,135,'118.97.104.90','users','login','GET','http://la.baukpoltek.net/users/login','/index.php?url=users/login','Mozilla/5.0 (Windows; U; Windows NT 6.1; en-US; rv:1.9.2.23) Gecko/20110920 Firefox/3.6.23','2011-10-12 10:22:50'),(0,174,'118.97.104.90','users','permission_denied','GET','http://la.baukpoltek.net/users/login','/index.php?url=users/permission_denied','Mozilla/5.0 (Windows NT 5.1; rv:7.0.1) Gecko/20100101 Firefox/7.0.1','2011-10-12 09:34:22'),(0,174,'118.97.104.90','act_lists','verify','GET','http://la.baukpoltek.net/users/permission_denied','/index.php?url=act_lists/verify','Mozilla/5.0 (Windows NT 5.1; rv:7.0.1) Gecko/20100101 Firefox/7.0.1','2011-10-12 09:34:25'),(0,174,'118.97.104.90','act_lists','index','GET','http://la.baukpoltek.net/users/permission_denied','/index.php?url=act_lists','Mozilla/5.0 (Windows NT 5.1; rv:7.0.1) Gecko/20100101 Firefox/7.0.1','2011-10-12 09:35:03'),(0,174,'118.97.104.90','act_lists','add','GET','http://la.baukpoltek.net/act_lists','/index.php?url=act_lists/add','Mozilla/5.0 (Windows NT 5.1; rv:7.0.1) Gecko/20100101 Firefox/7.0.1','2011-10-12 09:35:21'),(0,1,'118.97.104.90','act_lists','approval_list','GET','http://la.baukpoltek.net/users','/index.php?url=act_lists/approval_list','Mozilla/5.0 (Windows NT 5.1; rv:7.0.1) Gecko/20100101 Firefox/7.0.1','2011-10-12 09:30:17'),(0,162,'118.98.217.4','users','logout','GET','http://la.baukpoltek.net/','/index.php?url=users/logout','Mozilla/5.0 (Windows; U; Windows NT 6.1; en-US; rv:1.9.0.19) Gecko/2010031422 Firefox/3.0.19','2011-10-12 09:30:33'),(0,1,'118.97.104.90','act_lists','index','GET','http://la.baukpoltek.net/users','/index.php?url=act_lists','Mozilla/5.0 (Windows NT 5.1; rv:7.0.1) Gecko/20100101 Firefox/7.0.1','2011-10-12 09:31:39'),(0,1,'118.97.104.90','act_lists','index','GET','http://la.baukpoltek.net/users','/index.php?url=act_lists','Mozilla/5.0 (Windows NT 5.1; rv:7.0.1) Gecko/20100101 Firefox/7.0.1','2011-10-12 09:32:17'),(0,1,'118.97.104.90','act_lists','verify','GET','http://la.baukpoltek.net/users/edit/162','/index.php?url=act_lists/verify','Mozilla/5.0 (Windows NT 5.1; rv:7.0.1) Gecko/20100101 Firefox/7.0.1','2011-10-12 09:32:49'),(0,1,'118.97.104.90','users','logout','GET','http://la.baukpoltek.net/users/edit/162','/index.php?url=users/logout','Mozilla/5.0 (Windows NT 5.1; rv:7.0.1) Gecko/20100101 Firefox/7.0.1','2011-10-12 09:34:13'),(0,174,'118.97.104.90','users','edit','GET','http://la.baukpoltek.net/users/login','/index.php?url=users/edit/162','Mozilla/5.0 (Windows NT 5.1; rv:7.0.1) Gecko/20100101 Firefox/7.0.1','2011-10-12 09:34:21'),(0,1,'118.97.104.90','act_lists','approval_list','GET','http://la.baukpoltek.net/users','/index.php?url=act_lists/approval_list','Mozilla/5.0 (Windows NT 5.1; rv:7.0.1) Gecko/20100101 Firefox/7.0.1','2011-10-12 09:29:30'),(0,1,'118.97.104.90','users','index','GET','http://la.baukpoltek.net/users/edit/162','/index.php?url=users','Mozilla/5.0 (Windows NT 5.1; rv:7.0.1) Gecko/20100101 Firefox/7.0.1','2011-10-12 09:29:26'),(0,1,'118.97.104.90','users','edit','PUT','http://la.baukpoltek.net/users/edit/162','/index.php?url=users/edit/162','Mozilla/5.0 (Windows NT 5.1; rv:7.0.1) Gecko/20100101 Firefox/7.0.1','2011-10-12 09:29:26'),(0,1,'118.97.104.90','users','edit','GET','http://la.baukpoltek.net/users','/index.php?url=users/edit/162','Mozilla/5.0 (Windows NT 5.1; rv:7.0.1) Gecko/20100101 Firefox/7.0.1','2011-10-12 09:28:59'),(0,1,'118.97.104.90','users','index','GET','http://la.baukpoltek.net/users','/index.php?url=users/index/page:3&ajax=1','Mozilla/5.0 (Windows NT 5.1; rv:7.0.1) Gecko/20100101 Firefox/7.0.1','2011-10-12 09:28:55'),(0,1,'118.97.104.90','users','index','GET','http://la.baukpoltek.net/act_lists/report_student_attendance/per_course','/index.php?url=users','Mozilla/5.0 (Windows NT 5.1; rv:7.0.1) Gecko/20100101 Firefox/7.0.1','2011-10-12 09:28:49'),(0,1,'118.97.104.90','act_lists','report_student_attendance','GET','http://la.baukpoltek.net/users/login','/index.php?url=act_lists/report_student_attendance/per_course','Mozilla/5.0 (Windows NT 5.1; rv:7.0.1) Gecko/20100101 Firefox/7.0.1','2011-10-12 09:28:45'),(0,1,'118.97.104.90','act_lists','get_courses','GET','http://la.baukpoltek.net/act_lists/report_student_attendance/per_course','/index.php?url=act_lists/get_courses/55','Mozilla/5.0 (Windows NT 5.1; rv:7.0.1) Gecko/20100101 Firefox/7.0.1','2011-10-12 09:28:46'),(0,162,'118.97.104.90','users','logout','GET','http://la.baukpoltek.net/act_lists/report_student_attendance/per_course','/index.php?url=users/logout','Mozilla/5.0 (Windows NT 5.1; rv:7.0.1) Gecko/20100101 Firefox/7.0.1','2011-10-12 09:28:34'),(0,162,'118.97.104.90','act_lists','report_student_attendance','POST','http://la.baukpoltek.net/act_lists/report_student_attendance/per_course','/index.php?url=act_lists/report_student_attendance/per_course','Mozilla/5.0 (Windows NT 5.1; rv:7.0.1) Gecko/20100101 Firefox/7.0.1','2011-10-12 09:26:56'),(0,162,'118.97.104.90','act_lists','approval_list','GET','http://la.baukpoltek.net/act_lists/report_student_attendance/per_course','/index.php?url=act_lists/approval_list','Mozilla/5.0 (Windows NT 5.1; rv:7.0.1) Gecko/20100101 Firefox/7.0.1','2011-10-12 09:27:04'),(0,162,'118.97.104.90','act_lists','get_courses','GET','http://la.baukpoltek.net/act_lists/report_student_attendance/per_course','/index.php?url=act_lists/get_courses/55','Mozilla/5.0 (Windows NT 5.1; rv:7.0.1) Gecko/20100101 Firefox/7.0.1','2011-10-12 09:26:54'),(0,162,'118.97.104.90','act_lists','report_student_attendance','GET','http://la.baukpoltek.net/act_lists/report_per_day/teaching_monthly','/index.php?url=act_lists/report_student_attendance/per_course','Mozilla/5.0 (Windows NT 5.1; rv:7.0.1) Gecko/20100101 Firefox/7.0.1','2011-10-12 09:26:53'),(0,162,'118.97.104.90','act_lists','report_per_day','POST','http://la.baukpoltek.net/act_lists/report_per_day/teaching_monthly','/index.php?url=act_lists/report_per_day/teaching_monthly','Mozilla/5.0 (Windows NT 5.1; rv:7.0.1) Gecko/20100101 Firefox/7.0.1','2011-10-12 09:26:17'),(0,162,'118.97.104.90','act_lists','report_per_day','GET','http://la.baukpoltek.net/act_lists/report_honor_per_month','/index.php?url=act_lists/report_per_day/teaching_monthly','Mozilla/5.0 (Windows NT 5.1; rv:7.0.1) Gecko/20100101 Firefox/7.0.1','2011-10-12 09:26:15'),(0,162,'118.97.104.90','act_lists','report_honor_per_month','POST','http://la.baukpoltek.net/act_lists/report_honor_per_month','/index.php?url=act_lists/report_honor_per_month','Mozilla/5.0 (Windows NT 5.1; rv:7.0.1) Gecko/20100101 Firefox/7.0.1','2011-10-12 09:25:50'),(0,162,'118.97.104.90','act_lists','report_honor_per_month','GET','http://la.baukpoltek.net/users/permission_denied','/index.php?url=act_lists/report_honor_per_month','Mozilla/5.0 (Windows NT 5.1; rv:7.0.1) Gecko/20100101 Firefox/7.0.1','2011-10-12 09:25:46'),(0,162,'118.97.104.90','act_lists','approval_list','GET','http://la.baukpoltek.net/users/permission_denied','/index.php?url=act_lists/approval_list','Mozilla/5.0 (Windows NT 5.1; rv:7.0.1) Gecko/20100101 Firefox/7.0.1','2011-10-12 09:21:37'),(0,162,'118.97.104.90','users','permission_denied','GET','http://la.baukpoltek.net/users/login','/index.php?url=users/permission_denied','Mozilla/5.0 (Windows NT 5.1; rv:7.0.1) Gecko/20100101 Firefox/7.0.1','2011-10-12 09:21:35'),(0,1,'118.97.104.90','users','logout','GET','http://la.baukpoltek.net/users','/index.php?url=users/logout','Mozilla/5.0 (Windows NT 5.1; rv:7.0.1) Gecko/20100101 Firefox/7.0.1','2011-10-12 09:21:27'),(0,162,'118.97.104.90','users','index','GET','http://la.baukpoltek.net/users/login','/index.php?url=users','Mozilla/5.0 (Windows NT 5.1; rv:7.0.1) Gecko/20100101 Firefox/7.0.1','2011-10-12 09:21:34'),(0,1,'118.97.104.90','users','edit','GET','http://la.baukpoltek.net/users','/index.php?url=users/edit/162','Mozilla/5.0 (Windows NT 5.1; rv:7.0.1) Gecko/20100101 Firefox/7.0.1','2011-10-12 09:21:15'),(0,1,'118.97.104.90','users','edit','PUT','http://la.baukpoltek.net/users/edit/162','/index.php?url=users/edit/162','Mozilla/5.0 (Windows NT 5.1; rv:7.0.1) Gecko/20100101 Firefox/7.0.1','2011-10-12 09:21:22'),(0,1,'118.97.104.90','users','index','GET','http://la.baukpoltek.net/users/edit/162','/index.php?url=users','Mozilla/5.0 (Windows NT 5.1; rv:7.0.1) Gecko/20100101 Firefox/7.0.1','2011-10-12 09:21:22'),(0,1,'118.97.104.90','users','edit','GET','http://la.baukpoltek.net/users','/index.php?url=users/edit/162','Mozilla/5.0 (Windows NT 5.1; rv:7.0.1) Gecko/20100101 Firefox/7.0.1','2011-10-12 09:17:32'),(0,1,'118.97.104.90','users','edit','PUT','http://la.baukpoltek.net/users/edit/162','/index.php?url=users/edit/162','Mozilla/5.0 (Windows NT 5.1; rv:7.0.1) Gecko/20100101 Firefox/7.0.1','2011-10-12 09:17:58'),(0,1,'118.97.104.90','users','index','GET','http://la.baukpoltek.net/users/edit/162','/index.php?url=users','Mozilla/5.0 (Windows NT 5.1; rv:7.0.1) Gecko/20100101 Firefox/7.0.1','2011-10-12 09:17:59'),(0,1,'118.97.104.90','act_lists','approval_list','GET','http://la.baukpoltek.net/users','/index.php?url=act_lists/approval_list','Mozilla/5.0 (Windows NT 5.1; rv:7.0.1) Gecko/20100101 Firefox/7.0.1','2011-10-12 09:18:11'),(0,1,'118.97.104.90','act_lists','approval_list','GET','http://la.baukpoltek.net/users','/index.php?url=act_lists/approval_list','Mozilla/5.0 (Windows NT 5.1; rv:7.0.1) Gecko/20100101 Firefox/7.0.1','2011-10-12 09:18:55'),(0,1,'118.97.104.90','users','index','GET','http://la.baukpoltek.net/users','/index.php?url=users/index/page:3&ajax=1','Mozilla/5.0 (Windows NT 5.1; rv:7.0.1) Gecko/20100101 Firefox/7.0.1','2011-10-12 09:21:06'),(0,1,'118.97.104.90','users','index','GET','http://la.baukpoltek.net/users','/index.php?url=users/index/page:3&ajax=1','Mozilla/5.0 (Windows NT 5.1; rv:7.0.1) Gecko/20100101 Firefox/7.0.1','2011-10-12 09:17:21'),(0,1,'118.97.104.90','users','index','GET','http://la.baukpoltek.net/users','/index.php?url=users/index/page:5&ajax=1','Mozilla/5.0 (Windows NT 5.1; rv:7.0.1) Gecko/20100101 Firefox/7.0.1','2011-10-12 09:16:30'),(0,1,'118.97.104.90','users','index','GET','http://la.baukpoltek.net/users','/index.php?url=users/index/page:6&ajax=1','Mozilla/5.0 (Windows NT 5.1; rv:7.0.1) Gecko/20100101 Firefox/7.0.1','2011-10-12 09:16:37'),(0,1,'118.97.104.90','users','index','GET','http://la.baukpoltek.net/users','/index.php?url=users/index/page:1&ajax=1','Mozilla/5.0 (Windows NT 5.1; rv:7.0.1) Gecko/20100101 Firefox/7.0.1','2011-10-12 09:16:48'),(0,1,'118.97.104.90','users','index','GET','http://la.baukpoltek.net/users','/index.php?url=users/index/page:2&ajax=1','Mozilla/5.0 (Windows NT 5.1; rv:7.0.1) Gecko/20100101 Firefox/7.0.1','2011-10-12 09:17:12'),(0,1,'118.97.104.90','users','index','GET','http://la.baukpoltek.net/users','/index.php?url=users/index/page:4&ajax=1','Mozilla/5.0 (Windows NT 5.1; rv:7.0.1) Gecko/20100101 Firefox/7.0.1','2011-10-12 09:16:20'),(0,1,'118.97.104.90','users','index','GET','http://la.baukpoltek.net/users','/index.php?url=users/index/page:2&ajax=1','Mozilla/5.0 (Windows NT 5.1; rv:7.0.1) Gecko/20100101 Firefox/7.0.1','2011-10-12 09:16:04'),(0,1,'118.97.104.90','users','index','GET','http://la.baukpoltek.net/users','/index.php?url=users/index/page:3&ajax=1','Mozilla/5.0 (Windows NT 5.1; rv:7.0.1) Gecko/20100101 Firefox/7.0.1','2011-10-12 09:16:11'),(0,1,'118.97.104.90','users','index','GET','http://la.baukpoltek.net/act_lists/report_honor_per_month','/index.php?url=users','Mozilla/5.0 (Windows NT 5.1; rv:7.0.1) Gecko/20100101 Firefox/7.0.1','2011-10-12 09:14:33'),(0,1,'118.97.104.90','users','index','GET','http://la.baukpoltek.net/users','/index.php?url=users/index/page:2&ajax=1','Mozilla/5.0 (Windows NT 5.1; rv:7.0.1) Gecko/20100101 Firefox/7.0.1','2011-10-12 09:14:49'),(0,1,'118.97.104.90','act_lists','approval_list','GET','http://la.baukpoltek.net/users','/index.php?url=act_lists/approval_list','Mozilla/5.0 (Windows NT 5.1; rv:7.0.1) Gecko/20100101 Firefox/7.0.1','2011-10-12 09:15:08'),(0,1,'118.97.104.90','act_lists','report_honor_per_month','GET','http://la.baukpoltek.net/users/login','/index.php?url=act_lists/report_honor_per_month','Mozilla/5.0 (Windows NT 5.1; rv:7.0.1) Gecko/20100101 Firefox/7.0.1','2011-10-12 09:14:30'),(0,162,'118.97.104.90','users','logout','GET','http://la.baukpoltek.net/act_lists/report_honor_per_month','/index.php?url=users/logout','Mozilla/5.0 (Windows NT 5.1; rv:7.0.1) Gecko/20100101 Firefox/7.0.1','2011-10-12 09:14:19'),(0,162,'118.97.104.90','act_lists','report_honor_per_month','GET','http://la.baukpoltek.net/','/index.php?url=act_lists/report_honor_per_month','Mozilla/5.0 (Windows NT 5.1; rv:7.0.1) Gecko/20100101 Firefox/7.0.1','2011-10-12 09:14:07'),(0,162,'118.98.217.4','act_lists','approval_list','GET','http://la.baukpoltek.net/','/index.php?url=act_lists/approval_list','Mozilla/5.0 (Windows; U; Windows NT 6.1; en-US; rv:1.9.0.19) Gecko/2010031422 Firefox/3.0.19','2011-10-12 09:10:08'),(0,162,'118.98.217.4','act_lists','approval_list','GET','http://la.baukpoltek.net/','/index.php?url=act_lists/approval_list','Mozilla/5.0 (Windows; U; Windows NT 6.1; en-US; rv:1.9.0.19) Gecko/2010031422 Firefox/3.0.19','2011-10-12 09:11:30'),(0,162,'118.98.217.4','act_lists','approval_list','GET','http://la.baukpoltek.net/','/index.php?url=act_lists/approval_list','Mozilla/5.0 (Windows; U; Windows NT 6.1; en-US; rv:1.9.0.19) Gecko/2010031422 Firefox/3.0.19','2011-10-12 09:12:28'),(0,162,'118.97.104.90','pages','display','GET','http://la.baukpoltek.net/users/login','/','Mozilla/5.0 (Windows NT 5.1; rv:7.0.1) Gecko/20100101 Firefox/7.0.1','2011-10-12 09:12:45'),(0,162,'118.97.104.90','act_lists','approval_list','GET','http://la.baukpoltek.net/','/index.php?url=act_lists/approval_list','Mozilla/5.0 (Windows NT 5.1; rv:7.0.1) Gecko/20100101 Firefox/7.0.1','2011-10-12 09:12:49'),(0,162,'118.97.104.90','act_lists','approval_list','GET','','/index.php?url=act_lists/approval_list','Mozilla/5.0 (Windows NT 5.1; rv:7.0.1) Gecko/20100101 Firefox/7.0.1','2011-10-12 09:13:34'),(0,197,'180.243.232.188','act_lists','report_student_attendance','POST','http://la.baukpoltek.net/act_lists/report_student_attendance/','/index.php?url=act_lists/report_student_attendance','Mozilla/5.0 (Windows; U; Windows NT 5.1; en-US; rv:1.9.2.23) Gecko/20110920 Firefox/3.6.23','2011-10-12 09:01:53'),(0,162,'118.98.217.4','act_lists','approval_list','GET','http://la.baukpoltek.net/','/index.php?url=act_lists/approval_list','Mozilla/5.0 (Windows; U; Windows NT 6.1; en-US; rv:1.9.0.19) Gecko/2010031422 Firefox/3.0.19','2011-10-12 09:09:27'),(0,197,'180.243.232.188','act_lists','report_student_attendance','POST','http://la.baukpoltek.net/act_lists/report_student_attendance/','/index.php?url=act_lists/report_student_attendance','Mozilla/5.0 (Windows; U; Windows NT 5.1; en-US; rv:1.9.2.23) Gecko/20110920 Firefox/3.6.23','2011-10-12 09:01:22'),(0,197,'180.243.232.188','act_lists','report_student_attendance','GET','http://la.baukpoltek.net/','/index.php?url=act_lists/report_student_attendance/','Mozilla/5.0 (Windows; U; Windows NT 5.1; en-US; rv:1.9.2.23) Gecko/20110920 Firefox/3.6.23','2011-10-12 09:01:48'),(0,162,'118.98.217.4','pages','display','GET','http://la.baukpoltek.net/users/login','/','Mozilla/5.0 (Windows; U; Windows NT 6.1; en-US; rv:1.9.0.19) Gecko/2010031422 Firefox/3.0.19','2011-10-12 09:09:26'),(0,162,'118.98.217.4','users','logout','GET','http://la.baukpoltek.net/','/index.php?url=users/logout','Mozilla/5.0 (Windows; U; Windows NT 6.1; en-US; rv:1.9.0.19) Gecko/2010031422 Firefox/3.0.19','2011-10-12 09:03:05'),(0,162,'118.98.217.4','act_lists','approval_list','GET','http://la.baukpoltek.net/','/index.php?url=act_lists/approval_list','Mozilla/5.0 (Windows; U; Windows NT 6.1; en-US; rv:1.9.0.19) Gecko/2010031422 Firefox/3.0.19','2011-10-12 09:02:16'),(0,162,'118.98.217.4','pages','display','GET','http://la.baukpoltek.net/users/login','/','Mozilla/5.0 (Windows; U; Windows NT 6.1; en-US; rv:1.9.0.19) Gecko/2010031422 Firefox/3.0.19','2011-10-12 09:02:12'),(0,197,'180.243.232.188','act_lists','report_student_attendance','GET','http://la.baukpoltek.net/','/index.php?url=act_lists/report_student_attendance/','Mozilla/5.0 (Windows; U; Windows NT 5.1; en-US; rv:1.9.2.23) Gecko/20110920 Firefox/3.6.23','2011-10-12 09:02:06'),(0,197,'180.243.232.188','pages','display','GET','http://la.baukpoltek.net/users/login','/','Mozilla/5.0 (Windows; U; Windows NT 5.1; en-US; rv:1.9.2.23) Gecko/20110920 Firefox/3.6.23','2011-10-12 09:00:56'),(0,197,'180.243.232.188','act_lists','report_student_attendance','GET','http://la.baukpoltek.net/','/index.php?url=act_lists/report_student_attendance/','Mozilla/5.0 (Windows; U; Windows NT 5.1; en-US; rv:1.9.2.23) Gecko/20110920 Firefox/3.6.23','2011-10-12 09:01:00'),(0,162,'118.98.217.4','act_lists','report_per_day','POST','http://la.baukpoltek.net/act_lists/report_per_day/teaching_monthly','/index.php?url=act_lists/report_per_day/teaching_monthly','Mozilla/5.0 (Windows; U; Windows NT 6.1; en-US; rv:1.9.0.19) Gecko/2010031422 Firefox/3.0.19','2011-10-12 08:52:42'),(0,162,'118.98.217.4','users','logout','GET','http://la.baukpoltek.net/act_lists/report_per_day/teaching_monthly','/index.php?url=users/logout','Mozilla/5.0 (Windows; U; Windows NT 6.1; en-US; rv:1.9.0.19) Gecko/2010031422 Firefox/3.0.19','2011-10-12 08:54:21'),(0,162,'118.98.217.4','act_lists','report_per_day','POST','http://la.baukpoltek.net/act_lists/report_per_day/teaching','/index.php?url=act_lists/report_per_day/teaching','Mozilla/5.0 (Windows; U; Windows NT 6.1; en-US; rv:1.9.0.19) Gecko/2010031422 Firefox/3.0.19','2011-10-12 08:51:28'),(0,162,'118.98.217.4','act_lists','report_per_day','GET','http://la.baukpoltek.net/act_lists/report_per_day/teaching','/index.php?url=act_lists/report_per_day/teaching_monthly','Mozilla/5.0 (Windows; U; Windows NT 6.1; en-US; rv:1.9.0.19) Gecko/2010031422 Firefox/3.0.19','2011-10-12 08:52:39'),(0,162,'118.98.217.4','act_lists','report_per_day','POST','http://la.baukpoltek.net/act_lists/report_per_day/teaching','/index.php?url=act_lists/report_per_day/teaching','Mozilla/5.0 (Windows; U; Windows NT 6.1; en-US; rv:1.9.0.19) Gecko/2010031422 Firefox/3.0.19','2011-10-12 08:51:23'),(0,162,'118.98.217.4','act_lists','report_per_day','GET','http://la.baukpoltek.net/','/index.php?url=act_lists/report_per_day/teaching','Mozilla/5.0 (Windows; U; Windows NT 6.1; en-US; rv:1.9.0.19) Gecko/2010031422 Firefox/3.0.19','2011-10-12 08:51:19'),(0,162,'118.98.217.4','pages','display','GET','http://la.baukpoltek.net/users/login','/','Mozilla/5.0 (Windows; U; Windows NT 6.1; en-US; rv:1.9.0.19) Gecko/2010031422 Firefox/3.0.19','2011-10-12 08:48:03'),(0,162,'118.98.217.4','act_lists','approval_list','GET','http://la.baukpoltek.net/','/index.php?url=act_lists/approval_list','Mozilla/5.0 (Windows; U; Windows NT 6.1; en-US; rv:1.9.0.19) Gecko/2010031422 Firefox/3.0.19','2011-10-12 08:48:07'),(0,162,'118.98.217.4','users','logout','GET','http://la.baukpoltek.net/','/index.php?url=users/logout','Mozilla/5.0 (Windows; U; Windows NT 6.1; en-US; rv:1.9.0.19) Gecko/2010031422 Firefox/3.0.19','2011-10-12 08:48:49'),(0,162,'118.98.217.4','pages','display','GET','http://la.baukpoltek.net/users/login','/','Mozilla/5.0 (Windows; U; Windows NT 6.1; en-US; rv:1.9.0.19) Gecko/2010031422 Firefox/3.0.19','2011-10-12 08:51:12'),(0,162,'118.97.104.90','act_lists','report_per_day','GET','http://la.baukpoltek.net/act_lists/report_per_day/teaching','/index.php?url=act_lists/report_per_day/teaching','Mozilla/5.0 (Windows NT 5.1; rv:7.0.1) Gecko/20100101 Firefox/7.0.1','2011-10-12 11:42:20'),(0,162,'118.97.104.90','act_lists','report_honor_per_month','GET','http://la.baukpoltek.net/act_lists/report_student_attendance/','/index.php?url=act_lists/report_honor_per_month','Mozilla/5.0 (Windows NT 5.1; rv:7.0.1) Gecko/20100101 Firefox/7.0.1','2011-10-12 11:42:20'),(0,1,'180.252.222.247','act_lists','verify','GET','','/index.php?url=act_lists/verify','Mozilla/5.0 (X11; Linux i686; rv:2.0.1) Gecko/20100101 Firefox/4.0.1','2011-10-12 11:41:09'),(0,162,'118.97.104.90','act_lists','approval_list','GET','http://la.baukpoltek.net/act_lists/report_student_attendance/','/index.php?url=act_lists/approval_list','Mozilla/5.0 (Windows NT 5.1; rv:7.0.1) Gecko/20100101 Firefox/7.0.1','2011-10-12 11:41:46'),(0,162,'118.97.104.90','act_lists','report_student_attendance','GET','http://la.baukpoltek.net/act_lists/report_student_attendance/','/index.php?url=act_lists/report_student_attendance/','Mozilla/5.0 (Windows NT 5.1; rv:7.0.1) Gecko/20100101 Firefox/7.0.1','2011-10-12 11:40:59'),(0,162,'118.97.104.90','act_lists','report_per_day','GET','http://la.baukpoltek.net/act_lists/report_honor_per_month','/index.php?url=act_lists/report_per_day/teaching','Mozilla/5.0 (Windows NT 5.1; rv:7.0.1) Gecko/20100101 Firefox/7.0.1','2011-10-12 11:40:49'),(0,162,'118.97.104.90','act_lists','report_student_attendance','GET','http://la.baukpoltek.net/act_lists/report_per_day/teaching','/index.php?url=act_lists/report_student_attendance/','Mozilla/5.0 (Windows NT 5.1; rv:7.0.1) Gecko/20100101 Firefox/7.0.1','2011-10-12 11:40:57'),(0,1,'180.252.222.247','pages','display','GET','http://la.baukpoltek.net/users/login','/','Mozilla/5.0 (X11; Linux i686; rv:2.0.1) Gecko/20100101 Firefox/4.0.1','2011-10-12 11:38:44'),(0,1,'180.252.222.247','act_lists','verify','GET','http://la.baukpoltek.net/','/index.php?url=act_lists/verify','Mozilla/5.0 (X11; Linux i686; rv:2.0.1) Gecko/20100101 Firefox/4.0.1','2011-10-12 11:38:54'),(0,162,'118.97.104.90','act_lists','report_honor_per_month','GET','http://la.baukpoltek.net/act_lists/report_honor_per_month','/index.php?url=act_lists/report_honor_per_month','Mozilla/5.0 (Windows NT 5.1; rv:7.0.1) Gecko/20100101 Firefox/7.0.1','2011-10-12 11:40:47'),(0,162,'118.97.104.90','act_lists','approval_list','GET','http://la.baukpoltek.net/act_lists/report_honor_per_month','/index.php?url=act_lists/approval_list','Mozilla/5.0 (Windows NT 5.1; rv:7.0.1) Gecko/20100101 Firefox/7.0.1','2011-10-12 11:33:05'),(0,1,'180.252.222.247','users','login','GET','http://la.baukpoltek.net/users/login','/index.php?url=users/login','Mozilla/5.0 (X11; Linux i686; rv:2.0.1) Gecko/20100101 Firefox/4.0.1','2011-10-12 11:38:43'),(0,162,'118.97.104.90','act_lists','get_courses','GET','http://la.baukpoltek.net/act_lists/report_student_attendance/per_course','/index.php?url=act_lists/get_courses/55','Mozilla/5.0 (Windows NT 5.1; rv:7.0.1) Gecko/20100101 Firefox/7.0.1','2011-10-12 11:27:52'),(0,162,'118.97.104.90','act_lists','approval_list','GET','http://la.baukpoltek.net/act_lists/report_student_attendance/per_course','/index.php?url=act_lists/approval_list','Mozilla/5.0 (Windows NT 5.1; rv:7.0.1) Gecko/20100101 Firefox/7.0.1','2011-10-12 11:27:58'),(0,162,'118.97.104.90','act_lists','report_honor_per_month','GET','http://la.baukpoltek.net/act_lists/report_student_attendance/per_course','/index.php?url=act_lists/report_honor_per_month','Mozilla/5.0 (Windows NT 5.1; rv:7.0.1) Gecko/20100101 Firefox/7.0.1','2011-10-12 11:32:20'),(0,162,'118.97.104.90','act_lists','report_honor_per_month','POST','http://la.baukpoltek.net/act_lists/report_honor_per_month','/index.php?url=act_lists/report_honor_per_month','Mozilla/5.0 (Windows NT 5.1; rv:7.0.1) Gecko/20100101 Firefox/7.0.1','2011-10-12 11:32:22'),(0,162,'118.97.104.90','act_lists','report_per_day','POST','http://la.baukpoltek.net/act_lists/report_per_day/teaching','/index.php?url=act_lists/report_per_day/teaching','Mozilla/5.0 (Windows; U; Windows NT 6.1; en-US; rv:1.9.2.23) Gecko/20110920 Firefox/3.6.23','2011-10-12 10:45:14'),(0,162,'118.97.104.90','users','logout','GET','http://la.baukpoltek.net/act_lists/report_per_day/teaching','/index.php?url=users/logout','Mozilla/5.0 (Windows; U; Windows NT 6.1; en-US; rv:1.9.2.23) Gecko/20110920 Firefox/3.6.23','2011-10-12 10:45:26'),(0,162,'118.97.104.90','pages','display','GET','http://la.baukpoltek.net/users/login','/','Mozilla/5.0 (Windows NT 5.1; rv:7.0.1) Gecko/20100101 Firefox/7.0.1','2011-10-12 10:49:22'),(0,162,'118.97.104.90','act_lists','approval_list','GET','http://la.baukpoltek.net/','/index.php?url=act_lists/approval_list','Mozilla/5.0 (Windows NT 5.1; rv:7.0.1) Gecko/20100101 Firefox/7.0.1','2011-10-12 10:49:23'),(0,162,'118.97.104.90','pages','display','GET','http://la.baukpoltek.net/users/login','/','Mozilla/5.0 (Windows NT 5.1; rv:7.0.1) Gecko/20100101 Firefox/7.0.1','2011-10-12 10:55:32'),(0,162,'118.97.104.90','act_lists','approval_list','GET','http://la.baukpoltek.net/','/index.php?url=act_lists/approval_list','Mozilla/5.0 (Windows NT 5.1; rv:7.0.1) Gecko/20100101 Firefox/7.0.1','2011-10-12 10:55:34'),(0,162,'118.97.104.90','act_lists','report_honor_per_month','GET','http://la.baukpoltek.net/','/index.php?url=act_lists/report_honor_per_month','Mozilla/5.0 (Windows NT 5.1; rv:7.0.1) Gecko/20100101 Firefox/7.0.1','2011-10-12 11:27:37'),(0,162,'118.97.104.90','act_lists','report_per_day','GET','http://la.baukpoltek.net/act_lists/report_honor_per_month','/index.php?url=act_lists/report_per_day/teaching','Mozilla/5.0 (Windows NT 5.1; rv:7.0.1) Gecko/20100101 Firefox/7.0.1','2011-10-12 11:27:43'),(0,162,'118.97.104.90','act_lists','report_per_day','GET','http://la.baukpoltek.net/act_lists/report_per_day/teaching','/index.php?url=act_lists/report_per_day/teaching_monthly','Mozilla/5.0 (Windows NT 5.1; rv:7.0.1) Gecko/20100101 Firefox/7.0.1','2011-10-12 11:27:46'),(0,162,'118.97.104.90','act_lists','report_student_attendance','GET','http://la.baukpoltek.net/act_lists/report_per_day/teaching_monthly','/index.php?url=act_lists/report_student_attendance/','Mozilla/5.0 (Windows NT 5.1; rv:7.0.1) Gecko/20100101 Firefox/7.0.1','2011-10-12 11:27:48'),(0,162,'118.97.104.90','act_lists','report_student_attendance','GET','http://la.baukpoltek.net/act_lists/report_student_attendance/','/index.php?url=act_lists/report_student_attendance/per_course','Mozilla/5.0 (Windows NT 5.1; rv:7.0.1) Gecko/20100101 Firefox/7.0.1','2011-10-12 11:27:50'),(0,162,'118.97.104.90','act_lists','report_per_day','GET','http://la.baukpoltek.net/act_lists','/index.php?url=act_lists/report_per_day/teaching','Mozilla/5.0 (Windows; U; Windows NT 6.1; en-US; rv:1.9.2.23) Gecko/20110920 Firefox/3.6.23','2011-10-12 10:45:08'),(0,162,'118.97.104.90','act_lists','index','GET','http://la.baukpoltek.net/users/login','/index.php?url=act_lists','Mozilla/5.0 (Windows; U; Windows NT 6.1; en-US; rv:1.9.2.23) Gecko/20110920 Firefox/3.6.23','2011-10-12 10:45:04'),(0,166,'118.97.104.90','users','logout','GET','http://la.baukpoltek.net/act_lists','/index.php?url=users/logout','Mozilla/5.0 (Windows; U; Windows NT 6.1; en-US; rv:1.9.2.23) Gecko/20110920 Firefox/3.6.23','2011-10-12 10:44:46'),(0,166,'118.97.104.90','act_lists','index','GET','http://la.baukpoltek.net/act_lists/add','/index.php?url=act_lists','Mozilla/5.0 (Windows; U; Windows NT 6.1; en-US; rv:1.9.2.23) Gecko/20110920 Firefox/3.6.23','2011-10-12 10:44:08'),(0,166,'118.97.104.90','act_lists','add','POST','http://la.baukpoltek.net/act_lists/add','/index.php?url=act_lists/add','Mozilla/5.0 (Windows; U; Windows NT 6.1; en-US; rv:1.9.2.23) Gecko/20110920 Firefox/3.6.23','2011-10-12 10:44:07'),(0,166,'118.97.104.90','act_lists','add','GET','http://la.baukpoltek.net/act_lists','/index.php?url=act_lists/add','Mozilla/5.0 (Windows; U; Windows NT 6.1; en-US; rv:1.9.2.23) Gecko/20110920 Firefox/3.6.23','2011-10-12 10:43:19'),(0,166,'118.97.104.90','act_lists','index','GET','http://la.baukpoltek.net/users/login','/index.php?url=act_lists','Mozilla/5.0 (Windows; U; Windows NT 6.1; en-US; rv:1.9.2.23) Gecko/20110920 Firefox/3.6.23','2011-10-12 10:43:12'),(0,204,'118.97.104.90','users','logout','GET','http://la.baukpoltek.net/act_lists','/index.php?url=users/logout','Mozilla/5.0 (Windows; U; Windows NT 6.1; en-US; rv:1.9.2.23) Gecko/20110920 Firefox/3.6.23','2011-10-12 10:42:47'),(0,204,'118.97.104.90','act_lists','index','GET','http://la.baukpoltek.net/act_lists/add','/index.php?url=act_lists','Mozilla/5.0 (Windows; U; Windows NT 6.1; en-US; rv:1.9.2.23) Gecko/20110920 Firefox/3.6.23','2011-10-12 10:42:34'),(0,204,'118.97.104.90','act_lists','add','GET','http://la.baukpoltek.net/act_lists','/index.php?url=act_lists/add','Mozilla/5.0 (Windows; U; Windows NT 6.1; en-US; rv:1.9.2.23) Gecko/20110920 Firefox/3.6.23','2011-10-12 10:41:01'),(0,204,'118.97.104.90','act_lists','add','POST','http://la.baukpoltek.net/act_lists/add','/index.php?url=act_lists/add','Mozilla/5.0 (Windows; U; Windows NT 6.1; en-US; rv:1.9.2.23) Gecko/20110920 Firefox/3.6.23','2011-10-12 10:42:33'),(0,204,'118.97.104.90','act_lists','index','GET','http://la.baukpoltek.net/users/login','/index.php?url=act_lists','Mozilla/5.0 (Windows; U; Windows NT 6.1; en-US; rv:1.9.2.23) Gecko/20110920 Firefox/3.6.23','2011-10-12 10:40:54'),(0,163,'118.97.104.90','users','logout','GET','http://la.baukpoltek.net/act_lists','/index.php?url=users/logout','Mozilla/5.0 (Windows; U; Windows NT 6.1; en-US; rv:1.9.2.23) Gecko/20110920 Firefox/3.6.23','2011-10-12 10:39:59'),(0,163,'118.97.104.90','act_lists','index','GET','http://la.baukpoltek.net/act_lists/add','/index.php?url=act_lists','Mozilla/5.0 (Windows; U; Windows NT 6.1; en-US; rv:1.9.2.23) Gecko/20110920 Firefox/3.6.23','2011-10-12 10:39:47'),(0,163,'118.97.104.90','act_lists','index','GET','http://la.baukpoltek.net/users/login','/index.php?url=act_lists','Mozilla/5.0 (Windows; U; Windows NT 6.1; en-US; rv:1.9.2.23) Gecko/20110920 Firefox/3.6.23','2011-10-12 10:38:09'),(0,163,'118.97.104.90','act_lists','add','GET','http://la.baukpoltek.net/act_lists','/index.php?url=act_lists/add','Mozilla/5.0 (Windows; U; Windows NT 6.1; en-US; rv:1.9.2.23) Gecko/20110920 Firefox/3.6.23','2011-10-12 10:38:13'),(0,163,'118.97.104.90','act_lists','add','POST','http://la.baukpoltek.net/act_lists/add','/index.php?url=act_lists/add','Mozilla/5.0 (Windows; U; Windows NT 6.1; en-US; rv:1.9.2.23) Gecko/20110920 Firefox/3.6.23','2011-10-12 10:39:45'),(0,193,'118.97.104.90','users','logout','GET','http://la.baukpoltek.net/act_lists','/index.php?url=users/logout','Mozilla/5.0 (Windows; U; Windows NT 6.1; en-US; rv:1.9.2.23) Gecko/20110920 Firefox/3.6.23','2011-10-12 10:38:00'),(0,193,'118.97.104.90','act_lists','index','GET','http://la.baukpoltek.net/act_lists/add','/index.php?url=act_lists','Mozilla/5.0 (Windows; U; Windows NT 6.1; en-US; rv:1.9.2.23) Gecko/20110920 Firefox/3.6.23','2011-10-12 10:37:47'),(0,193,'118.97.104.90','act_lists','add','GET','http://la.baukpoltek.net/act_lists','/index.php?url=act_lists/add','Mozilla/5.0 (Windows; U; Windows NT 6.1; en-US; rv:1.9.2.23) Gecko/20110920 Firefox/3.6.23','2011-10-12 10:37:06'),(0,193,'118.97.104.90','act_lists','add','POST','http://la.baukpoltek.net/act_lists/add','/index.php?url=act_lists/add','Mozilla/5.0 (Windows; U; Windows NT 6.1; en-US; rv:1.9.2.23) Gecko/20110920 Firefox/3.6.23','2011-10-12 10:37:46'),(0,193,'118.97.104.90','act_lists','index','GET','http://la.baukpoltek.net/users/login','/index.php?url=act_lists','Mozilla/5.0 (Windows; U; Windows NT 6.1; en-US; rv:1.9.2.23) Gecko/20110920 Firefox/3.6.23','2011-10-12 10:37:01'),(0,151,'118.97.104.90','users','logout','GET','http://la.baukpoltek.net/act_lists','/index.php?url=users/logout','Mozilla/5.0 (Windows; U; Windows NT 6.1; en-US; rv:1.9.2.23) Gecko/20110920 Firefox/3.6.23','2011-10-12 10:36:31'),(0,140,'118.97.104.90','act_lists','index','GET','http://la.baukpoltek.net/users/login','/index.php?url=act_lists','Mozilla/5.0 (Windows; U; Windows NT 6.1; en-US; rv:1.9.2.23) Gecko/20110920 Firefox/3.6.23','2011-10-12 10:33:28'),(0,140,'118.97.104.90','act_lists','add','GET','http://la.baukpoltek.net/act_lists','/index.php?url=act_lists/add','Mozilla/5.0 (Windows; U; Windows NT 6.1; en-US; rv:1.9.2.23) Gecko/20110920 Firefox/3.6.23','2011-10-12 10:33:39'),(0,140,'118.97.104.90','act_lists','add','POST','http://la.baukpoltek.net/act_lists/add','/index.php?url=act_lists/add','Mozilla/5.0 (Windows; U; Windows NT 6.1; en-US; rv:1.9.2.23) Gecko/20110920 Firefox/3.6.23','2011-10-12 10:34:19'),(0,140,'118.97.104.90','act_lists','index','GET','http://la.baukpoltek.net/act_lists/add','/index.php?url=act_lists','Mozilla/5.0 (Windows; U; Windows NT 6.1; en-US; rv:1.9.2.23) Gecko/20110920 Firefox/3.6.23','2011-10-12 10:34:26'),(0,140,'118.97.104.90','users','logout','GET','http://la.baukpoltek.net/act_lists','/index.php?url=users/logout','Mozilla/5.0 (Windows; U; Windows NT 6.1; en-US; rv:1.9.2.23) Gecko/20110920 Firefox/3.6.23','2011-10-12 10:34:49'),(0,151,'118.97.104.90','act_lists','index','GET','http://la.baukpoltek.net/users/login','/index.php?url=act_lists','Mozilla/5.0 (Windows; U; Windows NT 6.1; en-US; rv:1.9.2.23) Gecko/20110920 Firefox/3.6.23','2011-10-12 10:35:33'),(0,151,'118.97.104.90','act_lists','add','GET','http://la.baukpoltek.net/act_lists','/index.php?url=act_lists/add','Mozilla/5.0 (Windows; U; Windows NT 6.1; en-US; rv:1.9.2.23) Gecko/20110920 Firefox/3.6.23','2011-10-12 10:35:38'),(0,151,'118.97.104.90','act_lists','add','POST','http://la.baukpoltek.net/act_lists/add','/index.php?url=act_lists/add','Mozilla/5.0 (Windows; U; Windows NT 6.1; en-US; rv:1.9.2.23) Gecko/20110920 Firefox/3.6.23','2011-10-12 10:36:16'),(0,151,'118.97.104.90','act_lists','index','GET','http://la.baukpoltek.net/act_lists/add','/index.php?url=act_lists','Mozilla/5.0 (Windows; U; Windows NT 6.1; en-US; rv:1.9.2.23) Gecko/20110920 Firefox/3.6.23','2011-10-12 10:36:17'),(0,190,'118.97.104.90','act_lists','add','GET','http://la.baukpoltek.net/act_lists','/index.php?url=act_lists/add','Mozilla/5.0 (Windows; U; Windows NT 6.1; en-US; rv:1.9.2.23) Gecko/20110920 Firefox/3.6.23','2011-10-12 10:29:30'),(0,190,'118.97.104.90','act_lists','add','POST','http://la.baukpoltek.net/act_lists/add','/index.php?url=act_lists/add','Mozilla/5.0 (Windows; U; Windows NT 6.1; en-US; rv:1.9.2.23) Gecko/20110920 Firefox/3.6.23','2011-10-12 10:30:50'),(0,190,'118.97.104.90','act_lists','index','GET','http://la.baukpoltek.net/act_lists/add','/index.php?url=act_lists','Mozilla/5.0 (Windows; U; Windows NT 6.1; en-US; rv:1.9.2.23) Gecko/20110920 Firefox/3.6.23','2011-10-12 10:30:51'),(0,190,'118.97.104.90','users','logout','GET','http://la.baukpoltek.net/act_lists','/index.php?url=users/logout','Mozilla/5.0 (Windows; U; Windows NT 6.1; en-US; rv:1.9.2.23) Gecko/20110920 Firefox/3.6.23','2011-10-12 10:30:59'),(0,141,'118.97.104.90','act_lists','index','GET','http://la.baukpoltek.net/users/login','/index.php?url=act_lists','Mozilla/5.0 (Windows; U; Windows NT 6.1; en-US; rv:1.9.2.23) Gecko/20110920 Firefox/3.6.23','2011-10-12 10:31:44'),(0,141,'118.97.104.90','act_lists','add','GET','http://la.baukpoltek.net/act_lists','/index.php?url=act_lists/add','Mozilla/5.0 (Windows; U; Windows NT 6.1; en-US; rv:1.9.2.23) Gecko/20110920 Firefox/3.6.23','2011-10-12 10:32:11'),(0,141,'118.97.104.90','act_lists','add','POST','http://la.baukpoltek.net/act_lists/add','/index.php?url=act_lists/add','Mozilla/5.0 (Windows; U; Windows NT 6.1; en-US; rv:1.9.2.23) Gecko/20110920 Firefox/3.6.23','2011-10-12 10:32:43'),(0,141,'118.97.104.90','act_lists','index','GET','http://la.baukpoltek.net/act_lists/add','/index.php?url=act_lists','Mozilla/5.0 (Windows; U; Windows NT 6.1; en-US; rv:1.9.2.23) Gecko/20110920 Firefox/3.6.23','2011-10-12 10:32:44'),(0,141,'118.97.104.90','users','logout','GET','http://la.baukpoltek.net/act_lists','/index.php?url=users/logout','Mozilla/5.0 (Windows; U; Windows NT 6.1; en-US; rv:1.9.2.23) Gecko/20110920 Firefox/3.6.23','2011-10-12 10:33:15'),(0,142,'118.97.104.90','users','logout','GET','http://la.baukpoltek.net/act_lists','/index.php?url=users/logout','Mozilla/5.0 (Windows; U; Windows NT 6.1; en-US; rv:1.9.2.23) Gecko/20110920 Firefox/3.6.23','2011-10-12 10:29:16'),(0,190,'118.97.104.90','act_lists','index','GET','http://la.baukpoltek.net/users/login','/index.php?url=act_lists','Mozilla/5.0 (Windows; U; Windows NT 6.1; en-US; rv:1.9.2.23) Gecko/20110920 Firefox/3.6.23','2011-10-12 10:29:27'),(0,142,'118.97.104.90','act_lists','index','GET','http://la.baukpoltek.net/act_lists/add','/index.php?url=act_lists','Mozilla/5.0 (Windows; U; Windows NT 6.1; en-US; rv:1.9.2.23) Gecko/20110920 Firefox/3.6.23','2011-10-12 10:28:38'),(0,142,'118.97.104.90','act_lists','add','POST','http://la.baukpoltek.net/act_lists/add','/index.php?url=act_lists/add','Mozilla/5.0 (Windows; U; Windows NT 6.1; en-US; rv:1.9.2.23) Gecko/20110920 Firefox/3.6.23','2011-10-12 10:28:36'),(0,142,'118.97.104.90','act_lists','add','GET','http://la.baukpoltek.net/act_lists','/index.php?url=act_lists/add','Mozilla/5.0 (Windows; U; Windows NT 6.1; en-US; rv:1.9.2.23) Gecko/20110920 Firefox/3.6.23','2011-10-12 10:27:56'),(0,175,'118.97.104.90','act_lists','index','GET','http://la.baukpoltek.net/act_lists/edit/901','/index.php?url=act_lists','Mozilla/5.0 (Windows; U; Windows NT 6.1; en-US; rv:1.9.2.23) Gecko/20110920 Firefox/3.6.23','2011-10-12 10:26:09'),(0,175,'118.97.104.90','users','logout','GET','http://la.baukpoltek.net/act_lists','/index.php?url=users/logout','Mozilla/5.0 (Windows; U; Windows NT 6.1; en-US; rv:1.9.2.23) Gecko/20110920 Firefox/3.6.23','2011-10-12 10:26:25'),(0,142,'118.97.104.90','act_lists','index','GET','http://la.baukpoltek.net/users/login','/index.php?url=act_lists','Mozilla/5.0 (Windows; U; Windows NT 6.1; en-US; rv:1.9.2.23) Gecko/20110920 Firefox/3.6.23','2011-10-12 10:27:32'),(0,175,'118.97.104.90','act_lists','edit','POST','http://la.baukpoltek.net/act_lists/edit/901','/index.php?url=act_lists/edit/901','Mozilla/5.0 (Windows; U; Windows NT 6.1; en-US; rv:1.9.2.23) Gecko/20110920 Firefox/3.6.23','2011-10-12 10:26:09'),(0,175,'118.97.104.90','act_lists','edit','GET','http://la.baukpoltek.net/act_lists','/index.php?url=act_lists/edit/901','Mozilla/5.0 (Windows; U; Windows NT 6.1; en-US; rv:1.9.2.23) Gecko/20110920 Firefox/3.6.23','2011-10-12 10:25:17'),(0,175,'118.97.104.90','act_lists','index','GET','http://la.baukpoltek.net/users/login','/index.php?url=act_lists','Mozilla/5.0 (Windows; U; Windows NT 6.1; en-US; rv:1.9.2.23) Gecko/20110920 Firefox/3.6.23','2011-10-12 10:24:36'),(0,135,'118.97.104.90','users','logout','GET','http://la.baukpoltek.net/act_lists','/index.php?url=users/logout','Mozilla/5.0 (Windows; U; Windows NT 6.1; en-US; rv:1.9.2.23) Gecko/20110920 Firefox/3.6.23','2011-10-12 10:24:27'),(0,135,'118.97.104.90','act_lists','index','GET','http://la.baukpoltek.net/act_lists/add','/index.php?url=act_lists','Mozilla/5.0 (Windows; U; Windows NT 6.1; en-US; rv:1.9.2.23) Gecko/20110920 Firefox/3.6.23','2011-10-12 10:24:06'),(0,135,'118.97.104.90','act_lists','add','POST','http://la.baukpoltek.net/act_lists/add','/index.php?url=act_lists/add','Mozilla/5.0 (Windows; U; Windows NT 6.1; en-US; rv:1.9.2.23) Gecko/20110920 Firefox/3.6.23','2011-10-12 10:24:05'),(0,135,'118.97.104.90','act_lists','index','GET','http://la.baukpoltek.net/','/index.php?url=act_lists','Mozilla/5.0 (Windows; U; Windows NT 6.1; en-US; rv:1.9.2.23) Gecko/20110920 Firefox/3.6.23','2011-10-12 10:22:55'),(0,135,'118.97.104.90','act_lists','add','GET','http://la.baukpoltek.net/act_lists','/index.php?url=act_lists/add','Mozilla/5.0 (Windows; U; Windows NT 6.1; en-US; rv:1.9.2.23) Gecko/20110920 Firefox/3.6.23','2011-10-12 10:22:59');
/*!40000 ALTER TABLE `user_logs` ENABLE KEYS */;
UNLOCK TABLES;

--
-- Table structure for table `user_preferences`
--

DROP TABLE IF EXISTS `user_preferences`;
SET @saved_cs_client     = @@character_set_client;
SET character_set_client = utf8;
CREATE TABLE `user_preferences` (
  `id` int(10) NOT NULL auto_increment,
  `user_id` int(10) NOT NULL,
  `param` varchar(20) NOT NULL,
  `value` varchar(100) NOT NULL,
  PRIMARY KEY  (`id`),
  KEY `user_id` (`user_id`),
  KEY `param` (`param`)
) ENGINE=MyISAM DEFAULT CHARSET=latin1;
SET character_set_client = @saved_cs_client;

--
-- Dumping data for table `user_preferences`
--

LOCK TABLES `user_preferences` WRITE;
/*!40000 ALTER TABLE `user_preferences` DISABLE KEYS */;
/*!40000 ALTER TABLE `user_preferences` ENABLE KEYS */;
UNLOCK TABLES;

--
-- Table structure for table `users`
--

DROP TABLE IF EXISTS `users`;
SET @saved_cs_client     = @@character_set_client;
SET character_set_client = utf8;
CREATE TABLE `users` (
  `id` int(10) NOT NULL auto_increment,
  `group_id` int(5) NOT NULL,
  `unit_code_id` smallint(6) default NULL,
  `position_id` int(11) default NULL,
  `honor_per_hour` int(1) unsigned default '1',
  `honor_attendance` int(1) unsigned default '1',
  `username` varchar(10) NOT NULL,
  `name` varchar(50) NOT NULL,
  `nip` varchar(50) default NULL,
  `password_real` varchar(20) NOT NULL,
  `password` char(40) NOT NULL,
  `sex` char(1) default NULL,
  `pob` varchar(20) default NULL,
  `dob` date default NULL,
  `address1` varchar(100) default NULL,
  `address2` varchar(100) default NULL,
  `address3` varchar(100) default NULL,
  `zipcode` varchar(5) default NULL,
  `city_id` int(11) default NULL,
  `province_id` tinyint(3) default NULL,
  `handphone` varchar(20) default NULL,
  `homephone` varchar(20) default NULL,
  `email` varchar(50) default NULL,
  `active` tinyint(1) NOT NULL default '1',
  `last_login` datetime default NULL,
  `created` datetime NOT NULL,
  `created_by` int(10) NOT NULL,
  `modified` datetime NOT NULL,
  `modified_by` int(10) NOT NULL,
  PRIMARY KEY  (`id`),
  UNIQUE KEY `email` (`email`),
  KEY `group_id` (`group_id`),
  KEY `username` (`username`,`password`),
  KEY `sex` (`sex`),
  KEY `name` (`name`),
  KEY `active` (`active`),
  KEY `unit_code_id` (`unit_code_id`),
  KEY `last_login` (`last_login`),
  KEY `positon_id` (`position_id`)
) ENGINE=MyISAM AUTO_INCREMENT=219 DEFAULT CHARSET=latin1;
SET character_set_client = @saved_cs_client;

--
-- Dumping data for table `users`
--

LOCK TABLES `users` WRITE;
/*!40000 ALTER TABLE `users` DISABLE KEYS */;
INSERT INTO `users` VALUES (1,1,NULL,NULL,1,1,'admin','Administrator','','akeda123','979870abc75187d38d6dff3eae200279e729cd63','L','Bekasi','1984-07-13','JL Kepodang Blok C No. 7 RT003/RW004 Jaka Mulya Bekasi Selatan','','','17146',NULL,11,'081315528932','021-8226577','admin@gedex.web.id',1,'2011-10-12 11:38:43','2009-12-12 14:05:18',0,'2011-10-12 11:38:43',1),(2,13,NULL,170,1,1,'heru','Heru Triyanto','196203291986031001','heru2010','a51cacc4012f203867954a39d37e396e587fdea0','L','','1962-03-29','','','','',NULL,NULL,'','','heru@yahoo.com',1,'2011-08-18 20:47:40','2009-12-16 17:18:09',1,'2011-08-18 20:47:40',1),(115,12,6,172,0,0,'purnomo','Drs.Purnomo Ananto, MM.','196009191986021001','123','40bd001563085fc35165329ea1ff5c5ecbdbbeef','L','','1960-09-19','','','','',NULL,NULL,'','','purnomo@yahoo.co.id',1,'2011-09-21 08:02:26','2011-01-29 16:57:03',1,'2011-09-21 08:02:26',1),(116,12,9,172,0,0,'muin','Drs.Abdul Muin Kadir, M.Pd.','123134141','123','40bd001563085fc35165329ea1ff5c5ecbdbbeef','L','','2001-01-29','','','','',NULL,NULL,'','','muin@yahoo.co.id',1,'2011-10-10 13:51:45','2011-01-29 16:59:15',1,'2011-10-10 13:51:45',1),(117,13,7,173,0,0,'sugeng','Drs.Sugeng Indriyanto','12124124','123','40bd001563085fc35165329ea1ff5c5ecbdbbeef','L','','2001-01-29','','','','',NULL,NULL,'','','sugeng@yahoo.co.id',1,'2011-10-10 15:57:41','2011-01-29 17:00:36',1,'2011-10-10 15:57:41',1),(118,13,12,174,1,0,'hermanto','Drs.AM.Hermanto','124134','123','40bd001563085fc35165329ea1ff5c5ecbdbbeef','P','Jakarta','2001-01-29','','','','',NULL,NULL,'','','hermanto@yahoo.co.id',1,'2011-10-05 10:37:15','2011-01-29 17:17:50',2,'2011-10-05 10:37:15',1),(122,12,5,172,0,0,'sarmada','Sarmada, S.Sos., MM.','195902151986011001','123','40bd001563085fc35165329ea1ff5c5ecbdbbeef','L','Jakarta','1960-02-15','','','','',NULL,NULL,'','','sarmada@yahoo.co.id',1,'2011-10-07 13:53:33','2011-02-26 11:48:57',1,'2011-10-07 13:53:33',0),(121,12,6,172,0,0,'bwa','Bambang Wasito Adi, SH., M.Sc.','195709011978031001','123','40bd001563085fc35165329ea1ff5c5ecbdbbeef','L','Solo','1960-09-01','','','','',NULL,NULL,'','','bwa@yahoo.co.id',1,'2011-10-10 13:44:59','2011-02-26 11:47:47',1,'2011-10-10 13:44:59',0),(123,12,7,172,0,0,'noor','Drs.Noor Riyadhi','235252525','123','40bd001563085fc35165329ea1ff5c5ecbdbbeef','L','','2001-02-26','','','','',NULL,NULL,'','','noor@yahoo.co.id',1,'2011-10-05 16:21:57','2011-02-26 11:50:07',1,'2011-10-05 16:21:57',0),(124,12,6,172,0,0,'zul','Drs.Zalzulifa','12543423241','123','40bd001563085fc35165329ea1ff5c5ecbdbbeef','L','','2001-02-26','','','','',NULL,NULL,'','','zalzulifa@yahoo.co.id',1,'2011-10-07 11:53:21','2011-02-26 11:51:14',1,'2011-10-07 11:53:21',0),(125,12,5,172,0,0,'nurjalih','Nurjalih, S.Pd.','53212515','123','40bd001563085fc35165329ea1ff5c5ecbdbbeef','L','','2001-02-28','','','','',NULL,NULL,'','','nurjalih@yahoo.co.id',1,'2011-10-10 11:31:10','2011-02-28 19:22:06',1,'2011-10-10 11:31:10',1),(126,12,5,172,0,0,'efnyta','Efnyta Muchtar, S.Sos.','12413253252','123','40bd001563085fc35165329ea1ff5c5ecbdbbeef','P','','2001-02-28','','','','',NULL,NULL,'','','efnyta@yahoo.co.id',1,'2011-10-06 13:12:52','2011-02-28 19:23:13',1,'2011-10-06 13:12:52',0),(127,13,8,174,0,0,'ponadi','Ponadi, S.Pd.','214532532','123','40bd001563085fc35165329ea1ff5c5ecbdbbeef','L','','2001-02-28','','','','',NULL,NULL,'','','ponadi@yahoo.co.id',1,'2011-10-06 14:55:26','2011-02-28 19:27:20',1,'2011-10-06 14:55:26',0),(128,13,5,174,0,0,'djamara','M.Tabrani Djamara, ST., MM.','14151','123','40bd001563085fc35165329ea1ff5c5ecbdbbeef','L','','2001-02-28','','','','',NULL,NULL,'','','jamara@yahoo.co.id',1,'2011-09-28 15:55:55','2011-02-28 19:28:31',1,'2011-09-28 15:55:55',0),(129,12,5,172,0,0,'untung','Untung Basuki, S.Pd.','1215116','123','40bd001563085fc35165329ea1ff5c5ecbdbbeef','L','','2001-02-28','','','','',NULL,NULL,'','','untung@yahoo.co.id',1,'2011-10-10 11:13:27','2011-02-28 19:29:45',1,'2011-10-10 11:13:27',0),(130,12,5,172,0,0,'sutiyo','Sutiyo, S.Pd.','14562363','123','40bd001563085fc35165329ea1ff5c5ecbdbbeef','L','','2001-02-28','','','','',NULL,NULL,'','','knsutiyo@yahoo.co.id',1,'2011-10-06 15:35:53','2011-02-28 19:30:42',1,'2011-10-06 15:35:53',0),(131,12,5,172,0,0,'johannes','Johannes Siwalette, S.Pd.','781848147','123','40bd001563085fc35165329ea1ff5c5ecbdbbeef','L','','2001-02-28','','','','',NULL,NULL,'','','johannes@yahoo.co.id',1,NULL,'2011-02-28 19:31:57',1,'2011-02-28 19:31:57',0),(132,12,5,173,0,0,'barita','Barita Siringoringo, S.Pd.','12532626','123','40bd001563085fc35165329ea1ff5c5ecbdbbeef','L','','2001-02-28','','','','',NULL,NULL,'','','barita@yahoo.co.id',1,'2011-10-06 15:45:40','2011-02-28 19:32:58',1,'2011-10-06 15:45:40',0),(133,12,5,173,0,0,'wayan','Drs.I Wayan Suarjana','125634762','123','40bd001563085fc35165329ea1ff5c5ecbdbbeef','L','','2001-02-28','','','','',NULL,NULL,'','','iwayan@yahoo.co.id',1,'2011-10-06 13:17:37','2011-02-28 19:33:45',1,'2011-10-06 13:17:37',0),(134,12,5,173,0,0,'majid','Abdul Majid AY, S.Pd.','814781641','123','40bd001563085fc35165329ea1ff5c5ecbdbbeef','L','','2001-02-28','','','','',NULL,NULL,'','','majid@yahoo.co.id',1,'2011-10-11 16:15:29','2011-02-28 19:35:29',1,'2011-10-11 16:15:29',0),(135,12,5,173,0,0,'tedy','Tedy Tapianto, S.Pd.','1415111','123','40bd001563085fc35165329ea1ff5c5ecbdbbeef','L','','2001-02-28','','','','',NULL,NULL,'','','tedy@yahoo.co.id',1,'2011-10-12 10:22:49','2011-02-28 19:37:30',1,'2011-10-12 10:22:49',0),(136,12,7,173,0,0,'mulyanudin','Mulyanuddin, S.Pd.','1347873','123','40bd001563085fc35165329ea1ff5c5ecbdbbeef','L','','2001-02-28','','','','',NULL,NULL,'','','mulyanudin@yahoo.co.id',1,'2011-10-11 10:52:00','2011-02-28 19:38:23',1,'2011-10-11 10:52:00',0),(137,13,7,174,0,0,'irfan','Moch.Irfan HS., S.Pd.','916416471','123','40bd001563085fc35165329ea1ff5c5ecbdbbeef','L','','2001-02-28','','','','',NULL,NULL,'','','irfan@yahoo.co.id',1,'2011-10-10 13:54:33','2011-02-28 19:39:15',1,'2011-10-10 13:54:33',0),(138,12,7,173,0,0,'dayu','Dayu Sri Herti, S.Pd.','9891471','123','40bd001563085fc35165329ea1ff5c5ecbdbbeef','P','','2001-02-28','','','','',NULL,NULL,'','','dayu@yahoo.co.id',1,'2011-10-10 16:13:43','2011-02-28 19:40:04',1,'2011-10-10 16:13:43',0),(139,12,6,172,0,0,'darji','Darji F Emran','7316341','123','40bd001563085fc35165329ea1ff5c5ecbdbbeef','L','','2001-02-28','','','','',NULL,NULL,'','','darji@yahoo.co.id',1,'2011-10-11 14:05:21','2011-02-28 19:41:47',1,'2011-10-11 14:05:21',0),(140,12,6,172,0,0,'benget','Drs.Benget Simamora, MM.','145151111','123','40bd001563085fc35165329ea1ff5c5ecbdbbeef','L','','2001-02-28','','','','',NULL,NULL,'','','benget@yahoo.co.id',1,'2011-10-12 10:33:28','2011-02-28 19:42:57',1,'2011-10-12 10:33:28',0),(141,12,6,172,0,0,'sentot','Sentot Mardjuki, S.Sos., M.Si.','14781481','123','40bd001563085fc35165329ea1ff5c5ecbdbbeef','L','','2001-02-28','','','','',NULL,NULL,'','','sentotmarjuki@yahoo.co.id',1,'2011-10-12 10:31:41','2011-02-28 19:44:12',1,'2011-10-12 10:31:41',0),(142,12,6,173,0,0,'hasan','Drs.Ahmad Hasan','18918414','123','40bd001563085fc35165329ea1ff5c5ecbdbbeef','L','','2001-02-28','','','','',NULL,NULL,'','','hasan@yahoo.co.id',1,'2011-10-12 10:27:32','2011-02-28 19:45:23',1,'2011-10-12 10:27:32',0),(143,13,6,174,0,0,'jimmy','Drs.Jimmy Paat, M.Si.','84321741','123','40bd001563085fc35165329ea1ff5c5ecbdbbeef','L','','2001-02-28','','','','',NULL,NULL,'','','jimmy@yahoo.co.id',1,'2011-10-11 10:52:51','2011-02-28 19:52:13',1,'2011-10-11 10:52:51',0),(144,12,6,172,0,0,'nova','Nova Darmanto, S.Sos.','18937412','123','40bd001563085fc35165329ea1ff5c5ecbdbbeef','L','','2001-02-28','','','','',NULL,NULL,'','','nova@yahoo.co.id',1,'2011-10-10 10:20:54','2011-02-28 19:54:08',1,'2011-10-10 10:20:54',0),(145,12,5,172,0,0,'mukhyidin','Drs.Mukhyidin Djaiz, M.Si.','18949174','123','40bd001563085fc35165329ea1ff5c5ecbdbbeef','L','','2001-02-28','','','','',NULL,NULL,'','','mukhyidin@yahoo.co.id',1,'2011-10-11 14:11:37','2011-02-28 19:55:34',1,'2011-10-11 14:11:37',0),(146,12,5,172,0,0,'sudiyamto','Drs.M.Sudiyamto','91781416','123','40bd001563085fc35165329ea1ff5c5ecbdbbeef','L','','2001-02-28','','','','',NULL,NULL,'','','sudiyamto@yahoo.co.id',1,'2011-10-10 16:17:19','2011-02-28 19:57:23',1,'2011-10-10 16:17:19',0),(147,12,7,173,0,0,'hari','Drs.Hari Purnomo','8123414','123','40bd001563085fc35165329ea1ff5c5ecbdbbeef','P','','2001-02-28','','','','',NULL,NULL,'','','hari@yahoo.co.id',1,'2011-10-11 14:36:35','2011-02-28 19:58:19',1,'2011-10-11 14:36:35',0),(148,12,5,173,0,0,'suratni','Suratni, M.Hum.','1784187416','123','40bd001563085fc35165329ea1ff5c5ecbdbbeef','P','','2001-02-28','','','','',NULL,NULL,'','','suratni@yahoo.co.id',1,'2011-10-11 10:50:59','2011-02-28 20:10:54',1,'2011-10-11 10:50:59',0),(149,12,5,173,0,0,'rudy','Rudy Cahyadi, MT.','1841741','123','40bd001563085fc35165329ea1ff5c5ecbdbbeef','L','','2001-02-28','','','','',NULL,NULL,'','','rudy@yahoo.co.id',1,'2011-10-11 15:57:15','2011-02-28 20:12:15',1,'2011-10-11 15:57:15',0),(150,12,5,173,0,0,'yunus','M.Yunus Fitriady, SE., MM.','13415151','123','40bd001563085fc35165329ea1ff5c5ecbdbbeef','L','','2001-02-28','','','','',NULL,NULL,'','','yunus@yahoo.co.id',1,'2011-10-10 13:40:34','2011-02-28 20:13:11',1,'2011-10-10 13:40:34',0),(151,12,5,173,0,0,'tipri','Tipri Rose Kartika, MM.','324522532','123','40bd001563085fc35165329ea1ff5c5ecbdbbeef','P','','2001-02-28','','','','',NULL,NULL,'','','tipri@yahoo.co.id',1,'2011-10-12 10:35:32','2011-02-28 20:14:04',1,'2011-10-12 10:35:32',0),(152,12,5,173,0,0,'riyon','Dwi Riyono, ST., M.Ak.','34174164','123','40bd001563085fc35165329ea1ff5c5ecbdbbeef','L','','2001-02-28','','','','',NULL,NULL,'','','dwiriyono@yahoo.co.id',1,NULL,'2011-02-28 20:15:40',1,'2011-02-28 20:15:40',0),(153,12,5,173,0,0,'effendy','Mohammad Effendy, ST., MT.','81347187431','123','40bd001563085fc35165329ea1ff5c5ecbdbbeef','L','','2001-02-28','','','','',NULL,NULL,'','','effendy@yahoo.co.id',1,'2011-10-03 16:02:48','2011-02-28 20:17:06',1,'2011-10-03 16:02:48',1),(154,12,5,173,0,0,'bastari','A.Bastari Burhanuddin, S.Sos.','94313471297','123','40bd001563085fc35165329ea1ff5c5ecbdbbeef','L','','2001-02-28','','','','',NULL,NULL,'','','bastari@yahoo.co.id',1,'2011-10-11 14:32:47','2011-02-28 20:19:02',1,'2011-10-11 14:32:47',0),(155,12,8,173,0,0,'agung','Agung Budi Prasetyo, MT.','1415151111','123','40bd001563085fc35165329ea1ff5c5ecbdbbeef','L','','2001-02-28','','','','',NULL,NULL,'','','agung@yahoo.co.id',1,'2011-10-11 16:05:21','2011-02-28 20:20:35',1,'2011-10-11 16:05:21',0),(156,12,8,172,1,1,'didik','Ir.HM.Didik M.S., B.Sc.Graf.','71843718347','123','40bd001563085fc35165329ea1ff5c5ecbdbbeef','L','','2001-02-28','','','','',NULL,NULL,'','','didik@yahoo.co.id',1,'2011-10-10 10:26:36','2011-02-28 20:22:12',1,'2011-10-10 10:26:36',0),(157,12,8,172,1,1,'jaswin','Ir.HM.Jaswin','7146146184','123','40bd001563085fc35165329ea1ff5c5ecbdbbeef','L','','2001-02-28','','','','',NULL,NULL,'','','jaswin@yahoo.co.id',1,'2011-10-11 16:02:50','2011-02-28 20:23:20',1,'2011-10-11 16:02:50',0),(158,12,7,173,0,0,'anin','Anindita Budi Astuti, MM.','891471417111','123','40bd001563085fc35165329ea1ff5c5ecbdbbeef','P','','2001-02-28','','','','',NULL,NULL,'','','anindita@yahoo.co.id',1,'2011-10-11 14:10:05','2011-02-28 20:24:36',1,'2011-10-11 14:10:05',0),(159,12,10,173,0,0,'erlan','Erlan Saefudin, M.Hum.','788146111','123','40bd001563085fc35165329ea1ff5c5ecbdbbeef','L','','2001-02-28','','','','',NULL,NULL,'','','erlan@yahoo.co.id',1,NULL,'2011-02-28 20:26:19',1,'2011-02-28 20:26:19',0),(160,12,10,173,0,0,'nurwahid','Dr.Muhammad Nurwahid, M.Si.','81437187431','123','40bd001563085fc35165329ea1ff5c5ecbdbbeef','L','','2001-02-28','','','','',NULL,NULL,'','','nurwahid@yahoo.co.id',1,'2011-10-11 14:07:01','2011-02-28 20:27:14',1,'2011-10-11 14:07:01',0),(161,12,6,173,0,0,'misbah','Misbah Fikrianto, MM., M.Si.','71481643613','123','40bd001563085fc35165329ea1ff5c5ecbdbbeef','L','','2001-02-28','','','','',NULL,NULL,'','','misbah@yahoo.co.id',1,'2011-10-10 15:08:20','2011-02-28 20:28:51',1,'2011-10-10 15:08:20',0),(162,15,NULL,175,0,0,'baak','Ka.BAAK','18471846141','123','40bd001563085fc35165329ea1ff5c5ecbdbbeef','L','','2001-02-28','','','','',NULL,NULL,'','','kabaak@yahoo.co.id',1,'2011-10-12 10:55:32','2011-02-28 20:31:52',1,'2011-10-12 10:55:32',1),(163,12,7,173,1,1,'sri','Sri Kusuma Ningsih, S.Pd.','241151155','123','40bd001563085fc35165329ea1ff5c5ecbdbbeef','P','','2001-03-01','','','','',NULL,NULL,'','','sri@yahoo.com',1,'2011-10-12 10:38:08','2011-03-01 08:03:08',1,'2011-10-12 10:38:08',0),(164,13,10,174,1,0,'harry','Drs.Harry Hudaya','91243874','123','40bd001563085fc35165329ea1ff5c5ecbdbbeef','L','','2001-03-01','','','','',NULL,NULL,'','','harry@yahoo.com',1,'2011-10-11 10:49:46','2011-03-01 08:04:08',1,'2011-10-11 10:49:46',1),(165,12,7,173,1,1,'ogie','Ogie Urvil RA., SE.','1471847184','123','40bd001563085fc35165329ea1ff5c5ecbdbbeef','L','','2001-03-01','','','','',NULL,NULL,'','','ogie@yahoo.co.id',1,NULL,'2011-03-01 08:06:59',1,'2011-03-01 08:06:59',0),(166,12,7,173,1,1,'sulist','Sulistiyono','891741741','123','40bd001563085fc35165329ea1ff5c5ecbdbbeef','L','','2001-03-01','','','','',NULL,NULL,'','','sulistiyono@yahoo.com',1,'2011-10-12 10:43:09','2011-03-01 08:08:20',1,'2011-10-12 10:43:09',0),(167,12,7,173,1,1,'nur','M.Nur, S.Kom., MM.','81481784714','123','40bd001563085fc35165329ea1ff5c5ecbdbbeef','L','','2001-03-01','','','','',NULL,NULL,'','','mnur@yahoo.co.id',1,'2011-10-11 16:04:13','2011-03-01 08:09:18',1,'2011-10-11 16:04:13',0),(168,12,7,173,1,1,'gozali','Drs.Rahmad Gozali','187481614','123','40bd001563085fc35165329ea1ff5c5ecbdbbeef','L','','2001-03-01','','','','',NULL,NULL,'','','rahmadgozali@yahoo.com',1,'2011-10-11 11:18:20','2011-03-01 08:10:13',1,'2011-10-11 11:18:20',0),(169,12,7,172,1,1,'chris','Chrisnadi Purnomo','7161611','123','40bd001563085fc35165329ea1ff5c5ecbdbbeef','L','','2001-03-01','','','','',NULL,NULL,'','','chrisnadi@yahoo.co.id',1,'2011-10-10 09:50:12','2011-03-01 08:11:12',1,'2011-10-10 09:50:12',0),(170,12,7,173,1,1,'susanto','Drs.Susanto','71461641864','123','40bd001563085fc35165329ea1ff5c5ecbdbbeef','L','','2001-03-01','','','','',NULL,NULL,'','','susanto@yahoo.co.id',1,NULL,'2011-03-01 08:12:07',1,'2011-03-01 08:12:07',0),(171,12,7,173,1,1,'rangga','Rangga Yudo Yuwono','099171741','123','40bd001563085fc35165329ea1ff5c5ecbdbbeef','L','','2001-03-01','','','','',NULL,NULL,'','','rangga@yahoo.com',1,NULL,'2011-03-01 08:13:22',1,'2011-03-01 08:13:22',0),(172,12,7,173,1,1,'rasuardie','Rasuardie, SE., S.Sn.','8273161145','123','40bd001563085fc35165329ea1ff5c5ecbdbbeef','L','','2001-03-01','','','','',NULL,NULL,'','','rasuardie@yahoo.com',1,'2011-10-03 15:48:41','2011-03-01 08:24:06',1,'2011-10-03 15:48:41',0),(173,12,7,173,0,0,'wahyu','Wahyu Edy Wibowo, ST.','19821107 201012 1 00 3','123','40bd001563085fc35165329ea1ff5c5ecbdbbeef','L','wonosobo','2001-03-01','','','','56362',180,29,'081327071731','','we_bowo@yahoo.co.id',1,'2011-09-30 13:43:01','2011-03-01 08:25:13',1,'2011-09-30 13:43:01',1),(174,13,11,174,0,0,'trifajar','Trifajar Yurmama S., S.Kom., MT.','17481741','123','40bd001563085fc35165329ea1ff5c5ecbdbbeef','P','','2001-03-01','','','','',NULL,NULL,'','','trifajar@yahoo.co.id',1,'2011-10-12 09:34:21','2011-03-01 08:26:23',1,'2011-10-12 09:34:21',1),(175,13,9,174,0,0,'rabernir','Rabernir, S.Sn.','143718341','123','40bd001563085fc35165329ea1ff5c5ecbdbbeef','L','Kebumen - Banyumas','1976-12-08','','','','',NULL,NULL,'','','rabernir@yahoo.com',1,'2011-10-12 10:24:36','2011-03-01 08:27:10',1,'2011-10-12 10:24:36',1),(176,12,7,173,0,0,'Kristyono','Kristyono Wahyu Adi, S.Sn.','781416414111','123','40bd001563085fc35165329ea1ff5c5ecbdbbeef','L','','2001-03-01','','','','',NULL,NULL,'','','kristyono@yahoo.com',1,'2011-10-07 14:12:26','2011-03-01 08:28:25',1,'2011-10-07 14:12:26',1),(177,12,10,173,1,1,'aditris','Adi Trisnanto','7814716431','123','40bd001563085fc35165329ea1ff5c5ecbdbbeef','L','','2001-03-01','','','','',NULL,NULL,'','','aditris@yahoo.com',1,NULL,'2011-03-01 08:30:15',1,'2011-03-01 08:30:15',0),(178,12,10,173,1,1,'suhardja','HM. Suhardja Soemadikarta, SH.','741761416841','123','40bd001563085fc35165329ea1ff5c5ecbdbbeef','L','','2001-03-01','','','','',NULL,NULL,'','','suhardja@yahoo.co.id',1,'2011-10-10 10:08:30','2011-03-01 08:31:27',1,'2011-10-10 10:08:30',0),(179,12,10,173,1,1,'omar','Omar Yusup','14155151','123','40bd001563085fc35165329ea1ff5c5ecbdbbeef','L','','2001-03-01','','','','',NULL,NULL,'','','omar@yahoo.co.id',1,'2011-10-11 15:59:20','2011-03-01 08:32:14',1,'2011-10-11 15:59:20',0),(180,12,10,173,1,1,'yayat','Yayat Duriat, S.Kom.','71471461641','123','40bd001563085fc35165329ea1ff5c5ecbdbbeef','L','','2001-03-01','','','','',NULL,NULL,'','','yayat@yahoo.co.id',1,'2011-10-06 15:40:00','2011-03-01 08:33:11',1,'2011-10-06 15:40:00',0),(181,12,10,173,1,1,'eddy','Eddy Sarwono','8q9r7qq','123','40bd001563085fc35165329ea1ff5c5ecbdbbeef','L','','2001-03-01','','','','',NULL,NULL,'','','eddy@yahoo.co.id',1,NULL,'2011-03-01 08:34:16',1,'2011-03-01 08:34:16',0),(182,12,10,173,1,1,'utje','Ir. Utje Usman, S.MS., DMS.','1784817414','123','40bd001563085fc35165329ea1ff5c5ecbdbbeef','L','','2001-03-01','','','','',NULL,NULL,'','','utje@yahoo.co.id',1,'2011-10-03 13:51:00','2011-03-01 08:35:15',1,'2011-10-03 13:51:00',0),(183,12,10,173,0,0,'lambok','Lambok Risdianto Purba, S.Sn.','7134716414','123','40bd001563085fc35165329ea1ff5c5ecbdbbeef','L','','1985-05-18','kalapa dua','','','',NULL,30,'085861610592','022-72559002','lambok@yahoo.com',1,'2011-10-05 15:12:24','2011-03-01 08:36:10',1,'2011-10-05 15:12:24',1),(184,12,9,173,1,1,'mahatma','Mahatma Simamora, S.Pd.','19841747141','123','40bd001563085fc35165329ea1ff5c5ecbdbbeef','L','','2001-03-01','','','','',NULL,NULL,'','','mahatma@yahoo.co.id',1,'2011-10-11 14:01:24','2011-03-01 08:37:58',1,'2011-10-11 14:01:24',0),(185,12,9,172,1,1,'bambangpur','Bambang Purwanto, S.Sn.','1874164164','123','40bd001563085fc35165329ea1ff5c5ecbdbbeef','L','','2001-03-01','','','','',NULL,NULL,'','','bambangpur@yahoo.co.id',1,'2011-10-07 14:04:29','2011-03-01 08:38:59',1,'2011-10-07 14:04:29',0),(186,12,9,173,0,0,'jati','Jati Rahardjo, S.Sn., M.Sn.','82275275275','123','40bd001563085fc35165329ea1ff5c5ecbdbbeef','L','','2001-03-01','','','','',NULL,NULL,'','','jati@yahoo.co.id',1,'2011-10-11 11:23:08','2011-03-01 08:43:16',1,'2011-10-11 11:23:08',1),(187,12,6,172,1,1,'frans','Drs.Frans M.Parera','7184716414','123','40bd001563085fc35165329ea1ff5c5ecbdbbeef','L','','2001-03-01','','','','',NULL,NULL,'','','frans@yahoo.co.id',1,'2011-10-11 10:57:40','2011-03-01 08:49:04',1,'2011-10-11 10:57:40',0),(188,12,6,173,1,1,'akhmad','Akhmad Guntawan, SS.','718416414114','123','40bd001563085fc35165329ea1ff5c5ecbdbbeef','L','','2001-03-01','','','','',NULL,NULL,'','','akhmadgun@yahoo.co.id',1,'2011-10-07 11:24:20','2011-03-01 08:50:20',1,'2011-10-07 11:24:20',0),(189,12,6,173,1,1,'lanang','Achmad Lanang, SS., M.Si.','1874716414','123','40bd001563085fc35165329ea1ff5c5ecbdbbeef','L','','2001-03-01','','','','',NULL,NULL,'','','lanang@yahoo.co.id',1,NULL,'2011-03-01 08:51:25',1,'2011-03-01 08:51:25',0),(190,12,6,173,1,1,'ingrid','Ingrid Veronica K., SS.','7184781741','123','40bd001563085fc35165329ea1ff5c5ecbdbbeef','P','','2001-03-01','','','','',NULL,NULL,'','','ingrid@yahoo.co.id',1,'2011-10-12 10:29:24','2011-03-01 08:52:25',1,'2011-10-12 10:29:24',0),(191,12,6,173,1,1,'arifatun','Arifatun Nisak Nur A., S.Si.','81717814313','123','40bd001563085fc35165329ea1ff5c5ecbdbbeef','P','','2001-03-01','','','','',NULL,NULL,'','','arifatun@yahoo.co.id',1,NULL,'2011-03-01 08:54:12',1,'2011-03-01 08:54:12',0),(192,12,6,173,1,1,'christina','Dra.Christina Tulalessy, M.Pd.','71741414141','123','40bd001563085fc35165329ea1ff5c5ecbdbbeef','P','','2001-03-01','','','','',NULL,NULL,'','','christina@yahoo.co.id',1,'2011-10-10 14:39:23','2011-03-01 08:55:26',1,'2011-10-10 14:39:23',0),(193,12,6,173,1,1,'irene','Ir. Irene Maria Juli Astuti, M.Pd.','1741841414','123','40bd001563085fc35165329ea1ff5c5ecbdbbeef','P','','2001-03-01','','','','',NULL,NULL,'','','irene@yahoo.co.id',1,'2011-10-12 10:37:00','2011-03-01 08:58:50',1,'2011-10-12 10:37:00',0),(194,14,NULL,NULL,0,0,'bibit','bibit','12341431341','123','40bd001563085fc35165329ea1ff5c5ecbdbbeef','P','Kebumen','2001-04-02','','','','',NULL,NULL,'','','bibit@yahoo.co.id',1,'2011-09-12 13:20:59','2011-04-02 12:33:23',1,'2011-09-12 13:20:59',0),(195,16,NULL,NULL,0,0,'tabingin','tabingin','1412412512521','123','40bd001563085fc35165329ea1ff5c5ecbdbbeef','L','Kebumen','2001-04-02','','','','',NULL,NULL,'','','tabingin@yahoo.co.id',1,'2011-10-10 13:41:11','2011-04-02 19:35:13',1,'2011-10-10 13:41:11',0),(196,16,NULL,NULL,0,0,'suprihatin','suprihatin','14124141256456','123','40bd001563085fc35165329ea1ff5c5ecbdbbeef','P','','2001-04-02','','','','',NULL,NULL,'','','suprihatin@yahoo.co.id',1,'2011-08-24 08:38:41','2011-04-02 19:36:05',1,'2011-08-24 08:38:41',0),(197,16,NULL,NULL,0,0,'dewi','dewi','3652452525','123','40bd001563085fc35165329ea1ff5c5ecbdbbeef','P','Jakarta','2001-04-02','','','','',NULL,NULL,'','','dewi@yahoo.co.id',1,'2011-10-12 09:00:55','2011-04-02 19:37:09',1,'2011-10-12 09:00:55',0),(198,12,6,173,1,1,'seni','Dra.Seni Asiati','14214342422','123','40bd001563085fc35165329ea1ff5c5ecbdbbeef','P','','2001-08-18','','','','',NULL,NULL,'','','seni@yahoo.co.id',1,'2011-10-06 12:52:12','2011-08-18 16:13:12',1,'2011-10-06 12:52:12',0),(199,12,7,173,0,0,'aji','T.I.Kuncoroaji','34151515','123','40bd001563085fc35165329ea1ff5c5ecbdbbeef','L','','2001-08-18','','','','',NULL,NULL,'','','aji@yahoo.co.id',1,'2011-10-11 14:27:46','2011-08-18 16:19:03',1,'2011-10-11 14:27:46',0),(200,12,7,173,0,0,'yusuf','Yusuf Nurrachman','14452326326','123','40bd001563085fc35165329ea1ff5c5ecbdbbeef','L','','2001-08-18','','','','',NULL,NULL,'','','yusuf@yahoo.co.id',1,'2011-10-11 16:16:44','2011-08-18 16:20:36',1,'2011-10-11 16:16:44',0),(201,12,10,173,1,1,'hilwan','Drs.Hilwan Arif','1415151616','123','40bd001563085fc35165329ea1ff5c5ecbdbbeef','L','','2001-08-18','','','','',NULL,NULL,'','','hilwan@yahoo.co.id',1,'2011-10-10 13:38:47','2011-08-18 16:23:37',1,'2011-10-10 13:38:47',0),(202,12,11,173,1,1,'lukas','Lukas Sugiyanto','14151515151','123','40bd001563085fc35165329ea1ff5c5ecbdbbeef','L','','2001-08-18','','','','',NULL,NULL,'','','lukas@yahoo.co.id',1,'2011-10-06 12:53:28','2011-08-18 16:25:13',1,'2011-10-06 12:53:28',1),(203,14,NULL,NULL,0,0,'esti','Dra.Esti Winahyu','14314141431','123','40bd001563085fc35165329ea1ff5c5ecbdbbeef','P','','2001-08-19','','','','',NULL,NULL,'','','esti@yahoo.co.id',1,'2011-09-12 16:48:05','2011-08-19 07:40:27',1,'2011-09-12 16:48:05',0),(204,12,12,173,1,1,'menuk','Dra.Menuk Hardaniwati','241515515','123','40bd001563085fc35165329ea1ff5c5ecbdbbeef','P','','2001-08-19','','','','',NULL,NULL,'','','menuk@yahoo.co.id',1,'2011-10-12 10:40:51','2011-08-19 15:51:24',1,'2011-10-12 10:40:51',0),(205,12,8,173,1,1,'yoga','Yoga Rahadian Agah','1412515151','123','40bd001563085fc35165329ea1ff5c5ecbdbbeef','L','','2001-08-22','','','','',NULL,NULL,'','','yoga@yahoo.co.id',1,'2011-10-10 13:25:25','2011-08-22 16:02:14',1,'2011-10-10 13:25:25',0),(206,12,5,173,1,1,'sutiawan','Sutiawan','14124141541','123','40bd001563085fc35165329ea1ff5c5ecbdbbeef','L','','2001-08-23','','','','',NULL,NULL,'','','sutiawan@yahoo.co.id',1,'2011-10-05 10:27:30','2011-08-23 16:16:27',1,'2011-10-05 10:27:30',0),(207,12,9,173,0,0,'dodik','Dodik Catur P','89923457275','123','40bd001563085fc35165329ea1ff5c5ecbdbbeef','L','','2001-08-23','','','','',NULL,NULL,'','','dodik@yahoo.co.id',1,'2011-09-06 10:50:30','2011-08-23 22:51:00',1,'2011-09-06 10:50:30',0),(208,14,5,NULL,0,0,'arif','Ahmad Sarif Hidayah Tullah','12341413241','123','40bd001563085fc35165329ea1ff5c5ecbdbbeef','L','','2001-08-24','','','','',NULL,NULL,'','','arif@yahoo.co.id',1,'2011-10-04 16:33:25','2011-08-24 08:44:08',1,'2011-10-04 16:33:25',0),(209,12,5,173,1,1,'clay','Clay Wala','14141414124','123','40bd001563085fc35165329ea1ff5c5ecbdbbeef','L','','2001-08-24','','','','',NULL,NULL,'','','clay@yahoo.co.id',1,'2011-10-06 14:59:29','2011-08-24 15:26:32',1,'2011-10-06 14:59:29',0),(210,12,12,173,1,1,'adi','adi Segara','873418478172','123','40bd001563085fc35165329ea1ff5c5ecbdbbeef','L','','2001-08-24','','','','',NULL,NULL,'','','adisegara@yahoo.co.id',1,'2011-10-05 16:20:25','2011-08-24 16:05:54',1,'2011-10-05 16:20:25',0),(211,12,5,173,1,1,'herman','Herman Pratomo','1241241341','123','40bd001563085fc35165329ea1ff5c5ecbdbbeef','L','','2001-09-12','','','','',NULL,NULL,'','','herman@yahoo.co.id',1,'2011-10-11 10:48:26','2011-09-12 13:35:17',1,'2011-10-11 10:48:26',0),(212,12,6,173,1,1,'suwardi','Suwardi Edhitomo, SE.,MM.','12412412412','123','40bd001563085fc35165329ea1ff5c5ecbdbbeef','L','','2001-09-13','','','','',NULL,NULL,'','','suwardi@yahoo.co.id',1,'2011-10-10 15:07:45','2011-09-13 09:07:48',1,'2011-10-10 15:07:45',0),(213,12,6,173,0,0,'iis','Iis Kandar','738912741643716','123','40bd001563085fc35165329ea1ff5c5ecbdbbeef','L','','2001-09-13','','','','',NULL,NULL,'','','iis@yahoo.co.id',1,'2011-09-28 10:05:05','2011-09-13 18:11:30',1,'2011-09-28 10:05:05',0),(214,12,11,173,1,1,'alfan','Alfan Setiawan, S.Sn.','12414141','123','40bd001563085fc35165329ea1ff5c5ecbdbbeef','L','','2001-09-14','','','','',NULL,NULL,'','','alfan@yahoo.co.id',1,'2011-10-10 11:11:19','2011-09-14 15:31:16',1,'2011-10-10 11:11:19',0),(215,12,5,173,0,0,'sudrajat','Drs.Sudrajat','41151515153','123','40bd001563085fc35165329ea1ff5c5ecbdbbeef','L','','2001-09-15','','','','',NULL,NULL,'','','sudrajat@yahoo.co.id',1,NULL,'2011-09-15 14:08:14',1,'2011-09-15 14:08:14',0),(216,12,8,173,1,1,'wiwi','Wiwi DA','132412431431','123','40bd001563085fc35165329ea1ff5c5ecbdbbeef','P','','2001-09-15','','','','',NULL,NULL,'','','wiwi@yahoo.co.id',1,'2011-09-29 14:15:04','2011-09-15 14:41:42',1,'2011-09-29 14:15:04',0),(217,12,8,173,1,1,'rinrin','Rinrin Jamrianti','141414134141','123','40bd001563085fc35165329ea1ff5c5ecbdbbeef','P','','2001-09-20','','','','',NULL,NULL,'','','rinrin@yahoo.co.id',1,'2011-10-11 10:59:10','2011-09-20 13:59:53',1,'2011-10-11 10:59:10',0),(218,12,5,173,0,0,'mawan','Mawan Nugraha','743312431274671264','123','40bd001563085fc35165329ea1ff5c5ecbdbbeef','L','','2001-09-22','','','','',NULL,NULL,'','','mawannugraha@yahoo.co.id',1,'2011-09-28 11:40:52','2011-09-22 11:20:26',1,'2011-09-28 11:40:52',0);
/*!40000 ALTER TABLE `users` ENABLE KEYS */;
UNLOCK TABLES;

--
-- Table structure for table `verificators`
--

DROP TABLE IF EXISTS `verificators`;
SET @saved_cs_client     = @@character_set_client;
SET character_set_client = utf8;
CREATE TABLE `verificators` (
  `id` int(11) NOT NULL auto_increment,
  `verificator` int(11) NOT NULL,
  `position_id` int(11) NOT NULL,
  `created` datetime NOT NULL,
  `created_by` int(10) NOT NULL,
  PRIMARY KEY  (`id`),
  KEY `position_id` (`position_id`),
  KEY `created_by` (`created_by`),
  KEY `verificator` (`verificator`)
) ENGINE=MyISAM DEFAULT CHARSET=latin1;
SET character_set_client = @saved_cs_client;

--
-- Dumping data for table `verificators`
--

LOCK TABLES `verificators` WRITE;
/*!40000 ALTER TABLE `verificators` DISABLE KEYS */;
/*!40000 ALTER TABLE `verificators` ENABLE KEYS */;
UNLOCK TABLES;

--
-- Dumping routines for database 't38891_la'
--
DELIMITER ;;
DELIMITER ;
/*!40103 SET TIME_ZONE=@OLD_TIME_ZONE */;

/*!40101 SET SQL_MODE=@OLD_SQL_MODE */;
/*!40014 SET FOREIGN_KEY_CHECKS=@OLD_FOREIGN_KEY_CHECKS */;
/*!40014 SET UNIQUE_CHECKS=@OLD_UNIQUE_CHECKS */;
/*!40101 SET CHARACTER_SET_CLIENT=@OLD_CHARACTER_SET_CLIENT */;
/*!40101 SET CHARACTER_SET_RESULTS=@OLD_CHARACTER_SET_RESULTS */;
/*!40101 SET COLLATION_CONNECTION=@OLD_COLLATION_CONNECTION */;
/*!40111 SET SQL_NOTES=@OLD_SQL_NOTES */;

-- Dump completed on 2011-10-12  4:58:11
