-- MySQL dump 10.11
--
-- Host: localhost    Database: t38891_la
-- ------------------------------------------------------
-- Server version	5.0.51a-24+lenny5

/*!40101 SET @OLD_CHARACTER_SET_CLIENT=@@CHARACTER_SET_CLIENT */;
/*!40101 SET @OLD_CHARACTER_SET_RESULTS=@@CHARACTER_SET_RESULTS */;
/*!40101 SET @OLD_COLLATION_CONNECTION=@@COLLATION_CONNECTION */;
/*!40101 SET NAMES utf8 */;
/*!40103 SET @OLD_TIME_ZONE=@@TIME_ZONE */;
/*!40103 SET TIME_ZONE='+00:00' */;
/*!40014 SET @OLD_UNIQUE_CHECKS=@@UNIQUE_CHECKS, UNIQUE_CHECKS=0 */;
/*!40014 SET @OLD_FOREIGN_KEY_CHECKS=@@FOREIGN_KEY_CHECKS, FOREIGN_KEY_CHECKS=0 */;
/*!40101 SET @OLD_SQL_MODE=@@SQL_MODE, SQL_MODE='NO_AUTO_VALUE_ON_ZERO' */;
/*!40111 SET @OLD_SQL_NOTES=@@SQL_NOTES, SQL_NOTES=0 */;

--
-- Table structure for table `act_list_activities`
--

DROP TABLE IF EXISTS `act_list_activities`;
SET @saved_cs_client     = @@character_set_client;
SET character_set_client = utf8;
CREATE TABLE `act_list_activities` (
  `id` int(11) NOT NULL auto_increment,
  `act_list_id` int(11) NOT NULL,
  `activity_id` int(11) NOT NULL,
  PRIMARY KEY  (`id`),
  KEY `activity_id` (`activity_id`),
  KEY `act_list_id` (`act_list_id`)
) ENGINE=MyISAM AUTO_INCREMENT=117 DEFAULT CHARSET=latin1;
SET character_set_client = @saved_cs_client;

--
-- Dumping data for table `act_list_activities`
--

LOCK TABLES `act_list_activities` WRITE;
/*!40000 ALTER TABLE `act_list_activities` DISABLE KEYS */;
INSERT INTO `act_list_activities` VALUES (116,1,809),(115,1,808),(112,2,808),(98,3,808),(97,3,808),(100,4,808),(99,4,808),(111,5,823),(114,6,823),(86,7,808),(78,8,823),(103,9,823),(106,10,824);
/*!40000 ALTER TABLE `act_list_activities` ENABLE KEYS */;
UNLOCK TABLES;

--
-- Table structure for table `act_list_activity_description_students`
--

DROP TABLE IF EXISTS `act_list_activity_description_students`;
SET @saved_cs_client     = @@character_set_client;
SET character_set_client = utf8;
CREATE TABLE `act_list_activity_description_students` (
  `id` int(11) NOT NULL auto_increment,
  `act_list_activity_description_id` int(11) NOT NULL,
  `student_id` int(11) NOT NULL,
  PRIMARY KEY  (`id`),
  KEY `act_list_activity_description_id` (`act_list_activity_description_id`),
  KEY `student_id` (`student_id`)
) ENGINE=MyISAM AUTO_INCREMENT=195 DEFAULT CHARSET=latin1 COMMENT='mahasiswa yang absen';
SET character_set_client = @saved_cs_client;

--
-- Dumping data for table `act_list_activity_description_students`
--

LOCK TABLES `act_list_activity_description_students` WRITE;
/*!40000 ALTER TABLE `act_list_activity_description_students` DISABLE KEYS */;
INSERT INTO `act_list_activity_description_students` VALUES (105,134,128),(104,134,129),(103,133,85),(102,133,86),(108,136,240),(107,135,149),(106,135,148),(164,153,551),(77,106,150),(190,160,879),(111,139,196),(117,142,83),(116,142,86),(189,160,880),(188,159,663),(187,159,664),(186,159,665),(194,160,872),(193,160,873),(192,160,877),(191,160,878),(185,159,666),(184,159,667),(163,153,552),(162,153,553),(183,158,857),(182,158,858),(181,158,860),(180,158,859);
/*!40000 ALTER TABLE `act_list_activity_description_students` ENABLE KEYS */;
UNLOCK TABLES;

--
-- Table structure for table `act_list_activity_descriptions`
--

DROP TABLE IF EXISTS `act_list_activity_descriptions`;
SET @saved_cs_client     = @@character_set_client;
SET character_set_client = utf8;
CREATE TABLE `act_list_activity_descriptions` (
  `id` int(11) NOT NULL auto_increment,
  `act_list_activity_id` int(11) NOT NULL,
  `student_class_id` int(11) default NULL,
  `course_id` int(11) default NULL,
  `start_class` int(2) default NULL,
  `end_class` int(2) default NULL,
  `description` varchar(150) NOT NULL,
  `assignment_no` varchar(50) default NULL,
  `verified` int(1) default '0',
  `approved` int(1) default '0',
  PRIMARY KEY  (`id`),
  KEY `verified` (`verified`),
  KEY `act_list_activity_id` (`act_list_activity_id`),
  KEY `student_class_id` (`student_class_id`),
  KEY `course_id` (`course_id`)
) ENGINE=MyISAM AUTO_INCREMENT=163 DEFAULT CHARSET=latin1;
SET character_set_client = @saved_cs_client;

--
-- Dumping data for table `act_list_activity_descriptions`
--

LOCK TABLES `act_list_activity_descriptions` WRITE;
/*!40000 ALTER TABLE `act_list_activity_descriptions` DISABLE KEYS */;
INSERT INTO `act_list_activity_descriptions` VALUES (161,115,13,10,1,2,'membaca','',0,1),(154,112,47,80,1,2,'menggambar bentuk','',1,0),(133,97,47,80,1,2,'mid tes','',1,1),(135,99,9,29,1,5,'','',1,1),(162,116,13,10,NULL,NULL,'','',0,1),(153,111,47,83,1,4,'','',1,0),(122,86,23,109,1,12,'','',1,1),(106,78,9,10,1,4,'','',1,1),(159,114,9,41,2,3,'','',1,1),(160,114,19,145,3,9,'','',1,1),(136,100,6,145,5,12,'','',1,1),(134,98,18,80,2,12,'mid tes','',1,1),(139,103,12,36,1,3,'','',1,1),(142,106,47,62,5,11,'Proses cetak Digital','',1,1),(158,114,18,80,1,2,'','',1,1);
/*!40000 ALTER TABLE `act_list_activity_descriptions` ENABLE KEYS */;
UNLOCK TABLES;

--
-- Table structure for table `act_lists`
--

DROP TABLE IF EXISTS `act_lists`;
SET @saved_cs_client     = @@character_set_client;
SET character_set_client = utf8;
CREATE TABLE `act_lists` (
  `id` int(11) NOT NULL auto_increment,
  `activity_date` date NOT NULL,
  `absent` int(1) default '4' COMMENT '// default = 4 atau tidak masuk kerja',
  `verified` datetime default NULL,
  `verified_by` int(10) default NULL,
  `approved` datetime default NULL,
  `approved_by` int(11) default NULL,
  `created` datetime NOT NULL,
  `created_by` int(10) NOT NULL,
  `modified` datetime NOT NULL,
  `modified_by` int(10) NOT NULL,
  PRIMARY KEY  (`id`),
  KEY `absent` (`absent`),
  KEY `verified_by` (`verified_by`),
  KEY `created_by` (`created_by`)
) ENGINE=MyISAM AUTO_INCREMENT=11 DEFAULT CHARSET=latin1;
SET character_set_client = @saved_cs_client;

--
-- Dumping data for table `act_lists`
--

LOCK TABLES `act_lists` WRITE;
/*!40000 ALTER TABLE `act_lists` DISABLE KEYS */;
INSERT INTO `act_lists` VALUES (1,'2011-02-02',6,'2011-03-22 20:30:09',174,'2011-04-02 11:49:06',175,'2011-02-02 07:37:23',2,'2011-04-02 11:49:06',162),(2,'2011-02-16',6,'2011-04-02 11:46:21',174,'2011-03-22 20:30:45',175,'2011-02-16 06:46:49',2,'2011-04-02 11:46:21',137),(3,'2011-03-01',6,'2011-03-26 21:16:19',174,'2011-03-26 21:15:39',175,'2011-03-01 09:44:33',2,'2011-03-26 21:16:19',137),(4,'2011-03-22',6,'2011-03-26 21:18:12',174,'2011-03-26 21:15:20',175,'2011-03-22 20:09:31',2,'2011-03-26 21:18:12',128),(5,'2011-03-23',6,'2011-04-02 11:45:55',174,'2011-03-23 11:21:44',175,'2011-03-23 11:19:01',174,'2011-04-02 11:45:55',137),(6,'2011-03-26',6,'2011-04-02 11:48:05',174,'2011-03-26 20:36:41',175,'2011-03-26 16:40:31',174,'2011-04-02 11:48:05',128),(7,'2011-03-26',6,'2011-03-26 20:37:16',174,'2011-03-26 17:48:44',175,'2011-03-26 17:45:16',2,'2011-03-26 20:39:48',2),(8,'2011-03-26',6,'2011-03-26 20:33:38',174,'2011-03-26 17:54:00',175,'2011-03-26 17:53:13',115,'2011-03-26 20:33:38',143),(9,'2011-03-29',6,'2011-03-29 09:42:54',174,'2011-03-29 09:43:21',175,'2011-03-29 09:42:24',121,'2011-03-29 09:43:21',162),(10,'2011-03-29',6,'2011-03-29 15:30:01',174,'2011-03-29 15:30:41',175,'2011-03-29 15:28:35',136,'2011-03-29 15:30:41',162);
/*!40000 ALTER TABLE `act_lists` ENABLE KEYS */;
UNLOCK TABLES;

--
-- Table structure for table `activities`
--

DROP TABLE IF EXISTS `activities`;
SET @saved_cs_client     = @@character_set_client;
SET character_set_client = utf8;
CREATE TABLE `activities` (
  `id` int(11) NOT NULL auto_increment,
  `position_id` int(11) NOT NULL,
  `name` varchar(255) NOT NULL,
  `special` int(1) default '0',
  PRIMARY KEY  (`id`),
  KEY `position_id` (`position_id`)
) ENGINE=MyISAM AUTO_INCREMENT=877 DEFAULT CHARSET=latin1;
SET character_set_client = @saved_cs_client;

--
-- Dumping data for table `activities`
--

LOCK TABLES `activities` WRITE;
/*!40000 ALTER TABLE `activities` DISABLE KEYS */;
INSERT INTO `activities` VALUES (805,170,'Mengikuti pendidikan sekolah dan memperoleh gelar/sebutan/ijazah/akta',0),(806,170,'Mengikuti pendidikan sekolah dan memperoleh gelar/sebutan/ijazah/akta tambahan yang setingkat atau lebih tinggi di luar bidang ilmunya',0),(807,170,'Mengikuti pendidikan sekolah dan pelatihan fungsional dosen dan memperoleh surat tanda tamat pendidikan dan pelatihan (STTPL)',0),(825,171,'Mengikuti pendidikan sekolah dan memperoleh gelar/sebutan/ijazah/akta',0),(818,173,'Mengikuti pendidikan sekolah dan memperoleh gelar/sebutan/ijazah/akta tambahan yang setingkat atau lebih tinggi di luar bidang ilmunya',0),(819,171,'Mengikuti pendidikan sekolah dan pelatihan fungsional dosen dan memperoleh surat tanda tamat pendidikan dan pelatihan (STTPL)',0),(808,170,'Melaksanakan perkuliahan/toturial dan membimbing, menguji serta menyelenggarakan pendidikan di laboratorium, praktek keguruan, bengkel/studio/kebon percobaan/teknologi pengajaran di lapangan',1),(812,170,'Mengikuti pendidikan sekolah dan memperoleh gelar/sebutan/ijazah/akta',0),(813,171,'Mengikuti pendidikan sekolah dan memperoleh gelar/sebutan/ijazah/akta',0),(814,172,'Mengikuti pendidikan sekolah dan memperoleh gelar/sebutan/ijazah/akta',0),(824,173,'Melaksanakan perkuliahan/toturial dan membimbing, menguji serta menyelenggarakan pendidikan di laboratorium, praktek keguruan, bengkel/studio/kebon percobaan/teknologi pengajaran di lapangan',1),(823,172,'Melaksanakan perkuliahan/toturial dan membimbing, menguji serta menyelenggarakan pendidikan di laboratorium, praktek keguruan, bengkel/studio/kebon percobaan/teknologi pengajaran di lapangan',1),(822,171,'Melaksanakan perkuliahan/toturial dan membimbing, menguji serta menyelenggarakan pendidikan di laboratorium, praktek keguruan, bengkel/studio/kebon percobaan/teknologi pengajaran di lapangan',1),(821,173,'Mengikuti pendidikan sekolah dan pelatihan fungsional dosen dan memperoleh surat tanda tamat pendidikan dan pelatihan (STTPL)',0),(820,172,'Mengikuti pendidikan sekolah dan pelatihan fungsional dosen dan memperoleh surat tanda tamat pendidikan dan pelatihan (STTPL)',0),(817,172,'Mengikuti pendidikan sekolah dan memperoleh gelar/sebutan/ijazah/akta tambahan yang setingkat atau lebih tinggi di luar bidang ilmunya',0),(816,171,'Mengikuti pendidikan sekolah dan memperoleh gelar/sebutan/ijazah/akta tambahan yang setingkat atau lebih tinggi di luar bidang ilmunya',0),(815,173,'Mengikuti pendidikan sekolah dan memperoleh gelar/sebutan/ijazah/akta',0),(811,170,'Membimbing dan ikut membimbing dalam menghasilkan laporan akhir studi/skripsi/thesis/disertasi',0),(809,170,'Membimbing Seminar Mahasiswa',0),(810,170,'Membimbing kuliah kerja nyata (KKN), praktek kerja nyata (KPN), dan praktek kerja lapangan (PKL)',0),(826,172,'Mengikuti pendidikan sekolah dan memperoleh gelar/sebutan/ijazah/akta',0),(827,173,'Mengikuti pendidikan sekolah dan memperoleh gelar/sebutan/ijazah/akta',0),(828,171,'Membimbing dan ikut membimbing dalam menghasilkan laporan akhir studi/skripsi/thesis/disertasi',0),(829,172,'Membimbing dan ikut membimbing dalam menghasilkan laporan akhir studi/skripsi/thesis/disertasi',0),(830,173,'Membimbing dan ikut membimbing dalam menghasilkan laporan akhir studi/skripsi/thesis/disertasi',0),(831,171,'Membimbing Seminar Mahasiswa',0),(832,172,'Membimbing Seminar Mahasiswa',0),(833,173,'Membimbing Seminar Mahasiswa',0),(834,171,'Membimbing kuliah kerja nyata (KKN), praktek kerja nyata (KPN), dan praktek kerja lapangan (PKL)',0),(835,172,'Membimbing kuliah kerja nyata (KKN), praktek kerja nyata (KPN), dan praktek kerja lapangan (PKL)',0),(836,173,'Membimbing kuliah kerja nyata (KKN), praktek kerja nyata (KPN), dan praktek kerja lapangan (PKL)',0),(837,170,'Membina kegiatan mahasiswa di bidang akademik dan kemahasiswaan',0),(838,171,'Membina kegiatan mahasiswa di bidang akademik dan kemahasiswaan',0),(839,172,'Membina kegiatan mahasiswa di bidang akademik dan kemahasiswaan',0),(840,173,'Membina kegiatan mahasiswa di bidang akademik dan kemahasiswaan',0),(841,170,'Mengembangkan program kuliah',0),(842,171,'Mengembangkan program kuliah',0),(843,172,'Mengembangkan program kuliah',0),(844,173,'Mengembangkan program kuliah',0),(845,170,'Mengembangkan bahan pengajaran',0),(846,171,'Mengembangkan bahan pengajaran',0),(847,172,'Mengembangkan bahan pengajaran',0),(848,173,'Mengembangkan bahan pengajaran',0),(849,170,'Menyampaikan orasi ilmiah',0),(850,171,'Menyampaikan orasi ilmiah',0),(851,172,'Menyampaikan orasi ilmiah',0),(852,173,'Menyampaikan orasi ilmiah',0),(853,170,'MENDUDUKI JABATAN PIMPINAN PERGURUAN TINGGI',0),(854,171,'MENDUDUKI JABATAN PIMPINAN PERGURUAN TINGGI',0),(855,172,'MENDUDUKI JABATAN PIMPINAN PERGURUAN TINGGI',0),(856,173,'MENDUDUKI JABATAN PIMPINAN PERGURUAN TINGGI',0),(857,170,'Membimbing dosen yang lebih rendah jabatan fungsionalnya',0),(858,171,'Membimbing dosen yang lebih rendah jabatan fungsionalnya',0),(859,172,'Membimbing dosen yang lebih rendah jabatan fungsionalnya',0),(860,173,'Membimbing dosen yang lebih rendah jabatan fungsionalnya',0),(861,170,'Melaksanakan kegiatan datasering dan pencangkokan Dosen',0),(862,171,'Melaksanakan kegiatan datasering dan pencangkokan Dosen',0),(863,172,'Melaksanakan kegiatan datasering dan pencangkokan Dosen',0),(864,173,'Melaksanakan kegiatan datasering dan pencangkokan Dosen',0),(865,170,'Menghasilkan karya ilmiah',0),(866,171,'Menghasilkan karya ilmiah',0),(867,172,'Menghasilkan karya ilmiah',0),(868,173,'Menghasilkan karya ilmiah',0),(869,170,'Menerjemahkan/menyadur buku ilmiah',0),(870,171,'Menerjemahkan/menyadur buku ilmiah',0),(871,172,'Menerjemahkan/menyadur buku ilmiah',0),(872,173,'Menerjemahkan/menyadur buku ilmiah',0),(873,170,'Mengedit/menyunting karya ilmiah',0),(874,171,'Mengedit/menyunting karya ilmiah',0),(875,172,'Mengedit/menyunting karya ilmiah',0),(876,173,'Mengedit/menyunting karya ilmiah',0);
/*!40000 ALTER TABLE `activities` ENABLE KEYS */;
UNLOCK TABLES;

--
-- Table structure for table `cities`
--

DROP TABLE IF EXISTS `cities`;
SET @saved_cs_client     = @@character_set_client;
SET character_set_client = utf8;
CREATE TABLE `cities` (
  `id` int(11) unsigned NOT NULL auto_increment,
  `province_id` int(11) unsigned NOT NULL default '0',
  `name` varchar(60) default NULL,
  `other_name` varchar(255) default NULL,
  `created_by` varchar(30) default NULL,
  `created` datetime default NULL,
  `modified_by` varchar(30) default NULL,
  `modified` datetime default NULL,
  PRIMARY KEY  (`id`),
  KEY `province_id` (`province_id`),
  KEY `name` (`name`),
  KEY `other_name` (`other_name`)
) ENGINE=MyISAM AUTO_INCREMENT=450 DEFAULT CHARSET=latin1;
SET character_set_client = @saved_cs_client;

--
-- Dumping data for table `cities`
--

LOCK TABLES `cities` WRITE;
/*!40000 ALTER TABLE `cities` DISABLE KEYS */;
INSERT INTO `cities` VALUES (10,37,'KABUPATEN ACEH SELATAN','TAPAKTUAN',NULL,NULL,'1','2009-12-17 00:18:29'),(11,37,'KABUPATEN ACEH TENGGARA','KUTACANE',NULL,NULL,'admin','2009-06-24 10:47:44'),(12,37,'KABUPATEN ACEH TIMUR DAN KOTA LANGSA','LANGSA',NULL,NULL,NULL,NULL),(13,37,'KABUPATEN ACEH TENGAH','TAKENGON',NULL,NULL,NULL,NULL),(14,37,'KABUPATEN ACEH BARAT','MEULABOH',NULL,NULL,NULL,NULL),(15,37,'KABUPATEN ACEH BESAR','JANTHO',NULL,NULL,NULL,NULL),(16,37,'KABUPATEN PIDIE','SIGLI',NULL,NULL,NULL,NULL),(17,37,'KABUPATEN ACEH UTARA DAN KOTA LHOKSEUMAWE','LHOKSEUMAWE',NULL,NULL,NULL,NULL),(18,37,'KABUPATEN SIMEULUE','SINABANG',NULL,NULL,NULL,NULL),(19,37,'KABUPATEN ACEH SINGKIL','SINGKIL',NULL,NULL,NULL,NULL),(20,37,'KABUPATEN BIREUEN','BIREUEN',NULL,NULL,NULL,NULL),(21,37,'KABUPATEN ACEH BARAT DAYA','BLANGPIDIE',NULL,NULL,NULL,NULL),(22,37,'KABUPATEN GAYO LUES','BLANGKEJERAN',NULL,NULL,NULL,NULL),(23,37,'KABUPATEN ACEH JAYA','CALANG',NULL,NULL,NULL,NULL),(24,37,'KABUPATEN NAGAN RAYA','SUKA MAKMUE',NULL,NULL,NULL,NULL),(25,37,'KABUPATEN ACEH TAMIANG','KARANG BARU',NULL,NULL,NULL,NULL),(26,37,'KABUPATEN BENER MERIAH','SIMPANG TIGA REDELONG',NULL,NULL,NULL,NULL),(27,37,'KABUPATEN PIDIE JAYA','MEUREUDU',NULL,NULL,NULL,NULL),(28,37,'KOTA BANDA ACEH','BANDA ACEH',NULL,NULL,NULL,NULL),(29,37,'KOTA SABANG','SABANG',NULL,NULL,NULL,NULL),(30,37,'KOTA SUBULUSSALAM','SUBULUSSALAM',NULL,NULL,NULL,NULL),(31,45,'KABUPATEN TAPANULI TENGAH DAN KOTA SIBOLGA','SIBOLGA',NULL,NULL,NULL,NULL),(32,45,'KABUPATEN TAPANULI UTARA','TARUTUNG',NULL,NULL,NULL,NULL),(33,45,'KABUPATEN TAPANULI SELATAN DAN KOTA PADANG SIDEMPUAN','PADANG SIDEMPUAN',NULL,NULL,NULL,NULL),(34,45,'KABUPATEN NIAS','GUNUNGSITOLI',NULL,NULL,NULL,NULL),(35,45,'KABUPATEN LANGKAT','STABAT',NULL,NULL,NULL,NULL),(36,45,'KABUPATEN KARO','KABANJAHE',NULL,NULL,NULL,NULL),(37,45,'KABUPATEN DELI SERDANG','LUBUKPAKAM',NULL,NULL,NULL,NULL),(38,45,'KABUPATEN SIMALUNGUN DAN KOTA PEMATANG SIANTAR','PEMATANGSIANTAR',NULL,NULL,NULL,NULL),(39,45,'KABUPATEN ASAHAN','KISARAN',NULL,NULL,NULL,NULL),(40,45,'KABUPATEN LABUHANBATU SELATAN','KOTA PINANG',NULL,NULL,NULL,NULL),(41,45,'KABUPATEN LABUHANBATU UTARA','AEK KANOPAN',NULL,NULL,NULL,NULL),(42,45,'KABUPATEN LABUHANBATU','RANTAUPRAPAT',NULL,NULL,NULL,NULL),(43,45,'KABUPATEN DAIRI','SIDIKALANG',NULL,NULL,NULL,NULL),(44,45,'KABUPATEN TOBA SAMOSIR','BALIGE',NULL,NULL,NULL,NULL),(45,45,'KABUPATEN MANDAILING NATAL','PENYABUNGAN',NULL,NULL,NULL,NULL),(46,45,'KABUPATEN NIAS SELATAN','TELUK DALAM',NULL,NULL,NULL,NULL),(47,45,'KABUPATEN PAKPAK BHARAT','SALAK',NULL,NULL,NULL,NULL),(48,45,'KABUPATEN HUMBANG HASUNDUTAN','DOLOK SANGGUL',NULL,NULL,NULL,NULL),(49,45,'KABUPATEN SAMOSIR','PANGURUAN',NULL,NULL,NULL,NULL),(50,45,'KABUPATEN SERDANG BEDAGAI','SEI RAMPAH',NULL,NULL,NULL,NULL),(51,45,'KABUPATEN BATU BARA','LIMA PULUH',NULL,NULL,NULL,NULL),(52,45,'KABUPATEN PADANG LAWAS UTARA','GUNUNG TUA',NULL,NULL,NULL,NULL),(53,45,'KABUPATEN PADANG LAWAS','SIBUHUAN',NULL,NULL,NULL,NULL),(54,45,'KOTA MEDAN','MEDAN',NULL,NULL,NULL,NULL),(55,45,'KOTA TANJUNG BALAI','TANJUNG BALAI',NULL,NULL,NULL,NULL),(56,45,'KOTA BINJAI','BINJAI',NULL,NULL,NULL,NULL),(57,45,'KOTA TEBING TINGGI','TEBING TINGGI',NULL,NULL,NULL,NULL),(58,2,'KABUPATEN BENGKULU SELATAN','MANNA',NULL,NULL,NULL,NULL),(59,2,'KABUPATEN REJANG LEBONG','CURUP',NULL,NULL,NULL,NULL),(60,2,'KABUPATEN BENGKULU UTARA','ARGAMAKMUR',NULL,NULL,NULL,NULL),(61,2,'KABUPATEN KAUR','BINTUHAN',NULL,NULL,NULL,NULL),(62,2,'KABUPATEN SELUMA','TAIS',NULL,NULL,NULL,NULL),(63,2,'KABUPATEN MUKOMUKO','MUKOMUKO',NULL,NULL,NULL,NULL),(64,2,'KABUPATEN LEBONG','TUBEI',NULL,NULL,NULL,NULL),(65,2,'KABUPATEN KEPAHIANG','KEPAHIANG',NULL,NULL,NULL,NULL),(66,2,'KABUPATEN BENGKULU TENGAH','KARANG TINGGI',NULL,NULL,NULL,NULL),(67,2,'KOTA BENGKULU','BENGKULU',NULL,NULL,NULL,NULL),(68,31,'KABUPATEN KERINCI DAN KOTA SUNGAI PENUH','SUNGAIPENUH',NULL,NULL,NULL,NULL),(69,31,'KABUPATEN MERANGIN','BANGKO',NULL,NULL,NULL,NULL),(70,31,'KABUPATEN SAROLANGUN','SAROLANGUN',NULL,NULL,NULL,NULL),(71,31,'KABUPATEN BATANG HARI','MUARA BULIAN',NULL,NULL,NULL,NULL),(72,31,'KABUPATEN MUARO JAMBI','SENGETI',NULL,NULL,NULL,NULL),(73,31,'KABUPATEN TANJUNG JABUNG BARAT','KUALA TUNGKAL',NULL,NULL,NULL,NULL),(74,31,'KABUPATEN TANJUNG JABUNG TIMUR','MUARA SABAK',NULL,NULL,NULL,NULL),(75,31,'KABUPATEN BUNGO','MUARA BUNGO',NULL,NULL,NULL,NULL),(76,31,'KABUPATEN TEBO','MUARA TEBO',NULL,NULL,NULL,NULL),(77,31,'KOTA JAMBI','JAMBI',NULL,NULL,NULL,NULL),(78,42,'KABUPATEN KAMPAR','BANGKINANG',NULL,NULL,NULL,NULL),(79,42,'KABUPATEN INDRAGIRI HULU','RENGAT',NULL,NULL,NULL,NULL),(80,42,'KABUPATEN BENGKALIS','BENGKALIS',NULL,NULL,NULL,NULL),(81,42,'KABUPATEN INDRAGIRI HILIR','TEMBILAHAN',NULL,NULL,NULL,NULL),(82,42,'KABUPATEN PELALAWAN','PANGKALAN KERINCI',NULL,NULL,NULL,NULL),(83,42,'KABUPATEN ROKAN HULU','PASIR PANGARAIAN',NULL,NULL,NULL,NULL),(84,42,'KABUPATEN ROKAN HILIR','UJUNG TANJUNG',NULL,NULL,NULL,NULL),(85,42,'KABUPATEN SIAK','SIAK SRIINDRAPURA',NULL,NULL,NULL,NULL),(86,42,'KABUPATEN KUANTAN SINGINGI','TELUK KUANTAN',NULL,NULL,NULL,NULL),(87,42,'KOTA PEKANBARU','PEKANBARU',NULL,NULL,NULL,NULL),(88,42,'KOTA DUMAI','DUMAI',NULL,NULL,NULL,NULL),(89,43,'KABUPATEN PESISIR SELATAN','PAINAN',NULL,NULL,NULL,NULL),(90,43,'KABUPATEN SOLOK DAN KOTA SOLOK','SOLOK',NULL,NULL,NULL,NULL),(91,43,'KABUPATEN SIJUNJUNG','MUARO SIJUNJUNG',NULL,NULL,NULL,NULL),(92,43,'KABUPATEN TANAH DATAR','BATUSANGKAR',NULL,NULL,NULL,NULL),(93,43,'KABUPATEN PADANG PARIAMAN DAN KOTA PARIAMAN','PARIAMAN',NULL,NULL,NULL,NULL),(94,43,'KABUPATEN AGAM','LUBUKBASUNG',NULL,NULL,NULL,NULL),(95,43,'KABUPATEN LIMA PULUH KOTA DAN KOTA PAYAKUMBUH','PAYAKUMBUH',NULL,NULL,NULL,NULL),(96,43,'KABUPATEN PASAMAN','LUBUKSIKAPING',NULL,NULL,NULL,NULL),(97,43,'KABUPATEN KEPULAUAN MENTAWAI','TUA PEJAT',NULL,NULL,NULL,NULL),(98,43,'KABUPATEN DHARMASRAYA','PULAU PUNJUNG',NULL,NULL,NULL,NULL),(99,43,'KABUPATEN SOLOK SELATAN','PADANG ARO',NULL,NULL,NULL,NULL),(100,43,'KABUPATEN PASAMAN BARAT','SIMPANG EMPAT',NULL,NULL,NULL,NULL),(101,43,'KOTA PADANG','PADANG',NULL,NULL,NULL,NULL),(102,43,'KOTA SAWAHLUNTO','SAWAHLUNTO',NULL,NULL,NULL,NULL),(103,43,'KOTA PADANGPANJANG','PADANGPANJANG',NULL,NULL,NULL,NULL),(104,43,'KOTA BUKITTINGGI','BUKITTINGGI',NULL,NULL,NULL,NULL),(105,44,'KABUPATEN OGAN KOMERING ULU','BATURAJA',NULL,NULL,NULL,NULL),(106,44,'KABUPATEN OGAN KOMERING ILIR','KAYU AGUNG',NULL,NULL,NULL,NULL),(107,44,'KABUPATEN MUARA ENIM','MUARA ENIM',NULL,NULL,NULL,NULL),(108,44,'KABUPATEN LAHAT','LAHAT',NULL,NULL,NULL,NULL),(109,44,'KABUPATEN MUSI RAWAS DAN KOTA LUBUK LINGGAU','LUBUK LINGGAU',NULL,NULL,NULL,NULL),(110,44,'KABUPATEN MUSI BANYUASIN','SEKAYU',NULL,NULL,NULL,NULL),(111,44,'KABUPATEN BANYUASIN','BANYUASIN',NULL,NULL,NULL,NULL),(112,44,'KABUPATEN OGAN KOMERING ULU TIMUR','MARTAPURA',NULL,NULL,NULL,NULL),(113,44,'KABUPATEN OGAN KOMERING ULU SELATAN','MUARADUA',NULL,NULL,NULL,NULL),(114,44,'KABUPATEN OGAN ILIR','INDRALAYA',NULL,NULL,NULL,NULL),(115,44,'KABUPATEN EMPAT LAWANG','TEBING TINGGI',NULL,NULL,NULL,NULL),(116,44,'KOTA PALEMBANG','PALEMBANG',NULL,NULL,NULL,NULL),(117,44,'KOTA PAGAR ALAM','PAGAR ALAM',NULL,NULL,NULL,NULL),(118,44,'KOTA PRABUMULIH','PRABUMULIH',NULL,NULL,NULL,NULL),(119,22,'KABUPATEN LAMPUNG SELATAN','KALIANDA',NULL,NULL,NULL,NULL),(120,22,'KABUPATEN LAMPUNG TENGAH','GUNUNGSUGIH',NULL,NULL,NULL,NULL),(121,22,'KABUPATEN LAMPUNG UTARA','KOTABUMI',NULL,NULL,NULL,NULL),(122,22,'KABUPATEN LAMPUNG BARAT','LIWA',NULL,NULL,NULL,NULL),(123,22,'KABUPATEN TULANG BAWANG','MENGGALA',NULL,NULL,NULL,NULL),(124,22,'KABUPATEN TANGGAMUS','KOTAAGUNG',NULL,NULL,NULL,NULL),(125,22,'KABUPATEN LAMPUNG TIMUR','SUKADANA',NULL,NULL,NULL,NULL),(126,22,'KABUPATEN WAY KANAN','BLAMBANGAN UMPU',NULL,NULL,NULL,NULL),(127,22,'KABUPATEN PESAWARAN','GEDONG TATAAN',NULL,NULL,NULL,NULL),(128,22,'KOTA BANDAR LAMPUNG','BANDAR LAMPUNG',NULL,NULL,NULL,NULL),(129,22,'KOTA METRO','METRO',NULL,NULL,NULL,NULL),(130,1,'KABUPATEN BANGKA','SUNGAILIAT',NULL,NULL,NULL,NULL),(131,1,'KABUPATEN BELITUNG','TANJUNGPANDAN',NULL,NULL,NULL,NULL),(132,1,'KABUPATEN BANGKA SELATAN','MENTOK',NULL,NULL,NULL,NULL),(133,1,'KABUPATEN BANGKA TENGAH','KOBA',NULL,NULL,NULL,NULL),(134,1,'KABUPATEN BANGKA BARAT','TOBOALI',NULL,NULL,NULL,NULL),(135,1,'KABUPATEN BELITUNG TIMUR','MANGGAR',NULL,NULL,NULL,NULL),(136,1,'KOTA PANGKAL PINANG','PANGKAL PINANG',NULL,NULL,NULL,NULL),(137,19,'KABUPATEN BINTAN DAN KOTA TANJUNG PINANG','TANJUNGPINANG',NULL,NULL,NULL,NULL),(138,19,'KABUPATEN KARIMUN','TANJUNG BALAI KARIMUN',NULL,NULL,NULL,NULL),(139,19,'KABUPATEN NATUNA','RANAI',NULL,NULL,NULL,NULL),(140,19,'KABUPATEN LINGGA','DAIK LINGGA',NULL,NULL,NULL,NULL),(141,19,'KABUPATEN KEPULAUAN ANAMBAS','TAREMPA',NULL,NULL,NULL,NULL),(142,19,'KOTA BATAM','BATAM',NULL,NULL,NULL,NULL),(143,4,'KABUPATEN PANDEGLANG','PANDEGLANG',NULL,NULL,NULL,NULL),(144,4,'KABUPATEN LEBAK','RANGKASBITUNG',NULL,NULL,NULL,NULL),(145,4,'KABUPATEN TANGERANG DAN KOTA TANGERANG','TANGERANG',NULL,NULL,NULL,NULL),(146,4,'KABUPATEN SERANG DAN KOTA SERANG','SERANG',NULL,NULL,NULL,NULL),(147,4,'KOTA CILEGON','CILEGON',NULL,NULL,NULL,NULL),(148,11,'KABUPATEN BOGOR DAN KOTA BOGOR','CIBINONG',NULL,NULL,NULL,NULL),(149,11,'KABUPATEN SUKABUMI DAN KOTA SUKABUMI','SUKABUMI',NULL,NULL,NULL,NULL),(150,11,'KABUPATEN CIANJUR','CIANJUR',NULL,NULL,NULL,NULL),(151,11,'KABUPATEN BANDUNG DAN KOTA BANDUNG','SOREANG',NULL,NULL,NULL,NULL),(152,11,'KABUPATEN GARUT','GARUT',NULL,NULL,NULL,NULL),(153,11,'KABUPATEN TASIKMALAYA DAN KOTA TASIKMALAYA','SINGAPARNA',NULL,NULL,NULL,NULL),(154,11,'KABUPATEN CIAMIS','CIAMIS',NULL,NULL,NULL,NULL),(155,11,'KABUPATEN KUNINGAN','KUNINGAN',NULL,NULL,NULL,NULL),(156,11,'KABUPATEN CIREBON DAN KOTA CIREBON','SUMBER',NULL,NULL,NULL,NULL),(157,11,'KABUPATEN MAJALENGKA','MAJALENGKA',NULL,NULL,NULL,NULL),(158,11,'KABUPATEN SUMEDANG','SUMEDANG',NULL,NULL,NULL,NULL),(159,11,'KABUPATEN INDRAMAYU','INDRAMAYU',NULL,NULL,NULL,NULL),(160,11,'KABUPATEN SUBANG','SUBANG',NULL,NULL,NULL,NULL),(161,11,'KABUPATEN PURWAKARTA','PURWAKARTA',NULL,NULL,NULL,NULL),(162,11,'KABUPATEN KARAWANG','KARAWANG',NULL,NULL,NULL,NULL),(163,11,'KABUPATEN BEKASI DAN KOTA BEKASI','BEKASI',NULL,NULL,NULL,NULL),(164,11,'KABUPATEN BANDUNG BARAT','NGAMPRAH',NULL,NULL,NULL,NULL),(165,11,'KOTA DEPOK','DEPOK',NULL,NULL,NULL,NULL),(166,11,'KOTA CIMAHI','CIMAHI',NULL,NULL,NULL,NULL),(167,11,'KOTA BANJAR','BANJAR',NULL,NULL,NULL,NULL),(168,30,'KABUPATEN ADMINISTRASI KEPULAUAN SERIBU','PULAU PRAMUKA',NULL,NULL,NULL,NULL),(169,30,'KOTA ADMINISTRASI JAKARTA PUSAT','JAKARTA',NULL,NULL,NULL,NULL),(170,30,'KOTA ADMINISTRASI JAKARTA UTARA','JAKARTA',NULL,NULL,NULL,NULL),(171,30,'KOTA ADMINISTRASI JAKARTA BARAT','JAKARTA',NULL,NULL,NULL,NULL),(172,30,'KOTA ADMINISTRASI JAKARTA SELATAN','JAKARTA',NULL,NULL,NULL,NULL),(173,30,'KOTA ADMINISTRASI JAKARTA TIMUR','JAKARTA',NULL,NULL,NULL,NULL),(174,29,'KABUPATEN CILACAP','CILACAP',NULL,NULL,NULL,NULL),(175,29,'KABUPATEN BANYUMAS','PURWOKERTO',NULL,NULL,NULL,NULL),(176,29,'KABUPATEN PURBALINGGA','PURBALINGGA',NULL,NULL,NULL,NULL),(177,29,'KABUPATEN BANJARNEGARA','BANJARNEGARA',NULL,NULL,NULL,NULL),(178,29,'KABUPATEN KEBUMEN','KEBUMEN',NULL,NULL,NULL,NULL),(179,29,'KABUPATEN PURWOREJO','PURWOREJO',NULL,NULL,NULL,NULL),(180,29,'KABUPATEN WONOSOBO','WONOSOBO',NULL,NULL,NULL,NULL),(181,29,'KABUPATEN MAGELANG & KOTA MAGELANG','MUNGKID',NULL,NULL,NULL,NULL),(182,29,'KABUPATEN BOYOLALI','BOYOLALI',NULL,NULL,NULL,NULL),(183,29,'KABUPATEN KLATEN','KLATEN',NULL,NULL,NULL,NULL),(184,29,'KABUPATEN SUKOHARJO','SUKOHARJO',NULL,NULL,NULL,NULL),(185,29,'KABUPATEN WONOGIRI','WONOGIRI',NULL,NULL,NULL,NULL),(186,29,'KABUPATEN KARANGANYAR','KARANGANYAR',NULL,NULL,NULL,NULL),(187,29,'KABUPATEN SRAGEN','SRAGEN',NULL,NULL,NULL,NULL),(188,29,'KABUPATEN GROBOGAN','PURWODADI',NULL,NULL,NULL,NULL),(189,29,'KABUPATEN BLORA','BLORA',NULL,NULL,NULL,NULL),(190,29,'KABUPATEN REMBANG','REMBANG',NULL,NULL,NULL,NULL),(191,29,'KABUPATEN PATI','PATI',NULL,NULL,NULL,NULL),(192,29,'KABUPATEN KUDUS','KUDUS',NULL,NULL,NULL,NULL),(193,29,'KABUPATEN JEPARA','JEPARA',NULL,NULL,NULL,NULL),(194,29,'KABUPATEN DEMAK','DEMAK',NULL,NULL,NULL,NULL),(195,29,'KABUPATEN SEMARANG DAN KOTA SEMARANG','UNGARAN',NULL,NULL,NULL,NULL),(196,29,'KABUPATEN TEMANGGUNG','TEMANGGUNG',NULL,NULL,NULL,NULL),(197,29,'KABUPATEN KENDAL','KENDAL',NULL,NULL,NULL,NULL),(198,29,'KABUPATEN BATANG','BATANG',NULL,NULL,NULL,NULL),(199,29,'KABUPATEN PEKALONGAN DAN KOTA PEKALONGAN','KAJEN',NULL,NULL,NULL,NULL),(200,29,'KABUPATEN PEMALANG','PEMALANG',NULL,NULL,NULL,NULL),(201,29,'KABUPATEN TEGAL DAN KOTA TEGAL','SLAWI',NULL,NULL,NULL,NULL),(202,29,'KABUPATEN BREBES','BREBES',NULL,NULL,NULL,NULL),(203,29,'KOTA SURAKARTA','SOLO',NULL,NULL,NULL,NULL),(204,29,'KOTA SALATIGA','SALATIGA',NULL,NULL,NULL,NULL),(205,33,'KABUPATEN PACITAN','PACITAN',NULL,NULL,NULL,NULL),(206,33,'KABUPATEN PONOROGO','PONOROGO',NULL,NULL,NULL,NULL),(207,33,'KABUPATEN TRENGGALEK','TRENGGALEK',NULL,NULL,NULL,NULL),(208,33,'KABUPATEN TULUNGAGUNG','TULUNGAGUNG',NULL,NULL,NULL,NULL),(209,33,'KABUPATEN BLITAR DAN KOTA BLITAR','BLITAR',NULL,NULL,NULL,NULL),(210,33,'KABUPATEN KEDIRI DAN KOTA KEDIRI','KEDIRI',NULL,NULL,NULL,NULL),(211,33,'KABUPATEN MALANG DAN KOTA MALANG','KEPANJEN',NULL,NULL,NULL,NULL),(212,33,'KABUPATEN LUMAJANG','LUMAJANG',NULL,NULL,NULL,NULL),(213,33,'KABUPATEN JEMBER','JEMBER',NULL,NULL,NULL,NULL),(214,33,'KABUPATEN BANYUWANGI','BANYUWANGI',NULL,NULL,NULL,NULL),(215,33,'KABUPATEN BONDOWOSO','BONDOWOSO',NULL,NULL,NULL,NULL),(216,33,'KABUPATEN SITUBONDO','SITUBONDO',NULL,NULL,NULL,NULL),(217,33,'KABUPATEN PROBOLINGGO DAN KOTA PROBOLINGGO','PROBOLINGGO',NULL,NULL,NULL,NULL),(218,33,'KABUPATEN PASURUAN DAN KOTA PASURUAN','PASURUAN',NULL,NULL,NULL,NULL),(219,33,'KABUPATEN SIDOARJO','SIDOARJO',NULL,NULL,NULL,NULL),(220,33,'KABUPATEN MOJOKERTO DAN KOTA MOJOKERTO','MOJOKERTO',NULL,NULL,NULL,NULL),(221,33,'KABUPATEN JOMBANG','JOMBANG',NULL,NULL,NULL,NULL),(222,33,'KABUPATEN NGANJUK','NGANJUK',NULL,NULL,NULL,NULL),(223,33,'KABUPATEN MADIUN DAN KOTA MADIUN','MADIUN',NULL,NULL,NULL,NULL),(224,33,'KABUPATEN MAGETAN','MAGETAN',NULL,NULL,NULL,NULL),(225,33,'KABUPATEN NGAWI','NGAWI',NULL,NULL,NULL,NULL),(226,33,'KABUPATEN BOJONEGORO','BOJONEGORO',NULL,NULL,NULL,NULL),(227,33,'KABUPATEN TUBAN','TUBAN',NULL,NULL,NULL,NULL),(228,33,'KABUPATEN LAMONGAN','LAMONGAN',NULL,NULL,NULL,NULL),(229,33,'KABUPATEN GRESIK','GRESIK',NULL,NULL,NULL,NULL),(230,33,'KABUPATEN BANGKALAN','BANGKALAN',NULL,NULL,NULL,NULL),(231,33,'KABUPATEN SAMPANG','SAMPANG',NULL,NULL,NULL,NULL),(232,33,'KABUPATEN PAMEKASAN','PAMEKASAN',NULL,NULL,NULL,NULL),(233,33,'KABUPATEN SUMENEP','SUMENEP',NULL,NULL,NULL,NULL),(234,33,'KOTA SURABAYA','SURABAYA',NULL,NULL,NULL,NULL),(235,33,'KOTA BATU','BATU',NULL,NULL,NULL,NULL),(236,32,'KABUPATEN KULON PROGO','WATES',NULL,NULL,NULL,NULL),(237,32,'KABUPATEN BANTUL','BANTUL',NULL,NULL,NULL,NULL),(238,32,'KABUPATEN GUNUNG KIDUL','WONOSARI',NULL,NULL,NULL,NULL),(239,32,'KABUPATEN SLEMAN','SLEMAN',NULL,NULL,NULL,NULL),(240,32,'KOTA YOGYAKARTA','JOGJAKARTA',NULL,NULL,NULL,NULL),(241,3,'KABUPATEN JEMBRANA','NEGARA',NULL,NULL,NULL,NULL),(242,3,'KABUPATEN TABANAN','TABANAN',NULL,NULL,NULL,NULL),(243,3,'KABUPATEN BADUNG','BADUNG',NULL,NULL,NULL,NULL),(244,3,'KABUPATEN GIANYAR','GIANYAR',NULL,NULL,NULL,NULL),(245,3,'KABUPATEN KLUNGKUNG','KLUNGKUNG',NULL,NULL,NULL,NULL),(246,3,'KABUPATEN BANGLI','BANGLI',NULL,NULL,NULL,NULL),(247,3,'KABUPATEN KARANGASEM','KARANGASEM',NULL,NULL,NULL,NULL),(248,3,'KABUPATEN BULELENG','SINGARAJA',NULL,NULL,NULL,NULL),(249,3,'KOTA DENPASAR','DENPASAR',NULL,NULL,NULL,NULL),(250,38,'KABUPATEN LOMBOK BARAT DAN KOTA MATARAM','MATARAM',NULL,NULL,NULL,NULL),(251,38,'KABUPATEN LOMBOK TENGAH','PRAYA',NULL,NULL,NULL,NULL),(252,38,'KABUPATEN LOMBOK TIMUR','SELONG',NULL,NULL,NULL,NULL),(253,38,'KABUPATEN SUMBAWA','SUMBAWA BESAR',NULL,NULL,NULL,NULL),(254,38,'KABUPATEN DOMPU','DOMPU',NULL,NULL,NULL,NULL),(255,38,'KABUPATEN BIMA DAN KOTA BIMA','RABA',NULL,NULL,NULL,NULL),(256,38,'KABUPATEN SUMBAWA BARAT','TALIWANG',NULL,NULL,NULL,NULL),(257,38,'KABUPATEN LOMBOK UTARA','TANJUNG',NULL,NULL,NULL,NULL),(258,39,'KABUPATEN KUPANG DAN KOTA KUPANG','KUPANG',NULL,NULL,NULL,NULL),(259,39,'KABUPATEN TIMOR TENGAH SELATAN','SOE',NULL,NULL,NULL,NULL),(260,39,'KABUPATEN TIMOR TENGAH UTARA','KEFAMENANU',NULL,NULL,NULL,NULL),(261,39,'KABUPATEN BELU','ATAMBUA',NULL,NULL,NULL,NULL),(262,39,'KABUPATEN ALOR','KALABAHI',NULL,NULL,NULL,NULL),(263,39,'KABUPATEN FLORES TIMUR','LARANTUKA',NULL,NULL,NULL,NULL),(264,39,'KABUPATEN SIKKA','MAUMERE',NULL,NULL,NULL,NULL),(265,39,'KABUPATEN ENDE','ENDE',NULL,NULL,NULL,NULL),(266,39,'KABUPATEN NGADA','BAJAWA',NULL,NULL,NULL,NULL),(267,39,'KABUPATEN MANGGARAI','RUTENG',NULL,NULL,NULL,NULL),(268,39,'KABUPATEN SUMBA TIMUR','WAINGAPU',NULL,NULL,NULL,NULL),(269,39,'KABUPATEN SUMBA BARAT','WAIKABUBAK',NULL,NULL,NULL,NULL),(270,39,'KABUPATEN LEMBATA','LEWOLEBA',NULL,NULL,NULL,NULL),(271,39,'KABUPATEN ROTE NDAO','BAA',NULL,NULL,NULL,NULL),(272,39,'KABUPATEN MANGGARAI BARAT','LABUAN BAJO',NULL,NULL,NULL,NULL),(273,39,'KABUPATEN NAGEKEO','MBAY',NULL,NULL,NULL,NULL),(274,39,'KABUPATEN SUMBA TENGAH','WAIBAKUL',NULL,NULL,NULL,NULL),(275,39,'KABUPATEN SUMBA BARAT DAYA','TAMBOLAKA',NULL,NULL,NULL,NULL),(276,39,'KABUPATEN MANGGARAI TIMUR','BORONG',NULL,NULL,NULL,NULL),(277,34,'KABUPATEN SAMBAS','SAMBAS',NULL,NULL,NULL,NULL),(278,34,'KABUPATEN PONTIANAK DAN KOTA PONTIANAK','MEMPAWAH',NULL,NULL,NULL,NULL),(279,34,'KABUPATEN SANGGAU','BATANG TARANG',NULL,NULL,NULL,NULL),(280,34,'KABUPATEN KETAPANG','KETAPANG',NULL,NULL,NULL,NULL),(281,34,'KABUPATEN SINTANG','SINTANG',NULL,NULL,NULL,NULL),(282,34,'KABUPATEN KAPUAS HULU','PUTUSSIBAU',NULL,NULL,NULL,NULL),(283,34,'KABUPATEN BENGKAYANG','BENGKAYANG',NULL,NULL,NULL,NULL),(284,34,'KABUPATEN LANDAK','NGABANG',NULL,NULL,NULL,NULL),(285,34,'KABUPATEN MELAWI','NANGA PINOH',NULL,NULL,NULL,NULL),(286,34,'KABUPATEN SEKADAU','SEKADAU',NULL,NULL,NULL,NULL),(287,34,'KABUPATEN KAYONG UTARA','SUKADANA',NULL,NULL,NULL,NULL),(288,34,'KABUPATEN KUBU RAYA','SUNGAI RAYA',NULL,NULL,NULL,NULL),(289,34,'KOTA SINGKAWANG','SINGKAWANG',NULL,NULL,NULL,NULL),(290,20,'KABUPATEN TANAH LAUT','PELAIHARI',NULL,NULL,NULL,NULL),(291,20,'KABUPATEN KOTABARU','KOTABARU',NULL,NULL,NULL,NULL),(292,20,'KABUPATEN BANJAR','MARTAPURA',NULL,NULL,NULL,NULL),(293,20,'KABUPATEN BARITO KUALA','MARABAHAN',NULL,NULL,NULL,NULL),(294,20,'KABUPATEN TAPIN','RANTAU',NULL,NULL,NULL,NULL),(295,20,'KABUPATEN HULU SUNGAI SELATAN','KANDANGAN',NULL,NULL,NULL,NULL),(296,20,'KABUPATEN HULU SUNGAI TENGAH','BARABAI',NULL,NULL,NULL,NULL),(297,20,'KABUPATEN HULU SUNGAI UTARA','AMUNTAI',NULL,NULL,NULL,NULL),(298,20,'KABUPATEN TABALONG','TANJUNG',NULL,NULL,NULL,NULL),(299,20,'KABUPATEN TANAH BUMBU','BATULICIN',NULL,NULL,NULL,NULL),(300,20,'KABUPATEN BALANGAN','PARINGIN',NULL,NULL,NULL,NULL),(301,20,'KOTA BANJARMASIN','BANJARMASIN',NULL,NULL,NULL,NULL),(302,20,'KOTA BANJARBARU','BANJARBARU',NULL,NULL,NULL,NULL),(303,18,'KABUPATEN KOTAWARINGIN BARAT','PANGKALAN BUN',NULL,NULL,NULL,NULL),(304,18,'KABUPATEN KOTAWARINGIN TIMUR','SAMPIT',NULL,NULL,NULL,NULL),(305,18,'KABUPATEN KAPUAS','KUALA KAPUAS',NULL,NULL,NULL,NULL),(306,18,'KABUPATEN BARITO SELATAN','BUNTOK',NULL,NULL,NULL,NULL),(307,18,'KABUPATEN BARITO UTARA','MUARA TEWEH',NULL,NULL,NULL,NULL),(308,18,'KABUPATEN KATINGAN','KASONGAN',NULL,NULL,NULL,NULL),(309,18,'KABUPATEN SERUYAN','KUALA PEMBUANG',NULL,NULL,NULL,NULL),(310,18,'KABUPATEN SUKAMARA','SUKAMARA',NULL,NULL,NULL,NULL),(311,18,'KABUPATEN LAMANDAU','NANGA BULIK',NULL,NULL,NULL,NULL),(312,18,'KABUPATEN GUNUNG MAS','KUALA KURUN',NULL,NULL,NULL,NULL),(313,18,'KABUPATEN PULANG PISAU','PULANG PISAU',NULL,NULL,NULL,NULL),(314,18,'KABUPATEN MURUNG RAYA','PURUKCAHU',NULL,NULL,NULL,NULL),(315,18,'KABUPATEN BARITO TIMUR','TAMIANG',NULL,NULL,NULL,NULL),(316,18,'KOTA PALANGKARAYA','PALANGKARAYA',NULL,NULL,NULL,NULL),(317,35,'KABUPATEN PASER','TANAH GROGOT',NULL,NULL,NULL,NULL),(318,35,'KABUPATEN KUTAI KARTANEGARA','TENGGARONG',NULL,NULL,NULL,NULL),(319,35,'KABUPATEN BERAU','TANJUNGREDEP',NULL,NULL,NULL,NULL),(320,35,'KABUPATEN BULUNGAN','TANJUNGSELOR',NULL,NULL,NULL,NULL),(321,35,'KABUPATEN NUNUKAN','NUNUKAN',NULL,NULL,NULL,NULL),(322,35,'KABUPATEN MALINAU','MALINAU',NULL,NULL,NULL,NULL),(323,35,'KABUPATEN KUTAI BARAT','SENDAWAR',NULL,NULL,NULL,NULL),(324,35,'KABUPATEN KUTAI TIMUR','SANGATTA',NULL,NULL,NULL,NULL),(325,35,'KABUPATEN PENAJAM PASER UTARA','PENAJAM',NULL,NULL,NULL,NULL),(326,35,'KOTA BALIKPAPAN','BALIKPAPAN',NULL,NULL,NULL,NULL),(327,35,'KOTA SAMARINDA','SAMARINDA',NULL,NULL,NULL,NULL),(328,35,'KOTA TARAKAN','TARAKAN',NULL,NULL,NULL,NULL),(329,35,'KOTA BONTANG','BONTANG',NULL,NULL,NULL,NULL),(330,28,'KABUPATEN GORONTALO & KOTA GORONTALO','GORONTALO',NULL,NULL,NULL,NULL),(331,28,'KABUPATEN BOALEMO','TILAMUTA',NULL,NULL,NULL,NULL),(332,28,'KABUPATEN BONE BOLANGO','SUWAWA',NULL,NULL,NULL,NULL),(333,28,'KABUPATEN POHUWATO','MARISA',NULL,NULL,NULL,NULL),(334,28,'KABUPATEN GORONTALO UTARA','KWANDANG',NULL,NULL,NULL,NULL),(335,26,'KABUPATEN SELAYAR','BENTENG',NULL,NULL,NULL,NULL),(336,26,'KABUPATEN BULUKUMBA','BULUKUMBA',NULL,NULL,NULL,NULL),(337,26,'KABUPATEN BANTAENG','BANTAENG',NULL,NULL,NULL,NULL),(338,26,'KABUPATEN JENEPONTO','JENEPONTO',NULL,NULL,NULL,NULL),(339,26,'KABUPATEN TAKALAR','TAKALAR',NULL,NULL,NULL,NULL),(340,26,'KABUPATEN GOWA','SUNGGU MINASA',NULL,NULL,NULL,NULL),(341,26,'KABUPATEN SINJAI','SINJAI',NULL,NULL,NULL,NULL),(342,26,'KABUPATEN BONE','WATAMPONE',NULL,NULL,NULL,NULL),(343,26,'KABUPATEN MAROS','MAROS',NULL,NULL,NULL,NULL),(344,26,'KABUPATEN PANGKAJENE DAN KEPULAUAN','PANGKAJENE',NULL,NULL,NULL,NULL),(345,26,'KABUPATEN BARRU','BARRU',NULL,NULL,NULL,NULL),(346,26,'KABUPATEN SOPPENG','WATAN SOPPENG',NULL,NULL,NULL,NULL),(347,26,'KABUPATEN WAJO','SENGKANG',NULL,NULL,NULL,NULL),(348,26,'KABUPATEN SIDENRENG RAPPANG','SIDENRENG',NULL,NULL,NULL,NULL),(349,26,'KABUPATEN PINRANG','PINRANG',NULL,NULL,NULL,NULL),(350,26,'KABUPATEN ENREKANG','ENREKANG',NULL,NULL,NULL,NULL),(351,26,'KABUPATEN LUWU & KOTA PALOPO','PALOPO',NULL,NULL,NULL,NULL),(352,26,'KABUPATEN TANA TORAJA','MAKALE',NULL,NULL,NULL,NULL),(353,26,'KABUPATEN LUWU UTARA','MASAMBA',NULL,NULL,NULL,NULL),(354,26,'KABUPATEN LUWU TIMUR','MALILI',NULL,NULL,NULL,NULL),(355,26,'KABUPATEN TORAJA UTARA','RANTEPAO',NULL,NULL,NULL,NULL),(356,26,'KOTA MAKASSAR','MAKASSAR',NULL,NULL,NULL,NULL),(357,26,'KOTA PARE-PARE','PARE-PARE',NULL,NULL,NULL,NULL),(358,7,'KABUPATEN KOLAKA','KOLAKA',NULL,NULL,NULL,NULL),(359,7,'KABUPATEN KONAWE','UNAAHA',NULL,NULL,NULL,NULL),(360,7,'KABUPATEN MUNA','RAHA',NULL,NULL,NULL,NULL),(361,7,'KABUPATEN BUTON & KOTA BAU-BAU','BAU-BAU',NULL,NULL,NULL,NULL),(362,7,'KABUPATEN KONAWE SELATAN','ANDOLO',NULL,NULL,NULL,NULL),(363,7,'KABUPATEN BOMBANA','RUMBIA',NULL,NULL,NULL,NULL),(364,7,'KABUPATEN WAKATOBI','WANGI-WANGI',NULL,NULL,NULL,NULL),(365,7,'KABUPATEN KOLAKA UTARA','LASUSUA',NULL,NULL,NULL,NULL),(366,7,'KABUPATEN KONAWE UTARA','WANGGUDU',NULL,NULL,NULL,NULL),(367,7,'KABUPATEN BUTON UTARA','BURANGA',NULL,NULL,NULL,NULL),(368,7,'KOTA KENDARI','KENDARI',NULL,NULL,NULL,NULL),(369,25,'KABUPATEN BANGGAI','LUWUK',NULL,NULL,NULL,NULL),(370,25,'KABUPATEN POSO','POSO',NULL,NULL,NULL,NULL),(371,25,'KABUPATEN DONGGALA','DONGGALA',NULL,NULL,NULL,NULL),(372,25,'KABUPATEN TOLI-TOLI','TOLI-TOLI',NULL,NULL,NULL,NULL),(373,25,'KABUPATEN BUOL','BUOL',NULL,NULL,NULL,NULL),(374,25,'KABUPATEN MOROWALI','BUNGKU',NULL,NULL,NULL,NULL),(375,25,'KABUPATEN BANGGAI KEPULAUAN','BANGGAI',NULL,NULL,NULL,NULL),(376,25,'KABUPATEN PARIGI MOUTONG','PARIGI',NULL,NULL,NULL,NULL),(377,25,'KABUPATEN TOJO UNA-UNA','AMPANA',NULL,NULL,NULL,NULL),(378,25,'KABUPATEN SIGI','SIGI BIROMARU',NULL,NULL,NULL,NULL),(379,25,'KOTA PALU','PALU',NULL,NULL,NULL,NULL),(380,27,'KABUPATEN BOLAANG MONGONDOW & KOTA KOTAMUBAGU','KOTAMOBAGU',NULL,NULL,NULL,NULL),(381,27,'KABUPATEN BOLAANG MONGONDOW TIMUR','TUTUYAN',NULL,NULL,NULL,NULL),(382,27,'KABUPATEN BOLAANG MONGONDOW SELATAN','BOLAANG UKI',NULL,NULL,NULL,NULL),(383,27,'KABUPATEN MINAHASA','TONDANO',NULL,NULL,NULL,NULL),(384,27,'KABUPATEN KEPULAUAN SANGIHE','TAHUNA',NULL,NULL,NULL,NULL),(385,27,'KABUPATEN KEPULAUAN TALAUD','MELONGUANE',NULL,NULL,NULL,NULL),(386,27,'KABUPATEN MINAHASA SELATAN','AMURANG',NULL,NULL,NULL,NULL),(387,27,'KABUPATEN MINAHASA UTARA','AIRMADIDI',NULL,NULL,NULL,NULL),(388,27,'KABUPATEN MINAHASA TENGGARA','RATAHAN',NULL,NULL,NULL,NULL),(389,27,'KABUPATEN BOLAANG MONGONDOW UTARA','BOROKO',NULL,NULL,NULL,NULL),(390,27,'KABUPATEN KEPULAUAN SIAU TAGULANDANG BIARO','ONDONG SIAU',NULL,NULL,NULL,NULL),(391,27,'KOTA MANADO','MANADO',NULL,NULL,NULL,NULL),(392,27,'KOTA BITUNG','BITUNG',NULL,NULL,NULL,NULL),(393,27,'KOTA TOMOHON','TOMOHON',NULL,NULL,NULL,NULL),(394,24,'KABUPATEN MAMUJU UTARA','PASANGKAYU',NULL,NULL,NULL,NULL),(395,24,'KABUPATEN MAMUJU','MAMUJU',NULL,NULL,NULL,NULL),(396,24,'KABUPATEN MAMASA','MAMASA',NULL,NULL,NULL,NULL),(397,24,'KABUPATEN POLEWALI MANDAR','POLEWALI',NULL,NULL,NULL,NULL),(398,24,'KABUPATEN MAJENE','MAJENE',NULL,NULL,NULL,NULL),(399,23,'KABUPATEN MALUKU BARAT DAYA','TIAKUR',NULL,NULL,NULL,NULL),(400,23,'KABUPATEN MALUKU TENGAH','MASOHI',NULL,NULL,NULL,NULL),(401,23,'KABUPATEN MALUKU TENGGARA & KOTA TUAL','TUAL',NULL,NULL,NULL,NULL),(402,23,'KABUPATEN MALUKU TENGGARA BARAT','SAUMLAKI',NULL,NULL,NULL,NULL),(403,23,'KABUPATEN BURU','NAMLEA',NULL,NULL,NULL,NULL),(404,23,'KABUPATEN BURU SELATAN','NAMROLE',NULL,NULL,NULL,NULL),(405,23,'KABUPATEN SERAM BAGIAN TIMUR','DATARAN HUNIMOA',NULL,NULL,NULL,NULL),(406,23,'KABUPATEN SERAM BAGIAN BARAT','DATARAN HUNIPOPU',NULL,NULL,NULL,NULL),(407,23,'KABUPATEN KEPULAUAN ARU','DOBO',NULL,NULL,NULL,NULL),(408,23,'KOTA AMBON','AMBON',NULL,NULL,NULL,NULL),(409,36,'KABUPATEN HALMAHERA BARAT & KOTA TERNATE','TERNATE',NULL,NULL,NULL,NULL),(410,36,'KABUPATEN HALMAHERA TENGAH','WEDA',NULL,NULL,NULL,NULL),(411,36,'KABUPATEN HALMAHERA UTARA','TOBELO',NULL,NULL,NULL,NULL),(412,36,'KABUPATEN HALMAHERA SELATAN','LABUHA',NULL,NULL,NULL,NULL),(413,36,'KABUPATEN KEPULAUAN SULA','SANANA',NULL,NULL,NULL,NULL),(414,36,'KABUPATEN HALMAHERA TIMUR','MABA',NULL,NULL,NULL,NULL),(415,36,'KOTA TIDORE KEPULAUAN','TIDORE KEPULAUAN',NULL,NULL,NULL,NULL),(416,41,'KABUPATEN MERAUKE','MERAUKE',NULL,NULL,NULL,NULL),(417,41,'KABUPATEN JAYAWIJAYA','WAMENA',NULL,NULL,NULL,NULL),(418,41,'KABUPATEN JAYAPURA & KOTA JAYAPURA','JAYAPURA',NULL,NULL,NULL,NULL),(419,41,'KABUPATEN NABIRE','NABIRE',NULL,NULL,NULL,NULL),(420,41,'KABUPATEN KEPULAUAN YAPEN','SERUI',NULL,NULL,NULL,NULL),(421,41,'KABUPATEN BIAK NUMFOR','BIAK',NULL,NULL,NULL,NULL),(422,41,'KABUPATEN PUNCAK JAYA','KOTAMULIA',NULL,NULL,NULL,NULL),(423,41,'KABUPATEN PANIAI','ENAROTALI',NULL,NULL,NULL,NULL),(424,41,'KABUPATEN MIMIKA','TIMIKA',NULL,NULL,NULL,NULL),(425,41,'KABUPATEN SARMI','SARMI',NULL,NULL,NULL,NULL),(426,41,'KABUPATEN KEEROM','WARIS',NULL,NULL,NULL,NULL),(427,41,'KABUPATEN PEGUNUNGAN BINTANG','OKSIBIL',NULL,NULL,NULL,NULL),(428,41,'KABUPATEN YAHUKIMO','SUMOHAI',NULL,NULL,NULL,NULL),(429,41,'KABUPATEN TOLIKARA','KARUBAGA',NULL,NULL,NULL,NULL),(430,41,'KABUPATEN WAROPEN','BOTAWA',NULL,NULL,NULL,NULL),(431,41,'KABUPATEN BOVEN DIGOEL','TANAH MERAH',NULL,NULL,NULL,NULL),(432,41,'KABUPATEN MAPPI','KEPI',NULL,NULL,NULL,NULL),(433,41,'KABUPATEN ASMAT','AGATS',NULL,NULL,NULL,NULL),(434,41,'KABUPATEN SUPIORI','SORENDIWERI',NULL,NULL,NULL,NULL),(435,41,'KABUPATEN MAMBERAMO RAYA','BURMESO',NULL,NULL,NULL,NULL),(436,41,'KABUPATEN MAMBERAMO TENGAH','KOBAKMA',NULL,NULL,NULL,NULL),(437,41,'KABUPATEN YALIMO','ELELIM',NULL,NULL,NULL,NULL),(438,41,'KABUPATEN LANNY JAYA','TIOM',NULL,NULL,NULL,NULL),(439,41,'KABUPATEN NDUGA','KENYAM',NULL,NULL,NULL,NULL),(440,41,'KABUPATEN PUNCAK','ILAGA',NULL,NULL,NULL,NULL),(441,41,'KABUPATEN DOGIYAI','KIGAMANI',NULL,NULL,NULL,NULL),(442,40,'KABUPATEN SORONG & KOTA SORONG','SORONG',NULL,NULL,NULL,NULL),(443,40,'KABUPATEN MANOKWARI','MANOKWARI',NULL,NULL,NULL,NULL),(444,40,'KABUPATEN FAKFAK','FAKFAK',NULL,NULL,NULL,NULL),(445,40,'KABUPATEN SORONG SELATAN','TEMINABUAN',NULL,NULL,NULL,NULL),(446,40,'KABUPATEN RAJA AMPAT','WAISAI',NULL,NULL,NULL,NULL),(447,40,'KABUPATEN TELUK BINTUNI','BINTUNI',NULL,NULL,NULL,NULL),(448,40,'KABUPATEN TELUK WONDAMA','RASIEI',NULL,NULL,NULL,NULL),(449,40,'KABUPATEN KAIMANA','KAIMANA',NULL,NULL,NULL,NULL);
/*!40000 ALTER TABLE `cities` ENABLE KEYS */;
UNLOCK TABLES;

--
-- Table structure for table `countries`
--

DROP TABLE IF EXISTS `countries`;
SET @saved_cs_client     = @@character_set_client;
SET character_set_client = utf8;
CREATE TABLE `countries` (
  `id` int(5) NOT NULL auto_increment,
  `iso2` char(2) NOT NULL,
  `iso3` char(3) NOT NULL,
  `name` varchar(100) NOT NULL,
  PRIMARY KEY  (`id`),
  KEY `iso2` (`iso2`),
  KEY `iso3` (`iso3`),
  KEY `name` (`name`)
) ENGINE=MyISAM AUTO_INCREMENT=895 DEFAULT CHARSET=latin1;
SET character_set_client = @saved_cs_client;

--
-- Dumping data for table `countries`
--

LOCK TABLES `countries` WRITE;
/*!40000 ALTER TABLE `countries` DISABLE KEYS */;
INSERT INTO `countries` VALUES (4,'AF','AFG','Afghanistan'),(248,'AX','ALA','Aland Islands'),(8,'AL','ALB','Albania'),(12,'DZ','DZA','Algeria'),(16,'AS','ASM','American Samoa'),(20,'AD','AND','Andorra'),(24,'AO','AGO','Angola'),(660,'AI','AIA','Anguilla'),(10,'AQ','ATA','Antarctica'),(28,'AG','ATG','Antigua and Barbuda'),(32,'AR','ARG','Argentina'),(51,'AM','ARM','Armenia'),(533,'AW','ABW','Aruba'),(36,'AU','AUS','Australia'),(40,'AT','AUT','Austria'),(31,'AZ','AZE','Azerbaijan'),(44,'BS','BHS','Bahamas'),(48,'BH','BHR','Bahrain'),(50,'BD','BGD','Bangladesh'),(52,'BB','BRB','Barbados'),(112,'BY','BLR','Belarus'),(56,'BE','BEL','Belgium'),(84,'BZ','BLZ','Belize'),(204,'BJ','BEN','Benin'),(60,'BM','BMU','Bermuda'),(64,'BT','BTN','Bhutan'),(68,'BO','BOL','Bolivia'),(70,'BA','BIH','Bosnia and Herzegovina'),(72,'BW','BWA','Botswana'),(74,'BV','BVT','Bouvet Island'),(76,'BR','BRA','Brazil'),(86,'IO','IOT','British Indian Ocean Territory'),(96,'BN','BRN','Brunei Darussalam'),(100,'BG','BGR','Bulgaria'),(854,'BF','BFA','Burkina Faso'),(108,'BI','BDI','Burundi'),(116,'KH','KHM','Cambodia'),(120,'CM','CMR','Cameroon'),(124,'CA','CAN','Canada'),(132,'CV','CPV','Cape Verde'),(136,'KY','CYM','Cayman Islands'),(140,'CF','CAF','Central African Republic'),(148,'TD','TCD','Chad'),(152,'CL','CHL','Chile'),(156,'CN','CHN','China'),(162,'CX','CXR','Christmas Island'),(166,'CC','CCK','Cocos (Keeling); Islands'),(170,'CO','COL','Colombia'),(174,'KM','COM','Comoros'),(178,'CG','COG','Congo'),(180,'CD','COD','Congo, Democratic Republic of the'),(184,'CK','COK','Cook Islands'),(188,'CR','CRI','Costa Rica'),(384,'CI','CIV','Côte d\'Ivoire'),(191,'HR','HRV','Croatia'),(192,'CU','CUB','Cuba'),(196,'CY','CYP','Cyprus'),(203,'CZ','CZE','Czech Republic'),(208,'DK','DNK','Denmark'),(262,'DJ','DJI','Djibouti'),(212,'DM','DMA','Dominica'),(214,'DO','DOM','Dominican Republic'),(218,'EC','ECU','Ecuador'),(818,'EG','EGY','Egypt'),(222,'SV','SLV','El Salvador'),(226,'GQ','GNQ','Equatorial Guinea'),(232,'ER','ERI','Eritrea'),(233,'EE','EST','Estonia'),(231,'ET','ETH','Ethiopia'),(238,'FK','FLK','Falkland Islands (Malvinas);'),(234,'FO','FRO','Faroe Islands'),(242,'FJ','FJI','Fiji'),(246,'FI','FIN','Finland'),(250,'FR','FRA','France'),(254,'GF','GUF','French Guiana'),(258,'PF','PYF','French Polynesia'),(260,'TF','ATF','French Southern Territories'),(266,'GA','GAB','Gabon'),(270,'GM','GMB','Gambia'),(268,'GE','GEO','Georgia'),(276,'DE','DEU','Germany'),(288,'GH','GHA','Ghana'),(292,'GI','GIB','Gibraltar'),(300,'GR','GRC','Greece'),(304,'GL','GRL','Greenland'),(308,'GD','GRD','Grenada'),(312,'GP','GLP','Guadeloupe'),(316,'GU','GUM','Guam'),(320,'GT','GTM','Guatemala'),(831,'GG','GGY','Guernsey'),(324,'GN','GIN','Guinea'),(624,'GW','GNB','Guinea-Bissau'),(328,'GY','GUY','Guyana'),(332,'HT','HTI','Haiti'),(334,'HM','HMD','Heard Island and McDonald Islands'),(336,'VA','VAT','Holy See (Vatican City State);'),(340,'HN','HND','Honduras'),(344,'HK','HKG','Hong Kong'),(348,'HU','HUN','Hungary'),(352,'IS','ISL','Iceland'),(356,'IN','IND','India'),(360,'ID','IDN','Indonesia'),(364,'IR','IRN','Iran, Islamic Republic of'),(368,'IQ','IRQ','Iraq'),(372,'IE','IRL','Ireland'),(833,'IM','IMN','Isle of Man'),(376,'IL','ISR','Israel'),(380,'IT','ITA','Italy'),(388,'JM','JAM','Jamaica'),(392,'JP','JPN','Japan'),(832,'JE','JEY','Jersey'),(400,'JO','JOR','Jordan'),(398,'KZ','KAZ','Kazakhstan'),(404,'KE','KEN','Kenya'),(296,'KI','KIR','Kiribati'),(408,'KP','PRK','Korea, Democratic People\'s Republic of'),(410,'KR','KOR','Korea, Republic of'),(414,'KW','KWT','Kuwait'),(417,'KG','KGZ','Kyrgyzstan'),(418,'LA','LAO','Lao People\'s Democratic Republic'),(428,'LV','LVA','Latvia'),(422,'LB','LBN','Lebanon'),(426,'LS','LSO','Lesotho'),(430,'LR','LBR','Liberia'),(434,'LY','LBY','Libyan Arab Jamahiriya'),(438,'LI','LIE','Liechtenstein'),(440,'LT','LTU','Lithuania'),(442,'LU','LUX','Luxembourg'),(446,'MO','MAC','Macao'),(807,'MK','MKD','Macedonia, the former Yugoslav Republic of'),(450,'MG','MDG','Madagascar'),(454,'MW','MWI','Malawi'),(458,'MY','MYS','Malaysia'),(462,'MV','MDV','Maldives'),(466,'ML','MLI','Mali'),(470,'MT','MLT','Malta'),(584,'MH','MHL','Marshall Islands'),(474,'MQ','MTQ','Martinique'),(478,'MR','MRT','Mauritania'),(480,'MU','MUS','Mauritius'),(175,'YT','MYT','Mayotte'),(484,'MX','MEX','Mexico'),(583,'FM','FSM','Micronesia, Federated States of'),(498,'MD','MDA','Moldova'),(492,'MC','MCO','Monaco'),(496,'MN','MNG','Mongolia'),(499,'ME','MNE','Montenegro'),(500,'MS','MSR','Montserrat'),(504,'MA','MAR','Morocco'),(508,'MZ','MOZ','Mozambique'),(104,'MM','MMR','Myanmar'),(516,'NA','NAM','Namibia'),(520,'NR','NRU','Nauru'),(524,'NP','NPL','Nepal'),(528,'NL','NLD','Netherlands'),(530,'AN','ANT','Netherlands Antilles'),(540,'NC','NCL','New Caledonia'),(554,'NZ','NZL','New Zealand'),(558,'NI','NIC','Nicaragua'),(562,'NE','NER','Niger'),(566,'NG','NGA','Nigeria'),(570,'NU','NIU','Niue'),(574,'NF','NFK','Norfolk Island'),(580,'MP','MNP','Northern Mariana Islands'),(578,'NO','NOR','Norway'),(512,'OM','OMN','Oman'),(586,'PK','PAK','Pakistan'),(585,'PW','PLW','Palau'),(275,'PS','PSE','Palestinian Territory, Occupied'),(591,'PA','PAN','Panama'),(598,'PG','PNG','Papua New Guinea'),(600,'PY','PRY','Paraguay'),(604,'PE','PER','Peru'),(608,'PH','PHL','Philippines'),(612,'PN','PCN','Pitcairn'),(616,'PL','POL','Poland'),(620,'PT','PRT','Portugal'),(630,'PR','PRI','Puerto Rico'),(634,'QA','QAT','Qatar'),(638,'RE','REU','Réunion'),(642,'RO','ROU','Romania'),(643,'RU','RUS','Russian Federation'),(646,'RW','RWA','Rwanda'),(652,'BL','BLM','Saint Barthélemy'),(654,'SH','SHN','Saint Helena'),(659,'KN','KNA','Saint Kitts and Nevis'),(662,'LC','LCA','Saint Lucia'),(663,'MF','MAF','Saint Martin (French part);'),(666,'PM','SPM','Saint Pierre and Miquelon'),(670,'VC','VCT','Saint Vincent and the Grenadines'),(882,'WS','WSM','Samoa'),(674,'SM','SMR','San Marino'),(678,'ST','STP','Sao Tome and Principe'),(682,'SA','SAU','Saudi Arabia'),(686,'SN','SEN','Senegal'),(688,'RS','SRB','Serbia[5]'),(690,'SC','SYC','Seychelles'),(694,'SL','SLE','Sierra Leone'),(702,'SG','SGP','Singapore'),(703,'SK','SVK','Slovakia'),(705,'SI','SVN','Slovenia'),(90,'SB','SLB','Solomon Islands'),(706,'SO','SOM','Somalia'),(710,'ZA','ZAF','South Africa'),(239,'GS','SGS','South Georgia and the South Sandwich Islands'),(724,'ES','ESP','Spain'),(144,'LK','LKA','Sri Lanka'),(736,'SD','SDN','Sudan'),(740,'SR','SUR','Suriname'),(744,'SJ','SJM','Svalbard and Jan Mayen'),(748,'SZ','SWZ','Swaziland'),(752,'SE','SWE','Sweden'),(756,'CH','CHE','Switzerland'),(760,'SY','SYR','Syrian Arab Republic'),(158,'TW','TWN','Taiwan, Province of China'),(762,'TJ','TJK','Tajikistan'),(834,'TZ','TZA','Tanzania, United Republic of'),(764,'TH','THA','Thailand'),(626,'TL','TLS','Timor-Leste'),(768,'TG','TGO','Togo'),(772,'TK','TKL','Tokelau'),(776,'TO','TON','Tonga'),(780,'TT','TTO','Trinidad and Tobago'),(788,'TN','TUN','Tunisia'),(792,'TR','TUR','Turkey'),(795,'TM','TKM','Turkmenistan'),(796,'TC','TCA','Turks and Caicos Islands'),(798,'TV','TUV','Tuvalu'),(800,'UG','UGA','Uganda'),(804,'UA','UKR','Ukraine'),(784,'AE','ARE','United Arab Emirates'),(826,'GB','GBR','United Kingdom'),(840,'US','USA','United States'),(581,'UM','UMI','United States Minor Outlying Islands'),(858,'UY','URY','Uruguay'),(860,'UZ','UZB','Uzbekistan'),(548,'VU','VUT','Vanuatu'),(862,'VE','VEN','Venezuela'),(704,'VN','VNM','Viet Nam'),(92,'VG','VGB','Virgin Islands, British'),(850,'VI','VIR','Virgin Islands, U.S.'),(876,'WF','WLF','Wallis and Futuna'),(732,'EH','ESH','Western Sahara'),(887,'YE','YEM','Yemen'),(894,'ZM','ZMB','Zambia'),(716,'ZW','ZWE','Zimbabwe');
/*!40000 ALTER TABLE `countries` ENABLE KEYS */;
UNLOCK TABLES;

--
-- Table structure for table `courses`
--

DROP TABLE IF EXISTS `courses`;
SET @saved_cs_client     = @@character_set_client;
SET character_set_client = utf8;
CREATE TABLE `courses` (
  `id` int(11) NOT NULL auto_increment,
  `study_program_id` int(11) NOT NULL,
  `name` varchar(100) NOT NULL,
  `semester` int(2) default NULL,
  `year_study` int(4) default NULL,
  `sks` int(11) default '0',
  PRIMARY KEY  (`id`),
  KEY `study_program_id` (`study_program_id`)
) ENGINE=MyISAM AUTO_INCREMENT=269 DEFAULT CHARSET=latin1;
SET character_set_client = @saved_cs_client;

--
-- Dumping data for table `courses`
--

LOCK TABLES `courses` WRITE;
/*!40000 ALTER TABLE `courses` DISABLE KEYS */;
INSERT INTO `courses` VALUES (10,6,'Kewarganegaraan',1,2011,2),(9,6,'Bahasa Indonesia',1,2011,2),(8,6,'Agama',1,2011,2),(11,6,'Bahasa Inggris',1,2011,2),(12,6,'Sistem Informatika',1,2011,3),(13,6,'Pengantar Keilmuan',1,2011,2),(14,6,'Pengantar Grafika',1,2011,2),(15,6,'Pengantar Penerbitan',1,2011,2),(16,6,'Dasar-Dasar Penulisan',1,2011,3),(17,6,'Bahasa Indonesia Komposisi',2,2011,2),(18,6,'Bahasa Inggris Pernaskahan',2,2011,2),(19,6,'Sastra',2,2011,2),(20,6,'Manajemen Penerbitan',2,2011,2),(21,6,'Dasar Fotografi',2,2011,3),(22,6,'Digital Grafis (Photoshop)',2,2011,3),(23,6,'Dasar-Dasar Editing',2,2011,3),(24,6,'Penulisan Perekaman Realitas',2,2011,3),(25,6,'Bahasa Indonesia Ragam Tulis & Lisan',3,2011,2),(26,6,'Bahasa Inggris Penyuntingan',3,2011,2),(27,6,'Komunikasi Penerbitan',3,2011,2),(28,6,'Fotografi Penerbitan',3,2011,2),(29,6,'Manajemen Editorial',3,2011,2),(30,6,'Digital Grafis ( InDesign )',3,2011,3),(31,6,'Penyuntingan Keterbacaan',3,2011,3),(32,6,'Penulisan Respons Realitas',3,2011,3),(33,6,'Bahasa Indonesia Penerbitan',4,2011,2),(34,6,'Bahasa Inggris Penerbitan',4,2011,2),(35,6,'Pemasaran Penerbitan',4,2011,3),(36,6,'Kewirausahaan',4,2011,3),(37,6,'Kalkulasi Penerbitan',4,2011,3),(38,6,'Digital Grafis ( InCopy )',4,2011,3),(39,6,'Penyuntingan Isi',4,2011,3),(40,6,'Sistimatika Penulisan',4,2011,3),(41,6,'Desain Media',5,2011,3),(42,6,'Kewirausahaan Penerbitan',5,2011,3),(43,6,'Pemasaran Terpadu',5,2011,3),(44,6,'Teknik Penulisan Laporan',5,2011,2),(45,6,'Penyuntingan Kreatif',5,2011,3),(46,6,'Penulisan Kreatif',5,2011,3),(47,6,'Produksi Penerbitan',5,2011,3),(48,6,'Praktik Industri',6,2011,4),(49,6,'Tugas Akhir',6,2011,6),(50,7,'Pendidikan Agama',1,2011,2),(51,7,'Bahasa Indonesia',1,2011,2),(52,7,'Kewarganegaraan',1,2011,2),(53,7,'Bahasa Inggris I',1,2011,2),(54,7,'Menggambar Bentuk I',1,2011,2),(55,7,'Sejarah Komunikasi Visual',1,2011,2),(56,7,'Bentuk dan Warna',1,2011,3),(57,7,'Pengantar Tipografi',1,2011,2),(58,7,'Media Digital Grafis I',1,2011,2),(59,7,'Merencana I (Bahasa Visual)',1,2011,3),(60,7,'Bahasa Inggris II',2,2011,2),(61,7,'Sejarah Design',2,2011,2),(62,7,'Produksi Cetak I',2,2011,2),(63,7,'Fotografi',2,2011,2),(64,7,'Menggambar Bentuk II',2,2011,2),(65,7,'Kreativitas',2,2011,2),(66,7,'Manajemen Tipografi I',2,2011,2),(67,7,'Media Digital Grafis II',2,2011,3),(68,7,'Merencana II (Identitas Visual)',2,2011,5),(69,7,'Bahasa Inggris III',3,2011,2),(70,7,'Teori Persepsi',3,2011,2),(71,7,'Fotografi Desain',3,2011,2),(72,7,'Produksi Cetak II',3,2011,2),(73,7,'Ilustrasi Editorial',3,2011,2),(74,7,'Manajemen Tipografi II',3,2011,2),(75,7,'Media Digital Grafis III',3,2011,3),(76,7,'Merencana III (Desain Publikasi)',3,2011,5),(77,7,'Bahasa Inggris IV',4,2011,2),(78,7,'Entrepreneurship Desain I',4,2011,2),(79,7,'Pemasaran Terpadu',4,2011,2),(80,7,'Analisis Budaya Visual',4,2011,2),(81,7,'Manajemen Bisnis I',4,2011,2),(82,7,'Desain Merk dan Kemasan',4,2011,2),(83,7,'Media Digital Grafis IV',4,2011,3),(84,7,'Merencana IV (Desain Periklanan)',4,2011,5),(85,7,'Entrepreneurship Desain II',5,2011,2),(86,7,'Teknik Penulisan Laporan',5,2011,2),(87,7,'Teknik Presentasi',5,2011,3),(88,7,'Manajemen Bisnis II',5,2011,2),(89,7,'Media Digital Grafis V',5,2011,4),(90,7,'Merencana V (Portofolio)',5,2011,5),(91,7,'Praktik Industri',6,2011,4),(92,7,'Presentasi Akhir',6,2011,6),(93,10,'Kewarganegaraan',1,2011,2),(94,10,'Bahasa Inggris Periklanan I',1,2011,2),(95,10,'Pengantar Ilmu Komunikasi',1,2011,2),(96,10,'Pengantar Periklanan',1,2011,2),(97,10,'Dasar-Dasar Pemasaran',1,2011,3),(98,10,'Fotografi Dasar',1,2011,2),(99,10,'Pengantar Media',1,2011,2),(100,10,'Komputer Grafis I',1,2011,3),(101,10,'Illustrasi',1,2011,2),(102,10,'Pendidikan Agama',2,2011,2),(103,10,'Bahasa Indonesia',2,2011,2),(104,10,'Riset Pemasaran dan Periklanan',2,2011,2),(105,10,'Komunikasi Massa',2,2011,2),(106,10,'Produksi Iklan Media Cetak',2,2011,3),(107,10,'Komputer Grafis II',2,2011,3),(108,10,'Bahasa Inggris Periklanan II',2,2011,2),(109,10,'Account Executive Management',2,2011,2),(110,10,'Fotografi Iklan',2,2011,2),(111,10,'Bahasa Inggris Periklanan III',3,2011,2),(112,10,'Komunikasi Periklanan',3,2011,2),(113,9,'Perilaku Konsumen',3,2011,3),(114,10,'Strategi Pemasaran',3,2011,3),(115,10,'Animasi 3D',3,2011,2),(116,10,'Integrated Marketing Com I',3,2011,2),(117,10,'Copy Writing',3,2011,2),(118,10,'Produksi Iklan Media Luar Ruang',3,2011,3),(119,10,'Pengantar Public Relations',4,2011,3),(120,10,'Brand Building Management',4,2011,3),(121,10,'Tipografi',4,2011,2),(122,10,'Multimedia',4,2011,3),(123,10,'Produksi Iklan Radio',4,2011,3),(124,10,'Manajemen Media Iklan',4,2011,3),(125,10,'Bahasa Inggris Periklanan IV',4,2011,2),(126,10,'Strategi Kreatif',4,2011,3),(127,10,'Integrated Marketing Com II',5,2011,3),(128,10,'Produksi Iklan TV',5,2011,3),(129,10,'Strategi Media Periklanan',5,2011,3),(130,10,'Bahasa Inggris Periklanan V',5,2011,3),(131,10,'Web Desain',5,2011,3),(132,10,'Konsep Kreatif',5,2011,3),(133,10,'Praktik Industri',6,2011,3),(134,10,'Tugas Karya Akhir (TKA)',6,2011,6),(135,5,'Pendidikan Agama',1,2011,2),(136,5,'Bahasa Indonesia',1,2011,2),(137,5,'Pancasila',1,2011,2),(138,5,'Bahasa Inggris I',1,2011,2),(139,5,'Matematika Terapan',1,2011,2),(140,5,'Fisika',1,2011,2),(141,5,'Pengantar Ilmu Grafika',1,2011,3),(142,5,'Pengetahuan Warna',1,2011,2),(143,5,'Teknik Cetak',1,2011,4),(144,5,'Bahasa Inggris II',2,2011,2),(145,5,'Aplikasi Komputer',2,2011,2),(146,5,'Fisika Terapan',2,2011,2),(147,5,'Kimia Terapan',2,2011,2),(148,5,'Colorymetri',2,2011,2),(149,5,'Komunikasi Grafika',2,2011,2),(150,5,'Statistik',2,2011,2),(151,5,'Peng. Ilmu Bahan Grafika',2,2011,3),(152,5,'Cetak Ofset I',2,2011,5),(153,5,'Bahasa Inggris III',3,2011,2),(154,5,'Kalkulasi',3,2011,2),(155,5,'Color Management',3,2011,3),(156,5,'Komputer Desain',3,2011,2),(157,5,'Pra Cetak',3,2011,3),(158,5,'Psikologi Industri',3,2011,2),(159,5,'Pengujian Bahan Grafika',3,2011,2),(160,5,'Cetak Ofset II',3,2011,3),(161,5,'Bahasa Inggris IV',4,2011,2),(162,5,'Kewirausahaan',4,2011,2),(163,5,'Psikologi Industri',4,2011,2),(164,5,'Estimasi',4,2011,2),(165,5,'Pra Cetak',4,2011,4),(166,5,'Sistem Produksi',4,2011,3),(167,5,'Manajemen Produksi',4,2011,3),(168,5,'Cetak Ofset III',4,2011,4),(169,5,'Kewirausahaan',5,2011,3),(170,5,'Teknik Penulisan',5,2011,2),(171,5,'Total Quality Management (TQM)',5,2011,2),(172,5,'Cetak Ofset dan Cetak Web',5,2011,5),(173,5,'Pasca Cetak II',5,2011,5),(174,5,'Manajemen Produksi',5,2011,3),(175,5,'Praktik Industri',6,2011,4),(176,5,'Tugas Akhir',6,2011,6),(177,8,'Pendidikan Agama',1,2011,2),(178,8,'Bahasa Indonesia',1,2011,2),(179,8,'Pancasila',1,2011,2),(180,8,'Bahasa Inggris I',1,2011,2),(181,8,'Matematika',1,2011,2),(182,8,'Fisika',1,2011,3),(183,8,'Elemen Mesin Kemasan',1,2011,3),(184,8,'Peng.Dasar Kertas dan Plastic',1,2011,3),(185,8,'Pengantar Ilmu Kemasan',1,2011,3),(186,8,'Bahasa Inggris II',2,2011,2),(187,8,'Aplikasi Komputer',2,2011,2),(188,8,'Desain Kemasan',2,2011,2),(189,8,'Kimia Organik',2,2011,2),(190,8,'Pengetahuan Warna',2,2011,2),(191,8,'Kalkulasi Teknik Kemasan',2,2011,3),(192,8,'Ekonomi Industri',2,2011,2),(193,8,'Peng.Bahan Grafika',2,2011,3),(194,8,'TD.Pengelolaan Plastik',2,2011,3),(195,8,'Bahasa Inggris III',3,2011,2),(196,8,'Pengujian Bahan Kemasan',3,2011,2),(197,8,'Kimia Anorganik',3,2011,3),(198,8,'Teknik Peng.Bahan Kemasan',3,2011,2),(199,8,'Desain Kemasan II',3,2011,3),(200,8,'Color Management',3,2011,2),(201,8,'M. Produksi Kemasan',3,2011,2),(202,8,'Pra Cetak Kemasan',3,2011,3),(203,8,'Cetak Kemasan I',3,2011,3),(204,8,'Bahasa Inggris IV',4,2011,2),(205,8,'Kewirausahaan',4,2011,3),(206,8,'Psikologi Industri Kemasan',4,2011,3),(207,8,'Sistem Produksi Kemasan',4,2011,3),(208,8,'Teknik Prosentasi',4,2011,3),(209,8,'Cetak Kemasan II',4,2011,3),(210,8,'Pasca Cetak Kemasan I',4,2011,3),(211,8,'Kewirausahaan',5,2011,3),(212,8,'K3 dan Lingkungan',5,2011,3),(213,8,'Marketing',5,2011,3),(214,8,'Total Quality Management (TQM)',5,2011,3),(215,8,'Cetak Kemasan III',5,2011,3),(216,8,'Pasca Cetak Kemasan II',5,2011,3),(217,8,'Praktek Industri',6,2011,4),(218,8,'Tugas Akhir',6,2011,6),(219,9,'Bahasa Indonesia',1,2011,2),(220,9,'Bahasa Inggris I',1,2011,2),(221,9,'Pancasila',1,2011,2),(222,9,'Pendidikan Agama',1,2011,2),(223,9,'Tata Cahaya I',1,2011,2),(224,9,'Media Cetak',1,2011,2),(225,9,'Komposisi Fotografi',1,2011,2),(226,9,'Nirmana',1,2011,2),(227,9,'Fotografi Dasar',1,2011,2),(228,9,'Fotografi Digital',1,2011,3),(229,9,'Penulisan Naskah',2,2011,2),(230,9,'Bahasa Inggris II',2,2011,2),(231,9,'Teori Komunikasi Visual',2,2011,2),(232,9,'Humaniora',2,2011,2),(233,9,'Tata Cahaya II',2,2011,2),(234,9,'Pengantar Penerbitan',2,2011,2),(235,9,'Tata Artistik',2,2011,2),(236,9,'Foto Publikasi 1 (Jurnalis)',2,2011,2),(237,9,'Olah Foto Digital',2,2011,2),(238,9,'Fotografi \"People\"',2,2011,3),(239,9,'Bahasa Inggris III',3,2011,2),(240,9,'Pictorial Editing',3,2011,2),(241,9,'Konsep Budaya I',3,2011,2),(242,9,'estetika Terapan',3,2011,2),(243,9,'Tehnik Presentasi',3,2011,2),(244,9,'Kewirausahaan 1',3,2011,2),(245,9,'Media On-line',3,2011,2),(246,9,'Foto Publikasi 2 (Jurnalis)',3,2011,2),(247,9,'Digital Imaging',3,2011,2),(248,9,'Fotografi Produk',3,2011,3),(249,9,'Bahasa Inggris IV',4,2011,2),(250,9,'Proses Kreatif',4,2011,2),(251,9,'Kewirausahaan 2',4,2011,2),(252,9,'Fotografi Seni 1',4,2011,2),(253,9,'Konsep Budaya 2',4,2011,2),(254,9,'Media Videografi 1',4,2011,2),(255,9,'Pemasaran Fotografi 1',4,2011,2),(256,9,'Digital Imaging 2',4,2011,3),(257,9,'Fotografi Lansekap&Arsitektur',4,2011,3),(258,9,'Pemasaran Fotografi 2',5,2011,2),(259,9,'Manajemen Fotografi',5,2011,2),(260,9,'Etika Profesi',5,2011,2),(261,9,'Media Videografi 2',5,2011,2),(262,9,'Kritik Foto',5,2011,2),(263,9,'Fotografi Seni 2',5,2011,2),(264,9,'Efek Khusus Fotografi',5,2011,2),(265,9,'Fotografi Komersial',5,2011,2),(266,9,'Fotografi Lansekap&Arsitektur',5,2011,3),(267,9,'Tugas Akhir',6,2011,4),(268,9,'Praktik Industri',6,2011,6);
/*!40000 ALTER TABLE `courses` ENABLE KEYS */;
UNLOCK TABLES;

--
-- Table structure for table `dupaks`
--

DROP TABLE IF EXISTS `dupaks`;
SET @saved_cs_client     = @@character_set_client;
SET character_set_client = utf8;
CREATE TABLE `dupaks` (
  `id` int(11) NOT NULL auto_increment,
  `dupak_year` varchar(4) NOT NULL,
  `dupak_date` date NOT NULL,
  `profile_karpeg` varchar(20) NOT NULL,
  `profile_pob` varchar(100) NOT NULL,
  `profile_dob` date NOT NULL,
  `profile_gender` char(1) NOT NULL,
  `profile_education` varchar(50) NOT NULL,
  `profile_category` varchar(50) NOT NULL,
  `profile_position` varchar(50) NOT NULL,
  `profile_faculty` varchar(50) NOT NULL,
  `profile_duration_cat` varchar(20) NOT NULL,
  `profile_duration_pos` varchar(20) NOT NULL,
  `profile_unit_code` varchar(50) default NULL,
  `s_2_A_a_1` decimal(10,2) NOT NULL default '0.00',
  `s_2_A_a_2` decimal(10,2) NOT NULL default '0.00',
  `s_2_A_a_3` decimal(10,2) NOT NULL default '0.00',
  `s_2_A_a_4` decimal(10,2) NOT NULL default '0.00',
  `s_2_A_a_5` decimal(10,2) NOT NULL default '0.00',
  `s_2_A_a_6` decimal(10,2) NOT NULL default '0.00',
  `s_2_A_b_1` decimal(10,2) NOT NULL default '0.00',
  `s_2_A_b_2` decimal(10,2) NOT NULL default '0.00',
  `s_2_A_b_3` decimal(10,2) NOT NULL default '0.00',
  `s_2_A_b_4` decimal(10,2) NOT NULL default '0.00',
  `s_2_A_b_5` decimal(10,2) NOT NULL default '0.00',
  `s_2_A_b_6` decimal(10,2) NOT NULL default '0.00',
  `s_2_A_c_1` decimal(10,2) NOT NULL default '0.00',
  `s_2_A_c_2` decimal(10,2) NOT NULL default '0.00',
  `s_2_A_c_3` decimal(10,2) NOT NULL default '0.00',
  `s_2_A_c_4` decimal(10,2) NOT NULL default '0.00',
  `s_2_A_c_5` decimal(10,2) NOT NULL default '0.00',
  `s_2_A_c_6` decimal(10,2) NOT NULL default '0.00',
  `s_2_A_sub_1` decimal(10,2) NOT NULL default '0.00',
  `s_2_A_sub_2` decimal(10,2) NOT NULL default '0.00',
  `s_2_A_sub_3` decimal(10,2) NOT NULL default '0.00',
  `s_2_A_sub_4` decimal(10,2) NOT NULL default '0.00',
  `s_2_A_sub_5` decimal(10,2) NOT NULL default '0.00',
  `s_2_A_sub_6` decimal(10,2) NOT NULL default '0.00',
  `s_2_B_a_1_1` decimal(10,2) NOT NULL default '0.00',
  `s_2_B_a_1_2` decimal(10,2) NOT NULL default '0.00',
  `s_2_B_a_1_3` decimal(10,2) NOT NULL default '0.00',
  `s_2_B_a_1_4` decimal(10,2) NOT NULL default '0.00',
  `s_2_B_a_1_5` decimal(10,2) NOT NULL default '0.00',
  `s_2_B_a_1_6` decimal(10,2) NOT NULL default '0.00',
  `s_2_B_a_2_1` decimal(10,2) NOT NULL default '0.00',
  `s_2_B_a_2_2` decimal(10,2) NOT NULL default '0.00',
  `s_2_B_a_2_3` decimal(10,2) NOT NULL default '0.00',
  `s_2_B_a_2_4` decimal(10,2) NOT NULL default '0.00',
  `s_2_B_a_2_5` decimal(10,2) NOT NULL default '0.00',
  `s_2_B_a_2_6` decimal(10,2) NOT NULL default '0.00',
  `s_2_B_a_3_1` decimal(10,2) NOT NULL default '0.00',
  `s_2_B_a_3_2` decimal(10,2) NOT NULL default '0.00',
  `s_2_B_a_3_3` decimal(10,2) NOT NULL default '0.00',
  `s_2_B_a_3_4` decimal(10,2) NOT NULL default '0.00',
  `s_2_B_a_3_5` decimal(10,2) NOT NULL default '0.00',
  `s_2_B_a_3_6` decimal(10,2) NOT NULL default '0.00',
  `s_2_B_a_4_1` decimal(10,2) NOT NULL default '0.00',
  `s_2_B_a_4_2` decimal(10,2) NOT NULL default '0.00',
  `s_2_B_a_4_3` decimal(10,2) NOT NULL default '0.00',
  `s_2_B_a_4_4` decimal(10,2) NOT NULL default '0.00',
  `s_2_B_a_4_5` decimal(10,2) NOT NULL default '0.00',
  `s_2_B_a_4_6` decimal(10,2) NOT NULL default '0.00',
  `s_2_B_a_5_1` decimal(10,2) NOT NULL default '0.00',
  `s_2_B_a_5_2` decimal(10,2) NOT NULL default '0.00',
  `s_2_B_a_5_3` decimal(10,2) NOT NULL default '0.00',
  `s_2_B_a_5_4` decimal(10,2) NOT NULL default '0.00',
  `s_2_B_a_5_5` decimal(10,2) NOT NULL default '0.00',
  `s_2_B_a_5_6` decimal(10,2) NOT NULL default '0.00',
  `s_2_B_a_6_1` decimal(10,2) NOT NULL default '0.00',
  `s_2_B_a_6_2` decimal(10,2) NOT NULL default '0.00',
  `s_2_B_a_6_3` decimal(10,2) NOT NULL default '0.00',
  `s_2_B_a_6_4` decimal(10,2) NOT NULL default '0.00',
  `s_2_B_a_6_5` decimal(10,2) NOT NULL default '0.00',
  `s_2_B_a_6_6` decimal(10,2) NOT NULL default '0.00',
  `s_2_B_a_7_1` decimal(10,2) NOT NULL default '0.00',
  `s_2_B_a_7_2` decimal(10,2) NOT NULL default '0.00',
  `s_2_B_a_7_3` decimal(10,2) NOT NULL default '0.00',
  `s_2_B_a_7_4` decimal(10,2) NOT NULL default '0.00',
  `s_2_B_a_7_5` decimal(10,2) NOT NULL default '0.00',
  `s_2_B_a_7_6` decimal(10,2) NOT NULL default '0.00',
  `s_2_B_a_8_1` decimal(10,2) NOT NULL default '0.00',
  `s_2_B_a_8_2` decimal(10,2) NOT NULL default '0.00',
  `s_2_B_a_8_3` decimal(10,2) NOT NULL default '0.00',
  `s_2_B_a_8_4` decimal(10,2) NOT NULL default '0.00',
  `s_2_B_a_8_5` decimal(10,2) NOT NULL default '0.00',
  `s_2_B_a_8_6` decimal(10,2) NOT NULL default '0.00',
  `s_2_B_a_9_1` decimal(10,2) NOT NULL default '0.00',
  `s_2_B_a_9_2` decimal(10,2) NOT NULL default '0.00',
  `s_2_B_a_9_3` decimal(10,2) NOT NULL default '0.00',
  `s_2_B_a_9_4` decimal(10,2) NOT NULL default '0.00',
  `s_2_B_a_9_5` decimal(10,2) NOT NULL default '0.00',
  `s_2_B_a_9_6` decimal(10,2) NOT NULL default '0.00',
  `s_2_B_a_10_1` decimal(10,2) NOT NULL default '0.00',
  `s_2_B_a_10_2` decimal(10,2) NOT NULL default '0.00',
  `s_2_B_a_10_3` decimal(10,2) NOT NULL default '0.00',
  `s_2_B_a_10_4` decimal(10,2) NOT NULL default '0.00',
  `s_2_B_a_10_5` decimal(10,2) NOT NULL default '0.00',
  `s_2_B_a_10_6` decimal(10,2) NOT NULL default '0.00',
  `s_2_B_a_11_1` decimal(10,2) NOT NULL default '0.00',
  `s_2_B_a_11_2` decimal(10,2) NOT NULL default '0.00',
  `s_2_B_a_11_3` decimal(10,2) NOT NULL default '0.00',
  `s_2_B_a_11_4` decimal(10,2) NOT NULL default '0.00',
  `s_2_B_a_11_5` decimal(10,2) NOT NULL default '0.00',
  `s_2_B_a_11_6` decimal(10,2) NOT NULL default '0.00',
  `s_2_B_a_12_1` decimal(10,2) NOT NULL default '0.00',
  `s_2_B_a_12_2` decimal(10,2) NOT NULL default '0.00',
  `s_2_B_a_12_3` decimal(10,2) NOT NULL default '0.00',
  `s_2_B_a_12_4` decimal(10,2) NOT NULL default '0.00',
  `s_2_B_a_12_5` decimal(10,2) NOT NULL default '0.00',
  `s_2_B_a_12_6` decimal(10,2) NOT NULL default '0.00',
  `s_2_B_a_sub_1` decimal(10,2) NOT NULL default '0.00',
  `s_2_B_a_sub_2` decimal(10,2) NOT NULL default '0.00',
  `s_2_B_a_sub_3` decimal(10,2) NOT NULL default '0.00',
  `s_2_B_a_sub_4` decimal(10,2) NOT NULL default '0.00',
  `s_2_B_a_sub_5` decimal(10,2) NOT NULL default '0.00',
  `s_2_B_a_sub_6` decimal(10,2) NOT NULL default '0.00',
  `s_2_B_b_1_1` decimal(10,2) NOT NULL default '0.00',
  `s_2_B_b_1_2` decimal(10,2) NOT NULL default '0.00',
  `s_2_B_b_1_3` decimal(10,2) NOT NULL default '0.00',
  `s_2_B_b_1_4` decimal(10,2) NOT NULL default '0.00',
  `s_2_B_b_1_5` decimal(10,2) NOT NULL default '0.00',
  `s_2_B_b_1_6` decimal(10,2) NOT NULL default '0.00',
  `s_2_B_b_2_1` decimal(10,2) NOT NULL default '0.00',
  `s_2_B_b_2_2` decimal(10,2) NOT NULL default '0.00',
  `s_2_B_b_2_3` decimal(10,2) NOT NULL default '0.00',
  `s_2_B_b_2_4` decimal(10,2) NOT NULL default '0.00',
  `s_2_B_b_2_5` decimal(10,2) NOT NULL default '0.00',
  `s_2_B_b_2_6` decimal(10,2) NOT NULL default '0.00',
  `s_2_B_b_3_1` decimal(10,2) NOT NULL default '0.00',
  `s_2_B_b_3_2` decimal(10,2) NOT NULL default '0.00',
  `s_2_B_b_3_3` decimal(10,2) NOT NULL default '0.00',
  `s_2_B_b_3_4` decimal(10,2) NOT NULL default '0.00',
  `s_2_B_b_3_5` decimal(10,2) NOT NULL default '0.00',
  `s_2_B_b_3_6` decimal(10,2) NOT NULL default '0.00',
  `s_2_B_b_4_1` decimal(10,2) NOT NULL default '0.00',
  `s_2_B_b_4_2` decimal(10,2) NOT NULL default '0.00',
  `s_2_B_b_4_3` decimal(10,2) NOT NULL default '0.00',
  `s_2_B_b_4_4` decimal(10,2) NOT NULL default '0.00',
  `s_2_B_b_4_5` decimal(10,2) NOT NULL default '0.00',
  `s_2_B_b_4_6` decimal(10,2) NOT NULL default '0.00',
  `s_2_B_b_5_1` decimal(10,2) NOT NULL default '0.00',
  `s_2_B_b_5_2` decimal(10,2) NOT NULL default '0.00',
  `s_2_B_b_5_3` decimal(10,2) NOT NULL default '0.00',
  `s_2_B_b_5_4` decimal(10,2) NOT NULL default '0.00',
  `s_2_B_b_5_5` decimal(10,2) NOT NULL default '0.00',
  `s_2_B_b_5_6` decimal(10,2) NOT NULL default '0.00',
  `s_2_B_b_sub_1` decimal(10,2) NOT NULL default '0.00',
  `s_2_B_b_sub_2` decimal(10,2) NOT NULL default '0.00',
  `s_2_B_b_sub_3` decimal(10,2) NOT NULL default '0.00',
  `s_2_B_b_sub_4` decimal(10,2) NOT NULL default '0.00',
  `s_2_B_b_sub_5` decimal(10,2) NOT NULL default '0.00',
  `s_2_B_b_sub_6` decimal(10,2) NOT NULL default '0.00',
  `s_2_B_c_1_1` decimal(10,2) NOT NULL default '0.00',
  `s_2_B_c_1_2` decimal(10,2) NOT NULL default '0.00',
  `s_2_B_c_1_3` decimal(10,2) NOT NULL default '0.00',
  `s_2_B_c_1_4` decimal(10,2) NOT NULL default '0.00',
  `s_2_B_c_1_5` decimal(10,2) NOT NULL default '0.00',
  `s_2_B_c_1_6` decimal(10,2) NOT NULL default '0.00',
  `s_2_B_c_2_1` decimal(10,2) NOT NULL default '0.00',
  `s_2_B_c_2_2` decimal(10,2) NOT NULL default '0.00',
  `s_2_B_c_2_3` decimal(10,2) NOT NULL default '0.00',
  `s_2_B_c_2_4` decimal(10,2) NOT NULL default '0.00',
  `s_2_B_c_2_5` decimal(10,2) NOT NULL default '0.00',
  `s_2_B_c_2_6` decimal(10,2) NOT NULL default '0.00',
  `s_2_B_c_3_1` decimal(10,2) NOT NULL default '0.00',
  `s_2_B_c_3_2` decimal(10,2) NOT NULL default '0.00',
  `s_2_B_c_3_3` decimal(10,2) NOT NULL default '0.00',
  `s_2_B_c_3_4` decimal(10,2) NOT NULL default '0.00',
  `s_2_B_c_3_5` decimal(10,2) NOT NULL default '0.00',
  `s_2_B_c_3_6` decimal(10,2) NOT NULL default '0.00',
  `s_2_B_c_4_1` decimal(10,2) NOT NULL default '0.00',
  `s_2_B_c_4_2` decimal(10,2) NOT NULL default '0.00',
  `s_2_B_c_4_3` decimal(10,2) NOT NULL default '0.00',
  `s_2_B_c_4_4` decimal(10,2) NOT NULL default '0.00',
  `s_2_B_c_4_5` decimal(10,2) NOT NULL default '0.00',
  `s_2_B_c_4_6` decimal(10,2) NOT NULL default '0.00',
  `s_2_B_c_5_1` decimal(10,2) NOT NULL default '0.00',
  `s_2_B_c_5_2` decimal(10,2) NOT NULL default '0.00',
  `s_2_B_c_5_3` decimal(10,2) NOT NULL default '0.00',
  `s_2_B_c_5_4` decimal(10,2) NOT NULL default '0.00',
  `s_2_B_c_5_5` decimal(10,2) NOT NULL default '0.00',
  `s_2_B_c_5_6` decimal(10,2) NOT NULL default '0.00',
  `s_2_B_c_sub_1` decimal(10,2) NOT NULL default '0.00',
  `s_2_B_c_sub_2` decimal(10,2) NOT NULL default '0.00',
  `s_2_B_c_sub_3` decimal(10,2) NOT NULL default '0.00',
  `s_2_B_c_sub_4` decimal(10,2) NOT NULL default '0.00',
  `s_2_B_c_sub_5` decimal(10,2) NOT NULL default '0.00',
  `s_2_B_c_sub_6` decimal(10,2) NOT NULL default '0.00',
  `s_2_2_1_1` decimal(10,2) NOT NULL default '0.00',
  `s_2_2_1_2` decimal(10,2) NOT NULL default '0.00',
  `s_2_2_1_3` decimal(10,2) NOT NULL default '0.00',
  `s_2_2_1_4` decimal(10,2) NOT NULL default '0.00',
  `s_2_2_1_5` decimal(10,2) NOT NULL default '0.00',
  `s_2_2_1_6` decimal(10,2) NOT NULL default '0.00',
  `s_2_2_2_1` decimal(10,2) NOT NULL default '0.00',
  `s_2_2_2_2` decimal(10,2) NOT NULL default '0.00',
  `s_2_2_2_3` decimal(10,2) NOT NULL default '0.00',
  `s_2_2_2_4` decimal(10,2) NOT NULL default '0.00',
  `s_2_2_2_5` decimal(10,2) NOT NULL default '0.00',
  `s_2_2_2_6` decimal(10,2) NOT NULL default '0.00',
  `s_2_2_3_1` decimal(10,2) NOT NULL default '0.00',
  `s_2_2_3_2` decimal(10,2) NOT NULL default '0.00',
  `s_2_2_3_3` decimal(10,2) NOT NULL default '0.00',
  `s_2_2_3_4` decimal(10,2) NOT NULL default '0.00',
  `s_2_2_3_5` decimal(10,2) NOT NULL default '0.00',
  `s_2_2_3_6` decimal(10,2) NOT NULL default '0.00',
  `s_2_2_4_1` decimal(10,2) NOT NULL default '0.00',
  `s_2_2_4_2` decimal(10,2) NOT NULL default '0.00',
  `s_2_2_4_3` decimal(10,2) NOT NULL default '0.00',
  `s_2_2_4_4` decimal(10,2) NOT NULL default '0.00',
  `s_2_2_4_5` decimal(10,2) NOT NULL default '0.00',
  `s_2_2_4_6` decimal(10,2) NOT NULL default '0.00',
  `s_2_2_5_1` decimal(10,2) NOT NULL default '0.00',
  `s_2_2_5_2` decimal(10,2) NOT NULL default '0.00',
  `s_2_2_5_3` decimal(10,2) NOT NULL default '0.00',
  `s_2_2_5_4` decimal(10,2) NOT NULL default '0.00',
  `s_2_2_5_5` decimal(10,2) NOT NULL default '0.00',
  `s_2_2_5_6` decimal(10,2) NOT NULL default '0.00',
  `s_2_2_6_1` decimal(10,2) NOT NULL default '0.00',
  `s_2_2_6_2` decimal(10,2) NOT NULL default '0.00',
  `s_2_2_6_3` decimal(10,2) NOT NULL default '0.00',
  `s_2_2_6_4` decimal(10,2) NOT NULL default '0.00',
  `s_2_2_6_5` decimal(10,2) NOT NULL default '0.00',
  `s_2_2_6_6` decimal(10,2) NOT NULL default '0.00',
  `s_2_2_7_1` decimal(10,2) NOT NULL default '0.00',
  `s_2_2_7_2` decimal(10,2) NOT NULL default '0.00',
  `s_2_2_7_3` decimal(10,2) NOT NULL default '0.00',
  `s_2_2_7_4` decimal(10,2) NOT NULL default '0.00',
  `s_2_2_7_5` decimal(10,2) NOT NULL default '0.00',
  `s_2_2_7_6` decimal(10,2) NOT NULL default '0.00',
  `s_2_2_8_1` decimal(10,2) NOT NULL default '0.00',
  `s_2_2_8_2` decimal(10,2) NOT NULL default '0.00',
  `s_2_2_8_3` decimal(10,2) NOT NULL default '0.00',
  `s_2_2_8_4` decimal(10,2) NOT NULL default '0.00',
  `s_2_2_8_5` decimal(10,2) NOT NULL default '0.00',
  `s_2_2_8_6` decimal(10,2) NOT NULL default '0.00',
  `s_2_2_9_1` decimal(10,2) NOT NULL default '0.00',
  `s_2_2_9_2` decimal(10,2) NOT NULL default '0.00',
  `s_2_2_9_3` decimal(10,2) NOT NULL default '0.00',
  `s_2_2_9_4` decimal(10,2) NOT NULL default '0.00',
  `s_2_2_9_5` decimal(10,2) NOT NULL default '0.00',
  `s_2_2_9_6` decimal(10,2) NOT NULL default '0.00',
  `s_2_2_sub_1` decimal(10,2) NOT NULL default '0.00',
  `s_2_2_sub_2` decimal(10,2) NOT NULL default '0.00',
  `s_2_2_sub_3` decimal(10,2) NOT NULL default '0.00',
  `s_2_2_sub_4` decimal(10,2) NOT NULL default '0.00',
  `s_2_2_sub_5` decimal(10,2) NOT NULL default '0.00',
  `s_2_2_sub_6` decimal(10,2) NOT NULL default '0.00',
  `sub_1` decimal(10,2) NOT NULL default '0.00',
  `sub_2` decimal(10,2) NOT NULL default '0.00',
  `sub_3` decimal(10,2) NOT NULL default '0.00',
  `sub_4` decimal(10,2) NOT NULL default '0.00',
  `sub_5` decimal(10,2) NOT NULL default '0.00',
  `sub_6` decimal(10,2) NOT NULL default '0.00',
  `created` datetime NOT NULL,
  `created_by` int(11) NOT NULL,
  PRIMARY KEY  (`id`),
  KEY `created_by` (`created_by`)
) ENGINE=MyISAM AUTO_INCREMENT=12 DEFAULT CHARSET=latin1;
SET character_set_client = @saved_cs_client;

--
-- Dumping data for table `dupaks`
--

LOCK TABLES `dupaks` WRITE;
/*!40000 ALTER TABLE `dupaks` DISABLE KEYS */;
INSERT INTO `dupaks` VALUES (6,'2010','2010-10-27','','','2000-10-27','F','','','','','','','','0.00','0.00','0.00','0.00','0.00','0.00','0.00','0.00','0.00','0.00','0.00','0.00','0.00','0.00','0.00','0.00','0.00','0.00','0.00','0.00','0.00','0.00','0.00','0.00','0.00','0.00','0.00','0.00','0.00','0.00','0.00','0.00','0.00','0.00','0.00','0.00','0.00','0.00','0.00','0.00','0.00','0.00','0.00','0.00','0.00','0.00','0.00','0.00','0.00','0.00','0.00','0.00','0.00','0.00','0.00','0.00','0.00','0.00','0.00','0.00','0.00','0.00','0.00','0.00','0.00','0.00','0.00','0.00','0.00','0.00','0.00','0.00','0.00','0.00','0.00','0.00','0.00','0.00','0.00','0.00','0.00','0.00','0.00','0.00','0.00','0.00','0.00','0.00','0.00','0.00','0.00','0.00','0.00','0.00','0.00','0.00','0.00','0.00','0.00','0.00','0.00','0.00','0.00','0.00','0.00','0.00','0.00','0.00','0.00','0.00','0.00','0.00','0.00','0.00','0.00','0.00','0.00','0.00','0.00','0.00','0.00','0.00','0.00','0.00','0.00','0.00','0.00','0.00','0.00','0.00','0.00','0.00','0.00','0.00','0.00','0.00','0.00','0.00','0.00','0.00','0.00','0.00','0.00','0.00','0.00','0.00','0.00','0.00','0.00','0.00','0.00','0.00','0.00','0.00','0.00','0.00','0.00','0.00','0.00','0.00','0.00','0.00','0.00','0.00','0.00','0.00','0.00','0.00','0.00','0.00','0.00','0.00','0.00','0.00','0.00','0.00','0.00','0.00','0.00','0.00','0.00','0.00','0.00','0.00','0.00','0.00','0.00','0.00','0.00','0.00','0.00','0.00','0.00','0.00','0.00','0.00','0.00','0.00','0.00','0.00','0.00','0.00','0.00','0.00','0.00','0.00','0.00','0.00','0.00','0.00','0.00','0.00','0.00','0.00','0.00','0.00','0.00','0.00','0.00','0.00','0.00','0.00','0.00','0.00','0.00','0.00','0.00','0.00','0.00','0.00','0.00','0.00','0.00','0.00','0.00','0.00','0.00','0.00','0.00','0.00','2010-10-27 11:02:25',30),(7,'2011','2010-10-29','1111111','Jakarta','1962-03-29','M','S2','Pembina Tk.I (gol.IV/b)','1-01-2009','Desain Grafis','22','22','Politeknik Negeri Media Kreatif','0.00','0.00','0.00','0.00','0.00','0.00','0.00','0.00','0.00','0.00','0.00','0.00','0.00','0.00','0.00','0.00','0.00','0.00','0.00','0.00','0.00','0.00','0.00','0.00','1.00','0.00','0.00','0.00','0.00','0.00','0.00','0.00','0.00','0.00','0.00','0.00','0.00','0.00','0.00','0.00','0.00','0.00','0.00','0.00','0.00','0.00','0.00','0.00','0.00','0.00','0.00','0.00','0.00','0.00','0.00','0.00','0.00','0.00','0.00','0.00','0.00','0.00','0.00','0.00','0.00','0.00','0.00','0.00','0.00','0.00','0.00','0.00','0.00','0.00','0.00','0.00','0.00','0.00','0.00','0.00','0.00','0.00','0.00','0.00','0.00','0.00','0.00','0.00','0.00','0.00','0.00','0.00','0.00','0.00','0.00','0.00','0.00','0.00','0.00','0.00','0.00','0.00','0.00','0.00','0.00','0.00','0.00','0.00','0.00','0.00','0.00','0.00','0.00','0.00','0.00','0.00','0.00','0.00','0.00','0.00','0.00','0.00','0.00','0.00','0.00','0.00','0.00','0.00','0.00','0.00','0.00','0.00','0.00','0.00','0.00','0.00','0.00','0.00','0.00','0.00','0.00','0.00','0.00','0.00','0.00','0.00','0.00','0.00','0.00','0.00','0.00','0.00','0.00','0.00','0.00','0.00','0.00','0.00','0.00','0.00','0.00','0.00','0.00','0.00','0.00','0.00','0.00','0.00','0.00','0.00','0.00','0.00','0.00','0.00','0.00','0.00','0.00','0.00','0.00','0.00','0.00','0.00','0.00','0.00','0.00','0.00','0.00','0.00','0.00','0.00','0.00','0.00','0.00','0.00','0.00','0.00','0.00','0.00','0.00','0.00','0.00','0.00','0.00','0.00','0.00','0.00','0.00','0.00','0.00','0.00','0.00','0.00','0.00','0.00','0.00','0.00','0.00','0.00','0.00','0.00','0.00','0.00','0.00','0.00','0.00','0.00','0.00','0.00','0.00','0.00','0.00','0.00','0.00','0.00','0.00','0.00','0.00','0.00','0.00','0.00','2010-10-29 18:25:28',2),(5,'2010','2010-09-28','E.183358','Jakarta','1960-09-19','M','Magister (S2) th.1997','Pembina Tk.I (gol.IV/b), 1-10-2004','Dosen, 1-1-2009','Penerbitan','','','Politeknik Negeri Media Kreatif','0.00','0.00','0.00','0.00','0.00','0.00','0.00','0.00','0.00','0.00','0.00','0.00','0.00','0.00','0.00','0.00','0.00','0.00','0.00','0.00','0.00','0.00','0.00','0.00','0.00','0.00','0.00','0.00','0.00','0.00','0.00','0.00','0.00','0.00','0.00','0.00','0.00','0.00','0.00','0.00','0.00','0.00','0.00','0.00','0.00','0.00','0.00','0.00','0.00','0.00','0.00','0.00','0.00','0.00','0.00','0.00','0.00','0.00','0.00','0.00','0.00','0.00','0.00','0.00','0.00','0.00','0.00','0.00','0.00','0.00','0.00','0.00','0.00','0.00','0.00','0.00','0.00','0.00','0.00','0.00','0.00','0.00','0.00','0.00','0.00','0.00','0.00','0.00','0.00','0.00','0.00','0.00','0.00','0.00','0.00','0.00','131.50','0.00','0.00','0.00','0.00','0.00','0.00','0.00','0.00','0.00','0.00','0.00','0.00','0.00','0.00','0.00','0.00','0.00','0.00','0.00','0.00','0.00','0.00','0.00','0.00','0.00','0.00','0.00','0.00','0.00','0.00','0.00','0.00','0.00','0.00','0.00','23.44','0.00','0.00','0.00','0.00','0.00','0.00','0.00','0.00','0.00','0.00','0.00','0.00','0.00','0.00','0.00','0.00','0.00','0.00','0.00','0.00','0.00','0.00','0.00','0.00','0.00','0.00','0.00','0.00','0.00','0.00','0.00','0.00','0.00','0.00','0.00','20.00','0.00','0.00','0.00','0.00','0.00','0.00','0.00','0.00','0.00','0.00','0.00','0.00','0.00','0.00','0.00','0.00','0.00','0.00','0.00','0.00','0.00','0.00','0.00','0.00','0.00','0.00','0.00','0.00','0.00','0.00','0.00','0.00','0.00','0.00','0.00','0.00','0.00','0.00','0.00','0.00','0.00','0.00','0.00','0.00','0.00','0.00','0.00','0.00','0.00','0.00','0.00','0.00','0.00','0.00','0.00','0.00','0.00','0.00','0.00','25.00','0.00','0.00','0.00','0.00','0.00','200.00','0.00','0.00','0.00','0.00','0.00','2010-09-28 16:04:58',47),(8,'2011','2011-02-28','','','2001-02-28','M','','','','','','','','0.00','0.00','0.00','0.00','0.00','0.00','0.00','0.00','0.00','0.00','0.00','0.00','0.00','0.00','0.00','0.00','0.00','0.00','0.00','0.00','0.00','0.00','0.00','0.00','0.00','0.00','0.00','0.00','0.00','0.00','0.00','0.00','0.00','0.00','0.00','0.00','0.00','0.00','0.00','0.00','0.00','0.00','0.00','0.00','0.00','0.00','0.00','0.00','0.00','0.00','0.00','0.00','0.00','0.00','0.00','0.00','0.00','0.00','0.00','0.00','0.00','0.00','0.00','0.00','0.00','0.00','0.00','0.00','0.00','0.00','0.00','0.00','0.00','0.00','0.00','0.00','0.00','0.00','0.00','0.00','0.00','0.00','0.00','0.00','0.00','0.00','0.00','0.00','0.00','0.00','0.00','0.00','0.00','0.00','0.00','0.00','0.00','0.00','0.00','0.00','0.00','0.00','0.00','0.00','0.00','0.00','0.00','0.00','0.00','0.00','0.00','0.00','0.00','0.00','0.00','0.00','0.00','0.00','0.00','0.00','0.00','0.00','0.00','0.00','0.00','0.00','0.00','0.00','0.00','0.00','0.00','0.00','0.00','0.00','0.00','0.00','0.00','0.00','0.00','0.00','0.00','0.00','0.00','0.00','0.00','0.00','0.00','0.00','0.00','0.00','0.00','0.00','0.00','0.00','0.00','0.00','0.00','0.00','0.00','0.00','0.00','0.00','0.00','0.00','0.00','0.00','0.00','0.00','0.00','0.00','0.00','0.00','0.00','0.00','0.00','0.00','0.00','0.00','0.00','0.00','0.00','0.00','0.00','0.00','0.00','0.00','0.00','0.00','0.00','0.00','0.00','0.00','0.00','0.00','0.00','0.00','0.00','0.00','0.00','0.00','0.00','0.00','0.00','0.00','0.00','0.00','0.00','0.00','0.00','0.00','0.00','0.00','0.00','0.00','0.00','0.00','0.00','0.00','0.00','0.00','0.00','0.00','0.00','0.00','0.00','0.00','0.00','0.00','0.00','0.00','0.00','0.00','0.00','0.00','0.00','0.00','0.00','0.00','0.00','0.00','2011-02-28 19:46:48',142),(9,'2011','2011-03-23','B.705315','Solo','1957-09-01','M','S2 th.1999','Pembina Utama Muda (IV/c)','1 Januari 2009','Penerbitan','33 tahun','.... tahun','Politeknik Negeri Media Kreatif','0.00','0.00','0.00','0.00','0.00','0.00','0.00','0.00','0.00','0.00','0.00','0.00','0.00','0.00','0.00','0.00','0.00','0.00','0.00','0.00','0.00','0.00','0.00','0.00','0.00','0.00','0.00','0.00','0.00','0.00','0.00','0.00','0.00','0.00','0.00','0.00','0.00','0.00','0.00','0.00','0.00','0.00','0.00','0.00','0.00','0.00','0.00','0.00','0.00','0.00','0.00','0.00','0.00','0.00','0.00','0.00','0.00','0.00','0.00','0.00','0.00','0.00','0.00','0.00','0.00','0.00','0.00','0.00','0.00','0.00','0.00','0.00','0.00','0.00','0.00','0.00','0.00','0.00','0.00','0.00','0.00','0.00','0.00','0.00','0.00','0.00','0.00','0.00','0.00','0.00','0.00','0.00','0.00','0.00','0.00','0.00','150.00','0.00','0.00','0.00','0.00','0.00','0.00','0.00','0.00','0.00','0.00','0.00','0.00','0.00','0.00','0.00','0.00','0.00','0.00','0.00','0.00','0.00','0.00','0.00','0.00','0.00','0.00','0.00','0.00','0.00','0.00','0.00','0.00','0.00','0.00','0.00','135.00','0.00','0.00','0.00','0.00','0.00','0.00','0.00','0.00','0.00','0.00','0.00','0.00','0.00','0.00','0.00','0.00','0.00','0.00','0.00','0.00','0.00','0.00','0.00','0.00','0.00','0.00','0.00','0.00','0.00','0.00','0.00','0.00','0.00','0.00','0.00','0.00','0.00','0.00','0.00','0.00','0.00','0.00','0.00','0.00','0.00','0.00','0.00','0.00','0.00','0.00','0.00','0.00','0.00','0.00','0.00','0.00','0.00','0.00','0.00','0.00','0.00','0.00','0.00','0.00','0.00','0.00','0.00','0.00','0.00','0.00','0.00','0.00','0.00','0.00','0.00','0.00','0.00','0.00','0.00','0.00','0.00','0.00','0.00','0.00','0.00','0.00','0.00','0.00','0.00','0.00','0.00','0.00','0.00','0.00','0.00','19.00','0.00','0.00','0.00','0.00','0.00','300.00','0.00','0.00','0.00','0.00','0.00','2011-03-23 14:29:21',121),(10,'2011','2011-03-23','E.183358','Jakarta, ','1960-09-19','M','S2 tahun 1997','Pembina Tk.I (gol.IV/b), 1-10-2004','Lektor, 1 Januari 2009','Penerbitan','25 tahun','','Politeknik Negeri Media Kreatif','0.00','0.00','0.00','0.00','0.00','0.00','0.00','0.00','0.00','0.00','0.00','0.00','0.00','0.00','0.00','0.00','0.00','0.00','0.00','0.00','0.00','0.00','0.00','0.00','0.00','0.00','0.00','0.00','0.00','0.00','0.00','0.00','0.00','0.00','0.00','0.00','0.00','0.00','0.00','0.00','0.00','0.00','0.00','0.00','0.00','0.00','0.00','0.00','0.00','0.00','0.00','0.00','0.00','0.00','0.00','0.00','0.00','0.00','0.00','0.00','0.00','0.00','0.00','0.00','0.00','0.00','0.00','0.00','0.00','0.00','0.00','0.00','0.00','0.00','0.00','0.00','0.00','0.00','0.00','0.00','0.00','0.00','0.00','0.00','0.00','0.00','0.00','0.00','0.00','0.00','0.00','0.00','0.00','0.00','0.00','0.00','131.50','0.00','0.00','0.00','0.00','0.00','0.00','0.00','0.00','0.00','0.00','0.00','0.00','0.00','0.00','0.00','0.00','0.00','0.00','0.00','0.00','0.00','0.00','0.00','0.00','0.00','0.00','0.00','0.00','0.00','0.00','0.00','0.00','0.00','0.00','0.00','23.44','0.00','0.00','0.00','0.00','0.00','0.00','0.00','0.00','0.00','0.00','0.00','0.00','0.00','0.00','0.00','0.00','0.00','0.00','0.00','0.00','0.00','0.00','0.00','0.00','0.00','0.00','0.00','0.00','0.00','0.00','0.00','0.00','0.00','0.00','0.00','20.00','0.00','0.00','0.00','0.00','0.00','0.00','0.00','0.00','0.00','0.00','0.00','0.00','0.00','0.00','0.00','0.00','0.00','0.00','0.00','0.00','0.00','0.00','0.00','0.00','0.00','0.00','0.00','0.00','0.00','0.00','0.00','0.00','0.00','0.00','0.00','0.00','0.00','0.00','0.00','0.00','0.00','0.00','0.00','0.00','0.00','0.00','0.00','0.00','0.00','0.00','0.00','0.00','0.00','0.00','0.00','0.00','0.00','0.00','0.00','25.00','0.00','0.00','0.00','0.00','0.00','200.00','0.00','0.00','0.00','0.00','0.00','2011-03-23 14:36:01',115),(11,'2011','2011-03-23','E.051079','Jakarta','1959-02-15','M','S2 tahun 2006','Penata Tk.I, 1-4-2005','Lektor, 1 Januari 2009','Teknik Grafika','25 tahun','...tahun','Politeknik Negeri Media Kreatif','0.00','0.00','0.00','0.00','0.00','0.00','0.00','0.00','0.00','0.00','0.00','0.00','0.00','0.00','0.00','0.00','0.00','0.00','0.00','0.00','0.00','0.00','0.00','0.00','0.00','0.00','0.00','0.00','0.00','0.00','0.00','0.00','0.00','0.00','0.00','0.00','0.00','0.00','0.00','0.00','0.00','0.00','0.00','0.00','0.00','0.00','0.00','0.00','0.00','0.00','0.00','0.00','0.00','0.00','0.00','0.00','0.00','0.00','0.00','0.00','0.00','0.00','0.00','0.00','0.00','0.00','0.00','0.00','0.00','0.00','0.00','0.00','0.00','0.00','0.00','0.00','0.00','0.00','0.00','0.00','0.00','0.00','0.00','0.00','0.00','0.00','0.00','0.00','0.00','0.00','0.00','0.00','0.00','0.00','0.00','0.00','171.80','0.00','0.00','0.00','0.00','0.00','0.00','0.00','0.00','0.00','0.00','0.00','0.00','0.00','0.00','0.00','0.00','0.00','0.00','0.00','0.00','0.00','0.00','0.00','0.00','0.00','0.00','0.00','0.00','0.00','0.00','0.00','0.00','0.00','0.00','0.00','22.16','0.00','0.00','0.00','0.00','0.00','0.00','0.00','0.00','0.00','0.00','0.00','0.00','0.00','0.00','0.00','0.00','0.00','0.00','0.00','0.00','0.00','0.00','0.00','0.00','0.00','0.00','0.00','0.00','0.00','0.00','0.00','0.00','0.00','0.00','0.00','1.00','0.00','0.00','0.00','0.00','0.00','0.00','0.00','0.00','0.00','0.00','0.00','0.00','0.00','0.00','0.00','0.00','0.00','0.00','0.00','0.00','0.00','0.00','0.00','0.00','0.00','0.00','0.00','0.00','0.00','0.00','0.00','0.00','0.00','0.00','0.00','0.00','0.00','0.00','0.00','0.00','0.00','0.00','0.00','0.00','0.00','0.00','0.00','0.00','0.00','0.00','0.00','0.00','0.00','0.00','0.00','0.00','0.00','0.00','0.00','5.00','0.00','0.00','0.00','0.00','0.00','200.00','0.00','0.00','0.00','0.00','0.00','2011-03-23 14:48:57',122);
/*!40000 ALTER TABLE `dupaks` ENABLE KEYS */;
UNLOCK TABLES;

--
-- Table structure for table `groups`
--

DROP TABLE IF EXISTS `groups`;
SET @saved_cs_client     = @@character_set_client;
SET character_set_client = utf8;
CREATE TABLE `groups` (
  `id` int(5) unsigned NOT NULL auto_increment,
  `name` varchar(20) NOT NULL,
  PRIMARY KEY  (`id`),
  UNIQUE KEY `name` (`name`)
) ENGINE=MyISAM AUTO_INCREMENT=16 DEFAULT CHARSET=latin1;
SET character_set_client = @saved_cs_client;

--
-- Dumping data for table `groups`
--

LOCK TABLES `groups` WRITE;
/*!40000 ALTER TABLE `groups` DISABLE KEYS */;
INSERT INTO `groups` VALUES (1,'admin'),(12,'Pengguna'),(13,'Verifikator'),(14,'Operator'),(15,'Approver');
/*!40000 ALTER TABLE `groups` ENABLE KEYS */;
UNLOCK TABLES;

--
-- Table structure for table `groups_menus`
--

DROP TABLE IF EXISTS `groups_menus`;
SET @saved_cs_client     = @@character_set_client;
SET character_set_client = utf8;
CREATE TABLE `groups_menus` (
  `group_id` int(5) NOT NULL,
  `menu_id` int(10) NOT NULL,
  KEY `group_id` (`group_id`,`menu_id`),
  KEY `group_id_2` (`menu_id`,`group_id`)
) ENGINE=MyISAM DEFAULT CHARSET=latin1;
SET character_set_client = @saved_cs_client;

--
-- Dumping data for table `groups_menus`
--

LOCK TABLES `groups_menus` WRITE;
/*!40000 ALTER TABLE `groups_menus` DISABLE KEYS */;
INSERT INTO `groups_menus` VALUES (1,9),(1,11),(1,12),(1,14),(1,15),(1,16),(1,17),(1,22),(1,66),(1,67),(1,68),(1,69),(1,70),(1,71),(1,72),(1,73),(1,74),(1,75),(1,76),(1,77),(1,78),(1,79),(1,80),(1,81),(12,68),(12,73),(13,68),(13,69),(13,73),(14,9),(14,66),(14,67),(14,70),(14,71),(14,72),(14,74),(15,68),(15,79);
/*!40000 ALTER TABLE `groups_menus` ENABLE KEYS */;
UNLOCK TABLES;

--
-- Table structure for table `groups_module_actions`
--

DROP TABLE IF EXISTS `groups_module_actions`;
SET @saved_cs_client     = @@character_set_client;
SET character_set_client = utf8;
CREATE TABLE `groups_module_actions` (
  `module_action_id` int(10) NOT NULL,
  `group_id` int(5) NOT NULL,
  KEY `module_action_id` (`module_action_id`,`group_id`),
  KEY `group_id` (`group_id`,`module_action_id`)
) ENGINE=MyISAM DEFAULT CHARSET=latin1;
SET character_set_client = @saved_cs_client;

--
-- Dumping data for table `groups_module_actions`
--

LOCK TABLES `groups_module_actions` WRITE;
/*!40000 ALTER TABLE `groups_module_actions` DISABLE KEYS */;
INSERT INTO `groups_module_actions` VALUES (26,1),(27,1),(28,1),(29,1),(34,1),(34,14),(35,1),(35,14),(36,1),(36,14),(37,1),(37,14),(42,1),(43,1),(44,1),(45,1),(50,1),(51,1),(52,1),(53,1),(54,1),(55,1),(56,1),(57,1),(73,1),(95,1),(96,1),(97,1),(98,1),(99,1),(100,1),(101,1),(102,1),(113,1),(114,1),(115,1),(116,1),(126,1),(256,1),(257,1),(258,1),(259,1),(268,1),(268,14),(269,1),(269,14),(270,1),(270,14),(271,1),(271,14),(272,1),(272,14),(273,1),(273,14),(274,1),(274,14),(275,1),(275,14),(315,1),(315,12),(315,13),(316,1),(316,12),(316,13),(317,1),(317,12),(317,13),(318,1),(318,12),(318,13),(319,1),(319,12),(319,13),(319,14),(320,1),(321,1),(322,1),(323,1),(324,1),(325,1),(326,1),(327,1),(328,1),(329,1),(330,1),(331,1),(341,1),(341,13),(342,1),(342,12),(342,13),(342,14),(342,15),(343,1),(343,13),(343,15),(344,1),(344,12),(344,13),(344,15),(345,1),(345,14),(346,1),(346,12),(346,13),(346,15),(347,1),(347,14),(348,1),(348,14),(349,1),(349,15),(350,1);
/*!40000 ALTER TABLE `groups_module_actions` ENABLE KEYS */;
UNLOCK TABLES;

--
-- Table structure for table `menu_types`
--

DROP TABLE IF EXISTS `menu_types`;
SET @saved_cs_client     = @@character_set_client;
SET character_set_client = utf8;
CREATE TABLE `menu_types` (
  `id` tinyint(3) NOT NULL auto_increment,
  `name` varchar(20) NOT NULL,
  `call_name` varchar(10) NOT NULL,
  `created` datetime NOT NULL,
  `created_by` bigint(20) NOT NULL,
  `modified` datetime NOT NULL,
  `modified_by` bigint(20) NOT NULL,
  PRIMARY KEY  (`id`),
  UNIQUE KEY `call_name` (`call_name`),
  KEY `name` (`name`)
) ENGINE=MyISAM AUTO_INCREMENT=11 DEFAULT CHARSET=latin1;
SET character_set_client = @saved_cs_client;

--
-- Dumping data for table `menu_types`
--

LOCK TABLES `menu_types` WRITE;
/*!40000 ALTER TABLE `menu_types` DISABLE KEYS */;
INSERT INTO `menu_types` VALUES (1,'Top Menu','top','2009-11-17 14:13:29',0,'2009-12-12 23:45:36',1),(2,'Left Menu','left','2009-11-17 14:32:48',0,'2009-12-12 23:45:45',1),(3,'Setup','setup','2009-12-12 23:53:31',1,'2009-12-12 23:53:31',0),(5,'Report','report','2009-12-12 23:53:54',1,'2009-12-12 23:53:54',0),(6,'Admin','admin','2009-12-16 13:47:50',1,'2009-12-16 13:48:59',1),(10,'Aktivitas','da','2010-08-27 19:59:25',1,'2010-09-15 17:40:13',1);
/*!40000 ALTER TABLE `menu_types` ENABLE KEYS */;
UNLOCK TABLES;

--
-- Table structure for table `menus`
--

DROP TABLE IF EXISTS `menus`;
SET @saved_cs_client     = @@character_set_client;
SET character_set_client = utf8;
CREATE TABLE `menus` (
  `id` int(10) NOT NULL auto_increment,
  `parent_id` int(10) default NULL,
  `name` varchar(50) NOT NULL,
  `url` varchar(50) NOT NULL,
  `element_id` varchar(20) NOT NULL,
  `enable` tinyint(1) NOT NULL,
  `lft` int(10) NOT NULL,
  `rght` int(10) NOT NULL,
  `menu_type_id` tinyint(3) default NULL,
  `created` datetime NOT NULL,
  `created_by` int(11) NOT NULL,
  `modified` datetime NOT NULL,
  `modified_by` int(11) NOT NULL,
  PRIMARY KEY  (`id`),
  KEY `parent_id` (`parent_id`),
  KEY `enable` (`enable`),
  KEY `menu_type_id` (`menu_type_id`)
) ENGINE=MyISAM AUTO_INCREMENT=82 DEFAULT CHARSET=latin1;
SET character_set_client = @saved_cs_client;

--
-- Dumping data for table `menus`
--

LOCK TABLES `menus` WRITE;
/*!40000 ALTER TABLE `menus` DISABLE KEYS */;
INSERT INTO `menus` VALUES (6,NULL,'Cities','/cities','cities',0,7,8,3,'2009-12-13 02:34:56',1,'2009-12-21 16:36:16',1),(5,NULL,'Provinces','/provinces','provinces',0,1,2,3,'2009-12-13 02:03:29',1,'2009-12-21 16:36:20',1),(9,NULL,'Unit Kerja','/unit_codes','unit_codes',1,3,4,3,'2009-12-13 02:53:40',1,'2009-12-28 23:03:55',1),(11,NULL,'Menu','/menus','menus',1,5,6,6,'2009-12-13 05:03:18',1,'2011-01-29 12:52:53',1),(12,NULL,'Tipe Menu','/menu_types','menu_types',1,9,10,3,'2009-12-13 05:12:51',1,'2009-12-28 23:04:10',1),(14,NULL,'User Management','/users','users',1,11,12,6,'2009-12-16 13:49:35',1,'2009-12-16 13:49:35',0),(15,NULL,'Settings','/site_settings','site_settings',1,13,14,6,'2009-12-16 13:50:55',1,'2009-12-16 13:50:55',0),(16,NULL,'Module Management','/modules','modules',1,15,16,6,'2009-12-17 10:21:02',3,'2009-12-17 10:21:02',0),(17,NULL,'Group - Permission','/groups','groups',1,17,18,6,'2009-12-17 12:07:33',1,'2009-12-17 12:07:33',0),(22,NULL,'Log Pengguna','/user_logs','user_logs',1,19,20,6,'2010-01-13 21:17:25',1,'2010-01-13 21:17:25',0),(67,NULL,'Jabatan','/positions','positions',1,23,24,3,'2010-08-20 04:36:16',1,'2010-08-24 14:49:04',1),(66,NULL,'Kegiatan','/activities','activities',1,21,22,3,'2010-08-20 04:32:00',1,'2010-08-24 12:27:25',1),(68,NULL,'Input Kegiatan','/act_lists','act_lists',1,25,26,10,'2010-08-27 19:59:47',1,'2010-08-27 19:59:47',0),(69,NULL,'Verifikasi Kegiatan','/act_lists/verify','act_lists_verify',1,27,28,10,'2010-08-30 01:07:05',1,'2010-08-30 01:07:05',0),(70,NULL,'Rekapitulasi Aktivitas Harian Seluruh Staff','/act_lists/report_per_day','act_lists_report_per',1,29,30,5,'2010-09-02 03:09:38',1,'2010-09-15 20:00:07',1),(71,NULL,'Rekapitulasi Aktivitas Staff Bulanan','/act_lists/report_per_month','act_lists_report_per',1,31,32,5,'2010-09-02 05:05:59',1,'2010-09-15 20:00:27',1),(72,NULL,'Rekapitulasi Aktivitas Bulanan Per Unit Kerja','/act_lists/report_per_month_summary','act_lists_report_per',1,33,34,5,'2010-09-15 19:42:27',1,'2010-09-15 20:00:51',1),(73,NULL,'Input DUPAK','/dupaks','dupaks',1,35,36,10,'2010-09-27 23:14:15',1,'2010-09-27 23:14:15',0),(74,NULL,'Cetak DUPAK','/dupaks/printhtml','dupaks_printhtml',1,37,38,5,'2010-09-27 23:14:31',1,'2010-09-27 23:14:31',0),(75,NULL,'Kelas','/student_classes','student_classes',1,39,40,3,'2011-01-29 12:52:44',1,'2011-01-29 12:52:44',0),(76,NULL,'Prodi','/study_programs','study_programs',1,41,42,3,'2011-01-29 14:32:23',1,'2011-01-29 14:32:23',0),(77,NULL,'Mata Kuliah','/courses','courses',1,43,44,3,'2011-01-29 14:41:35',1,'2011-01-29 14:41:35',0),(78,NULL,'Dosen dan Pengguna','/users/','users',1,45,46,3,'2011-01-29 14:49:55',1,'2011-01-29 14:49:55',0),(79,NULL,'Approval Kegiatan','/act_lists/approval_list','approval_list',1,47,48,10,'2011-02-16 01:38:05',1,'2011-02-16 01:38:05',0),(80,NULL,'Rekapitulasi Honorarium Pengajar','/act_lists/report_honor_per_month','report_honor_per_mon',1,49,50,5,'2011-03-22 20:06:41',1,'2011-03-22 20:06:41',0),(81,NULL,'Rekapitulasi Absensi Pengajar','/act_lists/report_per_day/teaching','report_per_day_teach',1,51,52,5,'2011-03-22 20:07:58',1,'2011-03-22 20:07:58',0);
/*!40000 ALTER TABLE `menus` ENABLE KEYS */;
UNLOCK TABLES;

--
-- Table structure for table `module_actions`
--

DROP TABLE IF EXISTS `module_actions`;
SET @saved_cs_client     = @@character_set_client;
SET character_set_client = utf8;
CREATE TABLE `module_actions` (
  `id` int(10) NOT NULL auto_increment,
  `module_id` int(10) NOT NULL,
  `name` varchar(50) NOT NULL,
  `created` datetime NOT NULL,
  `created_by` int(10) NOT NULL,
  `modified` datetime NOT NULL,
  `modified_by` int(10) NOT NULL,
  PRIMARY KEY  (`id`),
  KEY `module_id` (`module_id`),
  KEY `name` (`name`)
) ENGINE=MyISAM AUTO_INCREMENT=351 DEFAULT CHARSET=latin1;
SET character_set_client = @saved_cs_client;

--
-- Dumping data for table `module_actions`
--

LOCK TABLES `module_actions` WRITE;
/*!40000 ALTER TABLE `module_actions` DISABLE KEYS */;
INSERT INTO `module_actions` VALUES (257,5,'add','2010-08-19 16:26:14',0,'2010-08-19 16:26:14',1),(258,5,'index','2010-08-19 16:26:14',0,'2010-08-19 16:26:14',1),(256,5,'edit','2010-08-19 16:26:14',0,'2010-08-19 16:26:14',1),(26,6,'index','2009-12-17 12:00:17',1,'2009-12-17 12:00:17',0),(27,6,'add','2009-12-17 12:00:17',1,'2009-12-17 12:00:17',0),(28,6,'edit','2009-12-17 12:00:17',1,'2009-12-17 12:00:17',0),(29,6,'delete','2009-12-17 12:00:17',1,'2009-12-17 17:14:56',0),(34,8,'index','2009-12-17 12:00:54',1,'2009-12-17 12:00:54',0),(35,8,'add','2009-12-17 12:00:54',1,'2009-12-17 12:00:54',0),(36,8,'edit','2009-12-17 12:00:54',1,'2009-12-17 12:00:54',0),(37,8,'delete','2009-12-17 12:00:54',1,'2009-12-17 12:00:54',0),(113,15,'index','2009-12-21 11:39:21',1,'2009-12-21 11:39:21',0),(42,10,'index','2009-12-17 12:01:51',1,'2009-12-17 12:01:51',0),(43,10,'add','2009-12-17 12:01:51',1,'2009-12-17 12:01:51',0),(44,10,'edit','2009-12-17 12:01:51',1,'2009-12-17 12:01:51',0),(45,10,'delete','2009-12-17 12:01:51',1,'2009-12-17 12:01:51',0),(98,11,'delete','2009-12-20 23:23:42',0,'2009-12-20 23:23:42',1),(114,15,'add','2009-12-21 11:39:21',1,'2009-12-21 11:39:21',0),(115,15,'edit','2009-12-21 11:39:21',1,'2009-12-21 11:39:21',0),(50,12,'index','2009-12-17 12:05:49',1,'2009-12-17 12:05:49',0),(51,12,'add','2009-12-17 12:05:49',1,'2009-12-17 12:05:49',0),(52,12,'edit','2009-12-17 12:05:49',1,'2009-12-17 12:05:49',0),(53,12,'delete','2009-12-17 12:05:49',1,'2009-12-17 12:05:49',0),(54,13,'index','2009-12-17 12:47:42',1,'2009-12-17 12:47:42',0),(55,13,'add','2009-12-17 12:47:42',1,'2009-12-17 12:47:42',0),(56,13,'edit','2009-12-17 12:47:42',1,'2009-12-17 12:47:42',0),(57,13,'delete','2009-12-17 12:47:42',1,'2009-12-17 12:47:42',0),(97,11,'index','2009-12-20 23:23:42',0,'2009-12-20 23:23:42',1),(96,11,'add','2009-12-20 23:23:42',0,'2009-12-20 23:23:42',1),(95,11,'edit','2009-12-20 23:23:42',0,'2009-12-20 23:23:42',1),(102,9,'delete','2009-12-20 23:24:05',0,'2009-12-20 23:24:05',1),(101,9,'index','2009-12-20 23:24:05',0,'2009-12-20 23:24:05',1),(100,9,'add','2009-12-20 23:24:05',0,'2009-12-20 23:24:05',1),(99,9,'edit','2009-12-20 23:24:05',0,'2009-12-20 23:24:05',1),(73,14,'display','2009-12-20 21:32:51',0,'2009-12-20 21:32:51',1),(116,15,'delete','2009-12-21 11:39:21',1,'2009-12-21 11:39:21',0),(126,17,'index','2010-01-13 21:16:44',1,'2010-01-13 21:16:44',0),(268,36,'index','2010-08-24 14:49:18',0,'2010-08-24 14:49:18',1),(269,36,'delete','2010-08-24 14:49:18',0,'2010-08-24 14:49:18',1),(270,36,'edit','2010-08-24 14:49:18',0,'2010-08-24 14:49:18',1),(272,35,'index','2010-08-24 14:49:26',0,'2010-08-24 14:49:26',1),(273,35,'delete','2010-08-24 14:49:26',0,'2010-08-24 14:49:26',1),(274,35,'edit','2010-08-24 14:49:26',0,'2010-08-24 14:49:26',1),(259,5,'delete','2010-08-19 16:26:14',0,'2010-08-19 16:26:14',1),(271,36,'add','2010-08-24 14:49:18',0,'2010-08-24 14:49:18',1),(275,35,'add','2010-08-24 14:49:26',0,'2010-08-24 14:49:26',1),(348,37,'report_per_month_summary','2011-03-22 20:05:58',0,'2011-03-22 20:05:58',1),(347,37,'report_per_month','2011-03-22 20:05:58',0,'2011-03-22 20:05:58',1),(346,37,'add','2011-03-22 20:05:58',0,'2011-03-22 20:05:58',1),(345,37,'report_per_day','2011-03-22 20:05:58',0,'2011-03-22 20:05:58',1),(344,37,'edit','2011-03-22 20:05:58',0,'2011-03-22 20:05:58',1),(319,38,'printhtml','2010-09-27 23:18:18',0,'2010-09-27 23:18:18',1),(318,38,'index','2010-09-27 23:18:18',0,'2010-09-27 23:18:18',1),(317,38,'delete','2010-09-27 23:18:18',0,'2010-09-27 23:18:18',1),(316,38,'edit','2010-09-27 23:18:18',0,'2010-09-27 23:18:18',1),(315,38,'add','2010-09-27 23:18:18',0,'2010-09-27 23:18:18',1),(320,39,'add','2011-01-29 12:52:19',1,'2011-01-29 12:52:19',0),(321,39,'edit','2011-01-29 12:52:19',1,'2011-01-29 12:52:19',0),(322,39,'delete','2011-01-29 12:52:19',1,'2011-01-29 12:52:19',0),(323,39,'index','2011-01-29 12:52:19',1,'2011-01-29 12:52:19',0),(324,40,'add','2011-01-29 14:32:02',1,'2011-01-29 14:32:02',0),(325,40,'edit','2011-01-29 14:32:02',1,'2011-01-29 14:32:02',0),(326,40,'delete','2011-01-29 14:32:02',1,'2011-01-29 14:32:02',0),(327,40,'index','2011-01-29 14:32:02',1,'2011-01-29 14:32:02',0),(328,41,'add','2011-01-29 14:41:21',1,'2011-01-29 14:41:21',0),(329,41,'edit','2011-01-29 14:41:21',1,'2011-01-29 14:41:21',0),(330,41,'delete','2011-01-29 14:41:21',1,'2011-01-29 14:41:21',0),(331,41,'index','2011-01-29 14:41:21',1,'2011-01-29 14:41:21',0),(343,37,'delete','2011-03-22 20:05:58',0,'2011-03-22 20:05:58',1),(342,37,'index','2011-03-22 20:05:58',0,'2011-03-22 20:05:58',1),(341,37,'verify','2011-03-22 20:05:58',0,'2011-03-22 20:05:58',1),(349,37,'approval_list','2011-03-22 20:05:58',0,'2011-03-22 20:05:58',1),(350,37,'report_honor_per_month','2011-03-22 20:05:58',0,'2011-03-22 20:05:58',1);
/*!40000 ALTER TABLE `module_actions` ENABLE KEYS */;
UNLOCK TABLES;

--
-- Table structure for table `modules`
--

DROP TABLE IF EXISTS `modules`;
SET @saved_cs_client     = @@character_set_client;
SET character_set_client = utf8;
CREATE TABLE `modules` (
  `id` int(10) NOT NULL auto_increment,
  `name` varchar(50) NOT NULL,
  `controller` varchar(50) NOT NULL,
  `show_all` tinyint(1) default '1',
  `created` datetime NOT NULL,
  `created_by` int(10) NOT NULL,
  `modified` datetime NOT NULL,
  `modified_by` int(10) NOT NULL,
  PRIMARY KEY  (`id`),
  KEY `name` (`name`),
  KEY `controller` (`controller`),
  KEY `created` (`created`),
  KEY `created_by` (`created_by`)
) ENGINE=MyISAM AUTO_INCREMENT=42 DEFAULT CHARSET=latin1;
SET character_set_client = @saved_cs_client;

--
-- Dumping data for table `modules`
--

LOCK TABLES `modules` WRITE;
/*!40000 ALTER TABLE `modules` DISABLE KEYS */;
INSERT INTO `modules` VALUES (5,'Cities','cities',1,'2009-12-17 12:00:01',1,'2010-08-19 16:26:14',1),(6,'Provinces','provinces',1,'2009-12-17 12:00:17',1,'2009-12-17 12:00:17',0),(8,'Unit Codes','unit_codes',1,'2009-12-17 12:00:54',1,'2009-12-17 12:00:54',0),(9,'Menu','menus',1,'2009-12-17 12:01:06',1,'2009-12-20 23:24:05',1),(10,'Menu Type','menu_types',1,'2009-12-17 12:01:51',1,'2009-12-17 12:01:51',0),(11,'User Management','users',1,'2009-12-17 12:02:55',1,'2009-12-20 23:23:42',1),(12,'Module Management','modules',1,'2009-12-17 12:05:49',1,'2009-12-17 12:05:49',0),(13,'Group Management','groups',1,'2009-12-17 12:47:42',1,'2009-12-17 12:47:42',0),(14,'Pages','pages',1,'2009-12-20 21:29:56',1,'2009-12-20 21:32:51',1),(15,'Settings','site_settings',1,'2009-12-21 11:39:21',1,'2009-12-21 11:39:21',0),(17,'Log Pengguna','user_logs',1,'2010-01-13 21:16:44',1,'2010-01-13 21:16:44',0),(36,'Jabatan','positions',1,'2010-08-20 04:35:57',1,'2010-08-24 14:49:18',1),(35,'Kegiatan','activities',1,'2010-08-20 04:31:32',1,'2010-08-24 14:49:26',1),(37,'Input Kegiatan','act_lists',0,'2010-08-27 19:59:03',1,'2011-03-22 20:05:58',1),(38,'Input DUPAK','dupaks',0,'2010-09-27 23:13:45',1,'2010-09-27 23:18:18',1),(39,'Kelas','student_classes',1,'2011-01-29 12:52:19',1,'2011-01-29 12:52:19',0),(40,'Prodi','study_programs',1,'2011-01-29 14:32:02',1,'2011-01-29 14:32:02',0),(41,'Mata Kuliah','courses',1,'2011-01-29 14:41:21',1,'2011-01-29 14:41:21',0);
/*!40000 ALTER TABLE `modules` ENABLE KEYS */;
UNLOCK TABLES;

--
-- Table structure for table `positions`
--

DROP TABLE IF EXISTS `positions`;
SET @saved_cs_client     = @@character_set_client;
SET character_set_client = utf8;
CREATE TABLE `positions` (
  `id` int(11) NOT NULL auto_increment,
  `name` varchar(100) NOT NULL,
  `special` int(1) default '0',
  `lft` int(11) default NULL,
  `rght` int(11) default NULL,
  `parent_id` int(11) default NULL,
  PRIMARY KEY  (`id`)
) ENGINE=MyISAM AUTO_INCREMENT=176 DEFAULT CHARSET=latin1;
SET character_set_client = @saved_cs_client;

--
-- Dumping data for table `positions`
--

LOCK TABLES `positions` WRITE;
/*!40000 ALTER TABLE `positions` DISABLE KEYS */;
INSERT INTO `positions` VALUES (170,'Guru Besar',0,2,3,174),(171,'Lektor Kepala',0,4,5,174),(172,'Lektor',0,8,9,174),(173,'Asisten Ahli',0,6,7,174),(174,'Ka.Prodi',0,1,10,NULL),(175,'Ka. BAAK',1,11,12,NULL);
/*!40000 ALTER TABLE `positions` ENABLE KEYS */;
UNLOCK TABLES;

--
-- Table structure for table `provinces`
--

DROP TABLE IF EXISTS `provinces`;
SET @saved_cs_client     = @@character_set_client;
SET character_set_client = utf8;
CREATE TABLE `provinces` (
  `id` int(10) unsigned NOT NULL auto_increment,
  `code` varchar(2) default NULL,
  `name` varchar(60) default NULL,
  `created_by` varchar(60) default NULL,
  `created` datetime default NULL,
  `modified_by` varchar(60) default NULL,
  `modified` datetime default NULL,
  PRIMARY KEY  (`id`)
) ENGINE=MyISAM AUTO_INCREMENT=49 DEFAULT CHARSET=latin1;
SET character_set_client = @saved_cs_client;

--
-- Dumping data for table `provinces`
--

LOCK TABLES `provinces` WRITE;
/*!40000 ALTER TABLE `provinces` DISABLE KEYS */;
INSERT INTO `provinces` VALUES (1,'BB','KEPULAUAN BANGKA BELITUNG',NULL,NULL,NULL,NULL),(2,'BK','BENGKULU',NULL,NULL,NULL,NULL),(3,'BL','BALI',NULL,NULL,NULL,NULL),(4,'BT','BANTEN',NULL,NULL,NULL,NULL),(7,'CR','SULAWESI TENGGARA',NULL,NULL,NULL,NULL),(11,'JB','JAWA BARAT',NULL,NULL,NULL,NULL),(18,'KH','KALIMANTAN TENGAH',NULL,NULL,NULL,NULL),(19,'KR','KEPULAUAN RIAU',NULL,NULL,NULL,NULL),(20,'KS','KALIMANTAN SELATAN',NULL,NULL,NULL,NULL),(22,'LP','LAMPUNG',NULL,NULL,NULL,NULL),(23,'ML','MALUKU',NULL,NULL,NULL,NULL),(24,'CB','SULAWESI BARAT',NULL,NULL,NULL,NULL),(25,'CH','SULAWESI TENGAH',NULL,NULL,NULL,NULL),(26,'CS','SULAWESI SELATAN',NULL,NULL,NULL,NULL),(27,'CU','SULAWESI UTARA',NULL,NULL,NULL,NULL),(28,'GT','GORONTALO',NULL,NULL,NULL,NULL),(29,'JH','JAWA TENGAH',NULL,NULL,NULL,NULL),(30,'JK','JAKARTA',NULL,NULL,NULL,NULL),(31,'JM','JAMBI',NULL,NULL,NULL,NULL),(32,'JO','DAERAH ISTIMEWA YOGYAKARTA',NULL,NULL,NULL,NULL),(33,'JT','JAWA TIMUR',NULL,NULL,NULL,NULL),(34,'KB','KALIMANTAN BARAT',NULL,NULL,NULL,NULL),(35,'KT','KALIMANTAN TIMUR',NULL,NULL,NULL,NULL),(36,'MU','MALUKU UTARA',NULL,NULL,NULL,NULL),(37,'NA','NANGROE ACEH DARUSSALAM',NULL,NULL,NULL,NULL),(38,'NB','NUSA TENGGARA BARAT',NULL,NULL,NULL,NULL),(39,'NT','NUSA TENGGARA TIMUR',NULL,NULL,NULL,NULL),(40,'PB','PAPUA BARAT',NULL,NULL,NULL,NULL),(41,'PP','PAPUA',NULL,NULL,NULL,NULL),(42,'RI','RIAU',NULL,NULL,NULL,NULL),(43,'SB','SUMATERA BARAT',NULL,NULL,NULL,NULL),(44,'SS','SUMATERA SELATAN',NULL,NULL,NULL,NULL),(45,'SU','SUMATERA UTARA',NULL,NULL,NULL,NULL),(46,'NY','NEW YORK',NULL,NULL,NULL,NULL),(47,'WS','WASHINGTON DC.',NULL,NULL,NULL,NULL),(48,'BM','BOMBAY',NULL,NULL,NULL,NULL);
/*!40000 ALTER TABLE `provinces` ENABLE KEYS */;
UNLOCK TABLES;

--
-- Table structure for table `site_settings`
--

DROP TABLE IF EXISTS `site_settings`;
SET @saved_cs_client     = @@character_set_client;
SET character_set_client = utf8;
CREATE TABLE `site_settings` (
  `id` smallint(6) NOT NULL auto_increment,
  `param` varchar(20) NOT NULL,
  `value` varchar(100) NOT NULL,
  PRIMARY KEY  (`id`)
) ENGINE=MyISAM AUTO_INCREMENT=11 DEFAULT CHARSET=latin1;
SET character_set_client = @saved_cs_client;

--
-- Dumping data for table `site_settings`
--

LOCK TABLES `site_settings` WRITE;
/*!40000 ALTER TABLE `site_settings` DISABLE KEYS */;
INSERT INTO `site_settings` VALUES (1,'default_lang','ind'),(2,'site_name','Honor Dosen'),(3,'site_address1','Jl. Srengseng Sawah, Jagakarsa, Jakarta Selatan.'),(4,'site_address2','(Sebelah Utara Universitas Indonesia)'),(5,'site_email','htriyanto18@yahoo.co.id'),(6,'site_web','polimedia.ac.id'),(8,'site_phone','0811981962'),(9,'fee_transport','50000'),(10,'fee_honor','50000');
/*!40000 ALTER TABLE `site_settings` ENABLE KEYS */;
UNLOCK TABLES;

--
-- Table structure for table `student_classes`
--

DROP TABLE IF EXISTS `student_classes`;
SET @saved_cs_client     = @@character_set_client;
SET character_set_client = utf8;
CREATE TABLE `student_classes` (
  `id` int(11) NOT NULL auto_increment,
  `study_program_id` int(11) NOT NULL,
  `name` varchar(50) NOT NULL,
  `year_started` int(4) default '0',
  PRIMARY KEY  (`id`),
  KEY `study_program_id` (`study_program_id`)
) ENGINE=MyISAM AUTO_INCREMENT=50 DEFAULT CHARSET=latin1;
SET character_set_client = @saved_cs_client;

--
-- Dumping data for table `student_classes`
--

LOCK TABLES `student_classes` WRITE;
/*!40000 ALTER TABLE `student_classes` DISABLE KEYS */;
INSERT INTO `student_classes` VALUES (2,5,'Teknik Grafika A',2009),(47,7,'Desain Grafis A',2010),(4,5,'Teknik Grafika ',2008),(5,5,'Teknik Grafika B',2009),(6,5,'Teknik Grafika B',2010),(7,6,'Penerbitan ',2008),(8,6,'Penerbitan A',2009),(9,6,'Penerbitan A',2010),(11,6,'Penerbitan B',2009),(12,6,'Penerbitan B',2010),(14,7,'Desain Grafis A',2009),(48,8,'Teknik Kemasan A',2010),(16,7,'Desain Grafis B',2008),(17,7,'Desain Grafis B',2009),(18,7,'Desain Grafis B',2010),(19,5,'Teknik Grafika A',2010),(21,9,'Fotografi A',2010),(49,7,'Desain Grafis A',2008),(23,10,'Periklanan A',2010),(24,10,'Periklanan B',2010);
/*!40000 ALTER TABLE `student_classes` ENABLE KEYS */;
UNLOCK TABLES;

--
-- Table structure for table `students`
--

DROP TABLE IF EXISTS `students`;
SET @saved_cs_client     = @@character_set_client;
SET character_set_client = utf8;
CREATE TABLE `students` (
  `id` int(11) NOT NULL auto_increment,
  `student_class_id` int(11) NOT NULL,
  `name` varchar(100) NOT NULL,
  `npm` varchar(20) default NULL,
  `gender` char(1) default 'M' COMMENT 'M=Male; F=Female',
  PRIMARY KEY  (`id`),
  KEY `student_class_id` (`student_class_id`)
) ENGINE=MyISAM AUTO_INCREMENT=982 DEFAULT CHARSET=latin1;
SET character_set_client = @saved_cs_client;

--
-- Dumping data for table `students`
--

LOCK TABLES `students` WRITE;
/*!40000 ALTER TABLE `students` DISABLE KEYS */;
INSERT INTO `students` VALUES (508,2,'Indra Poltak Natanael','09210013','M'),(553,47,'Kamaludin Nur Fahri','10110018','M'),(552,47,'Rifan Triyadi Permana','10210016','P'),(551,47,'Rachman Nur Fitra','10110028','M'),(550,47,'Rachmad Anwar Nuris','10110026','M'),(549,47,'Priyo Prasetyo','10110025','M'),(548,47,'Maha Putra Sanjaya','10110019','M'),(547,47,'Herdiyani','10110014','P'),(546,47,'Muhammad Alim Aulia','10110021','M'),(545,47,'Ghassani Ghina Amirah','10110012','P'),(544,47,'Ahmad Maspi','10110004','M'),(543,47,'Desnanti Sarachika','10110010','P'),(541,47,'Nissa Ismira','10110023','P'),(542,47,'Akbar Eka Saputra','10110006','M'),(540,47,'Ridwan Afif Hadikusumah','10110029','M'),(539,47,'Ailsa Sarah Rosa Juwita','10110005','P'),(538,47,'Ahmad Ahdiyat Nugraha','10110003','M'),(537,47,'Batmana Priyagung Putra','10110008','M'),(536,47,'Indra Suwindra','10110017','P'),(535,47,'Bibarachatu Masiacha','10110009','M'),(534,47,'Dike Faisal Akbar','10110011','P'),(533,47,'Veronika Nugraningsih','10110031','P'),(532,47,'Ragil Anggraini','10110027','P'),(531,47,'Indra Gunawan','10110016','M'),(530,47,'Nunik Septiyanti','10110024','P'),(529,47,'Indah Rahmawati','10110015','P'),(528,47,'Aditya Nugroho','10110002','M'),(527,47,'Yougest Arsyani Akhmad','10110032','P'),(526,47,'Mochammad Arif R.Z.M.','10110020','M'),(859,18,'Stefanus Yonatan','10110061','M'),(860,18,'Lutfiyah Zahra','10110047','P'),(858,18,'Ahmad Miftah Fahmi','10110035','M'),(857,18,'Rosy Puteri Pertiwi','10110060','P'),(856,18,'Ghassani Ghina Bakhitah','10110042','P'),(855,18,'Puspita Anggraeni','10110056','P'),(854,18,'Avni Heriyawati','10110037','P'),(853,18,'Priambodo Nur Kurniawan','10110054','M'),(852,18,'Rizky David','10110058','M'),(850,18,'Theresa Greacella','10110062','P'),(851,18,'Muhammad Prayudha','10110052','M'),(849,18,'Ahmad Mardi Puro','10110034','M'),(848,18,'Yuan Amelia Tri Utami','10110064','P'),(847,18,'Giri Lantria Utari','10110043','P'),(846,18,'Purnomo Aji','10110055','M'),(845,18,'Agung Bayu Saputro','10110033','M'),(844,18,'Faisal Abrianto Nugroho','10110041','M'),(843,18,'Dody Kurniawan','10110040','M'),(842,18,'Ingrid Pangestu','10110045','P'),(841,18,'Bernhard Suryaningrat','10110038','M'),(840,18,'Nara Sari Hikmatul Husna','10110053','P'),(839,18,'Ulfah Yuniasti','10110063','P'),(667,9,'Robbi Dwi Juwono','10310020','M'),(666,9,'Danang Arya Prayoga','10310006','M'),(665,9,'Yoyong Bamby Sandiari','10310023','M'),(664,9,'Komarudin','10310010','M'),(663,9,'Andika Dwi Annur','10310003','M'),(662,9,'Angga Putra Jarmansyah','10310004','M'),(661,9,'Adhika Patryawan','10310001','M'),(660,9,'M.Adi Syahrannoor','10310016','M'),(659,9,'Reza Firdaus','10310019','M'),(658,9,'Medya Noervihatya Hidayah','10310012','P'),(657,9,'Ariesti Putri Perdana','10310005','P'),(656,9,'Meilina Ika Kurniawati','10310013','P'),(655,9,'Ananda Isti','10310002','P'),(654,9,'Evan Bagus Priadi','10310008','M'),(653,9,'M.Rizky A','10310017','M'),(713,12,'Andri Pramuziono','10310026','M'),(714,12,'Nugroho Nur Hakim','10310039','M'),(711,12,'Selly Ayu Ramdhani','10310045','P'),(712,12,'Ridwan Sebastian','10310043','M'),(710,12,'Mulya Halim','10310038','M'),(709,12,'Muhamad Teguh Irzan','10310037','M'),(708,12,'Putri Permata Sari','10310042','P'),(707,12,'Sheila Marcelia R.A.','10310047','P'),(706,12,'Farid Hidayat','10310032','M'),(705,12,'Aulia Dwiningtyas Putri','10310027','P'),(704,12,'Putri Nurgafi Fitri','10310041','P'),(703,12,'Intan Widowati','10310033','P'),(702,12,'Abdul Rahman','10310024','M'),(701,12,'Muhammad Ghalib','10310035','M'),(700,12,'Ahmad Ekanata Ramadhan','10310025','M'),(699,12,'M.Hamdan Tito Purnomo','10310036','M'),(698,12,'Rudy Nugroho','10310044','M'),(697,12,'Yohan Christian Fernandy','10310046','M'),(880,19,'Kahfi Rahman Nuranwar','10210014','M'),(879,19,'Wahid Mochamad Aziz','10210019','M'),(878,19,'Dosdol Firman Narotama Sinaga','10210008','M'),(877,19,'Rachmat Darmawan','10210015','M'),(876,19,'Dwi Ari Wulandari','10210009','P'),(875,19,'Firda Meira Pratiwi','10210011','P'),(874,19,'Didi Mustopa','10210007','M'),(873,19,'Yuga Riyanda','10210021','M'),(872,19,'Andika Permana','10210003','M'),(871,19,'Sandhy Julivan Cahyadi','10210016','M'),(870,19,'Gerardus Febian Brahma','10210012','M'),(869,19,'Arif Primayuda Seta Giri','10210004','M'),(868,19,'Fajar Nurjannati','10210010','P'),(867,19,'Arif Santoso','10210005','M'),(610,6,'Yohannes','10210041','M'),(609,6,'Haikal Muharrom','10210031','M'),(608,6,'Rachmatulloh Sidik','10210036','M'),(607,6,'Bakti Arbi Ananta','10210024','M'),(606,6,'Eris Efendi','10210027','M'),(605,6,'Dimas Indra Permana Putra','10210026','M'),(604,6,'Syaiful Ikhsan Kusnandar','10210038','M'),(603,6,'Yudhika Gulton','10210042','M'),(602,6,'Aji Kisawan','10210022','M'),(601,6,'Januar Abdulloh','10210032','M'),(600,6,'Verra Rahmawati','10210039','P'),(599,6,'Praditya Chandrawan','10210035','M'),(598,6,'Firman Syah Kurniawan','10210030','M'),(597,6,'Bayu Indra Seyoko','10210043','M'),(924,23,'Asty Intan Pratiwi Widyanti','10410007','P'),(923,23,'Fikri Ghofar El Manik','10410017','M'),(922,23,'Ega Pristanto','10410014','M'),(921,23,'Doddy Iman Prasetyo','10410013','M'),(920,23,'Esha Novian Nuur','10410016','P'),(919,23,'Al Ihsan','10410003','M'),(918,23,'Dimas Adi Putro','10410011','M'),(917,23,'Maria Ulfah','10410028','P'),(916,23,'Irma Dwi Lestari','10410025','P'),(915,23,'Ilham Nurul Huda','10410023','M'),(914,23,'Ibnu Hakim','10410022','M'),(913,23,'Finthantia Apriana Putri','10410018','P'),(912,23,'Dio Luwi Pramudyo','10410012','M'),(911,23,'Diana Nurfiani','10410060','P'),(910,23,'Dhaniar Fatma Yunita','10410010','P'),(909,23,'Bagus Yudhi Prabowo','10410008','M'),(908,23,'Assalwa','10410006','P'),(951,24,'Riza Juniar Adittyo','10410048','M'),(950,24,'Tengku Muhammad Arisyi','10410057','M'),(949,24,'Muhammad Rezy Syahputra','10410033','M'),(948,24,'Rizki Dafinta','10410049','P'),(947,24,'Naruly Octaviella Peking','10410036','P'),(946,24,'Raezy Hasta Pratama','10410043','M'),(945,24,'Sonny Indra Swastian','10410054','M'),(944,24,'Rifqi Pradana','10410045','M'),(943,24,'Taufan Nur Hidayat','10410058','M'),(942,24,'Sri Rejeki','10410056','P'),(941,24,'Sabila Rasyad','10410052','P'),(940,24,'Rizki Grefita','10410050','P'),(939,24,'Rizki Paramita','10410047','P'),(938,24,'Prista Rediza','10410041','P'),(937,24,'Nur Muhammad Azam','10410040','M'),(936,24,'Norman Ihsan Aplaha','10410038','M'),(935,24,'Muhammad Rizqi Hidayatullah','10410034','M'),(934,24,'Mudzakiri Fathonah','10410032','M'),(765,48,'Panji Maulana Ikhsan','10510016','M'),(764,48,'Siti Wulan Sari Maesaroh','10510019','P'),(762,48,'Hafitz Kurniawan','10510009','M'),(763,48,'Isti Sari Sapdiati','10510011','P'),(761,48,'Enggarian Kristian','10510006','M'),(760,48,'Fikri Ramdani','10510007','M'),(759,48,'Reza Mulya Saputra','10510018','M'),(758,48,'Achmad Faisal','10510002','M'),(757,48,'Nor Wulan Nikmah Hidayah','10510015','P'),(756,48,'Khairunnisa Maulidya','10510012','P'),(755,48,'Gemala Siswa Diandra','10510008','M'),(754,48,'Eros','10510021','M'),(753,48,'Aziz Wijaya Bika','10510005','M'),(752,48,'Asep Sugeng Maulana','10510004','M'),(751,48,'Randika Rasyid','10510017','M'),(750,48,'Wahyu Herdiyanto Nugraha','10510020','M'),(749,48,'Mohammad Rizky Adam','10510013','M'),(748,48,'Hairul Shanie','10510010','M'),(902,21,'Fajar Hari Kurniawan','10610008','M'),(901,21,'Priyadi Saputra','10610017','M'),(900,21,'Ardy Yulian Restianto','10610005','M'),(899,21,'Arif Wibowo','10610006','M'),(898,21,'Adia Damar Syamsuri','10610001','P'),(897,21,'Rizka Hutomo','10610020','M'),(896,21,'Sony Santri Adji','10610023','M'),(895,21,'Sri Dian Afrianti Kunto','10610024','P'),(894,21,'Rahmat Darmawan','10610018','M'),(893,21,'Alfian Wicaksono','10610003','M'),(892,21,'Hafidz Faza Kaliet Fantiwijaya','10610011','M'),(891,21,'Ahmad Ilman Sudrajat','10610002','M'),(890,21,'Randy Christianto Putra','10610019','M'),(889,21,'Iqbal Zulfikar','10610012','M'),(888,21,'Fauzia Afriandini','10610030','P'),(887,21,'Frinda Prasetya','10610009','P'),(886,21,'Muhammad Taufiq Ramadhana','10610015','M'),(885,21,'Muhammad Arif','10610014','M'),(639,8,'erina Rizkya','09310008','P'),(638,8,'Ardiyogo','09310003','M'),(637,8,'Ridwan Kurniawan F','09310018','M'),(636,8,'Marega Dwi Putra W','09310011','M'),(635,8,'Boby Chandra O','09310004','M'),(634,8,'Djody Rizky Pratama','09310006','M'),(633,8,'Nova Woro M','09310015','P'),(632,8,'Septiana Putri Dewanti','09310020','P'),(631,8,'Muchtar Aryadi','09310013','M'),(630,8,'Yohanes T','09310025','M'),(689,11,'Dito Agung Galih Prakoso','09310035','M'),(688,11,'Rizky Asrianda','09310050','P'),(687,11,'Dewi Sartika','09310034','P'),(686,11,'Arif P Ramadhan','09310030','M'),(685,11,'Novitasari','09310048','M'),(684,11,'Hardiansyah','09310040','M'),(683,11,'Asep Lukman Nulhakim','09310031','M'),(682,11,'Khamarudin Asan Putra','09310043','M'),(681,11,'Ade Nurhandayani','09310027','M'),(680,11,'Imam Fithroturohman','09310041','M'),(679,11,'Eka Sulistyani','09310038','P'),(678,11,'Cahyo Prasetyo','09310032','M'),(677,11,'Dwi Haris Septian','09310036','M'),(676,11,'Lutfhi Widhi Wijanarko','09310044','M'),(507,2,'Amry Manan Putra','09210002','M'),(506,2,'Waluyo','09210025','M'),(505,2,'Raden Aulia Briliant','09210018','M'),(504,2,'Prabowo','09210017','M'),(503,2,'Ahmad Fadhli Habibie','09210001','M'),(576,5,'Bayu Putra Pratama','09210032','M'),(575,5,'Idam Permadi','09210038','M'),(574,5,'Luhur Pambudi','09210042','M'),(573,5,'Rizky Aulia Walidaini','09210047','P'),(572,5,'Saiful Hidayat','09210048','M'),(571,5,'Ajib Gunawan','09210029','M'),(728,14,'Ahmad Riyadi','09110001','M'),(727,14,'Harindra Dwiky','09110013','M'),(726,14,'Ignatius Irsto Geovandi','09110014','M'),(725,14,'Bagus Sanjaya','09110006','M'),(724,14,'Muhammad Luthfi Fuad','09110021','M'),(723,14,'Kurniawan Adi Prasetyo','09110016','M'),(722,14,'Delfi Febriana','09110007','P'),(721,14,'Wanda Nurina Sara','09110031','P'),(720,14,'Syaifu Muhammad Sabil','09110028','M'),(719,14,'Putri Dwi Jayanti','09110025','P'),(718,14,'Adrianus Gebyar','09110002','M'),(834,17,'Deto Wulung Samudro','09110042','M'),(833,17,'Josep Riky Julianto S','09110050','M'),(832,17,'Sunti Sriwanti','09110063','P'),(831,17,'Desti Ratna Sari','09110041','P'),(830,17,'Selmi Fauziyah','09110062','P'),(829,17,'Ranni Rahayu Agusti','09110059','P'),(828,17,'Handi Cristianto','09110047','M'),(827,17,'M.Rizki Ramadhan','09110057','M'),(826,17,'Annisa Tri Yudhi A','09110038','M'),(824,17,'Rudi Diana','09110061','M'),(825,17,'Rahayu Agusty S','09110058','P'),(823,17,'Fatrylisia Intansari','09110043','P'),(822,17,'Muhammad Fedel Ramadhan','09110055','M'),(821,17,'Abdul Muis Maulida','09110033','M'),(820,17,'Antariksa','09110039','M'),(819,17,'Daniel Perdamean','09110040','M'),(621,7,'Eka Michelina','08310006','P'),(620,7,'Suci Nursila','08310013','P'),(619,7,'Hasbi Ash Shidiqi','08310008','M'),(618,7,'Abdul Aziz Rahardian','08310001','M'),(617,7,'Dennis Afri Saptanto','08310017','M'),(732,14,'O. Sulastri WS.','09110023','P'),(731,14,'Ghia Arya Widura','09110011','P'),(730,14,'Rizky Aldila Rahman','09110026','M'),(729,14,'Dinanto Prio Dharsono','09110008','M'),(567,4,'Revo Yasin Wibowo','08110012','M'),(566,4,'Septian Ananto','08110006','M'),(565,4,'Sutarto','08110007','M'),(564,4,'Chaerul Umam','08110014','M'),(563,4,'Ahmad Gama Reza Pahlevi','08110002','M'),(562,4,'Dahzat Sella Pramesta','08110003','M'),(561,4,'M. Firdaus Agus Setyawan','08110004','M'),(560,4,'Akhirudin Muhammad Fatwa','08110011','M'),(559,4,'Tommy Wily Bonytua','08110008','M'),(509,2,'Ardhan Rizky Rifai','09210003','M'),(510,2,'Bagoes Mawandi','09210005','M'),(511,2,'Azka Mulki Rabbani','09210004','P'),(512,2,'Bustanil Arifin','09210006','M'),(513,2,'Chandra Apriyanto','09210007','M'),(514,2,'Gema Widya Sastra P.','09210009','M'),(515,2,'Hafizh','09210010','M'),(516,2,'Harist Muhammad Hawalli','09210011','M'),(517,2,'Hendra Hermawan','09210012','M'),(518,2,'Nurdin Haryadi','09210016','M'),(519,2,'Raka Yudha Pratama','09210019','M'),(520,2,'Randi Ade Putra','09210020','M'),(521,2,'Romario','09210021','M'),(522,2,'Simon Julius Caesar Siregar','09210023','M'),(523,2,'Taruna Hadi Tyio','09210024','M'),(524,2,'Yakub Rosihan Anwar','09210026','M'),(525,2,'Zaenudin Fachmi','09210027','M'),(554,47,'Gita Gea Novalita Irawan','10110013','P'),(555,47,'Alfian Islami','10110007','M'),(556,47,'Adityo Bayu Aji','10110034','M'),(557,47,'Muhammad Ryan F','10110022','M'),(558,47,'Senna Listinarani','10110029','P'),(568,4,'Nevia Sisca Merdeka Sari','08110005','P'),(569,4,'Adi Putra Indra Perkasa','08110010','M'),(570,4,'Jaeni Suryadi','08110015','M'),(577,5,'Dhona Rohmatullah','09210033','M'),(578,5,'Hendra Darmawan','09210037','M'),(579,5,'Wiwit Dwi Aryanto','09210051','M'),(580,5,'Amalia Riski','09210030','M'),(581,5,'Bagus Aryanto','09210031','M'),(582,5,'Ferdinandus Kristiantianto P','09210034','M'),(583,5,' Ferry Armon','09210035','M'),(584,5,'Helmi Nugraha','09210036','M'),(585,5,'Indra Anugrah Legowo','09210039','M'),(586,5,'Jefri Dwi Cahyanto','09210040','M'),(587,5,'Kemal Firdaus','09210041','M'),(588,5,'Maryanto Linggi','09210043','M'),(589,5,'Muhammad Arif','09210044','M'),(590,5,'Muhammad Maulidin','09210045','M'),(591,5,'Muhammad Nur Samury','09210046','M'),(592,5,'Samsul Maliki','09210049','M'),(593,5,'Sopan Hadi Wahtudi','09210050','M'),(594,5,'Jonesius Julindo Purba','09210052','M'),(595,5,'Jaenal Abidin','09210053','M'),(596,5,'Rosliana Handayani','09210022','P'),(611,6,'Risa Adityo','10210037','M'),(612,6,'Achmad Rifai','10210044','M'),(613,6,'Vieky Wijaya Muchend','10210040','M'),(614,6,'Nurrohman','10210033','M'),(615,6,'Nuryasin Purnama','10210034','M'),(616,6,'Aliff Reimanda','10210023','M'),(622,7,'Aliefici G.Rahmarta','08310015','M'),(623,7,'Iman Fathurahman','08310010','M'),(624,7,'Alekcander Tulus Endrile','08310002','M'),(625,7,'Arif Hendriyani','08310003','M'),(626,7,'Bambang Oktavianto','08310004','M'),(627,7,'Dameria Octavia','08310005','P'),(628,7,'Johan Darmansyah','08310011','M'),(629,7,'Taufiqur Rahman','08310014','M'),(640,8,'Hilda Yunita','09310010','P'),(641,8,'Daniel Okta Brianta','09310005','M'),(642,8,'Theresia Desyrina','09310021','P'),(643,8,'Ahmad Yordan Kiagung','09310001','M'),(644,8,'Angga Azdi Saskia','09310002','M'),(645,8,'Egi Septio Hadi','09310007','M'),(646,8,'Firdaus Fauzur Rachman','09310009','M'),(647,8,'Muhammad Yuda','09310014','M'),(648,8,'Octaria Sanjaya','09310016','M'),(649,8,'Nurlaela Yusuf','09310017','P'),(650,8,'Trio Edie Setiawan','09310022','M'),(651,8,'Wadirin','09310023','M'),(652,8,'Wini Nurhanifah','09310024','P'),(668,9,'Novian Prasetyo','10310018','M'),(669,9,'Tiara Zatin Hananum','10310021','P'),(670,9,'Mohammad Rizal Syachbuddin Gofur','10310014','M'),(671,9,'Farrah Diba','10310009','P'),(672,9,'Muhammad Irfan Prasetyanto','10310015','M'),(673,9,'Toni Aristianto','10310022','M'),(674,9,'Deny Hamzah','10310007','M'),(675,9,'Lutfi Julhram','10310011','M'),(690,11,'Edwin Riandi Anugerah','09310037','M'),(691,11,'Made Agung Dwi Angga','09310045','M'),(692,11,'Jivo Huseri','09310042','M'),(693,11,'Desy Irta Iriyanti','09310033','P'),(694,11,'Michael C Prabowo','09310046','M'),(695,11,'Agus Hermawan','09310029','M'),(696,11,'Fauziah Purwanti','09310039','P'),(715,12,'Nurul Khabibah','10310040','P'),(716,12,'Chaerunnisa Pashya','10310029','P'),(717,12,'Dhanu Tri Yudanto','10310031','M'),(733,14,'Aggi Rachmadana','09110003','P'),(734,14,'Andhika Adi Wijaya','09110004','M'),(735,14,'Annissa Primasari','09110005','P'),(736,14,'Febri Kurniawan','09110009','M'),(737,14,'Gayuh Rahartini','09110010','P'),(738,14,'Habibah Nurwahdah','09110012','P'),(739,14,'John Ruth','09110015','M'),(740,14,'Marsela Marji','09110017','P'),(741,14,'Roberto Charles Leba','09110027','M'),(742,14,'Sigit Hapsoro','09110029','M'),(743,14,'Sofyan Ilyas','09110030','M'),(744,14,'Widiasmi Pangestika','09110032','P'),(745,14,'Ahmad Nurhasan','09110029','M'),(746,14,'Rio Johansen','09110042','M'),(747,14,'Zakki Fauran','09110051','M'),(766,48,'Abdullah Arie Saputra Fratama','10510001','M'),(767,48,'Androgama Jaya Pranata','10510003','M'),(768,48,'Muhammad Ryan Adnan','10510014','M'),(769,16,'Ahmad Nur Hasan','08110029','M'),(770,16,'Anggi Andika','08110002','P'),(771,16,'Dara Puspita','08110033','P'),(772,16,'Fauzan Syaugi','08110007','M'),(773,16,'Ferdi Setiawan','08110008','M'),(774,16,'Arif Nurhidayat','08110036','M'),(775,16,'Fajar Prasdianto','08110037','M'),(776,16,'Putra Fadillah','08110011','M'),(777,16,'Sendi Sabri','08110015','M'),(778,16,'Muhamad Ullinuha','08110040','M'),(779,16,'Suhartaman Arifin','08110016','M'),(780,16,'Tri Wibowo','08110017','M'),(781,16,'Zulkifli Muin','08110023','M'),(782,16,'Sodri Firdaus','08110046','M'),(783,16,'Indra Lesmana','08110024','M'),(784,16,'Septian Hadi','08110048','M'),(785,16,'Dwi Cahyo Purnomo','08110054','M'),(786,16,'Syahril Ramazar','08110056','M'),(787,16,'Ajeng Tri Marthaningrum','08110057','P'),(818,17,'Andhika Herlambang','09110037','M'),(817,17,'Ismalia Indrianti','09110049','P'),(816,17,'Mutiah Rahmah','09110056','P'),(815,17,'Alifiani Nooringtyas','09110036','P'),(814,17,'Alhamdi Ahzan','09110035','M'),(813,17,'Dian Indra Dwi Putra','08110035','M'),(835,17,'Ginanjar Wiranata','09110046','M'),(836,17,'Kevin Arya Permana','09110051','M'),(837,17,'Rezha Filial H','09110060','M'),(838,17,'Zul Putra','09110064','M'),(861,18,'M.Ramdani Budianshari','10110048','M'),(862,18,'Muhammad Iqbal','10110051','M'),(863,18,'Gunawan Muin','10110044','M'),(864,18,'Ricky Marendy','10110057','M'),(865,18,'Fil Ardli Seplandu Safari','10110066','M'),(866,18,'Iman Erlangga','10110065','M'),(881,19,'Aditya Indra Rismanto','10210001','M'),(882,19,'Tya Yudistyana','10210018','P'),(883,19,'Heri Yuliana','10210013','M'),(884,19,'Dimas Maisanto','10210045','M'),(903,21,'Rizky Abdu Rahman','10610021','M'),(904,21,'Onkky Wahyu Al Pratama','10610016','M'),(905,21,'Samantha Lodia Natasya Abraham','10610022','P'),(906,21,'Gusti Made Artanto','10610010','M'),(907,21,'Ken Levi Kertangi','10610013','M'),(925,23,'Khalil','10410026','M'),(926,23,'Agi Faturrahman','10410001','M'),(927,23,'Fitriani Larasari','10410019','M'),(928,23,'Desi Arnianti Kriswanto','10410009','P'),(929,23,'Eka Novi Riana','10410015','P'),(930,23,'Aldy Wisnu Prabowo','10410004','M'),(931,23,'Ahmad Faisal','10410002','M'),(932,23,'Hazar Fazriah','10410020','P'),(933,23,'Maulana Akhmad','10410029','M'),(952,24,'Vivin Verdianty Putri','10410058','P'),(953,24,'Moh.Eippudin','10410031','M'),(954,24,'Windy Anindya Putri','10410059','P'),(955,24,'Miya Warniasih','10410030','P'),(956,24,'Propanardilla Iman Dayasha','10410042','M'),(957,24,'Sarah Ramadhania Putri','10410051','P'),(958,24,'Nazar Rizaldi','10410037','M'),(959,24,'Muhammad Miftakhur Rizaq','10410035','M'),(960,24,'Nur Fazar Rizki Suseno','10410039','M'),(961,24,'Rahmat Masrul Rifai','10410044','M'),(962,24,'Risca Anriani','10410046','P'),(963,49,'Alexander Cornelius','08110001','M'),(964,49,'Andi Al Kindi Yusuf','08110031','M'),(965,49,'Budi Maulani','08110005','M'),(966,49,'Douglas Febriyanto S','08110034','M'),(967,49,'Krisna Ramadhan Putra','08110009','M'),(968,49,'Tri Cahya Berlian','08110010','P'),(969,49,'Irma Nuraeni','08110038','P'),(970,49,'Ryan Kalid','08110013','M'),(971,49,'Rick Chaniago','08110014','M'),(972,49,'Sambodo Agung W','08110044','M'),(973,49,'Wahyu Nurwadini','08110019','M'),(974,49,'Willy Prasetya M','08110021','M'),(975,49,'Yustira Arga Mandala','08110022','M'),(976,49,'Satria Parmana','08110045','M'),(977,49,'Ahmad Muhajir','08110026','M'),(978,49,'Mira Ratna Kirana','08110028','P'),(979,49,'Wahyu Kusmawan','08110050','M'),(980,49,'M.Haji Nurhidayat','08110053','M'),(981,49,'Budi Putra Kharisma','08110055','M');
/*!40000 ALTER TABLE `students` ENABLE KEYS */;
UNLOCK TABLES;

--
-- Table structure for table `study_programs`
--

DROP TABLE IF EXISTS `study_programs`;
SET @saved_cs_client     = @@character_set_client;
SET character_set_client = utf8;
CREATE TABLE `study_programs` (
  `id` int(11) NOT NULL auto_increment,
  `name` varchar(50) NOT NULL,
  PRIMARY KEY  (`id`)
) ENGINE=MyISAM AUTO_INCREMENT=11 DEFAULT CHARSET=latin1;
SET character_set_client = @saved_cs_client;

--
-- Dumping data for table `study_programs`
--

LOCK TABLES `study_programs` WRITE;
/*!40000 ALTER TABLE `study_programs` DISABLE KEYS */;
INSERT INTO `study_programs` VALUES (5,'Teknik Grafika'),(6,'Penerbitan'),(7,'Desain Grafis'),(8,'Teknik Kemasan'),(9,'Fotografi'),(10,'Periklanan');
/*!40000 ALTER TABLE `study_programs` ENABLE KEYS */;
UNLOCK TABLES;

--
-- Table structure for table `unit_codes`
--

DROP TABLE IF EXISTS `unit_codes`;
SET @saved_cs_client     = @@character_set_client;
SET character_set_client = utf8;
CREATE TABLE `unit_codes` (
  `id` smallint(6) NOT NULL auto_increment,
  `name` varchar(100) NOT NULL,
  `code` varchar(10) NOT NULL,
  `created` datetime NOT NULL,
  `created_by` int(10) NOT NULL,
  `modified` datetime NOT NULL,
  `modified_by` int(10) NOT NULL,
  PRIMARY KEY  (`id`),
  UNIQUE KEY `code` (`code`),
  KEY `name` (`name`)
) ENGINE=MyISAM AUTO_INCREMENT=63 DEFAULT CHARSET=latin1;
SET character_set_client = @saved_cs_client;

--
-- Dumping data for table `unit_codes`
--

LOCK TABLES `unit_codes` WRITE;
/*!40000 ALTER TABLE `unit_codes` DISABLE KEYS */;
INSERT INTO `unit_codes` VALUES (50,'Program Studi Teknik Kemasan','4','2010-08-13 08:28:39',2,'2011-01-29 17:22:06',2),(51,'Program Studi Desain Grafis','3','2010-08-13 08:29:05',2,'2011-01-29 17:21:53',2),(52,'Program Studi Periklanan','6','2010-08-13 08:29:18',2,'2011-01-29 17:22:27',2),(53,'Program Studi Penerbitan','2','2010-08-13 08:29:30',2,'2011-01-29 17:21:44',2),(54,'Program Studi Fotografi','5','2010-08-13 08:29:44',2,'2011-01-29 17:22:20',2),(62,'Program Studi Teknik Grafika','1','2011-01-29 17:21:09',2,'2011-01-29 17:21:30',2);
/*!40000 ALTER TABLE `unit_codes` ENABLE KEYS */;
UNLOCK TABLES;

--
-- Table structure for table `user_logs`
--

DROP TABLE IF EXISTS `user_logs`;
SET @saved_cs_client     = @@character_set_client;
SET character_set_client = utf8;
CREATE TABLE `user_logs` (
  `id` int(11) NOT NULL,
  `user_id` int(11) NOT NULL,
  `ip_address` char(15) NOT NULL,
  `controller` varchar(50) NOT NULL,
  `action` varchar(50) NOT NULL,
  `request_method` varchar(10) NOT NULL,
  `referer` varchar(100) NOT NULL,
  `url` varchar(100) NOT NULL,
  `user_agent` tinytext NOT NULL,
  `created` datetime NOT NULL,
  KEY `user_id` (`user_id`),
  KEY `ip_address` (`ip_address`),
  KEY `created` (`created`)
) ENGINE=MyISAM DEFAULT CHARSET=latin1;
SET character_set_client = @saved_cs_client;

--
-- Dumping data for table `user_logs`
--

LOCK TABLES `user_logs` WRITE;
/*!40000 ALTER TABLE `user_logs` DISABLE KEYS */;
INSERT INTO `user_logs` VALUES (0,1,'180.243.248.159','users','index','GET','http://la.baukpoltek.net/users/','/index.php?url=users/index/page:1&ajax=1','Mozilla/5.0 (Windows NT 5.1; rv:2.0) Gecko/20100101 Firefox/4.0','2011-03-30 09:34:03'),(0,1,'180.243.248.159','users','index','GET','http://la.baukpoltek.net/users/','/index.php?url=users/index/page:3&ajax=1','Mozilla/5.0 (Windows NT 5.1; rv:2.0) Gecko/20100101 Firefox/4.0','2011-03-30 09:33:55'),(0,1,'180.243.248.159','users','index','GET','http://la.baukpoltek.net/users/','/index.php?url=users/index/page:4&ajax=1','Mozilla/5.0 (Windows NT 5.1; rv:2.0) Gecko/20100101 Firefox/4.0','2011-03-30 09:33:57'),(0,1,'180.243.248.159','users','index','GET','http://la.baukpoltek.net/users/','/index.php?url=users/index/page:2&ajax=1','Mozilla/5.0 (Windows NT 5.1; rv:2.0) Gecko/20100101 Firefox/4.0','2011-03-30 09:33:53'),(0,1,'180.243.248.159','users','index','GET','http://la.baukpoltek.net/student_classes/edit/24','/index.php?url=users/','Mozilla/5.0 (Windows NT 5.1; rv:2.0) Gecko/20100101 Firefox/4.0','2011-03-30 09:33:48'),(0,1,'180.243.248.159','student_classes','edit','GET','http://la.baukpoltek.net/student_classes','/index.php?url=student_classes/edit/24','Mozilla/5.0 (Windows NT 5.1; rv:2.0) Gecko/20100101 Firefox/4.0','2011-03-30 09:32:36'),(0,1,'180.243.248.159','student_classes','index','GET','http://la.baukpoltek.net/student_classes','/index.php?url=student_classes/index/page:2&ajax=1','Mozilla/5.0 (Windows NT 5.1; rv:2.0) Gecko/20100101 Firefox/4.0','2011-03-30 09:32:31'),(0,1,'180.243.248.159','student_classes','edit','GET','http://la.baukpoltek.net/student_classes','/index.php?url=student_classes/edit/23','Mozilla/5.0 (Windows NT 5.1; rv:2.0) Gecko/20100101 Firefox/4.0','2011-03-30 09:32:00'),(0,1,'180.243.248.159','student_classes','edit','GET','http://la.baukpoltek.net/student_classes','/index.php?url=student_classes/edit/22','Mozilla/5.0 (Windows NT 5.1; rv:2.0) Gecko/20100101 Firefox/4.0','2011-03-30 09:31:32'),(0,1,'180.243.248.159','student_classes','index','GET','http://la.baukpoltek.net/student_classes','/index.php?url=student_classes/index/page:2&ajax=1','Mozilla/5.0 (Windows NT 5.1; rv:2.0) Gecko/20100101 Firefox/4.0','2011-03-30 09:31:57'),(0,1,'180.243.248.159','student_classes','index','GET','http://la.baukpoltek.net/student_classes','/index.php?url=student_classes/index/page:2&ajax=1','Mozilla/5.0 (Windows NT 5.1; rv:2.0) Gecko/20100101 Firefox/4.0','2011-03-30 09:31:29'),(0,1,'180.243.248.159','student_classes','edit','GET','http://la.baukpoltek.net/student_classes','/index.php?url=student_classes/edit/21','Mozilla/5.0 (Windows NT 5.1; rv:2.0) Gecko/20100101 Firefox/4.0','2011-03-30 09:30:22'),(0,1,'180.243.248.159','student_classes','edit','GET','http://la.baukpoltek.net/student_classes','/index.php?url=student_classes/edit/20','Mozilla/5.0 (Windows NT 5.1; rv:2.0) Gecko/20100101 Firefox/4.0','2011-03-30 09:29:43'),(0,1,'180.243.248.159','student_classes','edit','GET','http://la.baukpoltek.net/student_classes','/index.php?url=student_classes/edit/19','Mozilla/5.0 (Windows NT 5.1; rv:2.0) Gecko/20100101 Firefox/4.0','2011-03-30 09:29:09'),(0,1,'180.243.248.159','student_classes','edit','GET','http://la.baukpoltek.net/student_classes','/index.php?url=student_classes/edit/17','Mozilla/5.0 (Windows NT 5.1; rv:2.0) Gecko/20100101 Firefox/4.0','2011-03-30 09:27:31'),(0,1,'180.243.248.159','student_classes','edit','GET','http://la.baukpoltek.net/student_classes','/index.php?url=student_classes/edit/18','Mozilla/5.0 (Windows NT 5.1; rv:2.0) Gecko/20100101 Firefox/4.0','2011-03-30 09:28:24'),(0,1,'180.243.248.159','student_classes','edit','GET','http://la.baukpoltek.net/student_classes','/index.php?url=student_classes/edit/16','Mozilla/5.0 (Windows NT 5.1; rv:2.0) Gecko/20100101 Firefox/4.0','2011-03-30 09:26:47'),(0,1,'180.243.248.159','student_classes','edit','GET','http://la.baukpoltek.net/student_classes','/index.php?url=student_classes/edit/48','Mozilla/5.0 (Windows NT 5.1; rv:2.0) Gecko/20100101 Firefox/4.0','2011-03-30 09:26:06'),(0,1,'180.243.248.159','student_classes','edit','GET','http://la.baukpoltek.net/student_classes','/index.php?url=student_classes/edit/10','Mozilla/5.0 (Windows NT 5.1; rv:2.0) Gecko/20100101 Firefox/4.0','2011-03-30 09:22:04'),(0,1,'180.243.248.159','student_classes','edit','GET','http://la.baukpoltek.net/student_classes','/index.php?url=student_classes/edit/11','Mozilla/5.0 (Windows NT 5.1; rv:2.0) Gecko/20100101 Firefox/4.0','2011-03-30 09:22:45'),(0,1,'180.243.248.159','student_classes','edit','GET','http://la.baukpoltek.net/student_classes','/index.php?url=student_classes/edit/12','Mozilla/5.0 (Windows NT 5.1; rv:2.0) Gecko/20100101 Firefox/4.0','2011-03-30 09:23:35'),(0,1,'180.243.248.159','student_classes','edit','GET','http://la.baukpoltek.net/student_classes','/index.php?url=student_classes/edit/13','Mozilla/5.0 (Windows NT 5.1; rv:2.0) Gecko/20100101 Firefox/4.0','2011-03-30 09:24:13'),(0,1,'180.243.248.159','student_classes','edit','GET','http://la.baukpoltek.net/student_classes','/index.php?url=student_classes/edit/14','Mozilla/5.0 (Windows NT 5.1; rv:2.0) Gecko/20100101 Firefox/4.0','2011-03-30 09:25:09'),(0,1,'180.243.248.159','student_classes','edit','GET','http://la.baukpoltek.net/student_classes','/index.php?url=student_classes/edit/8','Mozilla/5.0 (Windows NT 5.1; rv:2.0) Gecko/20100101 Firefox/4.0','2011-03-30 09:20:31'),(0,1,'180.243.248.159','student_classes','edit','GET','http://la.baukpoltek.net/student_classes','/index.php?url=student_classes/edit/9','Mozilla/5.0 (Windows NT 5.1; rv:2.0) Gecko/20100101 Firefox/4.0','2011-03-30 09:21:09'),(0,1,'180.243.248.159','student_classes','edit','GET','http://la.baukpoltek.net/student_classes','/index.php?url=student_classes/edit/6','Mozilla/5.0 (Windows NT 5.1; rv:2.0) Gecko/20100101 Firefox/4.0','2011-03-30 09:19:01'),(0,1,'180.243.248.159','student_classes','edit','GET','http://la.baukpoltek.net/student_classes','/index.php?url=student_classes/edit/7','Mozilla/5.0 (Windows NT 5.1; rv:2.0) Gecko/20100101 Firefox/4.0','2011-03-30 09:19:52'),(0,1,'180.243.248.159','student_classes','edit','GET','http://la.baukpoltek.net/student_classes','/index.php?url=student_classes/edit/5','Mozilla/5.0 (Windows NT 5.1; rv:2.0) Gecko/20100101 Firefox/4.0','2011-03-30 09:18:23'),(0,1,'180.243.248.159','student_classes','edit','GET','http://la.baukpoltek.net/student_classes','/index.php?url=student_classes/edit/5','Mozilla/5.0 (Windows NT 5.1; rv:2.0) Gecko/20100101 Firefox/4.0','2011-03-30 09:18:22'),(0,1,'180.243.248.159','student_classes','edit','GET','http://la.baukpoltek.net/student_classes','/index.php?url=student_classes/edit/4','Mozilla/5.0 (Windows NT 5.1; rv:2.0) Gecko/20100101 Firefox/4.0','2011-03-30 09:17:38'),(0,1,'180.243.248.159','student_classes','edit','GET','http://la.baukpoltek.net/student_classes','/index.php?url=student_classes/edit/47','Mozilla/5.0 (Windows NT 5.1; rv:2.0) Gecko/20100101 Firefox/4.0','2011-03-30 09:16:24'),(0,1,'180.243.248.159','student_classes','edit','GET','http://la.baukpoltek.net/student_classes','/index.php?url=student_classes/edit/4','Mozilla/5.0 (Windows NT 5.1; rv:2.0) Gecko/20100101 Firefox/4.0','2011-03-30 09:17:37'),(0,1,'180.243.248.159','student_classes','edit','GET','http://la.baukpoltek.net/student_classes','/index.php?url=student_classes/edit/47','Mozilla/5.0 (Windows NT 5.1; rv:2.0) Gecko/20100101 Firefox/4.0','2011-03-30 09:16:24'),(0,1,'180.243.248.159','student_classes','index','GET','http://la.baukpoltek.net/','/index.php?url=student_classes','Mozilla/5.0 (Windows NT 5.1; rv:2.0) Gecko/20100101 Firefox/4.0','2011-03-30 09:15:27'),(0,1,'180.243.248.159','student_classes','index','GET','http://la.baukpoltek.net/','/index.php?url=student_classes','Mozilla/5.0 (Windows NT 5.1; rv:2.0) Gecko/20100101 Firefox/4.0','2011-03-30 09:15:27'),(0,1,'180.243.248.159','student_classes','edit','GET','http://la.baukpoltek.net/student_classes','/index.php?url=student_classes/edit/2','Mozilla/5.0 (Windows NT 5.1; rv:2.0) Gecko/20100101 Firefox/4.0','2011-03-30 09:15:31'),(0,1,'180.243.248.159','pages','display','GET','http://la.baukpoltek.net/users/login','/','Mozilla/5.0 (Windows NT 5.1; rv:2.0) Gecko/20100101 Firefox/4.0','2011-03-30 09:15:21'),(0,1,'202.153.225.69','pages','display','GET','http://la.baukpoltek.net/users/login','/','Mozilla/5.0 (X11; U; Linux i686; en-US; rv:1.9.2.12) Gecko/20101027 Ubuntu/10.10 (maverick) Firefox/3.6.12','2011-04-02 14:07:03'),(0,1,'202.153.225.69','users','login','GET','http://la.baukpoltek.net/users/login','/index.php?url=users/login','Mozilla/5.0 (X11; U; Linux i686; en-US; rv:1.9.2.12) Gecko/20101027 Ubuntu/10.10 (maverick) Firefox/3.6.12','2011-04-02 14:07:02'),(0,1,'180.243.248.159','act_lists','edit','GET','http://la.baukpoltek.net/act_lists','/index.php?url=act_lists/edit/10','Mozilla/5.0 (Windows; U; Windows NT 5.1; en-US; rv:1.9.2.16) Gecko/20110319 Firefox/3.6.16','2011-04-02 13:21:29'),(0,1,'180.243.248.159','act_lists','index','GET','http://la.baukpoltek.net/groups','/index.php?url=act_lists','Mozilla/5.0 (Windows; U; Windows NT 5.1; en-US; rv:1.9.2.16) Gecko/20110319 Firefox/3.6.16','2011-04-02 13:21:25'),(0,1,'180.243.248.159','groups','index','GET','http://la.baukpoltek.net/','/index.php?url=groups','Mozilla/5.0 (Windows; U; Windows NT 5.1; en-US; rv:1.9.2.16) Gecko/20110319 Firefox/3.6.16','2011-04-02 13:14:18'),(0,162,'180.243.248.159','users','logout','GET','http://la.baukpoltek.net/','/index.php?url=users/logout','Mozilla/5.0 (Windows; U; Windows NT 5.1; en-US; rv:1.9.2.16) Gecko/20110319 Firefox/3.6.16','2011-04-02 13:14:06'),(0,1,'180.243.248.159','pages','display','GET','http://la.baukpoltek.net/users/login','/','Mozilla/5.0 (Windows; U; Windows NT 5.1; en-US; rv:1.9.2.16) Gecko/20110319 Firefox/3.6.16','2011-04-02 13:14:15'),(0,162,'180.243.248.159','act_lists','approval_list','GET','http://la.baukpoltek.net/','/index.php?url=act_lists/approval_list','Mozilla/5.0 (Windows; U; Windows NT 5.1; en-US; rv:1.9.2.16) Gecko/20110319 Firefox/3.6.16','2011-04-02 13:12:30'),(0,162,'180.243.248.159','users','logout','GET','http://la.baukpoltek.net/users/login','/index.php?url=users/logout','Mozilla/5.0 (Windows; U; Windows NT 5.1; en-US; rv:1.9.2.16) Gecko/20110319 Firefox/3.6.16','2011-04-02 13:12:12'),(0,162,'180.243.248.159','pages','display','GET','http://la.baukpoltek.net/users/login','/','Mozilla/5.0 (Windows; U; Windows NT 5.1; en-US; rv:1.9.2.16) Gecko/20110319 Firefox/3.6.16','2011-04-02 13:12:26'),(0,194,'180.243.248.159','users','index','GET','http://la.baukpoltek.net/users/login','/index.php?url=users','Mozilla/5.0 (Windows; U; Windows NT 5.1; en-US; rv:1.9.2.16) Gecko/20110319 Firefox/3.6.16','2011-04-02 12:33:40'),(0,194,'180.243.248.159','users','permission_denied','GET','http://la.baukpoltek.net/users/login','/index.php?url=users/permission_denied','Mozilla/5.0 (Windows; U; Windows NT 5.1; en-US; rv:1.9.2.16) Gecko/20110319 Firefox/3.6.16','2011-04-02 12:33:40'),(0,1,'180.243.248.159','users','logout','GET','http://la.baukpoltek.net/users','/index.php?url=users/logout','Mozilla/5.0 (Windows; U; Windows NT 5.1; en-US; rv:1.9.2.16) Gecko/20110319 Firefox/3.6.16','2011-04-02 12:33:28'),(0,1,'180.243.248.159','users','add','GET','http://la.baukpoltek.net/users','/index.php?url=users/add','Mozilla/5.0 (Windows; U; Windows NT 5.1; en-US; rv:1.9.2.16) Gecko/20110319 Firefox/3.6.16','2011-04-02 12:32:30'),(0,1,'180.243.248.159','users','add','POST','http://la.baukpoltek.net/users/add','/index.php?url=users/add','Mozilla/5.0 (Windows; U; Windows NT 5.1; en-US; rv:1.9.2.16) Gecko/20110319 Firefox/3.6.16','2011-04-02 12:33:22'),(0,1,'180.243.248.159','users','index','GET','http://la.baukpoltek.net/users/add','/index.php?url=users','Mozilla/5.0 (Windows; U; Windows NT 5.1; en-US; rv:1.9.2.16) Gecko/20110319 Firefox/3.6.16','2011-04-02 12:33:23'),(0,1,'180.243.248.159','users','index','GET','http://la.baukpoltek.net/groups','/index.php?url=users','Mozilla/5.0 (Windows; U; Windows NT 5.1; en-US; rv:1.9.2.16) Gecko/20110319 Firefox/3.6.16','2011-04-02 12:32:28'),(0,1,'180.243.248.159','groups','index','GET','http://la.baukpoltek.net/users/edit/1','/index.php?url=groups','Mozilla/5.0 (Windows; U; Windows NT 5.1; en-US; rv:1.9.2.16) Gecko/20110319 Firefox/3.6.16','2011-04-02 12:32:02'),(0,1,'180.243.248.159','users','index','GET','http://la.baukpoltek.net/users','/index.php?url=users','Mozilla/5.0 (Windows; U; Windows NT 5.1; en-US; rv:1.9.2.16) Gecko/20110319 Firefox/3.6.16','2011-04-02 12:31:35'),(0,1,'180.243.248.159','users','edit','GET','http://la.baukpoltek.net/users','/index.php?url=users/edit/1','Mozilla/5.0 (Windows; U; Windows NT 5.1; en-US; rv:1.9.2.16) Gecko/20110319 Firefox/3.6.16','2011-04-02 12:31:40'),(0,1,'180.243.248.159','act_lists','report_honor_per_month','GET','http://la.baukpoltek.net/act_lists/report_per_day/teaching','/index.php?url=act_lists/report_honor_per_month','Mozilla/5.0 (Windows; U; Windows NT 5.1; en-US; rv:1.9.2.16) Gecko/20110319 Firefox/3.6.16','2011-04-02 12:30:33'),(0,1,'180.243.248.159','users','index','GET','http://la.baukpoltek.net/act_lists/report_honor_per_month','/index.php?url=users','Mozilla/5.0 (Windows; U; Windows NT 5.1; en-US; rv:1.9.2.16) Gecko/20110319 Firefox/3.6.16','2011-04-02 12:31:31'),(0,1,'180.243.248.159','act_lists','report_per_day','GET','http://la.baukpoltek.net/act_lists','/index.php?url=act_lists/report_per_day/teaching','Mozilla/5.0 (Windows; U; Windows NT 5.1; en-US; rv:1.9.2.16) Gecko/20110319 Firefox/3.6.16','2011-04-02 12:30:26'),(0,1,'180.243.248.159','act_lists','index','GET','http://la.baukpoltek.net/users/login','/index.php?url=act_lists','Mozilla/5.0 (Windows; U; Windows NT 5.1; en-US; rv:1.9.2.16) Gecko/20110319 Firefox/3.6.16','2011-04-02 12:30:22'),(0,174,'180.243.248.159','act_lists','edit','GET','http://la.baukpoltek.net/act_lists','/index.php?url=act_lists/edit/5','Mozilla/5.0 (Windows; U; Windows NT 5.1; en-US; rv:1.9.2.16) Gecko/20110319 Firefox/3.6.16','2011-04-02 12:25:08'),(0,174,'180.243.248.159','users','logout','GET','http://la.baukpoltek.net/act_lists','/index.php?url=users/logout','Mozilla/5.0 (Windows; U; Windows NT 5.1; en-US; rv:1.9.2.16) Gecko/20110319 Firefox/3.6.16','2011-04-02 12:30:10'),(0,174,'180.243.248.159','act_lists','permission_denied','GET','http://la.baukpoltek.net/users/login','/index.php?url=act_lists/permission_denied','Mozilla/5.0 (Windows; U; Windows NT 5.1; en-US; rv:1.9.2.16) Gecko/20110319 Firefox/3.6.16','2011-04-02 12:23:41'),(0,174,'180.243.248.159','act_lists','index','GET','http://la.baukpoltek.net/act_lists/permission_denied','/index.php?url=act_lists','Mozilla/5.0 (Windows; U; Windows NT 5.1; en-US; rv:1.9.2.16) Gecko/20110319 Firefox/3.6.16','2011-04-02 12:23:47'),(0,1,'180.243.248.159','users','logout','GET','http://la.baukpoltek.net/act_lists/report_per_day','/index.php?url=users/logout','Mozilla/5.0 (Windows; U; Windows NT 5.1; en-US; rv:1.9.2.16) Gecko/20110319 Firefox/3.6.16','2011-04-02 12:23:31'),(0,174,'180.243.248.159','act_lists','report_per_day','GET','http://la.baukpoltek.net/users/login','/index.php?url=act_lists/report_per_day','Mozilla/5.0 (Windows; U; Windows NT 5.1; en-US; rv:1.9.2.16) Gecko/20110319 Firefox/3.6.16','2011-04-02 12:23:40'),(0,1,'180.243.248.159','act_lists','report_per_day','POST','http://la.baukpoltek.net/act_lists/report_per_day','/index.php?url=act_lists/report_per_day','Mozilla/5.0 (Windows; U; Windows NT 5.1; en-US; rv:1.9.2.16) Gecko/20110319 Firefox/3.6.16','2011-04-02 12:23:14'),(0,1,'180.243.248.159','act_lists','report_per_day','GET','http://la.baukpoltek.net/act_lists/report_per_day/teaching','/index.php?url=act_lists/report_per_day','Mozilla/5.0 (Windows; U; Windows NT 5.1; en-US; rv:1.9.2.16) Gecko/20110319 Firefox/3.6.16','2011-04-02 12:23:00'),(0,1,'180.243.248.159','act_lists','report_per_day','POST','http://la.baukpoltek.net/act_lists/report_per_day/teaching','/index.php?url=act_lists/report_per_day/teaching','Mozilla/5.0 (Windows; U; Windows NT 5.1; en-US; rv:1.9.2.16) Gecko/20110319 Firefox/3.6.16','2011-04-02 12:21:54'),(0,1,'180.243.248.159','pages','display','GET','http://la.baukpoltek.net/users/login','/','Mozilla/5.0 (Windows; U; Windows NT 5.1; en-US; rv:1.9.2.16) Gecko/20110319 Firefox/3.6.16','2011-04-02 12:21:35'),(0,1,'180.243.248.159','act_lists','report_per_day','GET','http://la.baukpoltek.net/','/index.php?url=act_lists/report_per_day/teaching','Mozilla/5.0 (Windows; U; Windows NT 5.1; en-US; rv:1.9.2.16) Gecko/20110319 Firefox/3.6.16','2011-04-02 12:21:41'),(0,1,'180.243.248.159','users','logout','GET','http://la.baukpoltek.net/','/index.php?url=users/logout','Mozilla/5.0 (Windows; U; Windows NT 5.1; en-US; rv:1.9.2.16) Gecko/20110319 Firefox/3.6.16','2011-04-02 12:21:26'),(0,1,'180.243.248.159','pages','display','GET','http://la.baukpoltek.net/users/login','/','Mozilla/5.0 (Windows; U; Windows NT 5.1; en-US; rv:1.9.2.16) Gecko/20110319 Firefox/3.6.16','2011-04-02 12:21:17'),(0,1,'180.243.248.159','users','login','GET','http://la.baukpoltek.net/users/login','/index.php?url=users/login','Mozilla/5.0 (Windows; U; Windows NT 5.1; en-US; rv:1.9.2.16) Gecko/20110319 Firefox/3.6.16','2011-04-02 12:21:16'),(0,174,'180.243.248.159','users','login','POST','http://la.baukpoltek.net/users/login','/index.php?url=users/login','Mozilla/5.0 (Windows; U; Windows NT 5.1; en-US; rv:1.9.2.16) Gecko/20110319 Firefox/3.6.16','2011-04-02 12:21:15'),(0,174,'180.243.248.159','act_lists','index','GET','http://la.baukpoltek.net/act_lists/permission_denied','/index.php?url=act_lists','Mozilla/5.0 (Windows; U; Windows NT 5.1; en-US; rv:1.9.2.16) Gecko/20110319 Firefox/3.6.16','2011-04-02 12:18:16'),(0,1,'180.243.248.159','users','logout','GET','http://la.baukpoltek.net/act_lists/report_per_day/teaching','/index.php?url=users/logout','Mozilla/5.0 (Windows; U; Windows NT 5.1; en-US; rv:1.9.2.16) Gecko/20110319 Firefox/3.6.16','2011-04-02 12:17:52'),(0,174,'180.243.248.159','act_lists','report_per_day','GET','http://la.baukpoltek.net/users/login','/index.php?url=act_lists/report_per_day/teaching','Mozilla/5.0 (Windows; U; Windows NT 5.1; en-US; rv:1.9.2.16) Gecko/20110319 Firefox/3.6.16','2011-04-02 12:18:01'),(0,174,'180.243.248.159','act_lists','permission_denied','GET','http://la.baukpoltek.net/users/login','/index.php?url=act_lists/permission_denied','Mozilla/5.0 (Windows; U; Windows NT 5.1; en-US; rv:1.9.2.16) Gecko/20110319 Firefox/3.6.16','2011-04-02 12:18:01'),(0,1,'180.243.248.159','act_lists','report_per_day','POST','http://la.baukpoltek.net/act_lists/report_per_day/teaching','/index.php?url=act_lists/report_per_day/teaching','Mozilla/5.0 (Windows; U; Windows NT 5.1; en-US; rv:1.9.2.16) Gecko/20110319 Firefox/3.6.16','2011-04-02 12:15:35'),(0,1,'180.243.248.159','act_lists','report_per_day','GET','http://la.baukpoltek.net/act_lists/report_honor_per_month','/index.php?url=act_lists/report_per_day/teaching','Mozilla/5.0 (Windows; U; Windows NT 5.1; en-US; rv:1.9.2.16) Gecko/20110319 Firefox/3.6.16','2011-04-02 12:15:22'),(0,1,'180.243.248.159','act_lists','report_honor_per_month','GET','http://la.baukpoltek.net/act_lists/report_honor_per_month','/index.php?url=act_lists/report_honor_per_month','Mozilla/5.0 (Windows; U; Windows NT 5.1; en-US; rv:1.9.2.16) Gecko/20110319 Firefox/3.6.16','2011-04-02 12:15:16'),(0,1,'180.243.248.159','act_lists','report_honor_per_month','POST','http://la.baukpoltek.net/act_lists/report_honor_per_month','/index.php?url=act_lists/report_honor_per_month','Mozilla/5.0 (Windows; U; Windows NT 5.1; en-US; rv:1.9.2.16) Gecko/20110319 Firefox/3.6.16','2011-04-02 12:14:48'),(0,1,'180.243.248.159','act_lists','report_honor_per_month','POST','http://la.baukpoltek.net/act_lists/report_honor_per_month','/index.php?url=act_lists/report_honor_per_month','Mozilla/5.0 (Windows; U; Windows NT 5.1; en-US; rv:1.9.2.16) Gecko/20110319 Firefox/3.6.16','2011-04-02 12:14:16'),(0,1,'180.243.248.159','act_lists','report_honor_per_month','GET','http://la.baukpoltek.net/act_lists/report_per_day/teaching','/index.php?url=act_lists/report_honor_per_month','Mozilla/5.0 (Windows; U; Windows NT 5.1; en-US; rv:1.9.2.16) Gecko/20110319 Firefox/3.6.16','2011-04-02 12:14:08'),(0,1,'180.243.248.159','act_lists','report_per_day','GET','http://la.baukpoltek.net/act_lists/report_per_day/teaching','/index.php?url=act_lists/report_per_day/teaching','Mozilla/5.0 (Windows; U; Windows NT 5.1; en-US; rv:1.9.2.16) Gecko/20110319 Firefox/3.6.16','2011-04-02 12:13:59'),(0,1,'180.243.248.159','act_lists','report_per_day','POST','http://la.baukpoltek.net/act_lists/report_per_day/teaching','/index.php?url=act_lists/report_per_day/teaching','Mozilla/5.0 (Windows; U; Windows NT 5.1; en-US; rv:1.9.2.16) Gecko/20110319 Firefox/3.6.16','2011-04-02 11:49:32'),(0,1,'180.243.248.159','act_lists','report_per_day','POST','http://la.baukpoltek.net/act_lists/report_per_day/teaching','/index.php?url=act_lists/report_per_day/teaching','Mozilla/5.0 (Windows; U; Windows NT 5.1; en-US; rv:1.9.2.16) Gecko/20110319 Firefox/3.6.16','2011-04-02 11:49:41'),(0,1,'180.243.248.159','act_lists','approval_list','GET','http://la.baukpoltek.net/users/login','/index.php?url=act_lists/approval_list','Mozilla/5.0 (Windows; U; Windows NT 5.1; en-US; rv:1.9.2.16) Gecko/20110319 Firefox/3.6.16','2011-04-02 11:49:21'),(0,1,'180.243.248.159','act_lists','report_per_day','GET','http://la.baukpoltek.net/act_lists/approval_list','/index.php?url=act_lists/report_per_day/teaching','Mozilla/5.0 (Windows; U; Windows NT 5.1; en-US; rv:1.9.2.16) Gecko/20110319 Firefox/3.6.16','2011-04-02 11:49:25'),(0,162,'180.243.248.159','users','logout','GET','http://la.baukpoltek.net/act_lists/approval_list','/index.php?url=users/logout','Mozilla/5.0 (Windows; U; Windows NT 5.1; en-US; rv:1.9.2.16) Gecko/20110319 Firefox/3.6.16','2011-04-02 11:49:10'),(0,162,'180.243.248.159','act_lists','approval_list','GET','http://la.baukpoltek.net/act_lists/edit/1','/index.php?url=act_lists/approval_list','Mozilla/5.0 (Windows; U; Windows NT 5.1; en-US; rv:1.9.2.16) Gecko/20110319 Firefox/3.6.16','2011-04-02 11:49:06'),(0,162,'180.243.248.159','act_lists','edit','POST','http://la.baukpoltek.net/act_lists/edit/1','/index.php?url=act_lists/edit/1','Mozilla/5.0 (Windows; U; Windows NT 5.1; en-US; rv:1.9.2.16) Gecko/20110319 Firefox/3.6.16','2011-04-02 11:49:06'),(0,162,'180.243.248.159','act_lists','edit','GET','http://la.baukpoltek.net/act_lists/approval_list','/index.php?url=act_lists/edit/1','Mozilla/5.0 (Windows; U; Windows NT 5.1; en-US; rv:1.9.2.16) Gecko/20110319 Firefox/3.6.16','2011-04-02 11:48:54'),(0,162,'180.243.248.159','act_lists','approval_list','GET','http://la.baukpoltek.net/act_lists/permission_denied','/index.php?url=act_lists/approval_list','Mozilla/5.0 (Windows; U; Windows NT 5.1; en-US; rv:1.9.2.16) Gecko/20110319 Firefox/3.6.16','2011-04-02 11:48:45'),(0,162,'180.243.248.159','act_lists','permission_denied','GET','http://la.baukpoltek.net/act_lists/edit/6','/index.php?url=act_lists/permission_denied','Mozilla/5.0 (Windows; U; Windows NT 5.1; en-US; rv:1.9.2.16) Gecko/20110319 Firefox/3.6.16','2011-04-02 11:48:43'),(0,162,'180.243.248.159','act_lists','verify','GET','http://la.baukpoltek.net/act_lists/edit/6','/index.php?url=act_lists/verify','Mozilla/5.0 (Windows; U; Windows NT 5.1; en-US; rv:1.9.2.16) Gecko/20110319 Firefox/3.6.16','2011-04-02 11:48:43'),(0,162,'180.243.248.159','act_lists','edit','GET','http://la.baukpoltek.net/act_lists/approval_list','/index.php?url=act_lists/edit/6','Mozilla/5.0 (Windows; U; Windows NT 5.1; en-US; rv:1.9.2.16) Gecko/20110319 Firefox/3.6.16','2011-04-02 11:48:38'),(0,162,'180.243.248.159','act_lists','approval_list','GET','http://la.baukpoltek.net/act_lists/permission_denied','/index.php?url=act_lists/approval_list','Mozilla/5.0 (Windows; U; Windows NT 5.1; en-US; rv:1.9.2.16) Gecko/20110319 Firefox/3.6.16','2011-04-02 11:48:33'),(0,162,'180.243.248.159','act_lists','permission_denied','GET','http://la.baukpoltek.net/act_lists/edit/7','/index.php?url=act_lists/permission_denied','Mozilla/5.0 (Windows; U; Windows NT 5.1; en-US; rv:1.9.2.16) Gecko/20110319 Firefox/3.6.16','2011-04-02 11:48:31'),(0,162,'180.243.248.159','act_lists','verify','GET','http://la.baukpoltek.net/act_lists/edit/7','/index.php?url=act_lists/verify','Mozilla/5.0 (Windows; U; Windows NT 5.1; en-US; rv:1.9.2.16) Gecko/20110319 Firefox/3.6.16','2011-04-02 11:48:31'),(0,162,'180.243.248.159','act_lists','edit','GET','http://la.baukpoltek.net/act_lists/approval_list','/index.php?url=act_lists/edit/7','Mozilla/5.0 (Windows; U; Windows NT 5.1; en-US; rv:1.9.2.16) Gecko/20110319 Firefox/3.6.16','2011-04-02 11:48:27'),(0,162,'180.243.248.159','act_lists','permission_denied','GET','http://la.baukpoltek.net/users/login','/index.php?url=act_lists/permission_denied','Mozilla/5.0 (Windows; U; Windows NT 5.1; en-US; rv:1.9.2.16) Gecko/20110319 Firefox/3.6.16','2011-04-02 11:48:19'),(0,162,'180.243.248.159','act_lists','approval_list','GET','http://la.baukpoltek.net/act_lists/permission_denied','/index.php?url=act_lists/approval_list','Mozilla/5.0 (Windows; U; Windows NT 5.1; en-US; rv:1.9.2.16) Gecko/20110319 Firefox/3.6.16','2011-04-02 11:48:21'),(0,162,'180.243.248.159','act_lists','verify','GET','http://la.baukpoltek.net/users/login','/index.php?url=act_lists/verify','Mozilla/5.0 (Windows; U; Windows NT 5.1; en-US; rv:1.9.2.16) Gecko/20110319 Firefox/3.6.16','2011-04-02 11:48:19'),(0,128,'180.243.248.159','act_lists','verify','GET','http://la.baukpoltek.net/act_lists/edit/6?verify=1','/index.php?url=act_lists/verify','Mozilla/5.0 (Windows; U; Windows NT 5.1; en-US; rv:1.9.2.16) Gecko/20110319 Firefox/3.6.16','2011-04-02 11:48:05'),(0,128,'180.243.248.159','users','logout','GET','http://la.baukpoltek.net/act_lists/verify','/index.php?url=users/logout','Mozilla/5.0 (Windows; U; Windows NT 5.1; en-US; rv:1.9.2.16) Gecko/20110319 Firefox/3.6.16','2011-04-02 11:48:08'),(0,128,'180.243.248.159','act_lists','edit','POST','http://la.baukpoltek.net/act_lists/edit/6?verify=1','/index.php?url=act_lists/edit/6&verify=1','Mozilla/5.0 (Windows; U; Windows NT 5.1; en-US; rv:1.9.2.16) Gecko/20110319 Firefox/3.6.16','2011-04-02 11:48:05'),(0,128,'180.243.248.159','act_lists','edit','GET','http://la.baukpoltek.net/act_lists/verify','/index.php?url=act_lists/edit/6&verify=1','Mozilla/5.0 (Windows; U; Windows NT 5.1; en-US; rv:1.9.2.16) Gecko/20110319 Firefox/3.6.16','2011-04-02 11:47:55'),(0,128,'180.243.248.159','act_lists','verify','GET','http://la.baukpoltek.net/act_lists','/index.php?url=act_lists/verify','Mozilla/5.0 (Windows; U; Windows NT 5.1; en-US; rv:1.9.2.16) Gecko/20110319 Firefox/3.6.16','2011-04-02 11:47:53'),(0,128,'180.243.248.159','act_lists','index','GET','http://la.baukpoltek.net/users/login','/index.php?url=act_lists','Mozilla/5.0 (Windows; U; Windows NT 5.1; en-US; rv:1.9.2.16) Gecko/20110319 Firefox/3.6.16','2011-04-02 11:47:46'),(0,116,'180.243.248.159','users','logout','GET','http://la.baukpoltek.net/act_lists','/index.php?url=users/logout','Mozilla/5.0 (Windows; U; Windows NT 5.1; en-US; rv:1.9.2.16) Gecko/20110319 Firefox/3.6.16','2011-04-02 11:47:34'),(0,116,'180.243.248.159','act_lists','index','GET','http://la.baukpoltek.net/act_lists/permission_denied','/index.php?url=act_lists','Mozilla/5.0 (Windows; U; Windows NT 5.1; en-US; rv:1.9.2.16) Gecko/20110319 Firefox/3.6.16','2011-04-02 11:47:27'),(0,116,'180.243.248.159','act_lists','permission_denied','GET','http://la.baukpoltek.net/users/login','/index.php?url=act_lists/permission_denied','Mozilla/5.0 (Windows; U; Windows NT 5.1; en-US; rv:1.9.2.16) Gecko/20110319 Firefox/3.6.16','2011-04-02 11:47:18'),(0,116,'180.243.248.159','act_lists','verify','GET','http://la.baukpoltek.net/users/login','/index.php?url=act_lists/verify','Mozilla/5.0 (Windows; U; Windows NT 5.1; en-US; rv:1.9.2.16) Gecko/20110319 Firefox/3.6.16','2011-04-02 11:47:18'),(0,143,'180.243.248.159','users','logout','GET','http://la.baukpoltek.net/act_lists/verify','/index.php?url=users/logout','Mozilla/5.0 (Windows; U; Windows NT 5.1; en-US; rv:1.9.2.16) Gecko/20110319 Firefox/3.6.16','2011-04-02 11:47:07'),(0,143,'180.243.248.159','act_lists','verify','GET','http://la.baukpoltek.net/act_lists/edit/4?verify=1','/index.php?url=act_lists/verify','Mozilla/5.0 (Windows; U; Windows NT 5.1; en-US; rv:1.9.2.16) Gecko/20110319 Firefox/3.6.16','2011-04-02 11:47:04'),(0,143,'180.243.248.159','act_lists','edit','GET','http://la.baukpoltek.net/act_lists/verify','/index.php?url=act_lists/edit/4&verify=1','Mozilla/5.0 (Windows; U; Windows NT 5.1; en-US; rv:1.9.2.16) Gecko/20110319 Firefox/3.6.16','2011-04-02 11:46:55'),(0,143,'180.243.248.159','act_lists','verify','GET','http://la.baukpoltek.net/act_lists/edit/6?verify=1','/index.php?url=act_lists/verify','Mozilla/5.0 (Windows; U; Windows NT 5.1; en-US; rv:1.9.2.16) Gecko/20110319 Firefox/3.6.16','2011-04-02 11:46:49'),(0,143,'180.243.248.159','act_lists','edit','POST','http://la.baukpoltek.net/act_lists/edit/6?verify=1','/index.php?url=act_lists/edit/6&verify=1','Mozilla/5.0 (Windows; U; Windows NT 5.1; en-US; rv:1.9.2.16) Gecko/20110319 Firefox/3.6.16','2011-04-02 11:46:49'),(0,143,'180.243.248.159','act_lists','edit','GET','http://la.baukpoltek.net/act_lists/verify','/index.php?url=act_lists/edit/6&verify=1','Mozilla/5.0 (Windows; U; Windows NT 5.1; en-US; rv:1.9.2.16) Gecko/20110319 Firefox/3.6.16','2011-04-02 11:46:40'),(0,143,'180.243.248.159','act_lists','verify','GET','http://la.baukpoltek.net/users/login','/index.php?url=act_lists/verify','Mozilla/5.0 (Windows; U; Windows NT 5.1; en-US; rv:1.9.2.16) Gecko/20110319 Firefox/3.6.16','2011-04-02 11:46:35'),(0,137,'180.243.248.159','users','logout','GET','http://la.baukpoltek.net/act_lists/verify','/index.php?url=users/logout','Mozilla/5.0 (Windows; U; Windows NT 5.1; en-US; rv:1.9.2.16) Gecko/20110319 Firefox/3.6.16','2011-04-02 11:46:26'),(0,137,'180.243.248.159','act_lists','edit','GET','http://la.baukpoltek.net/act_lists/verify','/index.php?url=act_lists/edit/2&verify=1','Mozilla/5.0 (Windows; U; Windows NT 5.1; en-US; rv:1.9.2.16) Gecko/20110319 Firefox/3.6.16','2011-04-02 11:46:14'),(0,137,'180.243.248.159','act_lists','edit','POST','http://la.baukpoltek.net/act_lists/edit/2?verify=1','/index.php?url=act_lists/edit/2&verify=1','Mozilla/5.0 (Windows; U; Windows NT 5.1; en-US; rv:1.9.2.16) Gecko/20110319 Firefox/3.6.16','2011-04-02 11:46:21'),(0,137,'180.243.248.159','act_lists','verify','GET','http://la.baukpoltek.net/act_lists/edit/2?verify=1','/index.php?url=act_lists/verify','Mozilla/5.0 (Windows; U; Windows NT 5.1; en-US; rv:1.9.2.16) Gecko/20110319 Firefox/3.6.16','2011-04-02 11:46:22'),(0,137,'180.243.248.159','act_lists','verify','GET','http://la.baukpoltek.net/act_lists/edit/3?verify=1','/index.php?url=act_lists/verify','Mozilla/5.0 (Windows; U; Windows NT 5.1; en-US; rv:1.9.2.16) Gecko/20110319 Firefox/3.6.16','2011-04-02 11:46:11'),(0,137,'180.243.248.159','act_lists','edit','POST','http://la.baukpoltek.net/act_lists/edit/5?verify=1','/index.php?url=act_lists/edit/5&verify=1','Mozilla/5.0 (Windows; U; Windows NT 5.1; en-US; rv:1.9.2.16) Gecko/20110319 Firefox/3.6.16','2011-04-02 11:45:55'),(0,137,'180.243.248.159','act_lists','verify','GET','http://la.baukpoltek.net/act_lists/edit/5?verify=1','/index.php?url=act_lists/verify','Mozilla/5.0 (Windows; U; Windows NT 5.1; en-US; rv:1.9.2.16) Gecko/20110319 Firefox/3.6.16','2011-04-02 11:45:56'),(0,137,'180.243.248.159','act_lists','edit','GET','http://la.baukpoltek.net/act_lists/verify','/index.php?url=act_lists/edit/3&verify=1','Mozilla/5.0 (Windows; U; Windows NT 5.1; en-US; rv:1.9.2.16) Gecko/20110319 Firefox/3.6.16','2011-04-02 11:46:06'),(0,137,'180.243.248.159','act_lists','verify','GET','http://la.baukpoltek.net/act_lists/edit/6?verify=1','/index.php?url=act_lists/verify','Mozilla/5.0 (Windows; U; Windows NT 5.1; en-US; rv:1.9.2.16) Gecko/20110319 Firefox/3.6.16','2011-04-02 11:45:42'),(0,137,'180.243.248.159','act_lists','edit','GET','http://la.baukpoltek.net/act_lists/verify','/index.php?url=act_lists/edit/5&verify=1','Mozilla/5.0 (Windows; U; Windows NT 5.1; en-US; rv:1.9.2.16) Gecko/20110319 Firefox/3.6.16','2011-04-02 11:45:48'),(0,137,'180.243.248.159','act_lists','edit','POST','http://la.baukpoltek.net/act_lists/edit/6?verify=1','/index.php?url=act_lists/edit/6&verify=1','Mozilla/5.0 (Windows; U; Windows NT 5.1; en-US; rv:1.9.2.16) Gecko/20110319 Firefox/3.6.16','2011-04-02 11:45:41'),(0,137,'180.243.248.159','act_lists','edit','GET','http://la.baukpoltek.net/act_lists/verify','/index.php?url=act_lists/edit/6&verify=1','Mozilla/5.0 (Windows; U; Windows NT 5.1; en-US; rv:1.9.2.16) Gecko/20110319 Firefox/3.6.16','2011-04-02 11:45:27'),(0,137,'180.243.248.159','act_lists','verify','GET','http://la.baukpoltek.net/act_lists','/index.php?url=act_lists/verify','Mozilla/5.0 (Windows; U; Windows NT 5.1; en-US; rv:1.9.2.16) Gecko/20110319 Firefox/3.6.16','2011-04-02 11:45:21'),(0,137,'180.243.248.159','act_lists','index','GET','http://la.baukpoltek.net/users/login','/index.php?url=act_lists','Mozilla/5.0 (Windows; U; Windows NT 5.1; en-US; rv:1.9.2.16) Gecko/20110319 Firefox/3.6.16','2011-04-02 11:45:18'),(0,174,'180.243.248.159','act_lists','index','GET','http://la.baukpoltek.net/act_lists/edit/6','/index.php?url=act_lists','Mozilla/5.0 (Windows; U; Windows NT 5.1; en-US; rv:1.9.2.16) Gecko/20110319 Firefox/3.6.16','2011-04-02 11:44:41'),(0,174,'180.243.248.159','users','logout','GET','http://la.baukpoltek.net/act_lists','/index.php?url=users/logout','Mozilla/5.0 (Windows; U; Windows NT 5.1; en-US; rv:1.9.2.16) Gecko/20110319 Firefox/3.6.16','2011-04-02 11:44:45'),(0,174,'180.243.248.159','act_lists','edit','POST','http://la.baukpoltek.net/act_lists/edit/6','/index.php?url=act_lists/edit/6','Mozilla/5.0 (Windows; U; Windows NT 5.1; en-US; rv:1.9.2.16) Gecko/20110319 Firefox/3.6.16','2011-04-02 11:44:41'),(0,174,'180.243.248.159','act_lists','edit','GET','http://la.baukpoltek.net/act_lists','/index.php?url=act_lists/edit/6','Mozilla/5.0 (Windows; U; Windows NT 5.1; en-US; rv:1.9.2.16) Gecko/20110319 Firefox/3.6.16','2011-04-02 11:44:09'),(0,174,'180.243.248.159','act_lists','edit','POST','http://la.baukpoltek.net/act_lists/edit/5','/index.php?url=act_lists/edit/5','Mozilla/5.0 (Windows; U; Windows NT 5.1; en-US; rv:1.9.2.16) Gecko/20110319 Firefox/3.6.16','2011-04-02 11:44:05'),(0,174,'180.243.248.159','act_lists','index','GET','http://la.baukpoltek.net/act_lists/edit/5','/index.php?url=act_lists','Mozilla/5.0 (Windows; U; Windows NT 5.1; en-US; rv:1.9.2.16) Gecko/20110319 Firefox/3.6.16','2011-04-02 11:44:06'),(0,174,'180.243.248.159','act_lists','edit','GET','http://la.baukpoltek.net/act_lists','/index.php?url=act_lists/edit/5','Mozilla/5.0 (Windows; U; Windows NT 5.1; en-US; rv:1.9.2.16) Gecko/20110319 Firefox/3.6.16','2011-04-02 11:42:56'),(0,174,'180.243.248.159','act_lists','edit','POST','http://la.baukpoltek.net/act_lists/edit/6','/index.php?url=act_lists/edit/6','Mozilla/5.0 (Windows; U; Windows NT 5.1; en-US; rv:1.9.2.16) Gecko/20110319 Firefox/3.6.16','2011-04-02 11:42:51'),(0,174,'180.243.248.159','act_lists','index','GET','http://la.baukpoltek.net/act_lists/edit/6','/index.php?url=act_lists','Mozilla/5.0 (Windows; U; Windows NT 5.1; en-US; rv:1.9.2.16) Gecko/20110319 Firefox/3.6.16','2011-04-02 11:42:51'),(0,174,'180.243.248.159','act_lists','index','GET','http://la.baukpoltek.net/','/index.php?url=act_lists','Mozilla/5.0 (Windows; U; Windows NT 5.1; en-US; rv:1.9.2.16) Gecko/20110319 Firefox/3.6.16','2011-04-02 11:41:46'),(0,174,'180.243.248.159','act_lists','edit','GET','http://la.baukpoltek.net/act_lists','/index.php?url=act_lists/edit/6','Mozilla/5.0 (Windows; U; Windows NT 5.1; en-US; rv:1.9.2.16) Gecko/20110319 Firefox/3.6.16','2011-04-02 11:41:50'),(0,174,'180.243.248.159','pages','display','GET','http://la.baukpoltek.net/users/login','/','Mozilla/5.0 (Windows; U; Windows NT 5.1; en-US; rv:1.9.2.16) Gecko/20110319 Firefox/3.6.16','2011-04-02 11:41:44'),(0,1,'180.243.248.159','act_lists','report_per_day','POST','http://la.baukpoltek.net/act_lists/report_per_day/teaching','/index.php?url=act_lists/report_per_day/teaching','Mozilla/5.0 (Windows; U; Windows NT 5.1; en-US; rv:1.9.2.16) Gecko/20110319 Firefox/3.6.16','2011-04-02 11:14:23'),(0,174,'180.243.248.159','users','logout','GET','http://la.baukpoltek.net/users/login','/index.php?url=users/logout','Mozilla/5.0 (Windows; U; Windows NT 5.1; en-US; rv:1.9.2.16) Gecko/20110319 Firefox/3.6.16','2011-04-02 11:41:34'),(0,1,'180.243.248.159','act_lists','report_per_day','GET','http://la.baukpoltek.net/act_lists/verify','/index.php?url=act_lists/report_per_day/teaching','Mozilla/5.0 (Windows; U; Windows NT 5.1; en-US; rv:1.9.2.16) Gecko/20110319 Firefox/3.6.16','2011-04-02 11:14:05'),(0,1,'180.243.248.159','act_lists','index','GET','http://la.baukpoltek.net/student_classes','/index.php?url=act_lists','Mozilla/5.0 (Windows; U; Windows NT 5.1; en-US; rv:1.9.2.16) Gecko/20110319 Firefox/3.6.16','2011-04-02 11:13:39'),(0,1,'180.243.248.159','act_lists','edit','GET','http://la.baukpoltek.net/act_lists','/index.php?url=act_lists/edit/10','Mozilla/5.0 (Windows; U; Windows NT 5.1; en-US; rv:1.9.2.16) Gecko/20110319 Firefox/3.6.16','2011-04-02 11:13:51'),(0,1,'180.243.248.159','act_lists','verify','GET','http://la.baukpoltek.net/act_lists/edit/10','/index.php?url=act_lists/verify','Mozilla/5.0 (Windows; U; Windows NT 5.1; en-US; rv:1.9.2.16) Gecko/20110319 Firefox/3.6.16','2011-04-02 11:13:56'),(0,1,'180.243.248.159','student_classes','index','GET','http://la.baukpoltek.net/student_classes/add','/index.php?url=student_classes','Mozilla/5.0 (Windows; U; Windows NT 5.1; en-US; rv:1.9.2.16) Gecko/20110319 Firefox/3.6.16','2011-04-02 11:11:57'),(0,1,'180.243.248.159','student_classes','add','GET','http://la.baukpoltek.net/student_classes','/index.php?url=student_classes/add','Mozilla/5.0 (Windows; U; Windows NT 5.1; en-US; rv:1.9.2.16) Gecko/20110319 Firefox/3.6.16','2011-04-02 11:05:23'),(0,1,'180.243.248.159','student_classes','add','POST','http://la.baukpoltek.net/student_classes/add','/index.php?url=student_classes/add','Mozilla/5.0 (Windows; U; Windows NT 5.1; en-US; rv:1.9.2.16) Gecko/20110319 Firefox/3.6.16','2011-04-02 11:11:57'),(0,1,'180.243.248.159','student_classes','index','GET','http://la.baukpoltek.net/student_classes/edit/24','/index.php?url=student_classes','Mozilla/5.0 (Windows; U; Windows NT 5.1; en-US; rv:1.9.2.16) Gecko/20110319 Firefox/3.6.16','2011-04-02 11:04:08'),(0,1,'180.243.248.159','student_classes','edit','GET','http://la.baukpoltek.net/student_classes','/index.php?url=student_classes/edit/24','Mozilla/5.0 (Windows; U; Windows NT 5.1; en-US; rv:1.9.2.16) Gecko/20110319 Firefox/3.6.16','2011-04-02 10:59:10'),(0,1,'180.243.248.159','student_classes','edit','PUT','http://la.baukpoltek.net/student_classes/edit/24','/index.php?url=student_classes/edit/24','Mozilla/5.0 (Windows; U; Windows NT 5.1; en-US; rv:1.9.2.16) Gecko/20110319 Firefox/3.6.16','2011-04-02 11:04:07'),(0,1,'180.243.248.159','student_classes','index','GET','http://la.baukpoltek.net/student_classes/edit/23','/index.php?url=student_classes','Mozilla/5.0 (Windows; U; Windows NT 5.1; en-US; rv:1.9.2.16) Gecko/20110319 Firefox/3.6.16','2011-04-02 10:58:58'),(0,1,'180.243.248.159','student_classes','edit','GET','http://la.baukpoltek.net/student_classes','/index.php?url=student_classes/edit/23','Mozilla/5.0 (Windows; U; Windows NT 5.1; en-US; rv:1.9.2.16) Gecko/20110319 Firefox/3.6.16','2011-04-02 10:44:42'),(0,1,'180.243.248.159','student_classes','edit','PUT','http://la.baukpoltek.net/student_classes/edit/23','/index.php?url=student_classes/edit/23','Mozilla/5.0 (Windows; U; Windows NT 5.1; en-US; rv:1.9.2.16) Gecko/20110319 Firefox/3.6.16','2011-04-02 10:58:57'),(0,1,'180.243.248.159','student_classes','delete_rows','POST','http://la.baukpoltek.net/student_classes','/index.php?url=student_classes/delete_rows','Mozilla/5.0 (Windows; U; Windows NT 5.1; en-US; rv:1.9.2.16) Gecko/20110319 Firefox/3.6.16','2011-04-02 10:44:33'),(0,1,'180.243.248.159','student_classes','delete_rows','POST','http://la.baukpoltek.net/student_classes','/index.php?url=student_classes/delete_rows','Mozilla/5.0 (Windows; U; Windows NT 5.1; en-US; rv:1.9.2.16) Gecko/20110319 Firefox/3.6.16','2011-04-02 10:44:33'),(0,1,'180.243.248.159','student_classes','edit','GET','http://la.baukpoltek.net/student_classes','/index.php?url=student_classes/edit/22','Mozilla/5.0 (Windows; U; Windows NT 5.1; en-US; rv:1.9.2.16) Gecko/20110319 Firefox/3.6.16','2011-04-02 10:44:06'),(0,1,'180.243.248.159','student_classes','index','GET','http://la.baukpoltek.net/student_classes/edit/22','/index.php?url=student_classes','Mozilla/5.0 (Windows; U; Windows NT 5.1; en-US; rv:1.9.2.16) Gecko/20110319 Firefox/3.6.16','2011-04-02 10:44:16'),(0,1,'180.243.248.159','student_classes','index','GET','http://la.baukpoltek.net/student_classes/edit/21','/index.php?url=student_classes','Mozilla/5.0 (Windows; U; Windows NT 5.1; en-US; rv:1.9.2.16) Gecko/20110319 Firefox/3.6.16','2011-04-02 10:42:26'),(0,1,'180.243.248.159','student_classes','edit','PUT','http://la.baukpoltek.net/student_classes/edit/21','/index.php?url=student_classes/edit/21','Mozilla/5.0 (Windows; U; Windows NT 5.1; en-US; rv:1.9.2.16) Gecko/20110319 Firefox/3.6.16','2011-04-02 10:42:26'),(0,1,'180.243.248.159','student_classes','edit','GET','http://la.baukpoltek.net/student_classes','/index.php?url=student_classes/edit/21','Mozilla/5.0 (Windows; U; Windows NT 5.1; en-US; rv:1.9.2.16) Gecko/20110319 Firefox/3.6.16','2011-04-02 10:40:27'),(0,1,'180.243.248.159','student_classes','delete_rows','POST','http://la.baukpoltek.net/student_classes','/index.php?url=student_classes/delete_rows','Mozilla/5.0 (Windows; U; Windows NT 5.1; en-US; rv:1.9.2.16) Gecko/20110319 Firefox/3.6.16','2011-04-02 10:40:06'),(0,1,'180.243.248.159','student_classes','delete_rows','POST','http://la.baukpoltek.net/student_classes','/index.php?url=student_classes/delete_rows','Mozilla/5.0 (Windows; U; Windows NT 5.1; en-US; rv:1.9.2.16) Gecko/20110319 Firefox/3.6.16','2011-04-02 10:40:06'),(0,1,'180.243.248.159','student_classes','index','GET','http://la.baukpoltek.net/student_classes/edit/20','/index.php?url=student_classes','Mozilla/5.0 (Windows; U; Windows NT 5.1; en-US; rv:1.9.2.16) Gecko/20110319 Firefox/3.6.16','2011-04-02 10:39:50'),(0,1,'180.243.248.159','student_classes','edit','GET','http://la.baukpoltek.net/student_classes','/index.php?url=student_classes/edit/20','Mozilla/5.0 (Windows; U; Windows NT 5.1; en-US; rv:1.9.2.16) Gecko/20110319 Firefox/3.6.16','2011-04-02 10:39:32'),(0,1,'180.243.248.159','student_classes','edit','PUT','http://la.baukpoltek.net/student_classes/edit/19','/index.php?url=student_classes/edit/19','Mozilla/5.0 (Windows; U; Windows NT 5.1; en-US; rv:1.9.2.16) Gecko/20110319 Firefox/3.6.16','2011-04-02 10:39:15'),(0,1,'180.243.248.159','student_classes','index','GET','http://la.baukpoltek.net/student_classes/edit/19','/index.php?url=student_classes','Mozilla/5.0 (Windows; U; Windows NT 5.1; en-US; rv:1.9.2.16) Gecko/20110319 Firefox/3.6.16','2011-04-02 10:39:16'),(0,1,'180.243.248.159','student_classes','edit','GET','http://la.baukpoltek.net/student_classes','/index.php?url=student_classes/edit/19','Mozilla/5.0 (Windows; U; Windows NT 5.1; en-US; rv:1.9.2.16) Gecko/20110319 Firefox/3.6.16','2011-04-02 10:35:09'),(0,1,'180.243.248.159','student_classes','edit','PUT','http://la.baukpoltek.net/student_classes/edit/18','/index.php?url=student_classes/edit/18','Mozilla/5.0 (Windows; U; Windows NT 5.1; en-US; rv:1.9.2.16) Gecko/20110319 Firefox/3.6.16','2011-04-02 10:34:50'),(0,1,'180.243.248.159','student_classes','index','GET','http://la.baukpoltek.net/student_classes/edit/18','/index.php?url=student_classes','Mozilla/5.0 (Windows; U; Windows NT 5.1; en-US; rv:1.9.2.16) Gecko/20110319 Firefox/3.6.16','2011-04-02 10:34:51'),(0,1,'180.243.248.159','student_classes','edit','GET','http://la.baukpoltek.net/student_classes','/index.php?url=student_classes/edit/18','Mozilla/5.0 (Windows; U; Windows NT 5.1; en-US; rv:1.9.2.16) Gecko/20110319 Firefox/3.6.16','2011-04-02 10:28:16'),(0,1,'180.243.248.159','student_classes','index','GET','http://la.baukpoltek.net/student_classes/edit/17','/index.php?url=student_classes','Mozilla/5.0 (Windows; U; Windows NT 5.1; en-US; rv:1.9.2.16) Gecko/20110319 Firefox/3.6.16','2011-04-02 10:28:06'),(0,1,'180.243.248.159','student_classes','edit','GET','http://la.baukpoltek.net/student_classes','/index.php?url=student_classes/edit/17','Mozilla/5.0 (Windows; U; Windows NT 5.1; en-US; rv:1.9.2.16) Gecko/20110319 Firefox/3.6.16','2011-04-02 10:27:25'),(0,1,'180.243.248.159','student_classes','edit','PUT','http://la.baukpoltek.net/student_classes/edit/17','/index.php?url=student_classes/edit/17','Mozilla/5.0 (Windows; U; Windows NT 5.1; en-US; rv:1.9.2.16) Gecko/20110319 Firefox/3.6.16','2011-04-02 10:28:06'),(0,1,'180.243.248.159','student_classes','index','GET','http://la.baukpoltek.net/student_classes/edit/17','/index.php?url=student_classes','Mozilla/5.0 (Windows; U; Windows NT 5.1; en-US; rv:1.9.2.16) Gecko/20110319 Firefox/3.6.16','2011-04-02 10:27:14'),(0,1,'180.243.248.159','student_classes','edit','PUT','http://la.baukpoltek.net/student_classes/edit/17','/index.php?url=student_classes/edit/17','Mozilla/5.0 (Windows; U; Windows NT 5.1; en-US; rv:1.9.2.16) Gecko/20110319 Firefox/3.6.16','2011-04-02 10:27:14'),(0,1,'180.243.248.159','student_classes','edit','GET','http://la.baukpoltek.net/student_classes','/index.php?url=student_classes/edit/17','Mozilla/5.0 (Windows; U; Windows NT 5.1; en-US; rv:1.9.2.16) Gecko/20110319 Firefox/3.6.16','2011-04-02 10:23:29'),(0,1,'180.243.248.159','student_classes','edit','PUT','http://la.baukpoltek.net/student_classes/edit/16','/index.php?url=student_classes/edit/16','Mozilla/5.0 (Windows; U; Windows NT 5.1; en-US; rv:1.9.2.16) Gecko/20110319 Firefox/3.6.16','2011-04-02 10:23:18'),(0,1,'180.243.248.159','student_classes','index','GET','http://la.baukpoltek.net/student_classes/edit/16','/index.php?url=student_classes','Mozilla/5.0 (Windows; U; Windows NT 5.1; en-US; rv:1.9.2.16) Gecko/20110319 Firefox/3.6.16','2011-04-02 10:23:18'),(0,1,'180.243.248.159','student_classes','edit','GET','http://la.baukpoltek.net/student_classes','/index.php?url=student_classes/edit/16','Mozilla/5.0 (Windows; U; Windows NT 5.1; en-US; rv:1.9.2.16) Gecko/20110319 Firefox/3.6.16','2011-04-02 10:16:48'),(0,1,'180.243.248.159','student_classes','index','GET','http://la.baukpoltek.net/student_classes/edit/48','/index.php?url=student_classes','Mozilla/5.0 (Windows; U; Windows NT 5.1; en-US; rv:1.9.2.16) Gecko/20110319 Firefox/3.6.16','2011-04-02 10:10:52'),(0,1,'180.243.248.159','student_classes','edit','PUT','http://la.baukpoltek.net/student_classes/edit/48','/index.php?url=student_classes/edit/48','Mozilla/5.0 (Windows; U; Windows NT 5.1; en-US; rv:1.9.2.16) Gecko/20110319 Firefox/3.6.16','2011-04-02 10:10:52'),(0,1,'180.243.248.159','student_classes','edit','GET','http://la.baukpoltek.net/student_classes','/index.php?url=student_classes/edit/48','Mozilla/5.0 (Windows; U; Windows NT 5.1; en-US; rv:1.9.2.16) Gecko/20110319 Firefox/3.6.16','2011-04-02 10:09:17'),(0,1,'180.243.248.159','student_classes','index','GET','http://la.baukpoltek.net/','/index.php?url=student_classes','Mozilla/5.0 (Windows; U; Windows NT 5.1; en-US; rv:1.9.2.16) Gecko/20110319 Firefox/3.6.16','2011-04-02 10:06:51'),(0,1,'180.243.248.159','pages','display','GET','http://la.baukpoltek.net/users/login','/','Mozilla/5.0 (Windows; U; Windows NT 5.1; en-US; rv:1.9.2.16) Gecko/20110319 Firefox/3.6.16','2011-04-02 09:36:33'),(0,1,'180.243.248.159','pages','display','GET','http://la.baukpoltek.net/users/login','/','Mozilla/5.0 (Windows; U; Windows NT 5.1; en-US; rv:1.9.2.16) Gecko/20110319 Firefox/3.6.16','2011-04-01 14:19:12'),(0,1,'180.243.248.159','pages','display','GET','http://la.baukpoltek.net/users/login','/','Mozilla/5.0 (Windows; U; Windows NT 5.1; en-US; rv:1.9.2.16) Gecko/20110319 Firefox/3.6.16','2011-04-01 14:22:56'),(0,1,'180.243.248.159','pages','display','GET','http://la.baukpoltek.net/users/login','/','Mozilla/5.0 (Windows; U; Windows NT 5.1; en-US; rv:1.9.2.16) Gecko/20110319 Firefox/3.6.16','2011-04-01 13:20:20'),(0,1,'180.243.248.159','student_classes','edit','PUT','http://la.baukpoltek.net/student_classes/edit/14','/index.php?url=student_classes/edit/14','Mozilla/5.0 (Windows; U; Windows NT 5.1; en-US; rv:1.9.2.16) Gecko/20110319 Firefox/3.6.16','2011-04-01 09:31:34'),(0,1,'180.243.248.159','student_classes','index','GET','http://la.baukpoltek.net/student_classes/edit/14','/index.php?url=student_classes','Mozilla/5.0 (Windows; U; Windows NT 5.1; en-US; rv:1.9.2.16) Gecko/20110319 Firefox/3.6.16','2011-04-01 09:31:34'),(0,1,'180.243.248.159','student_classes','edit','GET','http://la.baukpoltek.net/student_classes','/index.php?url=student_classes/edit/14','Mozilla/5.0 (Windows; U; Windows NT 5.1; en-US; rv:1.9.2.16) Gecko/20110319 Firefox/3.6.16','2011-04-01 09:23:57'),(0,1,'180.243.248.159','student_classes','index','GET','http://la.baukpoltek.net/student_classes/edit/13','/index.php?url=student_classes','Mozilla/5.0 (Windows; U; Windows NT 5.1; en-US; rv:1.9.2.16) Gecko/20110319 Firefox/3.6.16','2011-04-01 09:22:58'),(0,1,'180.243.248.159','student_classes','delete','GET','http://la.baukpoltek.net/student_classes/edit/13','/index.php?url=student_classes/delete/13','Mozilla/5.0 (Windows; U; Windows NT 5.1; en-US; rv:1.9.2.16) Gecko/20110319 Firefox/3.6.16','2011-04-01 09:22:58'),(0,1,'180.243.248.159','student_classes','edit','GET','http://la.baukpoltek.net/student_classes','/index.php?url=student_classes/edit/13','Mozilla/5.0 (Windows; U; Windows NT 5.1; en-US; rv:1.9.2.16) Gecko/20110319 Firefox/3.6.16','2011-04-01 09:21:52'),(0,1,'180.243.248.159','student_classes','index','GET','http://la.baukpoltek.net/student_classes/edit/12','/index.php?url=student_classes','Mozilla/5.0 (Windows; U; Windows NT 5.1; en-US; rv:1.9.2.16) Gecko/20110319 Firefox/3.6.16','2011-04-01 09:21:42'),(0,1,'180.243.248.159','student_classes','edit','PUT','http://la.baukpoltek.net/student_classes/edit/12','/index.php?url=student_classes/edit/12','Mozilla/5.0 (Windows; U; Windows NT 5.1; en-US; rv:1.9.2.16) Gecko/20110319 Firefox/3.6.16','2011-04-01 09:21:41'),(0,1,'180.243.248.159','student_classes','edit','GET','http://la.baukpoltek.net/student_classes','/index.php?url=student_classes/edit/12','Mozilla/5.0 (Windows; U; Windows NT 5.1; en-US; rv:1.9.2.16) Gecko/20110319 Firefox/3.6.16','2011-04-01 09:20:17'),(0,1,'180.243.248.159','student_classes','index','GET','http://la.baukpoltek.net/student_classes/edit/11','/index.php?url=student_classes','Mozilla/5.0 (Windows; U; Windows NT 5.1; en-US; rv:1.9.2.16) Gecko/20110319 Firefox/3.6.16','2011-04-01 09:20:06'),(0,1,'180.243.248.159','student_classes','edit','PUT','http://la.baukpoltek.net/student_classes/edit/11','/index.php?url=student_classes/edit/11','Mozilla/5.0 (Windows; U; Windows NT 5.1; en-US; rv:1.9.2.16) Gecko/20110319 Firefox/3.6.16','2011-04-01 09:20:05'),(0,1,'180.243.248.159','student_classes','edit','GET','http://la.baukpoltek.net/student_classes','/index.php?url=student_classes/edit/11','Mozilla/5.0 (Windows; U; Windows NT 5.1; en-US; rv:1.9.2.16) Gecko/20110319 Firefox/3.6.16','2011-04-01 09:18:10'),(0,1,'180.243.248.159','student_classes','delete_rows','POST','http://la.baukpoltek.net/student_classes','/index.php?url=student_classes/delete_rows','Mozilla/5.0 (Windows; U; Windows NT 5.1; en-US; rv:1.9.2.16) Gecko/20110319 Firefox/3.6.16','2011-04-01 09:18:07'),(0,1,'180.243.248.159','student_classes','delete_rows','POST','http://la.baukpoltek.net/student_classes','/index.php?url=student_classes/delete_rows','Mozilla/5.0 (Windows; U; Windows NT 5.1; en-US; rv:1.9.2.16) Gecko/20110319 Firefox/3.6.16','2011-04-01 09:18:07'),(0,1,'180.243.248.159','student_classes','index','GET','http://la.baukpoltek.net/student_classes/edit/9','/index.php?url=student_classes','Mozilla/5.0 (Windows; U; Windows NT 5.1; en-US; rv:1.9.2.16) Gecko/20110319 Firefox/3.6.16','2011-04-01 09:17:32'),(0,1,'180.243.248.159','student_classes','edit','PUT','http://la.baukpoltek.net/student_classes/edit/9','/index.php?url=student_classes/edit/9','Mozilla/5.0 (Windows; U; Windows NT 5.1; en-US; rv:1.9.2.16) Gecko/20110319 Firefox/3.6.16','2011-04-01 09:17:32'),(0,1,'180.243.248.159','student_classes','edit','GET','http://la.baukpoltek.net/student_classes','/index.php?url=student_classes/edit/9','Mozilla/5.0 (Windows; U; Windows NT 5.1; en-US; rv:1.9.2.16) Gecko/20110319 Firefox/3.6.16','2011-04-01 09:12:26'),(0,1,'180.243.248.159','student_classes','index','GET','http://la.baukpoltek.net/student_classes/edit/8','/index.php?url=student_classes','Mozilla/5.0 (Windows; U; Windows NT 5.1; en-US; rv:1.9.2.16) Gecko/20110319 Firefox/3.6.16','2011-04-01 09:12:07'),(0,1,'180.243.248.159','student_classes','edit','PUT','http://la.baukpoltek.net/student_classes/edit/8','/index.php?url=student_classes/edit/8','Mozilla/5.0 (Windows; U; Windows NT 5.1; en-US; rv:1.9.2.16) Gecko/20110319 Firefox/3.6.16','2011-04-01 09:12:07'),(0,1,'180.243.248.159','student_classes','edit','GET','http://la.baukpoltek.net/student_classes','/index.php?url=student_classes/edit/8','Mozilla/5.0 (Windows; U; Windows NT 5.1; en-US; rv:1.9.2.16) Gecko/20110319 Firefox/3.6.16','2011-04-01 09:06:40'),(0,1,'180.243.248.159','student_classes','index','GET','http://la.baukpoltek.net/student_classes/edit/7','/index.php?url=student_classes','Mozilla/5.0 (Windows; U; Windows NT 5.1; en-US; rv:1.9.2.16) Gecko/20110319 Firefox/3.6.16','2011-04-01 09:06:24'),(0,1,'180.243.248.159','student_classes','edit','PUT','http://la.baukpoltek.net/student_classes/edit/7','/index.php?url=student_classes/edit/7','Mozilla/5.0 (Windows; U; Windows NT 5.1; en-US; rv:1.9.2.16) Gecko/20110319 Firefox/3.6.16','2011-04-01 09:06:23'),(0,1,'180.243.248.159','student_classes','edit','GET','http://la.baukpoltek.net/student_classes','/index.php?url=student_classes/edit/7','Mozilla/5.0 (Windows; U; Windows NT 5.1; en-US; rv:1.9.2.16) Gecko/20110319 Firefox/3.6.16','2011-04-01 09:02:17'),(0,1,'180.243.248.159','student_classes','index','GET','http://la.baukpoltek.net/student_classes/edit/6','/index.php?url=student_classes','Mozilla/5.0 (Windows; U; Windows NT 5.1; en-US; rv:1.9.2.16) Gecko/20110319 Firefox/3.6.16','2011-04-01 09:02:05'),(0,1,'180.243.248.159','student_classes','edit','PUT','http://la.baukpoltek.net/student_classes/edit/6','/index.php?url=student_classes/edit/6','Mozilla/5.0 (Windows; U; Windows NT 5.1; en-US; rv:1.9.2.16) Gecko/20110319 Firefox/3.6.16','2011-04-01 09:02:04'),(0,1,'180.243.248.159','student_classes','edit','GET','http://la.baukpoltek.net/student_classes','/index.php?url=student_classes/edit/6','Mozilla/5.0 (Windows; U; Windows NT 5.1; en-US; rv:1.9.2.16) Gecko/20110319 Firefox/3.6.16','2011-04-01 08:59:10'),(0,1,'180.243.248.159','student_classes','index','GET','http://la.baukpoltek.net/student_classes/edit/5','/index.php?url=student_classes','Mozilla/5.0 (Windows; U; Windows NT 5.1; en-US; rv:1.9.2.16) Gecko/20110319 Firefox/3.6.16','2011-04-01 08:58:56'),(0,1,'180.243.248.159','student_classes','edit','PUT','http://la.baukpoltek.net/student_classes/edit/5','/index.php?url=student_classes/edit/5','Mozilla/5.0 (Windows; U; Windows NT 5.1; en-US; rv:1.9.2.16) Gecko/20110319 Firefox/3.6.16','2011-04-01 08:58:55'),(0,1,'180.243.248.159','student_classes','edit','GET','http://la.baukpoltek.net/student_classes','/index.php?url=student_classes/edit/5','Mozilla/5.0 (Windows; U; Windows NT 5.1; en-US; rv:1.9.2.16) Gecko/20110319 Firefox/3.6.16','2011-04-01 08:51:28'),(0,1,'180.243.248.159','student_classes','index','GET','http://la.baukpoltek.net/student_classes/edit/4','/index.php?url=student_classes','Mozilla/5.0 (Windows; U; Windows NT 5.1; en-US; rv:1.9.2.16) Gecko/20110319 Firefox/3.6.16','2011-04-01 08:51:23'),(0,1,'180.243.248.159','student_classes','edit','PUT','http://la.baukpoltek.net/student_classes/edit/4','/index.php?url=student_classes/edit/4','Mozilla/5.0 (Windows; U; Windows NT 5.1; en-US; rv:1.9.2.16) Gecko/20110319 Firefox/3.6.16','2011-04-01 08:51:23'),(0,1,'180.243.248.159','student_classes','edit','GET','http://la.baukpoltek.net/student_classes','/index.php?url=student_classes/edit/4','Mozilla/5.0 (Windows; U; Windows NT 5.1; en-US; rv:1.9.2.16) Gecko/20110319 Firefox/3.6.16','2011-04-01 08:49:25'),(0,1,'180.243.248.159','student_classes','index','GET','http://la.baukpoltek.net/student_classes/edit/47','/index.php?url=student_classes','Mozilla/5.0 (Windows; U; Windows NT 5.1; en-US; rv:1.9.2.16) Gecko/20110319 Firefox/3.6.16','2011-04-01 08:49:21'),(0,1,'180.243.248.159','student_classes','edit','PUT','http://la.baukpoltek.net/student_classes/edit/47','/index.php?url=student_classes/edit/47','Mozilla/5.0 (Windows; U; Windows NT 5.1; en-US; rv:1.9.2.16) Gecko/20110319 Firefox/3.6.16','2011-04-01 08:49:21'),(0,1,'180.243.248.159','student_classes','edit','GET','http://la.baukpoltek.net/student_classes','/index.php?url=student_classes/edit/47','Mozilla/5.0 (Windows; U; Windows NT 5.1; en-US; rv:1.9.2.16) Gecko/20110319 Firefox/3.6.16','2011-04-01 08:44:49'),(0,1,'180.243.248.159','student_classes','index','GET','http://la.baukpoltek.net/student_classes/edit/2','/index.php?url=student_classes','Mozilla/5.0 (Windows; U; Windows NT 5.1; en-US; rv:1.9.2.16) Gecko/20110319 Firefox/3.6.16','2011-04-01 08:41:45'),(0,1,'180.243.248.159','student_classes','edit','PUT','http://la.baukpoltek.net/student_classes/edit/2','/index.php?url=student_classes/edit/2','Mozilla/5.0 (Windows; U; Windows NT 5.1; en-US; rv:1.9.2.16) Gecko/20110319 Firefox/3.6.16','2011-04-01 08:41:44'),(0,1,'180.243.248.159','student_classes','edit','GET','http://la.baukpoltek.net/student_classes','/index.php?url=student_classes/edit/2','Mozilla/5.0 (Windows; U; Windows NT 5.1; en-US; rv:1.9.2.16) Gecko/20110319 Firefox/3.6.16','2011-04-01 08:35:14'),(0,1,'180.243.248.159','student_classes','index','GET','http://la.baukpoltek.net/','/index.php?url=student_classes','Mozilla/5.0 (Windows; U; Windows NT 5.1; en-US; rv:1.9.2.16) Gecko/20110319 Firefox/3.6.16','2011-04-01 08:35:11'),(0,1,'180.243.248.159','pages','display','GET','http://la.baukpoltek.net/users/login','/','Mozilla/5.0 (Windows; U; Windows NT 5.1; en-US; rv:1.9.2.16) Gecko/20110319 Firefox/3.6.16','2011-04-01 08:35:08'),(0,1,'180.243.248.159','users','logout','GET','http://la.baukpoltek.net/','/index.php?url=users/logout','Mozilla/5.0 (Windows; U; Windows NT 5.1; en-US; rv:1.9.2.16) Gecko/20110319 Firefox/3.6.16','2011-03-30 16:19:40'),(0,1,'180.243.248.159','pages','display','GET','http://la.baukpoltek.net/users/login','/','Mozilla/5.0 (Windows; U; Windows NT 5.1; en-US; rv:1.9.2.16) Gecko/20110319 Firefox/3.6.16','2011-03-30 16:08:27'),(0,1,'180.243.248.159','users','login','GET','http://la.baukpoltek.net/users/login','/index.php?url=users/login','Mozilla/5.0 (Windows; U; Windows NT 5.1; en-US; rv:1.9.2.16) Gecko/20110319 Firefox/3.6.16','2011-03-30 16:06:54'),(0,1,'180.243.248.159','users','logout','GET','http://la.baukpoltek.net/courses','/index.php?url=users/logout','Mozilla/5.0 (Windows NT 5.1; rv:2.0) Gecko/20100101 Firefox/4.0','2011-03-30 09:41:20'),(0,1,'180.243.248.159','courses','index','GET','http://la.baukpoltek.net/courses','/index.php?url=courses/index/page:14&ajax=1','Mozilla/5.0 (Windows NT 5.1; rv:2.0) Gecko/20100101 Firefox/4.0','2011-03-30 09:41:04'),(0,1,'180.243.248.159','courses','index','GET','http://la.baukpoltek.net/courses','/index.php?url=courses/index/page:11&ajax=1','Mozilla/5.0 (Windows NT 5.1; rv:2.0) Gecko/20100101 Firefox/4.0','2011-03-30 09:41:01'),(0,1,'180.243.248.159','courses','index','GET','http://la.baukpoltek.net/courses','/index.php?url=courses/index/page:7&ajax=1','Mozilla/5.0 (Windows NT 5.1; rv:2.0) Gecko/20100101 Firefox/4.0','2011-03-30 09:40:56'),(0,1,'180.243.248.159','courses','index','GET','http://la.baukpoltek.net/courses','/index.php?url=courses/index/page:6&ajax=1','Mozilla/5.0 (Windows NT 5.1; rv:2.0) Gecko/20100101 Firefox/4.0','2011-03-30 09:40:51'),(0,1,'180.243.248.159','courses','index','GET','http://la.baukpoltek.net/courses','/index.php?url=courses/index/page:4&ajax=1','Mozilla/5.0 (Windows NT 5.1; rv:2.0) Gecko/20100101 Firefox/4.0','2011-03-30 09:40:41'),(0,1,'180.243.248.159','courses','index','GET','http://la.baukpoltek.net/courses','/index.php?url=courses/index/page:5&ajax=1','Mozilla/5.0 (Windows NT 5.1; rv:2.0) Gecko/20100101 Firefox/4.0','2011-03-30 09:40:46'),(0,1,'180.243.248.159','users','index','GET','http://la.baukpoltek.net/users/','/index.php?url=users/index/page:2&ajax=1','Mozilla/5.0 (Windows NT 5.1; rv:2.0) Gecko/20100101 Firefox/4.0','2011-03-30 09:35:46'),(0,1,'180.243.248.159','users','index','GET','http://la.baukpoltek.net/users/','/index.php?url=users/index/page:3&ajax=1','Mozilla/5.0 (Windows NT 5.1; rv:2.0) Gecko/20100101 Firefox/4.0','2011-03-30 09:36:58'),(0,1,'180.243.248.159','users','index','GET','http://la.baukpoltek.net/users/','/index.php?url=users/index/page:4&ajax=1','Mozilla/5.0 (Windows NT 5.1; rv:2.0) Gecko/20100101 Firefox/4.0','2011-03-30 09:37:46'),(0,1,'180.243.248.159','courses','index','GET','http://la.baukpoltek.net/users/','/index.php?url=courses','Mozilla/5.0 (Windows NT 5.1; rv:2.0) Gecko/20100101 Firefox/4.0','2011-03-30 09:40:07'),(0,1,'180.243.248.159','courses','edit','GET','http://la.baukpoltek.net/courses','/index.php?url=courses/edit/10','Mozilla/5.0 (Windows NT 5.1; rv:2.0) Gecko/20100101 Firefox/4.0','2011-03-30 09:40:18'),(0,1,'180.243.248.159','courses','index','GET','http://la.baukpoltek.net/courses/edit/10','/index.php?url=courses','Mozilla/5.0 (Windows NT 5.1; rv:2.0) Gecko/20100101 Firefox/4.0','2011-03-30 09:40:25'),(0,1,'180.243.248.159','courses','index','GET','http://la.baukpoltek.net/courses','/index.php?url=courses/index/page:2&ajax=1','Mozilla/5.0 (Windows NT 5.1; rv:2.0) Gecko/20100101 Firefox/4.0','2011-03-30 09:40:28'),(0,1,'180.243.248.159','courses','index','GET','http://la.baukpoltek.net/courses','/index.php?url=courses/index/page:3&ajax=1','Mozilla/5.0 (Windows NT 5.1; rv:2.0) Gecko/20100101 Firefox/4.0','2011-03-30 09:40:34');
/*!40000 ALTER TABLE `user_logs` ENABLE KEYS */;
UNLOCK TABLES;

--
-- Table structure for table `user_preferences`
--

DROP TABLE IF EXISTS `user_preferences`;
SET @saved_cs_client     = @@character_set_client;
SET character_set_client = utf8;
CREATE TABLE `user_preferences` (
  `id` int(10) NOT NULL auto_increment,
  `user_id` int(10) NOT NULL,
  `param` varchar(20) NOT NULL,
  `value` varchar(100) NOT NULL,
  PRIMARY KEY  (`id`),
  KEY `user_id` (`user_id`),
  KEY `param` (`param`)
) ENGINE=MyISAM DEFAULT CHARSET=latin1;
SET character_set_client = @saved_cs_client;

--
-- Dumping data for table `user_preferences`
--

LOCK TABLES `user_preferences` WRITE;
/*!40000 ALTER TABLE `user_preferences` DISABLE KEYS */;
/*!40000 ALTER TABLE `user_preferences` ENABLE KEYS */;
UNLOCK TABLES;

--
-- Table structure for table `users`
--

DROP TABLE IF EXISTS `users`;
SET @saved_cs_client     = @@character_set_client;
SET character_set_client = utf8;
CREATE TABLE `users` (
  `id` int(10) NOT NULL auto_increment,
  `group_id` int(5) NOT NULL,
  `unit_code_id` smallint(6) default NULL,
  `position_id` int(11) default NULL,
  `honor_per_hour` int(1) unsigned default '1',
  `honor_attendance` int(1) unsigned default '1',
  `username` varchar(10) NOT NULL,
  `name` varchar(50) NOT NULL,
  `nip` varchar(50) default NULL,
  `password_real` varchar(20) NOT NULL,
  `password` char(40) NOT NULL,
  `sex` char(1) default NULL,
  `pob` varchar(20) default NULL,
  `dob` date default NULL,
  `address1` varchar(100) default NULL,
  `address2` varchar(100) default NULL,
  `address3` varchar(100) default NULL,
  `zipcode` varchar(5) default NULL,
  `city_id` int(11) default NULL,
  `province_id` tinyint(3) default NULL,
  `handphone` varchar(20) default NULL,
  `homephone` varchar(20) default NULL,
  `email` varchar(50) default NULL,
  `active` tinyint(1) NOT NULL default '1',
  `last_login` datetime default NULL,
  `created` datetime NOT NULL,
  `created_by` int(10) NOT NULL,
  `modified` datetime NOT NULL,
  `modified_by` int(10) NOT NULL,
  PRIMARY KEY  (`id`),
  UNIQUE KEY `email` (`email`),
  KEY `group_id` (`group_id`),
  KEY `username` (`username`,`password`),
  KEY `sex` (`sex`),
  KEY `name` (`name`),
  KEY `active` (`active`),
  KEY `unit_code_id` (`unit_code_id`),
  KEY `last_login` (`last_login`),
  KEY `positon_id` (`position_id`)
) ENGINE=MyISAM AUTO_INCREMENT=195 DEFAULT CHARSET=latin1;
SET character_set_client = @saved_cs_client;

--
-- Dumping data for table `users`
--

LOCK TABLES `users` WRITE;
/*!40000 ALTER TABLE `users` DISABLE KEYS */;
INSERT INTO `users` VALUES (1,1,NULL,NULL,1,1,'admin','Administrator','','akeda123','979870abc75187d38d6dff3eae200279e729cd63','L','Bekasi','1984-07-13','JL Kepodang Blok C No. 7 RT003/RW004 Jaka Mulya Bekasi Selatan','','','17146',NULL,11,'081315528932','021-8226577','admin@gedex.web.id',1,'2011-04-02 14:07:02','2009-12-12 14:05:18',0,'2011-04-02 14:07:02',1),(2,12,NULL,170,1,1,'heru','Heru Triyanto','196203291986031001','heru2010','a51cacc4012f203867954a39d37e396e587fdea0','L','','1962-03-29','','','','',NULL,NULL,'','','heru@yahoo.com',1,'2011-03-26 21:16:48','2009-12-16 17:18:09',1,'2011-03-26 21:16:48',1),(115,12,6,172,0,0,'purnomo','Drs.Purnomo Ananto, MM.','196009191986021001','123','40bd001563085fc35165329ea1ff5c5ecbdbbeef','L','','1960-09-19','','','','',NULL,NULL,'','','purnomo@yahoo.co.id',1,'2011-03-26 20:32:48','2011-01-29 16:57:03',1,'2011-03-26 20:32:48',1),(116,12,9,172,0,0,'muin','Drs.Abdul Muin Kadir, M.Pd.','123134141','123','40bd001563085fc35165329ea1ff5c5ecbdbbeef','L','','2001-01-29','','','','',NULL,NULL,'','','muin@yahoo.co.id',1,'2011-04-02 11:47:17','2011-01-29 16:59:15',1,'2011-04-02 11:47:17',1),(117,13,7,174,0,0,'sugeng','Drs.Sugeng Indriyanto','12124124','123','40bd001563085fc35165329ea1ff5c5ecbdbbeef','L','','2001-01-29','','','','',NULL,NULL,'','','sugeng@yahoo.co.id',1,'2011-03-22 20:29:13','2011-01-29 17:00:36',1,'2011-03-22 20:29:13',1),(118,13,9,174,1,0,'hermanto','Drs.AM.Hermanto','124134','123','40bd001563085fc35165329ea1ff5c5ecbdbbeef','P','Jakarta','2001-01-29','','','','',NULL,NULL,'','','hermanto@yahoo.co.id',1,'2011-03-26 20:35:58','2011-01-29 17:17:50',2,'2011-03-26 20:35:58',1),(122,12,5,172,0,0,'sarmada','Sarmada, S.Sos., MM.','195902151986011001','123','40bd001563085fc35165329ea1ff5c5ecbdbbeef','L','Jakarta','1960-02-15','','','','',NULL,NULL,'','','sarmada@yahoo.co.id',1,'2011-03-29 16:23:11','2011-02-26 11:48:57',1,'2011-03-29 16:23:11',0),(121,12,6,172,0,0,'bwa','Bambang Wasito Adi, SH., M.Sc.','195709011978031001','123','40bd001563085fc35165329ea1ff5c5ecbdbbeef','L','Solo','1960-09-01','','','','',NULL,NULL,'','','bwa@yahoo.co.id',1,'2011-03-29 19:15:43','2011-02-26 11:47:47',1,'2011-03-29 19:15:43',0),(123,12,7,172,0,0,'noor','Drs.Noor Riyadhi','235252525','123','40bd001563085fc35165329ea1ff5c5ecbdbbeef','L','','2001-02-26','','','','',NULL,NULL,'','','noor@yahoo.co.id',1,NULL,'2011-02-26 11:50:07',1,'2011-02-26 11:50:07',0),(124,12,6,172,0,0,'zul','Drs.Zalzulifa','12543423241','123','40bd001563085fc35165329ea1ff5c5ecbdbbeef','L','','2001-02-26','','','','',NULL,NULL,'','','zalzulifa@yahoo.co.id',1,NULL,'2011-02-26 11:51:14',1,'2011-02-26 11:51:14',0),(125,12,5,172,0,0,'nurjalilh','Nurjalih, S.Pd.','53212515','123','40bd001563085fc35165329ea1ff5c5ecbdbbeef','L','','2001-02-28','','','','',NULL,NULL,'','','nurjalih@yahoo.co.id',1,NULL,'2011-02-28 19:22:06',1,'2011-02-28 19:22:06',0),(126,12,5,172,0,0,'efnyta','Efnyta Muchtar, S.Sos.','12413253252','123','40bd001563085fc35165329ea1ff5c5ecbdbbeef','P','','2001-02-28','','','','',NULL,NULL,'','','efnyta@yahoo.co.id',1,NULL,'2011-02-28 19:23:13',1,'2011-02-28 19:23:13',0),(127,13,8,174,0,0,'ponadi','Ponadi, S.Pd.','214532532','123','40bd001563085fc35165329ea1ff5c5ecbdbbeef','L','','2001-02-28','','','','',NULL,NULL,'','','ponadi@yahoo.co.id',1,NULL,'2011-02-28 19:27:20',1,'2011-02-28 19:27:20',0),(128,13,5,174,0,0,'djamara','M.Tabrani Djamara, ST., MM.','14151','123','40bd001563085fc35165329ea1ff5c5ecbdbbeef','L','','2001-02-28','','','','',NULL,NULL,'','','jamara@yahoo.co.id',1,'2011-04-02 11:47:46','2011-02-28 19:28:31',1,'2011-04-02 11:47:46',0),(129,12,5,172,0,0,'untung','Untung Basuki, S.Pd.','1215116','123','40bd001563085fc35165329ea1ff5c5ecbdbbeef','L','','2001-02-28','','','','',NULL,NULL,'','','untung@yahoo.co.id',1,NULL,'2011-02-28 19:29:45',1,'2011-02-28 19:29:45',0),(130,12,5,172,0,0,'sutiyo','Sutiyo, S.Pd.','14562363','123','40bd001563085fc35165329ea1ff5c5ecbdbbeef','L','','2001-02-28','','','','',NULL,NULL,'','','knsutiyo@yahoo.co.id',1,NULL,'2011-02-28 19:30:42',1,'2011-02-28 19:30:42',0),(131,12,5,172,0,0,'johannes','Johannes Siwalette, S.Pd.','781848147','123','40bd001563085fc35165329ea1ff5c5ecbdbbeef','L','','2001-02-28','','','','',NULL,NULL,'','','johannes@yahoo.co.id',1,NULL,'2011-02-28 19:31:57',1,'2011-02-28 19:31:57',0),(132,12,5,173,0,0,'barita','Barita Siringoringo, S.Pd.','12532626','123','40bd001563085fc35165329ea1ff5c5ecbdbbeef','L','','2001-02-28','','','','',NULL,NULL,'','','barita@yahoo.co.id',1,NULL,'2011-02-28 19:32:58',1,'2011-02-28 19:32:58',0),(133,12,5,173,0,0,'wayan','Drs.I Wayan Suarjana','125634762','123','40bd001563085fc35165329ea1ff5c5ecbdbbeef','L','','2001-02-28','','','','',NULL,NULL,'','','iwayan@yahoo.co.id',1,NULL,'2011-02-28 19:33:45',1,'2011-02-28 19:33:45',0),(134,12,5,173,0,0,'majid','Abdul Majid AY, S.Pd.','814781641','123','40bd001563085fc35165329ea1ff5c5ecbdbbeef','L','','2001-02-28','','','','',NULL,NULL,'','','majid@yahoo.co.id',1,NULL,'2011-02-28 19:35:29',1,'2011-02-28 19:35:29',0),(135,12,5,173,0,0,'tedy','Tedy Tapianto, S.Pd.','1415111','123','40bd001563085fc35165329ea1ff5c5ecbdbbeef','L','','2001-02-28','','','','',NULL,NULL,'','','tedy@yahoo.co.id',1,NULL,'2011-02-28 19:37:30',1,'2011-02-28 19:37:30',0),(136,12,7,173,0,0,'mulyanudin','Mulyanuddin, S.Pd.','1347873','123','40bd001563085fc35165329ea1ff5c5ecbdbbeef','L','','2001-02-28','','','','',NULL,NULL,'','','mulyanudin@yahoo.co.id',1,'2011-03-29 15:26:45','2011-02-28 19:38:23',1,'2011-03-29 15:26:45',0),(137,13,7,174,0,0,'irfan','Moch.Irfan HS., S.Pd.','916416471','123','40bd001563085fc35165329ea1ff5c5ecbdbbeef','L','','2001-02-28','','','','',NULL,NULL,'','','irfan@yahoo.co.id',1,'2011-04-02 11:45:18','2011-02-28 19:39:15',1,'2011-04-02 11:45:18',0),(138,12,7,173,0,0,'dayu','Dayu Sri Herti, S.Pd.','9891471','123','40bd001563085fc35165329ea1ff5c5ecbdbbeef','P','','2001-02-28','','','','',NULL,NULL,'','','dayu@yahoo.co.id',1,NULL,'2011-02-28 19:40:04',1,'2011-02-28 19:40:04',0),(139,12,6,172,0,0,'darji','Darji F Emran','7316341','123','40bd001563085fc35165329ea1ff5c5ecbdbbeef','L','','2001-02-28','','','','',NULL,NULL,'','','darji@yahoo.co.id',1,NULL,'2011-02-28 19:41:47',1,'2011-02-28 19:41:47',0),(140,12,6,172,0,0,'benget','Drs.Benget Simamora, MM.','145151111','123','40bd001563085fc35165329ea1ff5c5ecbdbbeef','L','','2001-02-28','','','','',NULL,NULL,'','','benget@yahoo.co.id',1,NULL,'2011-02-28 19:42:57',1,'2011-02-28 19:42:57',0),(141,12,6,172,0,0,'sentot','Sentot Mardjuki, S.Sos., M.Si.','14781481','123','40bd001563085fc35165329ea1ff5c5ecbdbbeef','L','','2001-02-28','','','','',NULL,NULL,'','','sentotmarjuki@yahoo.co.id',1,NULL,'2011-02-28 19:44:12',1,'2011-02-28 19:44:12',0),(142,12,6,173,0,0,'hasan','Drs.Ahmad Hasan','18918414','123','40bd001563085fc35165329ea1ff5c5ecbdbbeef','L','','2001-02-28','','','','',NULL,NULL,'','','hasan@yahoo.co.id',1,'2011-02-28 19:45:42','2011-02-28 19:45:23',1,'2011-02-28 19:45:42',0),(143,13,6,174,0,0,'jimmy','Drs.Jimmy Paat, M.Si.','84321741','123','40bd001563085fc35165329ea1ff5c5ecbdbbeef','L','','2001-02-28','','','','',NULL,NULL,'','','jimmy@yahoo.co.id',1,'2011-04-02 11:46:35','2011-02-28 19:52:13',1,'2011-04-02 11:46:35',0),(144,12,6,172,0,0,'nova','Nova Darmanto, S.Sos.','18937412','123','40bd001563085fc35165329ea1ff5c5ecbdbbeef','L','','2001-02-28','','','','',NULL,NULL,'','','nova@yahoo.co.id',1,NULL,'2011-02-28 19:54:08',1,'2011-02-28 19:54:08',0),(145,12,5,172,0,0,'mukhyidin','Drs.Mukhyidin Djaiz, M.Si.','18949174','123','40bd001563085fc35165329ea1ff5c5ecbdbbeef','L','','2001-02-28','','','','',NULL,NULL,'','','mukhyidin@yahoo.co.id',1,NULL,'2011-02-28 19:55:34',1,'2011-02-28 19:55:34',0),(146,12,5,172,0,0,'sudiyamto','Drs.M.Sudiyamto','91781416','123','40bd001563085fc35165329ea1ff5c5ecbdbbeef','L','','2001-02-28','','','','',NULL,NULL,'','','sudiyamto@yahoo.co.id',1,NULL,'2011-02-28 19:57:23',1,'2011-02-28 19:57:23',0),(147,12,7,173,0,0,'hari','Drs.Hari Purnomo','8123414','123','40bd001563085fc35165329ea1ff5c5ecbdbbeef','P','','2001-02-28','','','','',NULL,NULL,'','','hari@yahoo.co.id',1,NULL,'2011-02-28 19:58:19',1,'2011-02-28 19:58:19',0),(148,12,5,173,0,0,'suratni','Suratni, M.Hum.','1784187416','123','40bd001563085fc35165329ea1ff5c5ecbdbbeef','P','','2001-02-28','','','','',NULL,NULL,'','','suratni@yahoo.co.id',1,NULL,'2011-02-28 20:10:54',1,'2011-02-28 20:10:54',0),(149,12,5,173,0,0,'rudy','Rudy Cahyadi, MT.','1841741','123','40bd001563085fc35165329ea1ff5c5ecbdbbeef','L','','2001-02-28','','','','',NULL,NULL,'','','rudy@yahoo.co.id',1,NULL,'2011-02-28 20:12:15',1,'2011-02-28 20:12:15',0),(150,12,5,173,0,0,'yunus','M.Yunus Fitriady, SE., MM.','13415151','123','40bd001563085fc35165329ea1ff5c5ecbdbbeef','L','','2001-02-28','','','','',NULL,NULL,'','','yunus@yahoo.co.id',1,NULL,'2011-02-28 20:13:11',1,'2011-02-28 20:13:11',0),(151,12,5,173,0,0,'tipri','Tipri Rose Kartika, MM.','324522532','123','40bd001563085fc35165329ea1ff5c5ecbdbbeef','P','','2001-02-28','','','','',NULL,NULL,'','','tipri@yahoo.co.id',1,NULL,'2011-02-28 20:14:04',1,'2011-02-28 20:14:04',0),(152,12,5,173,0,0,'riyon','Dwi Riyono, ST., M.Ak.','34174164','123','40bd001563085fc35165329ea1ff5c5ecbdbbeef','L','','2001-02-28','','','','',NULL,NULL,'','','dwiriyono@yahoo.co.id',1,NULL,'2011-02-28 20:15:40',1,'2011-02-28 20:15:40',0),(153,12,5,173,1,1,'effendy','Mohammad Effendy, ST., MT.','81347187431','123','40bd001563085fc35165329ea1ff5c5ecbdbbeef','L','','2001-02-28','','','','',NULL,NULL,'','','effendy@yahoo.co.id',1,NULL,'2011-02-28 20:17:06',1,'2011-02-28 20:17:06',0),(154,12,5,173,0,0,'bastari','A.Bastari Burhanuddin, S.Sos.','94313471297','123','40bd001563085fc35165329ea1ff5c5ecbdbbeef','L','','2001-02-28','','','','',NULL,NULL,'','','bastari@yahoo.co.id',1,NULL,'2011-02-28 20:19:02',1,'2011-02-28 20:19:02',0),(155,12,8,173,0,0,'agung','Agung Budi Prasetyo, MT.','1415151111','123','40bd001563085fc35165329ea1ff5c5ecbdbbeef','L','','2001-02-28','','','','',NULL,NULL,'','','agung@yahoo.co.id',1,NULL,'2011-02-28 20:20:35',1,'2011-02-28 20:20:35',0),(156,12,8,172,1,1,'didik','Ir.HM.Didik M.S., B.Sc.Graf.','71843718347','123','40bd001563085fc35165329ea1ff5c5ecbdbbeef','L','','2001-02-28','','','','',NULL,NULL,'','','didik@yahoo.co.id',1,NULL,'2011-02-28 20:22:12',1,'2011-02-28 20:22:12',0),(157,12,8,172,1,1,'jaswin','Ir.HM.Jaswin','7146146184','123','40bd001563085fc35165329ea1ff5c5ecbdbbeef','L','','2001-02-28','','','','',NULL,NULL,'','','jaswin@yahoo.co.id',1,NULL,'2011-02-28 20:23:20',1,'2011-02-28 20:23:20',0),(158,12,7,173,0,0,'anin','Anindita Budi Astuti, MM.','891471417111','123','40bd001563085fc35165329ea1ff5c5ecbdbbeef','P','','2001-02-28','','','','',NULL,NULL,'','','anindita@yahoo.co.id',1,NULL,'2011-02-28 20:24:36',1,'2011-02-28 20:24:36',0),(159,12,10,173,0,0,'erlan','Erlan Saefudin, M.Hum.','788146111','123','40bd001563085fc35165329ea1ff5c5ecbdbbeef','L','','2001-02-28','','','','',NULL,NULL,'','','erlan@yahoo.co.id',1,NULL,'2011-02-28 20:26:19',1,'2011-02-28 20:26:19',0),(160,12,10,173,0,0,'nurwahid','Dr.Muhammad Nurwahid, M.Si.','81437187431','123','40bd001563085fc35165329ea1ff5c5ecbdbbeef','L','','2001-02-28','','','','',NULL,NULL,'','','nurwahid@yahoo.co.id',1,NULL,'2011-02-28 20:27:14',1,'2011-02-28 20:27:14',0),(161,12,6,173,0,0,'misbah','Misbah Fikrianto, MM., M.Si.','71481643613','123','40bd001563085fc35165329ea1ff5c5ecbdbbeef','L','','2001-02-28','','','','',NULL,NULL,'','','misbah@yahoo.co.id',1,NULL,'2011-02-28 20:28:51',1,'2011-02-28 20:28:51',0),(162,15,NULL,175,0,0,'sudrajat','Drs.Sudrajat, MM.','18471846141','123','40bd001563085fc35165329ea1ff5c5ecbdbbeef','L','','2001-02-28','','','','',NULL,NULL,'','','sudrajat@yahoo.co.id',1,'2011-04-02 13:12:25','2011-02-28 20:31:52',1,'2011-04-02 13:12:25',0),(163,12,7,173,1,1,'sri','Sri Kusuma Ningsih, S.Pd.','241151155','123','40bd001563085fc35165329ea1ff5c5ecbdbbeef','P','','2001-03-01','','','','',NULL,NULL,'','','sri@yahoo.com',1,NULL,'2011-03-01 08:03:08',1,'2011-03-01 08:03:08',0),(164,13,10,174,1,0,'harry','Drs.Harry Hudaya','91243874','123','40bd001563085fc35165329ea1ff5c5ecbdbbeef','L','','2001-03-01','','','','',NULL,NULL,'','','harry@yahoo.com',1,'2011-03-26 20:37:06','2011-03-01 08:04:08',1,'2011-03-26 20:37:06',0),(165,12,7,173,1,1,'ogie','Ogie Urvil RA., SE.','1471847184','123','40bd001563085fc35165329ea1ff5c5ecbdbbeef','L','','2001-03-01','','','','',NULL,NULL,'','','ogie@yahoo.co.id',1,NULL,'2011-03-01 08:06:59',1,'2011-03-01 08:06:59',0),(166,12,7,173,1,1,'sulist','Sulistiyono','891741741','123','40bd001563085fc35165329ea1ff5c5ecbdbbeef','L','','2001-03-01','','','','',NULL,NULL,'','','sulistiyono@yahoo.com',1,NULL,'2011-03-01 08:08:20',1,'2011-03-01 08:08:20',0),(167,12,7,173,1,1,'nur','M.Nur, S.Kom., MM.','81481784714','123','40bd001563085fc35165329ea1ff5c5ecbdbbeef','L','','2001-03-01','','','','',NULL,NULL,'','','mnur@yahoo.co.id',1,NULL,'2011-03-01 08:09:18',1,'2011-03-01 08:09:18',0),(168,12,7,173,1,1,'gozali','Drs.Rahmad Gozali','187481614','123','40bd001563085fc35165329ea1ff5c5ecbdbbeef','L','','2001-03-01','','','','',NULL,NULL,'','','rahmadgozali@yahoo.com',1,NULL,'2011-03-01 08:10:13',1,'2011-03-01 08:10:13',0),(169,12,7,172,1,1,'chris','Chrisnadi Purnomo','7161611','123','40bd001563085fc35165329ea1ff5c5ecbdbbeef','L','','2001-03-01','','','','',NULL,NULL,'','','chrisnadi@yahoo.co.id',1,NULL,'2011-03-01 08:11:12',1,'2011-03-01 08:11:12',0),(170,12,7,173,1,1,'susanto','Drs.Susanto','71461641864','123','40bd001563085fc35165329ea1ff5c5ecbdbbeef','L','','2001-03-01','','','','',NULL,NULL,'','','susanto@yahoo.co.id',1,NULL,'2011-03-01 08:12:07',1,'2011-03-01 08:12:07',0),(171,12,7,173,1,1,'rangga','Rangga Yudo Yuwono','099171741','123','40bd001563085fc35165329ea1ff5c5ecbdbbeef','L','','2001-03-01','','','','',NULL,NULL,'','','rangga@yahoo.com',1,NULL,'2011-03-01 08:13:22',1,'2011-03-01 08:13:22',0),(172,12,7,173,1,1,'rasuardie','Rasuardie, SE., S.Sn.','8273161145','123','40bd001563085fc35165329ea1ff5c5ecbdbbeef','L','','2001-03-01','','','','',NULL,NULL,'','','rasuardie@yahoo.com',1,NULL,'2011-03-01 08:24:06',1,'2011-03-01 08:24:06',0),(173,12,7,173,1,1,'wahyu','Wahyu Edy Wiwobo, ST.','71347216413','123','40bd001563085fc35165329ea1ff5c5ecbdbbeef','L','','2001-03-01','','','','',NULL,NULL,'','','wahyuedy@yahoo.com',1,NULL,'2011-03-01 08:25:13',1,'2011-03-01 08:25:13',0),(174,12,7,172,1,1,'trifajar','Trifajar Yurmama S., S.Kom., MT.','17481741','123','40bd001563085fc35165329ea1ff5c5ecbdbbeef','P','','2001-03-01','','','','',NULL,NULL,'','','trifajar@yahoo.co.id',1,'2011-04-02 12:23:40','2011-03-01 08:26:23',1,'2011-04-02 12:23:40',0),(175,12,7,173,1,1,'rabernir','Rabernir, S.Sn.','143718341','123','40bd001563085fc35165329ea1ff5c5ecbdbbeef','L','','2001-03-01','','','','',NULL,NULL,'','','rabernir@yahoo.co.id',1,NULL,'2011-03-01 08:27:10',1,'2011-03-01 08:27:10',0),(176,12,7,173,1,1,'Kristyono','Kristyono Wahyu Adi, S.Sn.','781416414111','123','40bd001563085fc35165329ea1ff5c5ecbdbbeef','L','','2001-03-01','','','','',NULL,NULL,'','','kristyono@yahoo.com',1,NULL,'2011-03-01 08:28:25',1,'2011-03-01 08:28:25',0),(177,12,10,173,1,1,'aditris','Adi Trisnanto','7814716431','123','40bd001563085fc35165329ea1ff5c5ecbdbbeef','L','','2001-03-01','','','','',NULL,NULL,'','','aditris@yahoo.com',1,NULL,'2011-03-01 08:30:15',1,'2011-03-01 08:30:15',0),(178,12,10,173,1,1,'suhardja','HM. Suhardja Soemadikarta, SH.','741761416841','123','40bd001563085fc35165329ea1ff5c5ecbdbbeef','L','','2001-03-01','','','','',NULL,NULL,'','','suhardja@yahoo.co.id',1,NULL,'2011-03-01 08:31:27',1,'2011-03-01 08:31:27',0),(179,12,10,173,1,1,'omar','Omar Yusup','14155151','123','40bd001563085fc35165329ea1ff5c5ecbdbbeef','L','','2001-03-01','','','','',NULL,NULL,'','','omar@yahoo.co.id',1,NULL,'2011-03-01 08:32:14',1,'2011-03-01 08:32:14',0),(180,12,10,173,1,1,'yayat','Yayat Duriat, S.Kom.','71471461641','123','40bd001563085fc35165329ea1ff5c5ecbdbbeef','L','','2001-03-01','','','','',NULL,NULL,'','','yayat@yahoo.co.id',1,NULL,'2011-03-01 08:33:11',1,'2011-03-01 08:33:11',0),(181,12,10,173,1,1,'eddy','Eddy Sarwono','8q9r7qq','123','40bd001563085fc35165329ea1ff5c5ecbdbbeef','L','','2001-03-01','','','','',NULL,NULL,'','','eddy@yahoo.co.id',1,NULL,'2011-03-01 08:34:16',1,'2011-03-01 08:34:16',0),(182,12,10,173,1,1,'utje','Ir. Utje Usman, S.MS., DMS.','1784817414','123','40bd001563085fc35165329ea1ff5c5ecbdbbeef','L','','2001-03-01','','','','',NULL,NULL,'','','utje@yahoo.co.id',1,NULL,'2011-03-01 08:35:15',1,'2011-03-01 08:35:15',0),(183,12,10,173,1,1,'lambok','Lambok Risdianto Purba, S.Sn.','7134716414','123','40bd001563085fc35165329ea1ff5c5ecbdbbeef','L','','2001-03-01','','','','',NULL,NULL,'','','lambok@yahoo.com',1,NULL,'2011-03-01 08:36:10',1,'2011-03-01 08:36:10',0),(184,12,9,173,1,1,'mahatma','Mahatma Simamora, S.Pd.','19841747141','123','40bd001563085fc35165329ea1ff5c5ecbdbbeef','L','','2001-03-01','','','','',NULL,NULL,'','','mahatma@yahoo.co.id',1,NULL,'2011-03-01 08:37:58',1,'2011-03-01 08:37:58',0),(185,12,9,172,1,1,'bambangpur','Bambang Purwanto, S.Sn.','1874164164','123','40bd001563085fc35165329ea1ff5c5ecbdbbeef','L','','2001-03-01','','','','',NULL,NULL,'','','bambangpur@yahoo.co.id',1,NULL,'2011-03-01 08:38:59',1,'2011-03-01 08:38:59',0),(186,12,9,173,1,1,'jati','Jati Rahardjo, S.Sn., M.Sn.','82275275275','123','40bd001563085fc35165329ea1ff5c5ecbdbbeef','L','','2001-03-01','','','','',NULL,NULL,'','','jati@yahoo.co.id',1,NULL,'2011-03-01 08:43:16',1,'2011-03-01 08:43:16',0),(187,12,6,172,1,1,'frans','Drs.Frans M.Parera','7184716414','123','40bd001563085fc35165329ea1ff5c5ecbdbbeef','L','','2001-03-01','','','','',NULL,NULL,'','','frans@yahoo.co.id',1,NULL,'2011-03-01 08:49:04',1,'2011-03-01 08:49:04',0),(188,12,6,173,1,1,'akhmad','Akhmad Guntawan, SS.','718416414114','123','40bd001563085fc35165329ea1ff5c5ecbdbbeef','L','','2001-03-01','','','','',NULL,NULL,'','','akhmadgun@yahoo.co.id',1,NULL,'2011-03-01 08:50:20',1,'2011-03-01 08:50:20',0),(189,12,6,173,1,1,'lanang','Achmad Lanang, SS., M.Si.','1874716414','123','40bd001563085fc35165329ea1ff5c5ecbdbbeef','L','','2001-03-01','','','','',NULL,NULL,'','','lanang@yahoo.co.id',1,NULL,'2011-03-01 08:51:25',1,'2011-03-01 08:51:25',0),(190,12,6,173,1,1,'ingrid','Ingrid Veronica K., SS.','7184781741','123','40bd001563085fc35165329ea1ff5c5ecbdbbeef','P','','2001-03-01','','','','',NULL,NULL,'','','ingrid@yahoo.co.id',1,NULL,'2011-03-01 08:52:25',1,'2011-03-01 08:52:25',0),(191,12,6,173,1,1,'arifatun','Arifatun Nisak Nur A., S.Si.','81717814313','123','40bd001563085fc35165329ea1ff5c5ecbdbbeef','P','','2001-03-01','','','','',NULL,NULL,'','','arifatun@yahoo.co.id',1,NULL,'2011-03-01 08:54:12',1,'2011-03-01 08:54:12',0),(192,12,6,173,1,1,'christina','Dra.Christina Tulalessy, M.Pd.','71741414141','123','40bd001563085fc35165329ea1ff5c5ecbdbbeef','P','','2001-03-01','','','','',NULL,NULL,'','','christina@yahoo.co.id',1,NULL,'2011-03-01 08:55:26',1,'2011-03-01 08:55:26',0),(193,12,6,173,1,1,'irene','Ir. Irene Maria Juli Astuti, M.Pd.','1741841414','123','40bd001563085fc35165329ea1ff5c5ecbdbbeef','P','','2001-03-01','','','','',NULL,NULL,'','','irene@yahoo.co.id',1,NULL,'2011-03-01 08:58:50',1,'2011-03-01 08:58:50',0),(194,14,NULL,NULL,0,0,'bibit','bibit','12341431341','123','40bd001563085fc35165329ea1ff5c5ecbdbbeef','P','Kebumen','2001-04-02','','','','',NULL,NULL,'','','bibit@yahoo.co.id',1,'2011-04-02 12:33:39','2011-04-02 12:33:23',1,'2011-04-02 12:33:39',0);
/*!40000 ALTER TABLE `users` ENABLE KEYS */;
UNLOCK TABLES;

--
-- Table structure for table `verificators`
--

DROP TABLE IF EXISTS `verificators`;
SET @saved_cs_client     = @@character_set_client;
SET character_set_client = utf8;
CREATE TABLE `verificators` (
  `id` int(11) NOT NULL auto_increment,
  `verificator` int(11) NOT NULL,
  `position_id` int(11) NOT NULL,
  `created` datetime NOT NULL,
  `created_by` int(10) NOT NULL,
  PRIMARY KEY  (`id`),
  KEY `position_id` (`position_id`),
  KEY `created_by` (`created_by`),
  KEY `verificator` (`verificator`)
) ENGINE=MyISAM DEFAULT CHARSET=latin1;
SET character_set_client = @saved_cs_client;

--
-- Dumping data for table `verificators`
--

LOCK TABLES `verificators` WRITE;
/*!40000 ALTER TABLE `verificators` DISABLE KEYS */;
/*!40000 ALTER TABLE `verificators` ENABLE KEYS */;
UNLOCK TABLES;

--
-- Dumping routines for database 't38891_la'
--
DELIMITER ;;
DELIMITER ;
/*!40103 SET TIME_ZONE=@OLD_TIME_ZONE */;

/*!40101 SET SQL_MODE=@OLD_SQL_MODE */;
/*!40014 SET FOREIGN_KEY_CHECKS=@OLD_FOREIGN_KEY_CHECKS */;
/*!40014 SET UNIQUE_CHECKS=@OLD_UNIQUE_CHECKS */;
/*!40101 SET CHARACTER_SET_CLIENT=@OLD_CHARACTER_SET_CLIENT */;
/*!40101 SET CHARACTER_SET_RESULTS=@OLD_CHARACTER_SET_RESULTS */;
/*!40101 SET COLLATION_CONNECTION=@OLD_COLLATION_CONNECTION */;
/*!40111 SET SQL_NOTES=@OLD_SQL_NOTES */;

-- Dump completed on 2011-04-02  7:09:01
